"indiv.ID","Omy_AldA.1","Omy_AldA.2","SexID.1","SexID.2","SH95489_423.1","SH95489_423.2","SH100771_63.1","SH100771_63.2","SH102510_682.1","SH102510_682.2","SH105115_367.1","SH105115_367.2","SH108735_311.1","SH108735_311.2","SH110201_359.1","SH110201_359.2","SH113128_73.1","SH113128_73.2","SH117286_374.1","SH117286_374.2","SH119892_365.1","SH119892_365.2","SH127645_308.1","SH127645_308.2","OMGH1PROM1_SNP1.1","OMGH1PROM1_SNP1.2","Omy_arp_630.1","Omy_arp_630.2","SH96222_125.1","SH96222_125.2","SH100974_386.1","SH100974_386.2","SH102867_443.1","SH102867_443.2","SH105385_406.1","SH105385_406.2","SH109243_222.1","SH109243_222.2","SH110362_585.1","SH110362_585.2","SH114315_438.1","SH114315_438.2","SH117370_400.1","SH117370_400.2","SH120255_332.1","SH120255_332.2","SH128851_273.1","SH128851_273.2","Omy_aspAT_123.1","Omy_aspAT_123.2","Omy_g12_82.1","Omy_g12_82.2","SH97077_73.1","SH97077_73.2","SH101554_306.1","SH101554_306.2","SH103350_395.1","SH103350_395.2","SH105386_347.1","SH105386_347.2","SH109525_403.1","SH109525_403.2","SH110689_148.1","SH110689_148.2","SH114448_87.1","SH114448_87.2","SH117540_259.1","SH117540_259.2","SH120950_569.1","SH120950_569.2","SH128996_481.1","SH128996_481.2","Omy_COX1_221.1","Omy_COX1_221.2","Omy_gh_475.1","Omy_gh_475.2","SH97954_618.1","SH97954_618.2","SH101770_410.1","SH101770_410.2","SH103577_379.1","SH103577_379.2","SH105714_265.1","SH105714_265.2","SH109651_445.1","SH109651_445.2","SH111666_301.1","SH111666_301.2","SH114587_480.1","SH114587_480.2","SH117815_81.1","SH117815_81.2","Omy_R04944.1","Omy_R04944.2","SH129870_756.1","SH129870_756.2","Omy_nramp_146.1","Omy_nramp_146.2","Omy_gsdf_291.1","Omy_gsdf_291.2","SH98188_405.1","SH98188_405.2","SH101832_195.1","SH101832_195.2","SH103705_558.1","SH103705_558.2","SH106172_332.1","SH106172_332.2","SH109693_461.1","SH109693_461.2","SH112208_328.1","SH112208_328.2","SH114976_223.1","SH114976_223.2","SH118175_396.1","SH118175_396.2","SH123044_128.1","SH123044_128.2","SH130524_160.1","SH130524_160.2","Omy_Ogo4_304.1","Omy_Ogo4_304.2","Omy_mapK3_103.1","Omy_mapK3_103.2","SH98409_549.1","SH98409_549.2","SH101993_189.1","SH101993_189.2","SH104519_624.1","SH104519_624.2","SH106313_445.1","SH106313_445.2","SH109874_148.1","SH109874_148.2","SH112301_202.1","SH112301_202.2","SH115987_812.1","SH115987_812.2","SH118654_91.1","SH118654_91.2","SH125998_61.1","SH125998_61.2","SH130720_100.1","SH130720_100.2","OMY_PEPA_INT6.1","OMY_PEPA_INT6.2","Omy_mcsf_371.1","Omy_mcsf_371.2","SH98683_165.1","SH98683_165.2","SH102420_634.1","SH102420_634.2","SH105075_162.1","SH105075_162.2","SH107074_217.1","SH107074_217.2","SH110064_419.1","SH110064_419.2","SH112820_82.1","SH112820_82.2","SH116733_349.1","SH116733_349.2","SH118938_341.1","SH118938_341.2","SH127236_583.1","SH127236_583.2","SH131460_646.1","SH131460_646.2","ONMYCRBF_1_SNP1.1","ONMYCRBF_1_SNP1.2","SH95318_147.1","SH95318_147.2","SH99300_202.1","SH99300_202.2","SH102505_102.1","SH102505_102.2","SH105105_448.1","SH105105_448.2","SH107285_69.1","SH107285_69.2","SH110078_294.1","SH110078_294.2","SH113109_205.1","SH113109_205.2","SH117259_96.1","SH117259_96.2","SH119108_357.1","SH119108_357.2","SH127510_920.1","SH127510_920.2","SH131965_120.1","SH131965_120.2","Omy_Ch05_10_57417407_haplotype.1","Omy_Ch05_10_57417407_haplotype.2","Omy_Ch05_6_56087112_haplotype.1","Omy_Ch05_6_56087112_haplotype.2","Omy_Ch05_7_76786553_haplotype.1","Omy_Ch05_7_76786553_haplotype.2","Omy_Ch05_8_28133607_haplotype.1","Omy_Ch05_8_28133607_haplotype.2","Omy_Ch05_9_54854574_haplotype.1","Omy_Ch05_9_54854574_haplotype.2","Omy_Ch22_VGLL3.1_haplotype.1","Omy_Ch22_VGLL3.1_haplotype.2","Omy_Ch22_VGLL3.6_snp1_haplotype.1","Omy_Ch22_VGLL3.6_snp1_haplotype.2","Omy_Ch22_VGLL3.6_snp2_haplotype.1","Omy_Ch22_VGLL3.6_snp2_haplotype.2","Omy_Ch25_Six6_61285646_haplotype.1","Omy_Ch25_Six6_61285646_haplotype.2","Omy_Ch25_Six6_61287415_haplotype.1","Omy_Ch25_Six6_61287415_haplotype.2","Omy_Ch25_Six6_61316270_haplotype.1","Omy_Ch25_Six6_61316270_haplotype.2","Omy_Ch25_Six6_61317685_haplotype.1","Omy_Ch25_Six6_61317685_haplotype.2","Omy_Ch25_Six6_61317777_haplotype.1","Omy_Ch25_Six6_61317777_haplotype.2","Omy_Ch25_Six6_61318852_haplotype.1","Omy_Ch25_Six6_61318852_haplotype.2","Omy_Ch25_Six6_61322413_haplotype.1","Omy_Ch25_Six6_61322413_haplotype.2","Omy_Ch25_Six6.2_haplotype.1","Omy_Ch25_Six6.2_haplotype.2","Omy_Ch25_Six6.3_haplotype.1","Omy_Ch25_Six6.3_haplotype.2","Omy_Ch25_Six6.6_snp1_haplotype.1","Omy_Ch25_Six6.6_snp1_haplotype.2","Omy_Ch25_Six6.6_snp2_haplotype.1","Omy_Ch25_Six6.6_snp2_haplotype.2","Omy_Ch28_11622532_B_haplotype.1","Omy_Ch28_11622532_B_haplotype.2","Omy_Ch28_11623412_B_haplotype.1","Omy_Ch28_11623412_B_haplotype.2","Omy_Ch28_11625241_C_haplotype.1","Omy_Ch28_11625241_C_haplotype.2","Omy_Ch28_11629294_D_haplotype.1","Omy_Ch28_11629294_D_haplotype.2","Omy_Ch28_11641623_D_haplotype.1","Omy_Ch28_11641623_D_haplotype.2","Omy_Ch28_11658853_F_haplotype.1","Omy_Ch28_11658853_F_haplotype.2","Omy_Ch28_11667578_F_haplotype.1","Omy_Ch28_11667578_F_haplotype.2","Omy_Ch28_11676622_G_haplotype.1","Omy_Ch28_11676622_G_haplotype.2","Omy_Ch28_11678603_G_haplotype.1","Omy_Ch28_11678603_G_haplotype.2","Omy_Ch28_11683310_H_haplotype.1","Omy_Ch28_11683310_H_haplotype.2","Omy_Ch28_11684744_H_haplotype.1","Omy_Ch28_11684744_H_haplotype.2","Omy_Ch28_greb1_mhap1_haplotype.1","Omy_Ch28_greb1_mhap1_haplotype.2","Omy_Ch28_greb1_mhap10_haplotype.1","Omy_Ch28_greb1_mhap10_haplotype.2","Omy_Ch28_greb1_mhap2_haplotype.1","Omy_Ch28_greb1_mhap2_haplotype.2","Omy_Ch28_greb1_mhap6_haplotype.1","Omy_Ch28_greb1_mhap6_haplotype.2","Omy_Ch28_greb1_mhap8_haplotype.1","Omy_Ch28_greb1_mhap8_haplotype.2","tag_id_1092_hap1_code.1","tag_id_1092_hap1_code.2","tag_id_1168_hap1_code.1","tag_id_1168_hap1_code.2","tag_id_1259_hap1_code.1","tag_id_1259_hap1_code.2","tag_id_1318_hap1_code.1","tag_id_1318_hap1_code.2","tag_id_1508_hap1_code.1","tag_id_1508_hap1_code.2","tag_id_1521_hap1_code.1","tag_id_1521_hap1_code.2","tag_id_1525_hap1_code.1","tag_id_1525_hap1_code.2","tag_id_1545_hap1_code.1","tag_id_1545_hap1_code.2","tag_id_1569_hap1_code.1","tag_id_1569_hap1_code.2","tag_id_159_hap1_code.1","tag_id_159_hap1_code.2","tag_id_1614_hap1_code.1","tag_id_1614_hap1_code.2","tag_id_1621_hap1_code.1","tag_id_1621_hap1_code.2","tag_id_1637_hap1_code.1","tag_id_1637_hap1_code.2","tag_id_1712_hap1_code.1","tag_id_1712_hap1_code.2","tag_id_1762_hap1_code.1","tag_id_1762_hap1_code.2","tag_id_1880_hap1_code.1","tag_id_1880_hap1_code.2","tag_id_1891_hap1_code.1","tag_id_1891_hap1_code.2","tag_id_1923_hap1_code.1","tag_id_1923_hap1_code.2","tag_id_194_hap1_code.1","tag_id_194_hap1_code.2","tag_id_2020_hap1_code.1","tag_id_2020_hap1_code.2","tag_id_2031_hap1_code.1","tag_id_2031_hap1_code.2","tag_id_2073_hap1_code.1","tag_id_2073_hap1_code.2","tag_id_208_hap1_code.1","tag_id_208_hap1_code.2","tag_id_2124_hap1_code.1","tag_id_2124_hap1_code.2","tag_id_214_hap1_code.1","tag_id_214_hap1_code.2","tag_id_2147_hap1_code.1","tag_id_2147_hap1_code.2","tag_id_2178_hap1_code.1","tag_id_2178_hap1_code.2","tag_id_2192_hap1_code.1","tag_id_2192_hap1_code.2","tag_id_2196_hap1_code.1","tag_id_2196_hap1_code.2","tag_id_2197_hap1_code.1","tag_id_2197_hap1_code.2","tag_id_221_hap1_code.1","tag_id_221_hap1_code.2","tag_id_2235_hap1_code.1","tag_id_2235_hap1_code.2","tag_id_2243_hap1_code.1","tag_id_2243_hap1_code.2","tag_id_2246_hap1_code.1","tag_id_2246_hap1_code.2","tag_id_2253_hap1_code.1","tag_id_2253_hap1_code.2","tag_id_230_hap1_code.1","tag_id_230_hap1_code.2","tag_id_2317_hap1_code.1","tag_id_2317_hap1_code.2","tag_id_2483_hap1_code.1","tag_id_2483_hap1_code.2","tag_id_2528_hap1_code.1","tag_id_2528_hap1_code.2","tag_id_2541_hap1_code.1","tag_id_2541_hap1_code.2","tag_id_2557_hap1_code.1","tag_id_2557_hap1_code.2","tag_id_2688_hap1_code.1","tag_id_2688_hap1_code.2","tag_id_278_hap1_code.1","tag_id_278_hap1_code.2","tag_id_2902_hap1_code.1","tag_id_2902_hap1_code.2","tag_id_2930_hap1_code.1","tag_id_2930_hap1_code.2","tag_id_2954_hap1_code.1","tag_id_2954_hap1_code.2","tag_id_2972_hap1_code.1","tag_id_2972_hap1_code.2","tag_id_2980_hap1_code.1","tag_id_2980_hap1_code.2","tag_id_3028_hap1_code.1","tag_id_3028_hap1_code.2","tag_id_3066_hap1_code.1","tag_id_3066_hap1_code.2","tag_id_3075_hap1_code.1","tag_id_3075_hap1_code.2","tag_id_3090_hap1_code.1","tag_id_3090_hap1_code.2","tag_id_3093_hap1_code.1","tag_id_3093_hap1_code.2","tag_id_3119_hap1_code.1","tag_id_3119_hap1_code.2","tag_id_3125_hap1_code.1","tag_id_3125_hap1_code.2","tag_id_3138_hap1_code.1","tag_id_3138_hap1_code.2","tag_id_3152_hap1_code.1","tag_id_3152_hap1_code.2","tag_id_3215_hap1_code.1","tag_id_3215_hap1_code.2","tag_id_3258_hap1_code.1","tag_id_3258_hap1_code.2","tag_id_3282_hap1_code.1","tag_id_3282_hap1_code.2","tag_id_3292_hap1_code.1","tag_id_3292_hap1_code.2","tag_id_3298_hap1_code.1","tag_id_3298_hap1_code.2","tag_id_3328_hap1_code.1","tag_id_3328_hap1_code.2","tag_id_3343_hap1_code.1","tag_id_3343_hap1_code.2","tag_id_3395_hap1_code.1","tag_id_3395_hap1_code.2","tag_id_3396_hap1_code.1","tag_id_3396_hap1_code.2","tag_id_3420_hap1_code.1","tag_id_3420_hap1_code.2","tag_id_3457_hap1_code.1","tag_id_3457_hap1_code.2","tag_id_346_hap1_code.1","tag_id_346_hap1_code.2","tag_id_3482_hap1_code.1","tag_id_3482_hap1_code.2","tag_id_3509_hap1_code.1","tag_id_3509_hap1_code.2","tag_id_3543_hap1_code.1","tag_id_3543_hap1_code.2","tag_id_3545_hap1_code.1","tag_id_3545_hap1_code.2","tag_id_3593_hap1_code.1","tag_id_3593_hap1_code.2","tag_id_3655_hap1_code.1","tag_id_3655_hap1_code.2","tag_id_3724_hap1_code.1","tag_id_3724_hap1_code.2","tag_id_3734_hap1_code.1","tag_id_3734_hap1_code.2","tag_id_381_hap1_code.1","tag_id_381_hap1_code.2","tag_id_3853_hap1_code.1","tag_id_3853_hap1_code.2","tag_id_3862_hap1_code.1","tag_id_3862_hap1_code.2","tag_id_4127_hap1_code.1","tag_id_4127_hap1_code.2","tag_id_4183_hap1_code.1","tag_id_4183_hap1_code.2","tag_id_4216_hap1_code.1","tag_id_4216_hap1_code.2","tag_id_4230_hap1_code.1","tag_id_4230_hap1_code.2","tag_id_4246_hap1_code.1","tag_id_4246_hap1_code.2","tag_id_4282_hap1_code.1","tag_id_4282_hap1_code.2","tag_id_4284_hap1_code.1","tag_id_4284_hap1_code.2","tag_id_4361_hap1_code.1","tag_id_4361_hap1_code.2","tag_id_4372_hap1_code.1","tag_id_4372_hap1_code.2","tag_id_4512_hap1_code.1","tag_id_4512_hap1_code.2","tag_id_4529_hap1_code.1","tag_id_4529_hap1_code.2","tag_id_4536_hap1_code.1","tag_id_4536_hap1_code.2","tag_id_4559_hap1_code.1","tag_id_4559_hap1_code.2","tag_id_4585_hap1_code.1","tag_id_4585_hap1_code.2","tag_id_4629_hap1_code.1","tag_id_4629_hap1_code.2","tag_id_4693_hap1_code.1","tag_id_4693_hap1_code.2","tag_id_4766_hap1_code.1","tag_id_4766_hap1_code.2","tag_id_483_hap1_code.1","tag_id_483_hap1_code.2","tag_id_4931_hap1_code.1","tag_id_4931_hap1_code.2","tag_id_4933_hap1_code.1","tag_id_4933_hap1_code.2","tag_id_4946_hap1_code.1","tag_id_4946_hap1_code.2","tag_id_5027_hap1_code.1","tag_id_5027_hap1_code.2","tag_id_5157_hap1_code.1","tag_id_5157_hap1_code.2","tag_id_5262_hap1_code.1","tag_id_5262_hap1_code.2","tag_id_5463_hap1_code.1","tag_id_5463_hap1_code.2","tag_id_5682_hap1_code.1","tag_id_5682_hap1_code.2","tag_id_5695_hap1_code.1","tag_id_5695_hap1_code.2","tag_id_5746_hap1_code.1","tag_id_5746_hap1_code.2","tag_id_580_hap1_code.1","tag_id_580_hap1_code.2","tag_id_613_hap1_code.1","tag_id_613_hap1_code.2","tag_id_643_hap1_code.1","tag_id_643_hap1_code.2","tag_id_6523_hap1_code.1","tag_id_6523_hap1_code.2","tag_id_6878_hap1_code.1","tag_id_6878_hap1_code.2","tag_id_71_hap1_code.1","tag_id_71_hap1_code.2","tag_id_732_hap1_code.1","tag_id_732_hap1_code.2","tag_id_7894_hap1_code.1","tag_id_7894_hap1_code.2","tag_id_793_hap1_code.1","tag_id_793_hap1_code.2","tag_id_7998_hap1_code.1","tag_id_7998_hap1_code.2","tag_id_8063_hap1_code.1","tag_id_8063_hap1_code.2","tag_id_877_hap1_code.1","tag_id_877_hap1_code.2","tag_id_894_hap1_code.1","tag_id_894_hap1_code.2","tag_id_899_hap1_code.1","tag_id_899_hap1_code.2","tag_id_904_hap1_code.1","tag_id_904_hap1_code.2","tag_id_986_hap1_code.1","tag_id_986_hap1_code.2"
"M145489",3,3,7,6,3,1,4,1,2,2,2,3,1,1,1,1,2,3,1,4,2,2,4,4,1,1,1,1,3,1,1,1,2,1,3,3,3,3,4,4,1,1,0,0,1,4,1,1,0,0,2,2,4,4,3,1,3,4,3,3,4,4,4,4,1,3,2,2,2,2,2,1,4,4,2,2,1,3,1,1,4,1,3,3,3,3,4,1,1,1,1,3,2,4,3,3,1,3,1,1,3,3,4,4,3,3,2,2,4,1,3,3,1,1,4,1,1,3,2,3,3,3,4,1,4,4,1,4,3,3,2,2,4,4,1,1,1,3,2,2,1,1,1,1,3,1,4,2,4,4,2,2,2,1,4,4,2,1,4,4,3,3,1,1,2,2,1,1,3,3,1,3,4,4,4,4,3,3,2,3,2,4,2,2,3,1,3,3,1,1,3,3,1,2,1,2,1,2,1,2,1,2,1,1,1,2,1,1,1,1,1,1,1,1,1,1,1,1,1,1,1,1,1,1,1,1,1,1,1,1,1,1,1,1,1,2,1,1,1,1,1,1,1,2,1,1,1,2,1,3,1,2,1,1,1,2,1,1,1,2,1,2,4,4,2,2,3,3,4,5,3,3,2,2,2,3,1,1,1,2,3,3,2,5,1,1,3,3,1,1,1,3,5,5,2,3,2,2,1,3,2,2,1,2,1,1,2,2,1,2,2,2,2,2,1,1,2,2,2,3,2,4,4,4,1,1,5,5,1,1,3,4,3,3,2,2,3,3,5,5,4,4,2,3,4,4,1,7,3,3,2,3,1,2,6,6,3,3,3,3,2,3,1,3,2,3,2,4,2,2,2,2,1,1,4,4,1,2,3,4,1,1,3,3,1,3,2,4,2,4,1,2,1,2,3,3,4,4,1,2,1,2,1,1,3,3,3,3,1,1,4,4,1,2,3,3,1,3,1,1,1,2,1,1,2,2,2,2,1,1,2,3,1,1,1,2,2,2,2,3,1,1,1,3,2,2,2,4,4,4,3,3,2,3,3,4,4,4,2,2,1,1,4,4,3,3,3,3,3,4,2,3,3,3,3,3,1,3,1,3,1,2,2,4,1,1,4,4,1,1,4,4,1,3,3,3,3,4,1,2,3,4,2,2,2,2,1,1,2,2
"M145490",4,4,6,6,3,1,4,4,2,2,2,2,1,3,2,2,0,0,1,4,2,2,4,4,1,4,1,1,1,1,3,1,2,1,1,1,3,3,2,2,1,1,4,4,1,4,4,1,3,3,2,4,1,1,3,1,3,4,3,3,4,4,3,4,3,3,2,1,2,2,2,2,4,1,2,2,3,3,1,1,1,1,1,1,3,3,4,1,1,1,1,3,4,4,1,1,3,3,3,3,3,1,4,4,3,1,2,2,1,1,1,1,2,1,4,4,1,3,2,3,1,1,4,1,2,4,1,4,3,1,1,1,4,4,1,1,1,1,2,4,1,1,1,1,3,1,4,4,3,4,2,1,2,2,4,4,1,1,2,2,3,3,1,1,2,2,1,3,1,3,1,1,4,4,4,4,1,1,2,3,4,4,2,1,3,1,3,1,1,1,3,3,1,1,1,1,1,1,1,1,1,1,1,1,1,1,1,1,2,2,2,2,2,2,2,2,1,1,2,2,1,1,2,2,2,2,2,2,1,1,1,1,1,1,2,2,1,1,1,1,1,1,1,1,1,1,2,2,1,1,2,2,1,1,1,3,2,2,2,2,2,2,1,4,2,2,3,3,2,4,3,3,2,2,3,3,1,2,1,1,3,3,2,5,1,2,3,3,1,2,1,3,1,1,2,3,2,3,1,3,2,2,1,1,1,3,2,2,1,2,5,5,2,2,1,3,2,2,2,3,4,4,2,4,3,3,5,5,1,1,3,4,2,2,2,2,3,3,5,6,4,5,1,3,2,4,7,7,3,3,3,3,1,1,1,1,3,3,3,3,3,3,1,3,3,3,3,4,2,2,2,2,1,1,4,4,2,2,3,4,1,3,3,3,3,3,4,5,4,4,1,1,1,2,1,5,4,4,1,2,1,3,1,3,2,3,1,3,1,1,1,4,1,1,3,3,1,4,1,1,1,1,1,1,2,3,1,1,1,1,3,3,2,2,2,2,2,2,2,3,1,1,1,1,2,2,4,4,4,4,3,4,2,2,3,3,3,4,1,2,1,2,4,5,1,3,1,2,2,3,2,2,3,3,2,3,3,3,1,2,1,2,2,2,1,3,4,4,1,1,1,3,1,2,1,3,3,4,2,2,4,5,2,3,2,2,1,1,1,2
"M145491",4,4,7,6,1,1,4,4,2,1,2,2,3,3,1,1,2,3,1,4,2,2,4,4,1,4,1,1,3,1,3,3,2,1,3,3,3,4,4,2,1,1,2,4,1,4,1,1,3,1,4,4,4,4,1,1,3,4,3,3,0,0,4,4,1,3,2,1,2,2,2,1,1,1,2,2,1,1,3,1,4,1,3,3,3,3,1,1,1,1,3,3,2,4,3,3,1,3,3,1,3,1,3,4,3,1,2,2,4,1,1,1,2,2,1,1,1,3,3,3,1,1,1,1,2,4,1,4,3,3,1,1,2,4,1,1,1,3,2,4,1,1,3,3,3,3,4,4,3,4,1,1,2,1,2,4,2,1,4,4,3,3,1,1,2,3,1,1,1,1,1,3,4,4,4,4,1,3,2,3,4,4,2,2,3,1,3,1,1,1,3,3,1,2,1,2,1,2,1,2,1,2,2,2,1,1,1,1,1,1,1,1,1,1,1,1,1,1,1,1,1,1,1,1,1,1,1,1,1,1,1,1,1,1,2,2,1,1,1,1,1,1,1,1,1,1,2,2,1,1,2,2,1,1,2,2,2,1,2,2,2,2,4,4,2,2,2,3,5,5,1,1,1,2,2,2,1,2,1,2,3,3,5,5,1,1,3,3,3,3,3,3,1,4,5,5,2,3,1,3,2,2,1,1,1,3,1,1,1,2,2,5,2,2,1,3,2,2,3,3,3,3,4,4,1,1,5,5,1,2,1,3,3,3,2,3,3,3,3,6,4,4,1,3,3,4,1,7,3,3,3,3,1,1,1,1,3,3,3,3,2,3,1,3,2,3,3,4,2,2,2,2,3,3,3,4,2,5,3,4,1,1,2,2,3,3,4,4,4,6,1,1,1,1,1,1,4,4,1,1,1,4,1,1,3,3,1,3,1,1,1,4,1,1,3,4,3,4,1,3,1,2,1,2,2,2,1,2,1,1,2,3,1,2,2,5,2,2,2,2,1,3,1,1,2,2,2,4,4,4,3,4,2,2,3,4,4,4,2,2,2,2,4,5,1,3,2,3,3,3,2,4,3,3,2,3,1,3,1,3,1,2,2,5,1,3,4,4,1,1,1,4,1,2,3,4,3,3,1,1,4,4,0,0,2,2,1,1,2,2
"M145492",4,4,6,6,3,1,4,4,2,1,2,3,1,1,2,1,2,3,1,1,2,2,4,4,1,1,1,1,1,1,3,1,1,1,1,1,3,3,4,2,2,1,2,2,4,4,1,1,1,1,2,4,4,4,3,3,3,4,3,4,2,4,3,4,3,3,2,1,2,1,2,2,4,1,2,2,1,1,3,1,4,1,1,3,1,3,4,1,1,1,3,3,4,4,1,1,1,3,1,1,3,3,3,4,3,1,2,2,4,1,1,1,2,2,4,1,0,0,3,3,3,3,4,1,4,4,1,4,3,1,1,1,4,4,1,1,1,1,2,4,1,1,3,3,1,1,4,4,3,4,2,1,2,2,2,4,1,1,4,2,1,3,1,1,2,2,1,3,1,1,1,3,4,4,2,4,1,3,2,3,2,4,2,1,3,1,3,1,1,3,3,3,1,1,1,1,1,1,1,1,1,1,1,1,1,1,1,1,1,2,1,2,1,2,1,2,1,1,1,2,1,1,1,2,2,1,1,2,1,1,1,1,1,1,2,2,1,1,1,1,1,1,1,1,1,1,2,2,1,1,2,2,1,1,1,3,1,1,2,2,2,2,1,2,2,2,3,3,4,5,1,3,1,2,2,2,2,5,2,2,3,3,2,5,1,2,3,3,1,1,1,2,1,5,5,5,3,3,3,3,2,2,1,2,1,1,2,4,1,2,2,2,2,2,1,1,2,2,3,3,2,4,4,4,1,1,5,5,1,1,1,1,2,3,3,3,3,3,5,6,3,4,1,3,4,4,3,7,3,3,3,3,1,1,2,2,3,3,3,3,2,3,1,3,1,3,2,4,2,2,2,2,3,3,4,4,2,5,3,3,1,3,2,3,1,2,4,4,2,6,1,1,1,1,1,1,4,4,1,2,3,3,1,1,3,3,3,3,1,1,4,5,1,1,2,3,4,4,1,3,1,1,2,2,2,2,1,1,1,1,1,3,2,2,2,2,2,2,3,3,1,3,1,1,2,2,4,4,5,5,3,3,2,2,3,3,4,6,1,2,2,2,4,5,3,3,3,3,2,3,3,4,3,3,2,2,3,3,2,2,1,2,2,5,1,1,2,4,1,1,3,3,1,3,1,5,3,5,2,3,3,5,3,3,2,3,1,1,1,2
"M145493",4,4,7,6,3,1,4,1,2,2,2,2,1,3,2,2,2,2,1,4,2,2,4,4,0,0,1,1,1,1,3,1,2,1,3,1,3,3,4,2,2,1,2,2,4,4,1,1,3,1,2,2,4,4,3,3,4,4,0,0,0,0,3,4,3,3,2,2,2,2,2,1,1,1,2,2,1,1,3,1,4,4,1,1,3,3,4,1,1,1,3,3,4,4,1,1,1,3,1,1,3,3,3,4,3,1,2,2,4,4,1,1,2,2,4,1,1,3,2,3,3,1,4,4,4,4,1,4,3,1,1,1,4,4,1,1,1,3,2,2,1,1,1,3,1,1,4,4,4,4,2,1,2,1,4,4,1,1,4,4,3,3,1,1,2,2,1,3,1,1,1,3,4,4,4,4,1,3,2,2,4,4,2,2,3,1,3,1,1,3,1,3,1,1,1,1,1,1,1,1,1,1,1,1,1,1,1,1,2,2,1,2,1,1,1,1,1,1,1,1,1,1,1,1,1,1,1,1,1,1,1,1,1,1,2,2,1,1,1,1,1,1,1,1,1,1,2,2,1,1,2,2,1,1,3,2,2,1,2,2,2,2,3,4,2,2,3,3,5,5,3,3,2,2,2,2,2,7,2,2,3,3,1,5,1,1,3,3,1,3,3,3,1,1,2,5,3,3,3,3,2,2,1,1,1,1,1,2,1,2,2,2,2,2,1,3,2,2,3,3,2,3,3,4,1,1,5,5,1,1,1,3,3,3,2,3,3,3,5,6,4,4,1,3,4,4,7,7,3,3,3,3,1,1,1,2,3,3,3,4,2,3,3,3,2,3,3,4,2,2,2,2,3,3,4,4,2,5,3,4,1,1,2,3,3,3,2,4,2,4,1,2,1,1,1,5,4,4,1,2,1,3,1,3,2,3,3,3,1,1,4,5,1,2,3,3,4,4,1,1,1,1,1,2,2,2,1,1,1,1,1,3,2,2,2,5,2,2,2,3,1,1,1,3,2,2,4,4,4,4,3,4,2,3,3,3,3,4,2,2,2,2,4,4,3,3,3,3,2,3,2,4,3,3,2,2,3,3,1,2,1,2,2,2,1,1,3,4,1,2,1,1,1,3,3,5,4,4,2,2,4,5,3,4,2,4,1,1,2,2
"M145494",0,0,7,6,3,1,4,4,2,2,2,2,1,1,2,1,2,2,1,1,2,2,4,4,1,4,1,3,3,1,3,3,1,1,1,1,3,3,4,2,2,1,2,4,1,4,1,1,0,0,2,4,4,1,3,3,3,4,3,3,2,2,3,3,3,3,2,2,2,2,2,2,1,1,2,2,1,1,1,1,4,1,1,1,1,3,4,1,2,1,1,3,4,4,3,3,1,3,1,1,3,3,3,3,3,1,2,2,4,1,1,1,2,1,1,1,1,1,2,3,1,1,1,1,4,4,1,4,3,3,1,1,2,2,1,1,1,1,2,2,2,2,1,3,3,3,4,4,3,4,1,1,2,2,2,4,2,1,4,4,1,3,1,1,2,2,1,1,1,1,1,3,4,4,4,4,3,3,2,3,4,4,2,1,3,1,3,1,1,3,3,3,1,1,1,1,1,1,1,1,1,1,1,1,1,1,1,1,1,2,1,2,1,1,1,1,1,1,1,1,1,1,1,2,1,1,1,1,1,1,1,1,1,1,2,2,1,1,1,1,1,1,1,1,1,1,2,2,1,1,2,2,1,1,3,2,2,1,2,2,2,2,1,2,2,2,3,3,5,5,3,3,1,2,2,2,1,7,1,2,3,3,2,3,1,1,3,3,2,3,2,3,5,5,5,5,2,2,3,3,2,2,1,2,1,1,2,2,1,1,2,2,2,2,1,3,2,2,3,3,3,3,4,4,1,3,5,5,1,1,3,3,2,3,2,3,3,3,5,5,4,4,1,2,3,4,7,7,2,3,3,3,1,1,1,6,3,3,1,4,2,3,1,3,2,2,3,4,1,2,1,2,3,3,4,4,2,5,3,3,1,2,3,3,1,3,2,4,2,4,1,2,1,2,1,1,4,4,1,1,3,3,1,1,3,3,3,3,1,1,4,5,1,1,3,3,3,3,1,3,1,1,1,1,2,3,1,1,1,1,1,2,2,2,2,5,2,2,4,4,1,2,3,3,2,2,4,4,4,4,3,4,2,2,3,3,4,4,2,2,1,2,4,5,1,3,3,3,2,3,2,4,3,3,2,2,3,3,1,1,1,2,2,2,1,1,4,4,2,2,4,4,2,3,1,1,3,4,1,3,4,4,4,4,2,2,1,1,2,2
"M145495",3,4,7,6,3,3,4,1,2,2,3,3,1,1,2,2,2,2,4,4,2,2,4,4,1,4,3,3,1,1,3,1,1,1,3,1,3,3,2,2,2,1,2,4,4,4,1,1,3,1,2,2,4,1,3,1,3,4,3,3,4,4,3,4,3,3,2,2,2,2,2,1,1,1,4,4,1,3,3,1,4,1,1,1,3,3,1,1,1,1,1,3,4,4,1,1,1,3,1,1,3,3,3,4,3,1,2,2,1,1,3,1,1,1,1,1,3,3,3,3,3,3,4,4,4,4,4,4,3,3,2,1,4,4,1,1,1,3,2,4,1,1,3,3,3,3,4,4,3,4,2,1,2,2,4,4,1,1,4,4,3,3,1,4,2,2,1,1,1,3,3,3,4,4,2,4,3,3,3,3,2,4,2,2,3,3,3,1,3,3,3,3,1,1,1,1,1,1,1,1,1,1,1,1,1,1,1,1,2,2,1,1,1,1,1,1,1,1,1,1,1,1,1,1,1,1,1,1,1,1,1,1,1,1,2,2,1,1,1,1,1,1,1,1,1,1,2,2,1,1,2,2,1,1,1,4,1,1,2,2,2,2,4,4,1,2,3,3,4,4,3,3,2,2,2,2,2,5,2,2,3,3,2,5,1,1,3,3,1,3,2,2,5,5,2,5,3,3,3,3,2,2,2,2,1,3,1,5,2,2,2,2,2,2,1,1,2,2,2,2,3,3,2,4,1,1,5,5,1,1,3,3,3,3,3,3,3,3,5,5,4,5,1,3,3,3,7,7,3,3,3,3,1,2,4,4,3,3,3,3,3,3,3,4,3,3,4,4,1,2,1,2,1,3,4,4,2,2,3,3,1,1,2,3,3,3,2,4,1,4,1,2,2,2,1,3,4,4,1,2,5,5,1,3,3,3,3,3,1,1,4,4,1,1,3,3,3,3,1,3,1,1,2,2,2,2,1,1,1,1,1,1,2,2,2,2,2,2,2,4,1,1,1,1,1,2,4,4,4,4,3,3,0,0,3,3,4,4,2,2,1,2,4,4,1,1,3,3,3,3,3,4,3,3,2,2,3,3,1,2,1,2,2,2,1,1,2,2,1,2,1,4,1,3,3,6,3,4,1,1,4,4,2,3,2,2,1,1,2,2
"M145496",3,4,6,6,3,1,4,4,0,0,2,2,1,3,1,1,3,3,1,1,2,2,4,4,4,4,1,1,3,1,1,1,2,1,3,3,3,4,4,2,1,1,2,4,4,4,4,1,1,1,2,4,4,4,3,1,3,3,3,4,2,4,4,4,1,3,1,1,2,2,2,1,1,1,2,2,1,3,3,1,1,1,1,1,3,3,4,1,1,1,3,3,2,4,1,3,1,3,1,1,3,1,3,4,3,3,2,2,4,1,1,1,2,2,1,1,1,1,2,3,1,1,1,1,2,4,1,1,3,3,2,1,2,4,1,1,3,3,2,2,1,1,3,3,1,1,4,4,3,3,2,1,2,2,4,4,1,1,4,4,1,3,1,1,2,2,1,1,1,3,1,3,4,4,4,4,1,3,3,3,4,4,2,2,3,1,3,1,1,3,3,3,1,2,1,2,1,2,1,2,1,2,1,2,1,1,1,1,1,2,1,2,1,2,1,2,1,1,1,2,1,1,1,2,2,1,1,2,1,1,1,1,1,1,1,2,1,1,1,1,1,1,1,2,1,2,1,2,2,1,1,2,1,1,1,1,1,1,1,2,1,2,1,4,2,2,3,3,5,5,1,3,2,2,2,2,1,1,2,2,3,3,5,5,1,1,3,3,3,3,2,3,4,5,5,5,2,2,3,3,2,2,1,2,1,3,2,2,1,2,2,2,2,2,1,1,2,2,2,3,4,4,4,4,1,1,5,5,1,1,1,3,2,3,4,6,3,3,3,5,4,4,1,3,3,4,1,7,2,3,3,3,1,1,1,4,3,3,3,3,2,3,1,3,1,3,2,4,2,2,1,2,1,3,2,4,2,5,3,3,1,3,2,3,3,3,3,4,6,6,1,1,1,1,1,1,4,4,1,1,3,4,1,1,3,3,3,3,1,1,5,5,1,1,3,4,4,4,1,3,1,2,1,2,2,2,1,1,1,1,3,3,1,1,2,2,2,2,2,3,1,1,1,1,2,2,2,4,4,4,3,3,2,2,4,4,4,6,2,2,2,2,4,4,1,1,2,3,3,3,2,3,3,3,2,2,1,3,2,2,1,2,5,5,1,3,2,2,1,2,1,3,1,1,1,5,2,5,1,3,3,4,0,0,2,2,1,1,2,2
"M145497",3,4,7,6,1,1,4,4,2,2,0,0,3,3,2,1,2,3,1,4,2,2,4,4,1,4,1,1,1,1,1,1,2,1,3,1,4,4,4,2,1,1,2,4,1,4,1,1,1,1,2,4,4,1,1,1,3,4,3,3,4,4,4,4,1,3,2,2,2,2,2,2,1,1,4,2,1,1,3,3,1,1,1,1,3,3,4,1,1,1,1,3,0,0,3,3,3,3,1,1,1,1,3,3,3,3,2,2,4,4,3,1,2,1,1,1,1,3,3,3,3,1,4,4,2,4,4,4,3,1,2,1,4,4,1,1,1,3,2,4,2,1,1,3,1,1,4,4,3,4,1,1,2,1,2,4,2,1,4,4,3,3,1,4,2,3,1,3,3,3,1,1,4,4,2,4,3,3,3,3,2,4,2,1,3,3,3,3,1,3,1,1,1,2,1,2,1,2,1,2,1,2,2,2,1,1,1,1,2,2,1,2,1,2,1,2,1,1,1,2,1,1,1,2,2,1,1,2,1,1,1,1,1,1,2,2,1,1,1,1,1,1,1,1,1,1,2,2,1,1,2,2,1,1,1,2,2,1,2,2,2,2,2,4,2,2,3,3,5,5,1,3,1,2,2,3,5,6,1,2,3,5,2,3,1,2,3,3,3,3,3,3,5,5,5,5,3,3,1,3,2,2,1,2,1,1,1,1,1,2,2,2,2,2,1,3,2,2,2,2,1,3,2,4,1,1,4,5,1,2,1,4,2,3,2,2,1,3,5,5,5,5,1,3,3,4,1,7,3,3,3,3,1,1,1,1,3,3,3,3,2,3,1,1,2,2,4,4,1,2,1,1,1,1,2,4,1,2,4,4,1,3,3,3,3,3,4,4,4,4,1,1,2,3,1,1,2,4,1,1,3,3,1,1,3,3,2,4,1,1,5,5,1,2,3,5,3,4,1,1,1,3,1,2,2,2,1,1,1,1,2,3,1,2,2,3,2,2,2,4,1,1,1,1,2,2,2,4,4,4,2,3,2,2,3,3,4,4,2,2,2,2,4,4,3,3,3,3,2,3,2,3,3,3,2,2,1,3,1,2,2,2,2,2,1,3,2,4,1,1,4,4,2,3,1,5,2,3,3,3,4,5,2,2,1,2,1,1,2,2
"M145498",4,4,7,6,3,1,4,4,2,1,2,3,1,3,2,2,2,2,1,4,2,2,4,4,1,1,1,1,1,1,3,3,2,1,3,1,3,3,4,4,1,1,4,4,1,4,1,1,1,1,2,4,4,1,3,3,3,4,3,3,4,4,3,3,1,3,2,2,2,1,2,2,1,1,2,2,1,1,3,3,1,1,1,1,3,3,4,1,1,1,3,3,2,4,3,3,3,3,1,1,3,1,3,4,3,1,2,2,1,1,3,3,2,2,1,1,3,3,2,3,1,1,4,4,4,4,1,4,3,3,2,1,4,4,1,1,3,3,2,4,1,1,1,1,1,1,4,4,3,4,2,1,2,2,2,4,2,2,4,4,1,3,1,4,2,2,1,1,1,3,1,3,4,1,4,4,3,3,2,3,4,4,2,1,3,1,3,3,1,3,1,3,1,2,1,2,1,2,1,2,1,2,1,2,1,1,1,1,1,1,1,1,1,2,1,2,1,1,1,2,1,1,1,2,2,1,1,2,1,1,1,1,1,1,2,2,1,1,1,1,1,1,1,1,1,1,2,2,1,1,2,2,1,1,2,2,1,1,2,2,2,2,2,4,2,2,3,3,4,5,3,3,1,2,2,2,2,5,1,2,3,3,2,5,1,2,3,3,2,3,2,3,5,5,5,5,2,3,3,3,2,2,2,2,1,1,1,2,1,1,2,2,2,2,2,3,2,2,2,2,1,3,2,4,1,3,5,5,1,2,1,4,1,3,2,2,1,3,6,6,4,5,2,3,2,4,7,7,3,3,3,3,1,1,1,2,3,3,3,3,2,3,1,1,2,2,3,4,1,1,1,2,1,3,4,4,2,5,3,4,3,3,3,3,3,3,2,4,4,6,1,2,2,2,1,1,4,4,1,2,3,3,1,3,3,3,1,3,1,1,4,4,1,2,3,3,3,4,1,1,1,2,2,2,2,2,1,1,1,1,2,3,2,2,2,3,2,2,2,3,1,1,1,3,2,2,2,4,4,4,3,3,2,2,3,4,4,4,2,2,2,2,4,4,3,3,3,3,2,3,2,4,3,3,2,2,3,3,2,2,2,2,2,2,3,3,2,4,1,2,4,4,1,2,3,5,3,5,2,3,4,4,2,2,2,3,1,1,2,2
"M145499",4,4,7,6,3,3,4,1,2,2,3,3,1,1,2,2,2,3,1,1,2,1,4,4,1,4,3,3,3,1,3,1,1,1,3,1,3,3,2,2,2,2,2,2,4,4,1,1,3,1,2,4,4,1,3,1,3,4,3,3,0,0,3,4,3,3,2,2,2,2,2,1,1,1,4,2,1,3,3,1,4,1,1,1,3,3,4,1,1,1,3,3,4,4,0,0,1,1,1,1,3,3,3,4,1,1,2,2,1,1,3,1,2,1,1,1,1,3,2,3,3,1,4,4,4,4,4,4,3,1,2,1,4,4,2,1,1,3,2,4,1,1,3,3,3,1,4,4,3,4,1,1,2,1,4,4,1,1,4,4,3,3,1,4,2,2,1,3,1,3,3,3,4,4,4,4,3,3,3,3,2,4,1,1,3,3,3,1,1,3,3,3,1,1,1,1,1,1,1,1,1,1,1,1,1,1,1,1,2,2,1,1,1,1,1,1,1,1,1,1,1,1,1,1,1,1,1,1,1,1,1,1,1,1,2,2,1,1,1,1,1,1,1,1,1,1,2,2,1,1,2,2,1,1,1,4,1,1,2,2,2,2,4,4,1,1,3,3,4,4,3,3,2,2,2,2,1,2,2,2,3,3,2,5,1,1,3,3,1,2,2,2,5,5,2,5,3,3,3,3,2,2,2,2,1,3,1,5,1,2,2,5,2,2,1,3,2,2,2,2,3,4,2,4,1,1,5,5,1,2,1,3,3,3,3,3,3,3,5,5,4,5,1,3,3,4,7,7,3,3,3,3,1,2,4,4,3,3,3,3,2,3,2,3,2,2,3,4,1,2,2,2,1,3,4,4,2,2,3,3,1,1,2,3,1,3,2,4,1,4,1,2,1,2,1,3,4,4,1,2,1,5,1,3,3,3,3,3,1,1,4,4,1,1,3,3,3,3,1,1,1,1,1,2,2,3,1,1,1,1,1,3,2,2,2,2,2,2,2,4,1,1,1,1,2,2,4,4,4,4,3,3,2,2,3,3,4,6,2,2,1,2,4,4,1,1,3,3,3,3,2,4,1,3,2,2,3,3,1,2,1,1,2,2,1,1,2,2,1,2,1,4,1,1,5,6,3,4,1,3,4,4,3,4,2,2,1,1,2,2
"M145500",3,4,7,6,1,1,4,1,2,2,2,3,1,3,2,1,3,3,1,4,2,2,4,4,1,1,1,1,1,1,3,1,1,1,3,1,4,4,4,2,1,1,2,4,4,4,1,1,1,1,2,4,4,1,3,3,3,4,3,3,2,4,3,4,1,3,2,2,2,1,2,2,1,1,4,2,1,3,3,3,4,1,1,1,3,3,4,1,1,1,3,3,2,4,1,3,3,3,1,1,3,1,3,3,3,3,2,2,1,1,3,1,2,1,4,1,1,3,2,3,3,3,4,4,2,4,4,4,3,1,2,1,4,4,1,1,3,3,2,4,1,1,1,3,1,1,4,4,3,4,2,1,2,2,2,4,1,1,4,4,3,3,4,4,2,3,1,1,3,3,1,3,4,4,2,4,3,3,2,3,4,4,2,2,3,3,3,3,1,3,1,3,1,2,1,2,1,2,1,2,1,2,1,2,1,1,1,1,2,2,1,2,1,2,1,2,1,1,1,2,1,1,1,2,2,1,1,2,1,1,1,1,1,1,2,2,1,1,1,1,1,1,1,1,1,1,2,2,1,1,2,2,1,1,1,2,1,1,2,2,2,2,2,4,2,2,3,3,4,5,1,3,1,2,2,3,2,6,1,2,3,3,2,3,1,2,3,3,2,3,3,3,5,5,5,5,3,3,1,3,2,2,1,2,1,1,1,1,1,2,2,2,2,2,3,3,2,2,2,2,1,3,4,4,1,1,4,5,1,2,1,4,1,3,2,2,1,3,5,6,5,5,1,3,3,4,1,7,3,3,3,3,1,1,1,1,3,3,3,3,2,3,1,3,2,2,4,4,1,2,1,1,1,3,2,4,2,2,4,4,3,3,3,3,1,3,4,4,4,4,1,1,1,3,1,2,4,4,1,1,3,3,1,1,2,3,2,3,1,1,4,4,1,2,3,3,3,4,1,1,1,2,2,2,2,2,1,1,1,1,2,3,2,2,2,5,2,2,2,3,1,1,1,3,2,2,1,4,4,4,3,3,2,2,3,3,4,4,2,2,1,2,4,4,3,3,3,3,2,3,3,3,3,3,2,2,1,3,1,2,2,2,2,2,1,3,2,4,1,1,4,4,2,3,1,1,3,3,2,3,4,5,2,2,1,2,1,1,2,2
"M145501",3,4,6,6,3,3,4,1,2,2,3,3,1,3,2,2,0,0,1,4,2,1,4,4,1,4,3,3,1,1,3,1,1,1,3,3,3,3,2,2,2,1,2,2,4,4,1,1,1,1,2,2,4,1,1,1,3,4,3,3,2,4,3,3,3,3,2,1,2,2,2,1,1,1,0,0,1,3,3,3,4,1,1,1,3,3,4,1,1,1,1,3,4,4,1,3,1,1,1,1,3,3,3,4,3,1,2,2,1,1,1,1,1,1,1,1,3,3,2,3,3,3,4,1,4,4,1,4,3,1,2,1,4,4,2,1,1,3,4,4,1,1,1,3,3,1,4,4,3,4,1,1,2,1,4,4,1,1,4,4,1,3,1,4,2,2,1,3,1,3,3,3,4,4,2,4,3,3,3,3,2,4,2,1,3,3,1,1,1,1,3,3,1,1,1,1,1,1,1,1,1,1,1,1,1,1,1,1,2,2,1,2,1,2,1,2,1,1,1,2,1,1,1,2,2,1,1,2,1,1,1,1,1,1,2,2,1,1,1,1,1,1,1,1,1,1,2,2,1,1,2,2,1,1,1,4,1,1,2,2,2,2,1,4,1,1,3,3,4,4,3,3,2,2,2,2,2,5,2,2,3,3,2,3,1,1,3,3,2,3,1,2,4,5,2,5,2,3,3,3,2,2,2,2,1,1,1,5,1,1,2,5,2,2,1,1,2,2,3,3,3,4,2,4,1,1,5,5,1,1,1,3,3,3,3,3,3,3,5,5,4,5,3,3,3,4,7,7,3,3,3,3,1,2,1,1,3,3,3,3,2,3,2,3,2,3,4,4,2,2,2,2,1,1,4,4,2,2,4,4,1,1,3,3,1,1,1,4,1,1,1,1,1,2,1,3,4,4,2,2,1,5,1,3,3,3,3,3,1,1,3,4,1,2,3,3,1,1,1,1,1,1,2,2,2,3,1,1,1,1,3,3,2,2,2,2,2,2,2,4,1,1,1,1,1,2,4,4,4,4,3,3,2,3,3,3,4,6,2,2,1,1,4,4,3,4,3,3,3,4,3,4,3,3,1,2,3,3,1,2,1,2,2,2,1,1,2,2,1,2,3,3,1,1,5,6,3,4,1,3,4,4,3,4,2,2,1,1,2,2
"M145502",3,4,6,6,3,3,4,1,2,2,2,2,1,3,2,2,2,2,1,4,2,1,4,4,1,4,3,3,3,1,3,3,1,1,3,1,3,3,2,2,2,2,2,4,4,4,1,1,1,1,2,2,4,1,3,3,3,4,3,3,2,4,3,4,3,3,2,1,2,2,2,1,1,1,0,0,3,3,3,3,4,1,1,1,1,3,4,4,1,1,1,1,4,4,1,1,1,3,1,1,3,3,3,4,1,1,2,2,1,1,3,1,2,1,1,1,3,3,2,3,3,1,4,4,4,4,4,4,1,1,2,1,4,4,1,1,1,3,4,4,1,1,1,3,3,3,4,4,3,3,2,1,1,1,4,4,1,1,4,4,3,3,1,1,2,2,1,1,1,3,3,3,4,4,4,4,3,3,3,3,2,4,2,1,3,3,1,1,1,3,3,3,1,1,1,1,1,1,1,1,1,1,1,1,1,1,1,1,2,2,1,1,1,1,1,1,1,1,1,1,1,1,1,1,1,1,1,1,1,1,1,1,1,1,2,2,1,1,1,1,1,1,1,1,1,1,2,2,1,1,2,2,1,1,3,3,2,2,2,2,2,2,1,4,2,2,3,3,5,5,3,3,2,2,2,2,2,5,2,2,3,3,2,3,1,1,3,3,2,3,2,2,4,5,2,5,2,3,3,3,2,2,2,2,1,1,1,5,2,2,2,5,2,2,1,1,2,2,2,3,2,3,4,4,1,1,5,5,1,1,3,3,3,3,3,3,3,3,5,5,4,4,1,3,3,4,7,7,3,3,3,3,1,2,1,1,3,3,3,3,3,3,3,4,3,3,4,4,1,1,1,2,1,1,4,4,2,2,3,4,1,1,2,3,1,1,1,4,1,1,1,1,2,2,1,3,4,4,2,2,5,5,1,1,2,3,3,3,1,1,3,4,1,2,3,3,1,3,1,1,1,1,1,2,2,2,1,1,1,1,1,1,2,2,2,2,2,2,2,2,1,1,1,1,1,2,4,4,4,4,3,3,2,3,3,3,4,6,2,2,1,1,4,4,1,4,3,3,3,4,2,4,3,3,1,2,3,3,1,1,1,2,2,2,1,1,2,2,1,2,3,3,1,3,5,5,4,4,1,1,4,4,2,4,2,2,1,1,2,2
"M145503",3,3,7,6,3,3,1,1,1,1,2,3,1,3,1,1,2,3,1,1,2,2,4,4,1,4,1,1,3,1,1,1,2,2,3,3,3,3,4,4,2,2,2,4,4,4,4,1,1,1,2,2,4,4,1,1,3,3,0,0,2,4,0,0,3,3,0,0,2,2,2,1,1,1,2,2,1,3,3,3,4,1,1,1,3,3,1,1,1,1,3,3,4,4,1,1,1,3,1,1,3,3,3,3,1,1,2,2,1,1,1,1,2,2,1,1,1,1,2,2,1,1,1,1,2,4,1,1,3,3,2,2,2,4,1,1,3,3,2,4,1,1,1,3,1,1,4,4,3,3,2,1,2,2,2,4,1,1,4,2,1,3,1,1,2,2,1,3,1,1,3,3,4,4,4,4,3,3,3,3,4,4,2,2,3,3,3,1,3,3,1,3,1,1,1,1,1,1,1,1,1,1,1,1,1,1,1,1,1,1,1,1,2,2,2,2,1,1,2,2,1,1,2,2,2,2,2,2,1,1,1,1,1,1,2,2,1,1,1,1,1,1,1,1,1,1,2,2,1,1,2,2,1,1,1,1,1,1,2,2,2,2,1,1,2,2,3,3,4,5,1,3,1,2,2,2,7,7,2,2,3,3,5,5,1,1,3,3,1,3,1,1,1,5,5,5,3,3,3,3,2,2,2,2,1,1,2,2,1,2,2,2,2,2,1,1,2,2,2,3,2,3,4,4,1,1,5,5,1,1,1,1,2,3,2,2,3,3,5,5,3,4,1,1,4,4,3,3,3,3,3,3,1,1,4,4,3,3,3,3,3,3,1,1,3,3,2,4,1,2,1,2,3,3,4,4,2,2,3,3,3,3,3,3,1,3,2,4,6,6,1,2,1,1,1,1,4,4,1,2,3,3,1,1,3,3,3,3,1,1,4,5,1,1,3,3,4,4,1,1,1,1,1,2,2,3,1,1,1,2,1,3,1,2,2,2,2,2,2,3,1,1,1,1,2,2,4,4,4,5,3,3,2,2,3,4,6,6,2,2,2,2,5,5,1,3,2,3,2,3,2,2,1,3,2,2,3,3,1,1,2,2,2,5,1,1,2,4,1,2,3,4,1,3,3,5,3,5,3,3,3,6,0,0,2,2,1,1,2,2
"M145504",3,4,6,6,3,3,4,1,2,1,2,2,1,3,2,2,2,2,1,1,2,2,4,4,1,1,3,3,3,1,3,1,2,1,3,1,3,3,4,2,2,1,2,4,4,4,1,1,1,1,2,2,1,1,3,3,3,4,3,3,2,4,4,4,3,3,2,2,2,2,2,2,1,1,2,2,3,3,3,3,1,1,1,3,1,3,4,1,1,1,1,3,4,4,1,3,1,1,1,1,3,3,3,3,3,3,2,2,1,1,3,1,2,1,1,1,3,3,2,2,1,1,1,1,2,2,1,4,3,3,2,2,2,4,1,1,1,3,4,4,1,1,3,3,3,1,4,4,4,4,1,1,2,2,2,4,1,1,4,4,1,3,1,1,2,3,1,3,1,1,3,3,4,4,4,4,3,3,3,3,4,4,2,1,3,3,3,3,1,3,1,3,1,1,1,1,1,1,1,2,1,1,1,1,1,1,1,1,1,2,1,2,2,2,2,2,1,1,2,2,1,1,2,2,2,2,2,2,1,1,1,1,1,1,2,2,1,1,1,1,1,1,1,1,1,1,2,2,1,1,2,2,1,1,1,4,1,1,2,2,2,2,1,4,2,2,3,3,5,5,3,3,1,2,2,2,2,7,1,2,3,3,2,5,1,1,1,3,1,3,1,3,5,5,5,5,3,3,3,3,2,2,2,2,1,3,1,4,1,1,2,2,2,2,1,1,2,2,2,3,2,4,4,4,1,1,5,5,1,1,1,3,3,3,2,3,2,3,5,6,4,4,1,3,4,4,3,7,2,3,3,3,1,1,1,1,3,3,3,3,3,3,1,1,2,3,2,4,1,2,1,2,1,3,4,4,5,5,1,3,1,3,3,3,1,3,4,4,2,6,1,1,1,2,1,5,4,4,1,2,3,3,1,1,2,3,1,1,1,1,4,5,1,1,3,3,3,3,1,1,1,1,1,1,2,2,1,1,1,2,1,3,2,2,2,2,2,2,2,2,1,1,1,1,2,2,4,4,4,4,3,3,2,3,3,4,4,6,2,2,2,2,4,4,1,1,2,3,3,3,2,3,1,1,2,2,3,3,1,2,2,2,2,2,1,3,2,2,1,2,4,4,3,3,1,5,4,5,3,3,4,6,4,4,2,2,1,1,2,2
"M145505",3,4,7,6,3,3,4,1,2,1,2,2,1,1,2,1,3,3,1,1,2,1,4,4,1,4,1,1,1,1,3,3,2,2,3,1,3,4,2,2,2,1,2,2,4,4,1,1,1,1,2,4,4,4,3,1,3,4,3,3,4,4,3,4,3,3,2,1,2,1,2,1,1,1,2,2,3,3,3,3,1,1,1,1,1,3,4,1,1,1,3,3,4,4,3,3,3,3,1,1,3,3,4,4,3,1,2,2,1,1,1,1,2,1,4,1,3,3,2,3,1,1,4,1,2,2,1,1,3,1,1,1,4,4,1,1,1,3,2,4,1,1,1,3,1,1,4,4,3,4,2,1,2,2,2,4,0,0,4,4,1,3,1,1,2,3,1,3,1,1,1,3,4,4,4,4,1,3,3,3,4,4,2,2,3,1,3,3,1,3,3,3,1,1,1,1,1,1,1,2,1,1,1,1,1,1,1,1,2,2,2,2,2,2,2,2,1,1,2,2,1,1,2,2,2,2,2,2,1,1,1,1,1,1,2,2,1,1,1,1,1,1,1,1,1,1,2,2,1,1,2,2,1,1,2,2,2,1,2,2,2,2,2,4,2,2,3,3,2,5,3,3,1,2,2,3,5,5,1,2,3,3,1,5,1,2,3,3,3,3,1,2,1,4,2,5,3,3,3,3,2,2,1,1,1,1,1,2,1,2,2,5,2,2,1,1,2,2,2,2,2,3,2,4,1,3,5,5,1,1,1,4,3,3,2,2,1,3,6,6,4,4,1,2,4,4,3,7,3,3,3,3,1,1,1,4,3,3,3,3,2,3,1,1,2,2,3,3,3,3,1,2,1,3,4,4,2,5,3,3,3,3,3,3,1,2,4,4,4,6,1,1,1,1,1,3,4,4,2,2,1,3,1,1,2,3,1,3,1,1,4,4,1,2,2,3,3,4,1,1,1,1,1,2,2,2,1,1,1,2,3,3,2,2,2,2,2,2,2,3,1,2,1,2,2,2,4,4,4,4,3,3,2,2,3,4,2,4,2,2,2,2,4,4,3,3,2,2,3,3,2,3,3,3,2,2,3,3,1,1,1,2,2,2,1,3,2,4,1,1,4,4,1,2,1,3,4,5,2,3,5,6,2,4,2,2,1,1,2,2
"M145506",4,4,7,6,3,1,1,1,2,2,2,3,0,0,2,1,3,3,1,4,2,2,4,4,1,4,1,3,1,1,3,1,2,2,3,1,3,4,4,2,1,1,2,2,4,4,1,1,3,1,2,4,4,4,3,1,3,3,3,3,2,4,4,4,3,3,1,1,2,2,2,1,1,1,2,2,1,3,3,1,1,1,1,1,3,3,1,1,1,1,3,3,4,4,1,1,3,3,1,1,3,3,3,4,3,3,2,2,4,1,3,3,1,1,1,1,1,3,2,2,1,1,4,1,2,2,1,4,3,1,1,1,4,4,2,1,1,1,2,2,1,1,3,3,1,1,4,4,3,4,2,1,2,2,4,4,1,1,4,2,3,3,1,1,2,3,1,3,1,3,3,3,4,4,2,4,3,3,2,3,4,4,2,2,3,1,1,1,1,1,3,3,1,1,1,1,1,1,1,1,1,1,1,2,1,2,1,1,1,1,1,1,1,1,1,1,1,1,1,1,1,1,1,2,1,1,1,1,1,1,1,1,1,1,2,2,1,1,1,1,1,1,1,1,1,1,2,2,1,1,2,2,1,2,2,2,2,1,2,2,2,2,3,3,2,3,3,3,5,5,3,3,2,2,2,2,1,7,1,2,3,3,2,3,1,1,3,3,3,3,2,3,1,5,2,5,3,3,3,3,2,2,2,2,1,2,1,1,1,1,2,3,2,2,1,1,2,2,2,3,3,4,2,4,1,1,5,5,1,1,4,4,2,3,3,3,3,3,5,6,4,5,1,3,4,4,7,7,3,3,3,3,1,1,1,4,3,3,3,3,3,3,1,4,3,3,2,2,2,3,1,1,1,3,4,4,2,4,3,4,1,1,3,3,1,1,5,5,1,1,1,1,1,1,1,4,4,4,1,2,1,1,1,1,2,3,3,3,1,1,4,4,1,1,3,3,1,3,1,1,1,1,1,1,1,3,1,2,1,1,3,3,2,2,2,2,2,2,2,4,1,1,1,2,2,3,4,4,4,4,3,3,2,3,3,4,4,4,2,2,2,2,4,4,1,1,3,3,3,3,3,3,1,3,2,2,3,3,1,1,2,2,2,2,1,3,4,4,2,2,3,4,3,3,1,3,3,4,1,2,4,4,2,3,2,2,1,1,2,2
"M145507",4,4,7,6,3,1,4,4,2,2,2,2,3,3,2,2,0,0,1,1,2,2,4,4,1,4,1,3,1,1,1,1,2,2,1,1,3,3,4,4,2,2,4,4,1,4,1,1,3,3,4,4,4,1,3,3,3,4,3,3,2,2,3,4,3,3,2,1,2,2,2,2,4,1,2,2,1,1,3,3,4,4,1,1,1,3,4,1,1,1,1,3,4,4,3,3,1,3,1,1,3,1,3,3,3,1,2,2,4,1,3,1,2,1,4,1,1,1,2,3,1,1,4,1,4,4,1,4,3,3,2,1,4,4,1,1,1,1,2,2,2,1,1,3,3,1,4,4,3,4,1,1,2,2,4,4,2,1,4,4,1,3,1,1,2,2,1,1,1,3,3,3,4,4,4,4,3,3,2,3,4,4,2,1,3,1,3,1,1,3,1,3,1,1,1,1,1,1,1,1,1,1,1,1,1,2,1,1,1,2,1,1,1,1,1,1,1,1,1,1,1,1,1,2,1,1,1,1,1,1,1,1,1,1,2,2,1,1,1,1,1,1,1,1,1,1,2,2,1,1,2,2,1,1,1,2,2,1,2,2,2,2,1,1,2,2,3,3,5,5,3,3,2,2,2,2,1,2,1,2,3,3,2,2,1,1,3,3,1,3,2,3,5,5,5,5,2,3,3,3,2,2,1,2,1,1,1,2,1,1,2,2,2,2,3,3,2,2,3,3,2,4,4,4,1,1,5,5,1,1,1,3,2,3,2,3,3,3,5,5,4,4,2,3,4,4,7,7,2,3,3,3,1,1,5,6,3,3,3,4,2,2,1,3,2,2,3,4,1,2,1,2,3,4,4,4,2,5,3,3,1,2,3,3,1,3,2,4,2,4,1,2,1,2,1,3,4,4,1,2,3,3,1,1,3,3,3,3,1,1,4,5,1,1,3,3,1,3,3,3,1,1,1,1,2,3,1,1,1,2,3,3,2,2,2,5,2,2,2,2,1,2,1,3,2,2,4,4,4,4,3,4,2,2,3,3,3,4,2,2,1,2,4,5,1,1,3,3,2,4,2,4,3,3,2,3,3,3,1,1,1,2,2,2,1,1,4,4,1,1,4,4,1,3,3,5,3,4,1,3,4,4,4,4,2,3,1,1,1,2
"M145508",3,4,6,6,3,3,4,4,2,2,2,2,1,1,2,1,2,2,1,1,2,2,4,4,4,4,1,1,3,1,1,1,1,1,3,3,3,3,4,2,2,1,2,2,4,4,4,1,3,1,2,2,4,1,3,1,3,3,3,3,2,4,3,4,3,3,2,2,2,2,2,2,1,1,2,2,1,3,3,1,4,1,1,3,1,3,1,1,1,1,3,3,4,4,1,3,1,3,1,1,3,1,3,4,3,1,2,2,4,4,3,1,2,1,1,1,1,1,2,2,1,1,4,1,2,4,1,4,3,1,2,1,2,2,1,1,1,3,2,2,2,1,1,3,1,1,4,4,3,4,1,1,2,2,4,4,1,1,4,4,1,3,1,4,2,2,1,1,1,1,1,1,4,4,4,4,3,3,2,3,4,4,2,1,3,3,1,1,1,1,1,3,1,1,1,1,1,1,1,1,1,1,1,1,1,2,1,1,1,2,1,1,1,1,1,1,1,1,1,1,1,1,1,1,1,1,1,1,1,1,1,1,1,1,2,2,1,1,1,1,1,1,1,1,1,1,2,2,1,1,2,2,1,1,1,2,1,1,2,2,2,2,1,4,2,2,3,3,3,5,3,3,2,2,2,2,2,2,1,2,3,3,2,5,1,1,3,3,1,3,1,3,1,5,5,5,2,3,3,3,2,2,1,1,1,3,1,1,1,2,2,5,2,2,1,3,2,2,3,3,2,3,2,4,1,3,5,5,1,1,1,3,3,3,2,3,2,3,5,5,4,4,2,3,4,4,7,7,3,3,3,3,1,1,1,6,3,3,3,3,2,3,1,3,2,2,3,4,2,3,2,2,3,3,4,4,2,5,3,3,2,3,3,3,1,3,4,4,2,6,1,1,1,2,1,1,4,4,1,2,3,3,1,1,3,3,3,3,1,1,4,5,1,1,3,3,1,1,3,3,1,1,1,1,2,3,1,1,1,1,1,3,2,2,2,3,2,2,2,2,1,2,3,3,2,2,4,4,4,4,3,3,3,3,3,3,4,4,2,2,1,1,2,4,1,4,3,3,4,4,2,4,1,3,2,2,3,3,1,1,2,2,2,2,1,1,2,4,1,2,1,4,3,3,1,3,3,4,2,3,4,4,4,4,2,2,1,1,1,2
"M145509",3,4,7,6,3,3,4,4,2,1,2,3,1,1,2,2,2,2,4,4,2,1,4,4,1,4,3,3,1,1,3,1,1,1,3,3,3,3,2,2,2,2,2,2,4,4,1,1,1,1,2,2,4,1,1,1,3,4,3,3,4,4,3,3,3,3,2,2,2,2,2,1,1,1,4,4,1,1,3,1,4,1,1,1,3,3,1,1,1,1,3,3,4,4,1,3,1,3,1,1,3,3,3,3,3,1,2,2,1,1,1,1,2,2,1,1,3,3,3,3,3,1,4,4,4,4,4,4,3,1,1,1,4,4,2,1,1,3,2,4,1,1,1,3,3,3,4,4,3,3,1,1,2,2,4,4,1,1,4,4,1,3,1,4,2,2,1,1,1,3,3,3,4,4,2,4,3,3,3,3,2,4,1,1,3,3,1,1,1,3,3,3,1,1,1,1,1,1,1,1,1,1,1,1,1,1,1,1,2,2,1,1,1,1,1,1,1,1,1,1,1,1,1,1,1,1,1,1,1,1,1,1,1,1,2,2,1,1,1,1,1,1,1,1,1,1,2,2,1,1,2,2,1,1,1,3,2,1,2,2,2,2,1,4,2,2,3,3,4,4,1,3,2,2,2,2,2,5,2,2,3,3,2,5,1,1,3,3,1,3,2,2,5,5,2,5,3,3,3,3,2,2,2,2,1,1,1,4,1,2,2,2,2,2,1,1,2,2,2,3,3,3,2,4,1,1,5,5,1,2,3,3,2,3,3,3,3,3,5,5,4,5,1,1,3,3,7,7,3,3,3,3,1,2,4,4,3,3,3,3,3,3,3,4,3,3,4,4,1,1,1,2,1,3,4,4,2,2,3,4,1,1,3,3,1,3,2,4,1,4,1,2,2,2,1,3,4,4,1,2,3,5,1,3,3,3,3,3,1,1,3,4,1,1,3,3,1,3,1,3,1,1,2,2,2,2,1,1,1,1,3,3,2,2,2,2,2,2,2,4,1,1,1,1,1,2,4,4,4,4,3,3,2,3,3,3,4,4,2,2,1,2,4,4,1,3,3,3,3,3,2,2,3,3,1,2,3,3,1,2,1,1,2,2,1,1,2,2,1,2,3,3,1,1,3,6,3,4,1,1,4,4,2,3,2,2,1,1,2,2
"M145510",4,4,6,6,3,3,4,4,2,2,2,2,3,3,2,2,0,0,1,4,2,1,4,4,4,4,1,1,3,1,3,1,1,1,1,1,3,4,4,4,1,1,2,2,4,4,1,1,0,0,4,4,4,4,3,1,3,3,3,4,2,4,3,4,3,3,2,2,2,2,2,2,4,1,2,2,1,3,3,1,4,1,1,1,3,3,1,1,1,1,3,3,4,4,3,3,3,3,1,1,3,1,3,3,3,3,2,2,4,1,1,1,1,1,1,1,1,3,2,3,1,1,4,1,2,4,1,4,1,1,2,2,4,4,1,1,1,3,2,4,2,1,1,3,3,1,4,4,3,3,1,1,2,1,2,4,1,1,4,4,1,3,1,1,2,2,1,1,1,1,1,1,4,4,4,4,3,3,2,3,4,4,2,2,3,3,3,3,1,3,1,3,1,1,1,1,1,1,1,1,1,1,1,2,1,2,1,1,1,2,1,1,1,1,1,1,1,1,1,1,1,1,1,2,1,1,1,1,1,1,1,1,1,1,2,2,1,1,1,1,1,1,1,1,1,1,2,2,1,1,2,2,1,1,1,1,2,1,2,2,2,2,1,2,2,2,3,3,5,5,3,3,1,2,2,3,2,5,2,2,3,3,2,2,1,1,3,3,3,3,1,2,5,5,5,5,2,3,1,3,2,2,1,2,1,1,1,2,1,2,2,2,2,2,1,1,2,2,2,3,2,3,4,4,1,1,5,5,1,2,1,3,2,3,2,3,3,3,5,6,4,5,2,2,3,4,7,7,3,3,3,3,1,1,2,6,3,3,3,3,2,3,1,3,2,2,4,4,2,2,2,2,3,3,4,4,1,5,3,3,2,2,2,3,1,3,1,4,1,2,1,1,1,1,1,5,3,4,1,2,3,3,1,3,2,3,1,3,1,1,4,4,1,1,3,3,1,3,1,3,1,1,1,2,2,3,1,1,1,2,3,3,1,2,2,3,2,2,2,4,2,2,3,3,2,2,4,4,4,4,2,3,2,2,3,3,4,4,1,2,1,2,4,4,1,1,1,3,3,4,2,4,1,3,2,2,3,3,1,1,2,2,2,2,1,3,4,4,2,2,3,4,3,3,1,5,4,4,1,3,4,5,4,4,2,2,1,1,1,2
"M145511",3,4,6,6,3,1,4,4,2,2,2,2,1,3,2,1,3,3,1,1,2,1,4,4,4,4,1,3,1,1,3,3,2,1,3,3,3,3,4,2,1,1,2,2,1,4,1,1,3,1,2,4,1,1,3,1,3,4,3,3,2,4,3,4,3,3,2,2,2,2,2,2,4,1,2,2,1,3,3,3,1,1,1,3,1,3,4,1,1,1,1,3,4,4,1,3,1,3,1,1,3,3,3,3,3,1,2,2,4,1,3,3,1,1,1,1,1,1,2,2,1,1,1,1,2,4,1,1,3,1,2,1,2,4,1,1,3,3,2,2,2,1,3,3,3,1,4,4,3,4,1,1,2,2,4,4,1,1,4,4,3,3,1,1,2,2,1,3,1,1,1,1,4,4,4,4,3,3,3,3,4,4,2,1,3,3,3,3,1,3,3,3,1,1,1,1,1,1,1,1,1,1,1,1,2,2,1,1,1,2,1,1,1,1,1,1,1,1,1,1,1,1,1,2,1,1,1,1,1,1,1,1,1,1,2,2,1,1,1,1,1,1,1,1,1,1,2,2,1,1,2,2,1,1,4,2,1,1,2,2,2,2,1,4,2,2,3,3,5,5,1,2,2,2,2,3,1,2,1,2,3,3,2,5,1,1,1,3,1,3,1,3,1,5,5,5,2,3,3,3,2,2,1,1,1,3,1,1,1,1,2,5,2,2,3,3,2,2,3,3,2,4,4,4,1,3,3,5,1,1,1,3,3,3,2,3,3,3,5,6,4,5,2,3,4,4,7,7,2,3,3,3,1,1,1,6,3,3,1,3,2,3,1,1,2,2,3,4,2,2,2,2,3,3,4,4,2,5,3,3,2,3,3,3,1,3,4,4,2,6,1,1,2,2,1,1,4,4,2,2,3,3,1,1,3,3,3,3,1,1,4,4,1,1,3,3,1,1,1,3,1,1,1,1,2,3,1,3,1,1,2,3,2,2,2,5,2,2,2,2,1,1,3,3,2,2,4,4,4,4,3,4,3,3,3,3,4,4,2,2,1,1,2,5,1,4,3,3,4,4,3,4,1,3,2,2,3,3,1,2,2,2,2,2,1,1,2,4,1,1,1,4,2,3,1,4,4,4,1,3,4,4,4,4,2,3,1,1,2,2
"M145512",3,4,7,6,1,1,4,1,2,2,2,3,1,3,1,1,2,2,1,1,2,2,4,4,1,4,1,1,1,1,3,1,2,1,3,3,3,3,4,2,1,1,2,4,4,4,1,1,3,1,2,2,4,4,1,1,3,3,3,3,2,4,4,4,3,3,2,1,2,1,2,1,1,1,4,2,1,3,3,3,1,1,1,3,3,3,1,1,1,1,1,3,4,4,3,3,3,3,3,1,3,1,3,3,3,3,2,2,1,1,3,1,1,1,4,1,1,3,3,3,3,1,4,1,4,4,1,4,3,3,2,1,4,4,1,1,1,3,2,2,1,1,1,3,3,1,4,2,3,3,0,0,2,2,4,4,2,2,4,4,3,3,1,1,2,2,1,3,1,3,1,3,4,4,4,4,3,3,3,3,4,4,2,1,3,3,1,1,1,1,1,1,1,1,1,1,1,1,1,1,1,1,1,1,1,2,1,1,1,2,1,2,1,1,1,1,1,1,1,1,1,1,1,1,1,1,1,1,1,1,1,1,1,1,2,2,1,1,1,1,1,1,1,1,1,1,2,2,1,1,2,2,1,1,2,2,2,1,2,2,2,2,3,3,2,2,3,3,4,4,3,3,2,2,2,2,1,7,2,2,3,3,2,2,1,1,3,3,2,3,2,3,1,5,2,5,3,3,3,3,2,2,1,1,1,1,1,1,1,2,2,5,2,2,1,2,1,2,2,2,3,3,4,4,1,1,5,5,1,2,4,4,2,3,2,3,1,3,5,5,4,4,2,2,4,4,7,7,3,3,3,3,1,2,1,1,3,3,1,3,3,3,1,3,2,3,2,2,2,2,1,1,1,1,4,4,2,5,3,3,1,1,3,3,1,3,2,5,1,4,1,2,1,2,1,1,4,4,1,1,1,1,1,1,2,3,3,3,1,1,4,4,1,1,3,3,3,3,1,1,1,1,1,1,2,3,1,1,1,1,3,3,1,2,2,2,2,2,2,3,1,1,1,1,2,2,4,4,4,4,3,3,2,3,3,4,3,4,2,2,2,2,4,5,1,1,1,3,3,3,2,2,2,3,2,2,3,3,2,4,1,2,2,2,1,1,2,4,1,2,1,4,2,3,1,3,4,5,1,2,4,4,2,4,2,2,1,1,2,2
"M145513",3,4,7,6,3,3,4,4,2,2,2,2,3,3,2,1,0,0,4,4,2,2,4,4,1,1,1,1,1,1,1,1,1,1,1,1,3,3,4,4,1,1,2,2,4,4,1,1,1,1,2,2,4,4,3,1,4,4,3,4,4,4,3,3,3,3,2,2,2,2,2,1,4,1,4,2,1,1,3,3,4,1,3,3,3,3,4,4,1,1,3,3,4,4,1,1,1,3,1,1,3,3,3,4,1,1,2,2,4,1,3,1,2,2,4,4,1,3,2,2,1,1,4,1,4,4,4,4,3,3,1,1,4,4,1,1,3,3,2,4,1,1,1,3,1,1,4,4,3,4,2,2,2,1,4,4,1,1,4,4,3,3,1,1,2,2,1,1,1,3,1,3,4,4,4,4,1,3,2,3,4,4,2,2,3,1,3,3,3,3,3,3,1,1,1,1,1,1,1,1,1,1,1,1,1,1,1,1,2,2,1,2,1,1,1,1,1,1,1,1,1,1,1,1,1,1,1,1,1,1,1,1,1,1,2,2,1,1,1,1,1,1,1,1,1,1,2,2,1,1,2,2,1,1,2,2,2,1,2,2,2,2,2,4,2,2,2,3,5,5,1,3,2,2,2,2,5,7,1,2,3,3,2,5,1,1,3,3,1,3,1,2,1,4,5,5,1,3,3,3,2,2,1,1,1,1,1,2,1,2,2,2,2,2,1,3,2,2,2,3,2,3,4,4,1,1,5,5,1,1,1,3,3,3,3,3,3,3,6,6,4,4,1,3,4,4,7,7,3,3,3,3,1,1,2,2,3,3,3,3,2,3,1,3,2,2,3,4,2,2,1,2,3,3,4,4,2,5,3,3,1,1,2,3,1,3,1,4,2,4,1,1,1,1,1,3,4,4,2,2,3,3,1,1,3,3,3,3,1,1,4,4,1,2,3,3,3,4,1,3,1,1,2,2,2,2,1,1,1,1,1,3,2,2,2,2,2,2,2,3,1,1,1,1,2,2,4,4,4,4,3,3,2,3,3,4,3,4,2,2,2,2,4,4,3,3,3,3,3,3,4,4,3,3,2,2,3,3,2,2,1,2,2,2,1,1,2,4,1,1,3,4,1,3,4,5,3,4,1,1,4,5,2,3,2,2,1,1,2,2
"M145514",4,4,7,6,3,1,4,4,2,2,2,2,1,3,2,1,0,0,1,1,2,2,4,4,1,4,1,3,3,1,1,1,2,1,3,3,3,3,4,4,2,2,2,4,1,4,1,1,1,1,4,4,4,1,3,3,3,4,3,3,2,4,3,3,3,3,2,2,2,2,2,2,1,1,2,2,1,1,3,3,4,1,1,1,1,3,1,1,2,1,1,3,4,4,3,3,1,3,1,1,3,1,3,3,3,1,2,2,1,1,3,1,2,1,4,1,1,1,2,3,1,1,1,1,4,4,1,4,3,3,1,1,2,4,1,1,1,3,2,2,2,2,1,3,3,1,4,4,3,4,1,1,2,2,4,4,1,1,4,4,1,3,1,1,2,2,1,1,1,1,1,3,4,4,4,4,3,3,3,3,4,4,2,1,3,1,3,1,1,3,1,3,1,1,1,1,1,1,1,1,1,1,1,1,1,1,1,1,1,2,1,1,1,1,1,1,1,1,1,1,1,1,1,2,1,1,1,1,1,1,1,1,1,1,2,2,1,1,1,1,1,1,1,1,1,1,2,2,1,1,2,2,1,1,1,2,2,1,2,2,2,2,1,1,2,2,3,3,5,5,2,3,2,2,2,3,1,7,1,2,3,3,2,2,1,1,3,3,2,3,2,3,5,5,5,5,2,2,3,3,2,2,1,2,1,1,1,2,1,2,2,2,2,2,3,3,2,2,3,3,3,3,4,4,1,3,5,5,1,1,3,3,2,2,3,3,3,3,5,5,4,4,1,2,4,4,7,7,3,3,3,3,1,1,5,6,3,3,1,4,2,2,1,3,2,2,3,4,1,2,1,2,3,4,4,4,1,2,3,3,1,2,2,3,1,1,2,4,2,4,1,2,2,2,1,3,4,4,1,1,3,3,1,1,3,3,3,3,1,1,4,5,1,1,3,3,3,3,1,3,1,1,1,1,2,3,1,1,1,1,2,3,2,2,2,2,2,2,4,4,1,1,1,3,2,2,4,4,4,4,4,4,2,2,3,3,3,4,1,2,1,2,4,5,1,3,3,3,2,3,2,4,3,3,2,3,3,3,1,1,1,2,2,2,1,1,4,4,2,2,1,4,2,3,1,1,3,4,1,1,4,4,4,4,2,3,1,1,1,2
"M145515",4,4,6,6,3,1,4,1,2,2,2,3,1,3,2,2,2,2,1,1,2,2,4,4,1,4,1,1,1,1,1,1,1,1,3,1,3,3,2,2,1,1,2,4,1,4,1,1,3,1,4,4,4,1,3,3,3,4,3,3,2,4,4,4,3,3,2,1,2,2,2,2,4,1,2,2,3,3,1,1,1,1,1,1,3,3,4,1,1,1,1,3,4,4,3,3,3,3,3,3,3,1,4,4,3,3,2,2,4,1,1,1,2,1,4,1,1,3,2,3,1,1,4,1,2,4,1,4,3,3,2,1,4,4,1,1,1,3,2,4,2,1,3,3,3,1,4,4,4,4,2,1,2,2,4,4,2,2,4,4,1,3,1,1,2,3,1,3,1,1,1,3,4,1,4,4,1,3,3,3,4,4,2,1,3,3,3,1,1,3,3,3,1,1,1,1,1,1,1,1,1,1,1,1,1,1,1,1,2,2,1,2,1,2,1,2,1,1,1,2,1,1,1,2,2,1,2,2,1,1,1,1,1,1,2,2,1,1,1,1,1,1,1,1,1,1,2,2,1,1,2,2,1,1,3,2,1,1,2,2,2,2,3,4,2,2,3,3,2,4,3,3,2,2,3,3,1,7,1,2,3,3,2,5,1,2,3,3,1,3,1,2,1,5,2,5,2,3,1,3,2,2,1,1,1,1,2,2,1,1,2,5,2,2,1,1,2,2,2,3,3,3,4,4,1,3,5,6,1,1,1,3,2,3,2,2,3,3,5,6,4,5,1,3,2,4,7,7,3,3,3,3,1,1,1,6,3,3,3,3,2,3,1,3,2,3,3,4,2,3,1,2,1,3,4,4,2,5,3,4,1,1,3,3,3,3,4,5,4,6,1,2,2,2,1,5,4,4,1,2,3,3,1,1,2,3,1,3,1,1,4,4,1,1,3,3,1,4,1,1,1,1,1,1,2,2,1,2,1,1,3,3,1,2,2,2,2,2,2,3,1,1,1,1,2,2,4,4,4,4,3,3,2,2,3,4,3,4,1,2,1,2,4,5,1,3,2,3,2,3,2,2,3,3,2,3,3,3,1,1,2,2,2,2,1,3,4,4,1,2,1,3,1,1,3,3,4,5,2,2,4,5,4,4,2,2,1,1,1,2
"M145516",4,4,6,6,3,3,4,4,2,2,2,2,1,3,2,2,2,2,1,4,2,2,4,4,1,4,1,1,3,1,1,1,2,1,3,1,3,3,2,2,1,1,4,4,1,4,1,1,3,1,4,4,1,1,3,1,4,4,3,3,4,4,4,4,3,3,2,2,2,2,2,2,4,1,2,2,3,3,1,1,4,1,1,1,3,3,4,1,1,1,1,3,4,4,3,3,3,3,3,3,1,1,4,4,3,3,2,2,4,1,1,1,1,1,4,1,1,3,3,3,1,1,4,4,2,4,4,4,3,1,1,1,4,4,1,1,1,3,2,4,1,1,3,3,3,1,4,4,3,4,1,1,2,2,4,4,2,2,4,2,1,3,1,1,2,2,1,3,1,3,1,1,4,1,4,4,1,3,2,3,4,4,2,1,3,3,3,3,1,3,0,0,1,1,1,1,1,1,1,1,1,1,1,1,1,2,1,1,2,2,2,2,2,2,2,2,1,1,2,2,1,1,2,2,2,2,2,2,1,1,1,1,1,1,2,2,1,1,1,1,1,1,1,1,1,1,2,2,1,1,2,2,1,1,3,2,1,1,2,2,2,2,3,4,2,2,3,3,4,5,3,3,2,2,2,3,1,2,1,1,3,3,2,5,1,1,3,3,1,2,1,3,1,1,2,3,2,3,1,3,2,2,1,1,1,1,1,2,1,2,2,5,2,2,1,1,2,2,2,2,3,4,2,4,1,3,5,5,1,2,1,3,2,2,2,3,3,3,5,5,4,5,1,3,2,4,7,7,3,3,3,3,1,1,1,1,3,3,3,3,3,3,1,1,3,3,3,4,2,2,1,2,1,3,4,4,2,2,3,3,1,3,3,3,3,3,4,4,4,6,1,2,1,2,1,5,3,4,1,2,1,3,1,1,2,3,1,3,1,1,4,4,1,1,3,3,3,4,1,1,1,1,1,1,2,2,1,2,1,1,3,3,2,2,2,2,2,2,2,3,1,1,1,1,2,2,4,4,4,4,3,3,2,2,3,3,3,4,1,2,1,2,4,5,1,3,1,3,2,3,2,2,3,3,2,3,3,3,1,1,1,2,2,2,1,1,4,4,1,2,1,1,1,3,3,3,4,5,2,2,4,5,2,4,2,2,1,1,1,2
"M145517",4,4,6,6,3,1,4,4,2,2,2,3,1,1,2,1,2,2,1,1,2,2,4,4,1,4,1,1,1,1,3,1,1,1,3,1,3,3,2,2,1,1,2,2,1,1,1,1,3,1,2,4,4,1,3,1,3,4,3,3,4,4,3,4,3,3,2,2,2,2,2,1,4,1,2,2,3,3,1,1,4,1,1,1,3,3,1,1,1,1,3,3,4,4,1,3,3,3,3,1,3,1,4,4,3,3,2,2,1,1,3,1,2,1,4,4,1,3,3,3,1,1,4,4,4,4,1,4,3,3,2,1,4,4,1,1,1,3,2,4,1,1,1,1,3,3,4,4,4,4,2,1,2,2,4,4,2,1,4,4,3,3,1,1,2,2,1,3,1,3,1,1,4,4,2,4,3,3,2,3,4,4,2,2,3,1,3,3,1,1,3,3,1,1,1,1,1,1,1,1,1,1,1,1,1,1,1,1,2,2,2,2,2,2,2,2,1,1,2,2,1,1,2,2,2,2,2,2,1,1,1,1,1,1,2,2,1,1,1,1,1,1,1,1,1,1,2,2,1,1,2,2,1,1,1,2,2,1,2,2,2,2,1,4,2,2,3,3,4,5,3,3,2,2,3,3,7,7,1,2,3,3,2,5,1,2,3,3,3,3,1,3,1,1,2,3,2,3,3,3,2,2,1,1,1,3,2,2,1,1,2,5,2,2,1,1,2,2,2,3,3,4,2,4,3,3,5,6,1,2,1,4,2,3,2,3,1,3,5,5,4,5,1,2,2,4,7,7,3,3,3,3,1,1,1,1,3,3,3,3,2,2,1,1,2,2,3,4,2,3,2,2,3,3,4,4,2,2,3,3,1,3,3,3,2,3,4,4,4,4,1,1,2,2,1,5,3,4,1,2,3,3,1,1,2,3,1,1,1,1,1,5,1,1,3,3,3,4,1,1,1,1,1,1,2,2,1,2,1,1,3,3,1,2,2,2,2,2,3,3,1,1,1,1,2,2,4,4,4,4,3,4,2,2,3,3,3,4,2,2,1,2,4,5,1,3,2,3,2,3,2,2,3,3,2,3,3,3,1,1,1,2,2,5,1,3,4,4,1,1,1,3,1,1,3,3,4,5,2,2,4,5,2,4,2,2,1,1,1,2
"M145518",4,4,7,6,1,1,4,4,2,1,2,3,1,1,1,1,2,3,1,1,2,2,4,4,1,4,1,1,1,1,3,1,2,1,3,3,4,4,4,2,1,1,2,4,4,4,4,1,1,1,2,4,4,4,3,1,3,3,3,3,4,4,3,4,1,3,1,1,2,2,2,2,4,1,2,2,1,1,3,1,1,1,1,3,1,3,4,1,1,1,1,3,2,4,3,3,1,3,1,1,3,3,3,4,3,3,2,2,4,1,3,1,2,1,1,1,1,1,2,3,1,1,4,1,2,4,4,4,3,1,1,1,4,4,1,1,1,3,2,4,2,1,3,3,3,3,4,4,4,4,1,1,2,2,4,4,1,1,4,4,3,3,1,1,2,3,1,1,1,3,3,3,4,4,2,4,1,3,2,3,2,4,2,2,1,1,3,1,1,1,3,3,1,2,1,2,1,2,1,2,1,2,1,1,1,2,1,1,2,2,1,2,1,1,1,1,1,1,1,1,1,1,1,1,1,1,1,1,1,1,1,1,1,1,1,2,1,1,1,1,1,1,1,2,1,2,1,2,2,1,1,2,1,1,1,2,1,1,1,2,1,2,3,4,2,2,3,4,4,5,1,3,2,2,2,2,1,2,2,2,3,5,3,5,1,1,3,3,2,3,3,3,1,1,2,5,2,3,3,3,2,2,1,2,1,1,1,2,1,1,2,2,2,2,1,3,2,2,2,3,3,4,2,4,1,1,5,5,1,1,1,4,2,3,2,3,3,3,3,5,4,4,3,3,3,4,1,7,3,3,3,3,1,1,1,1,3,3,3,3,2,2,1,3,3,3,3,4,1,2,1,1,1,1,3,4,2,5,3,4,1,1,2,3,3,3,4,5,2,4,1,2,1,1,1,1,4,4,1,2,3,4,1,1,3,3,1,3,1,1,5,5,1,1,3,4,3,4,1,1,1,2,1,1,2,2,2,2,1,1,2,3,1,2,2,2,2,2,3,3,1,1,1,2,2,3,2,3,4,4,3,3,2,2,3,4,3,4,2,2,2,2,4,5,1,3,3,3,3,3,2,2,3,3,2,2,1,3,1,2,2,2,2,2,1,3,4,4,1,2,1,4,1,3,1,5,2,5,1,1,4,4,3,3,3,3,1,1,2,2
"M145519",4,4,7,6,3,3,4,4,2,2,2,3,1,1,2,1,3,3,1,1,2,2,4,4,1,1,1,3,1,1,3,1,2,2,3,1,3,4,4,2,2,1,2,4,1,4,1,1,1,1,2,2,4,1,3,1,3,3,3,3,2,2,3,4,1,3,2,2,2,2,2,2,1,1,2,2,1,3,3,3,1,1,1,1,1,3,4,1,1,1,1,3,2,4,3,3,1,3,3,1,3,3,3,4,3,3,2,2,4,1,3,3,2,1,4,4,1,1,2,3,1,1,1,1,2,4,4,4,3,3,2,1,4,4,1,1,3,3,4,4,1,1,3,3,1,1,4,4,4,4,1,1,2,1,4,4,0,0,4,4,1,3,1,4,2,3,1,3,1,3,1,3,4,4,2,4,3,3,3,3,4,4,2,1,3,1,3,3,1,3,1,3,1,2,1,2,1,2,1,2,1,2,2,2,1,1,1,1,1,2,1,1,1,2,1,2,1,1,2,2,1,1,1,2,2,1,1,2,1,1,1,1,1,1,2,2,1,1,1,1,1,1,1,1,1,1,2,2,1,1,2,2,1,1,4,3,2,1,2,2,2,2,2,2,1,2,3,4,5,5,3,3,2,2,2,2,2,5,1,2,3,3,2,5,1,1,2,3,2,3,3,3,5,5,5,5,2,3,1,3,2,2,1,1,1,3,2,2,1,2,2,3,2,2,1,1,2,2,2,2,2,3,2,4,1,1,5,5,1,1,1,4,3,3,2,3,3,3,5,6,4,5,1,3,4,4,1,7,2,3,3,3,1,2,1,1,1,3,3,3,3,3,3,3,3,3,4,4,3,3,1,2,3,3,4,4,2,4,4,4,1,3,3,3,3,3,2,4,4,6,1,2,1,1,1,3,4,4,2,2,3,3,1,3,2,3,3,3,1,1,4,4,1,2,3,3,3,3,1,1,1,2,1,1,2,2,1,1,1,1,3,3,2,2,2,3,2,2,2,2,1,1,1,1,2,2,2,4,4,4,3,3,2,2,4,4,3,3,2,2,2,2,4,5,2,3,1,2,3,3,3,4,3,3,2,2,1,3,1,2,1,2,2,2,1,1,2,4,1,2,1,3,1,3,1,3,3,4,3,3,4,4,2,2,2,3,1,1,2,2
"M145520",3,4,7,6,3,3,4,4,2,2,2,2,1,1,2,1,3,3,1,1,2,2,4,4,4,4,1,1,3,3,3,3,1,1,1,1,3,3,4,2,2,2,2,4,1,4,1,1,3,1,2,4,4,4,3,1,3,3,3,3,2,4,3,4,1,3,2,1,2,1,2,2,1,1,2,2,1,1,3,1,1,1,1,1,1,3,4,1,1,1,3,3,2,4,3,3,3,3,1,1,3,1,3,4,3,1,2,2,1,1,3,1,2,1,4,4,1,3,2,3,1,1,4,4,2,4,1,4,3,3,1,1,2,4,1,1,1,1,2,2,2,1,1,3,3,1,4,4,3,4,1,1,2,2,2,2,1,1,4,4,3,3,1,1,2,3,1,3,1,1,1,1,4,4,4,4,3,3,2,3,4,4,2,2,3,3,3,3,1,3,1,3,1,2,1,2,1,2,1,2,1,2,1,1,1,1,1,1,1,1,1,1,1,2,1,2,1,1,1,2,1,1,2,2,2,1,1,2,1,1,1,1,1,1,2,2,1,1,1,1,1,1,1,1,1,1,2,2,1,1,2,2,1,1,2,2,2,1,2,2,2,2,1,4,2,2,3,3,5,5,1,3,1,1,2,3,2,2,1,1,3,3,2,5,1,1,2,3,3,3,2,3,1,5,3,5,2,2,3,3,2,2,1,1,1,1,2,4,1,1,2,2,2,2,1,1,2,2,2,3,3,3,4,4,1,1,5,5,1,1,1,3,2,3,2,3,3,3,5,5,4,5,2,3,3,3,4,7,3,3,3,3,1,1,1,6,3,3,3,3,3,3,1,3,2,2,3,4,2,2,2,2,3,3,3,4,5,5,3,3,2,2,2,3,3,3,2,4,2,4,1,2,1,2,1,1,4,4,1,2,1,3,1,1,3,3,3,3,1,1,4,4,1,1,3,3,1,3,1,3,1,2,1,2,2,3,1,1,1,2,3,3,2,2,2,2,2,2,3,4,2,2,1,1,2,2,2,4,4,4,3,4,2,2,3,3,3,4,1,2,2,2,4,5,1,3,3,3,3,4,2,3,3,3,2,2,3,3,1,1,2,2,2,2,1,1,2,4,1,2,4,4,2,3,5,5,4,4,1,1,4,4,3,4,2,2,1,1,1,2
"M145521",3,4,7,6,3,1,4,4,2,2,2,2,1,3,1,1,2,3,1,1,2,2,4,4,1,4,1,3,3,1,3,3,1,1,3,1,3,3,4,4,2,1,4,4,1,4,1,1,0,0,2,2,4,4,3,3,3,3,3,3,2,2,3,4,3,3,2,1,2,1,2,2,1,1,2,2,1,1,3,3,4,1,1,1,1,3,4,4,1,1,3,3,4,4,3,3,1,3,1,1,3,1,3,4,3,3,2,2,1,1,3,1,1,1,1,1,1,1,2,3,1,1,4,1,2,4,1,4,3,3,2,1,4,4,1,1,1,3,2,4,0,0,3,3,1,1,4,4,3,4,2,1,2,2,2,4,2,1,4,4,3,3,0,0,2,2,1,1,1,1,1,1,4,4,4,4,3,3,3,3,4,4,2,1,3,3,3,1,3,3,3,3,1,1,1,1,1,1,1,1,1,1,1,2,1,1,1,1,1,2,1,2,1,2,1,2,1,1,1,2,1,1,1,2,2,1,1,2,1,1,1,1,1,1,2,2,1,1,1,1,1,1,1,1,1,1,2,2,1,1,2,2,1,1,2,2,2,1,2,2,2,2,1,1,2,2,3,3,5,5,3,3,1,2,2,3,2,2,1,2,3,4,2,5,1,1,2,3,3,3,3,3,1,5,2,5,2,2,2,3,2,2,1,1,1,1,1,1,1,1,2,2,2,2,1,3,2,2,2,3,3,3,4,4,1,1,5,5,1,1,1,3,2,2,2,3,3,3,5,5,4,5,2,2,3,3,7,7,3,3,3,3,1,2,1,6,3,3,1,3,2,3,3,3,2,2,4,4,2,2,2,2,3,3,4,4,1,5,3,3,1,3,2,3,1,3,2,4,2,4,1,2,1,2,1,3,4,4,1,2,1,3,1,1,3,3,3,3,1,1,4,4,1,1,3,3,3,3,1,3,1,1,1,1,2,3,1,1,1,1,1,3,2,2,2,2,2,2,2,3,2,2,1,1,2,2,4,4,4,4,3,4,2,2,3,3,4,4,2,2,2,2,4,5,3,3,3,3,3,3,4,4,3,3,2,2,3,3,1,1,2,2,2,2,1,1,2,4,2,2,4,4,3,3,5,5,4,4,1,1,4,4,3,4,2,3,1,1,2,2
"M145522",4,4,7,6,3,1,4,4,2,2,2,2,1,3,2,1,2,3,1,4,2,2,4,4,1,4,1,1,1,1,1,1,1,1,1,1,3,3,2,2,1,1,2,2,4,4,1,1,1,1,4,4,1,1,3,3,4,4,3,3,2,4,4,4,3,3,2,1,2,2,2,2,1,1,4,2,3,3,1,1,4,1,1,1,3,3,1,1,1,1,3,3,4,4,3,3,3,3,3,1,1,1,4,4,3,1,2,2,4,1,3,1,1,1,4,1,1,3,3,3,1,1,4,1,4,4,4,4,3,1,1,1,4,4,1,1,1,1,2,4,2,1,3,3,3,1,4,4,4,4,2,1,2,2,4,4,2,2,4,2,1,3,1,1,2,3,1,3,1,3,1,1,4,1,2,4,1,1,2,3,4,4,2,2,3,3,3,3,1,3,3,3,1,1,1,1,1,1,1,1,1,1,1,1,1,1,1,1,2,2,2,2,2,2,2,2,1,1,2,2,1,1,2,2,2,2,2,2,1,1,1,1,1,1,2,2,1,1,1,1,1,1,1,1,1,1,2,2,1,1,2,2,1,1,3,2,1,1,2,2,2,2,3,4,2,2,3,3,4,5,3,3,2,2,3,3,7,7,1,1,3,3,2,5,1,2,3,3,3,3,1,3,1,1,2,5,2,3,1,1,2,2,1,1,1,1,1,2,1,1,2,2,2,2,1,1,2,2,3,3,3,3,4,4,1,3,5,5,1,1,1,1,2,3,2,3,1,3,5,5,4,4,3,3,2,4,7,7,3,3,3,3,1,1,1,1,3,3,3,3,2,3,1,3,2,3,4,4,2,3,2,2,1,3,4,4,2,2,3,4,1,1,3,3,2,3,4,4,4,4,1,2,1,2,1,5,4,4,1,2,3,3,1,1,2,3,1,1,1,1,4,5,1,1,3,3,1,4,1,1,1,1,1,1,2,3,1,1,1,1,3,3,1,2,2,2,2,2,2,2,1,1,1,1,2,2,4,4,4,4,3,3,2,2,3,4,3,4,1,2,1,2,4,4,1,3,3,3,2,3,2,2,3,3,2,3,3,3,1,2,2,2,2,5,1,3,4,4,2,2,3,3,1,3,1,3,4,5,2,2,4,5,4,4,2,2,1,1,1,2
"M145523",3,3,6,6,3,1,4,4,2,1,2,2,1,3,1,1,2,2,1,1,2,2,4,4,1,1,1,3,1,1,1,1,2,1,1,1,3,4,4,2,1,1,2,4,1,1,1,1,1,1,4,4,4,4,1,1,3,3,3,4,2,4,3,3,1,3,1,1,2,2,2,2,1,1,4,2,3,3,3,1,4,4,3,3,3,3,4,1,1,1,3,3,2,4,1,3,1,3,1,1,3,1,3,3,1,1,2,2,4,4,3,1,1,1,1,1,3,3,3,3,3,1,4,1,4,4,1,4,3,3,1,1,4,4,2,1,1,3,4,4,2,2,3,3,1,1,4,4,3,4,2,2,1,1,2,2,2,1,2,2,1,1,1,4,2,2,1,3,1,1,1,1,4,1,4,4,3,3,2,2,2,2,2,1,3,3,3,3,3,3,3,3,1,2,1,2,1,2,1,2,1,2,1,1,1,1,1,1,2,2,2,2,1,2,1,2,1,1,1,2,1,1,2,2,2,1,1,2,1,1,1,1,1,1,1,2,1,1,1,1,1,1,1,2,1,2,1,2,2,1,1,2,1,1,1,2,1,1,1,2,1,2,3,3,2,2,3,3,5,5,1,3,1,1,2,3,1,7,2,2,3,3,2,5,1,1,3,3,3,3,1,3,5,5,3,3,2,3,2,3,2,2,2,2,1,1,2,4,2,2,2,2,2,2,1,1,2,2,2,3,2,2,2,4,1,1,2,5,1,2,1,1,2,3,2,2,3,3,4,6,4,4,2,3,3,4,6,7,2,2,3,3,1,1,3,6,3,3,3,3,2,3,1,3,2,2,4,4,2,2,2,2,1,1,4,4,2,2,3,4,3,3,3,3,2,3,4,5,4,6,1,2,1,1,3,3,2,3,1,1,1,4,3,3,3,3,3,3,1,1,4,4,1,2,3,3,3,4,1,1,1,2,1,1,1,2,2,3,1,1,1,3,1,2,2,5,2,2,2,4,1,1,3,3,2,2,2,4,4,4,1,3,2,2,5,5,1,1,2,2,1,1,4,6,3,3,2,3,2,3,3,4,3,3,2,2,1,3,1,3,2,2,2,2,1,1,4,4,1,2,2,3,2,3,3,5,3,4,1,3,3,4,2,2,2,4,1,1,2,2
"M145524",4,4,7,6,3,1,4,4,2,2,2,2,1,1,2,1,2,2,1,1,2,2,4,4,1,4,1,3,3,1,3,3,1,1,1,1,3,3,4,2,2,1,2,4,1,4,1,1,0,0,2,4,4,1,3,3,3,4,3,3,2,2,3,3,3,3,2,2,2,2,2,2,1,1,2,2,1,1,1,1,4,1,1,1,1,3,4,1,2,1,1,3,4,4,3,3,1,3,1,1,3,3,3,3,3,1,2,2,4,1,1,1,2,1,1,1,1,1,2,3,1,1,1,1,4,4,1,4,3,3,1,1,2,2,1,1,1,1,2,2,2,2,1,3,3,3,4,4,3,4,1,1,2,2,2,4,2,1,4,4,1,3,1,1,2,2,1,1,1,1,1,3,4,4,4,4,3,3,2,3,4,4,2,1,3,1,3,1,1,3,3,3,1,1,1,1,1,1,1,1,1,1,1,1,1,1,1,1,1,2,1,2,1,1,1,1,1,1,1,1,1,1,1,2,1,1,1,1,1,1,1,1,1,1,2,2,1,1,1,1,1,1,1,1,1,1,2,2,1,1,2,2,1,1,2,2,2,1,2,2,2,2,1,2,2,2,3,3,5,5,3,3,1,2,2,2,1,7,1,2,3,3,2,3,1,1,3,3,2,3,2,3,5,5,5,5,2,2,3,3,2,2,1,2,1,1,2,2,1,1,2,2,2,2,1,3,2,2,3,3,3,3,4,4,1,3,5,5,1,1,3,3,2,3,2,3,3,3,5,5,4,4,1,2,4,4,7,7,2,3,3,3,1,1,6,6,3,3,1,4,2,3,1,3,2,2,3,4,1,2,1,2,3,3,4,4,2,5,3,3,1,2,3,3,1,3,2,4,2,4,1,2,1,2,1,1,4,4,1,1,3,3,1,1,3,3,3,3,1,1,4,5,1,1,3,3,3,3,1,3,1,1,1,1,2,3,1,1,1,1,1,2,2,2,2,5,2,2,4,4,1,2,3,3,2,2,4,4,4,4,3,4,2,2,3,3,4,4,2,2,1,2,4,5,1,3,3,3,2,3,2,4,3,3,2,2,3,3,1,1,1,2,2,2,1,1,4,4,2,2,4,4,2,3,1,1,3,4,1,3,4,4,4,4,2,2,1,1,2,2
"M145525",3,4,7,6,3,3,4,4,2,2,2,2,1,3,2,2,2,2,1,4,2,2,4,4,4,4,1,3,1,1,3,1,1,1,3,1,3,3,4,2,1,1,2,2,4,4,4,1,3,3,2,2,4,1,3,1,3,3,3,3,2,4,3,4,3,3,2,2,2,2,2,2,1,1,2,2,1,3,3,1,1,1,1,3,3,3,4,4,1,1,1,3,4,4,1,3,1,3,1,1,3,1,3,4,1,1,2,2,4,4,3,1,2,1,1,1,1,1,2,2,1,1,4,1,2,4,1,4,3,1,2,2,2,2,1,1,1,1,2,2,2,2,3,3,3,1,4,4,3,4,1,1,2,2,2,4,1,1,4,4,1,3,1,1,2,2,1,3,1,1,1,3,4,4,4,4,3,3,3,3,4,4,2,1,3,3,1,1,3,3,3,3,1,1,1,1,1,1,1,1,1,1,1,1,2,2,1,1,1,2,1,1,1,1,1,1,1,1,1,1,1,1,1,2,1,1,1,1,1,1,1,1,1,1,2,2,1,1,1,1,1,1,1,1,1,1,2,2,1,1,2,2,0,0,2,2,1,1,2,2,2,2,1,2,2,2,3,3,3,5,3,3,1,2,2,3,2,2,1,2,3,3,2,5,1,1,1,3,1,3,1,3,1,5,5,5,2,3,3,3,2,2,1,1,1,1,1,1,1,2,2,5,2,2,1,1,2,2,3,3,2,3,4,4,1,1,3,5,1,1,1,3,2,3,2,3,2,3,5,5,5,5,1,2,3,4,7,7,2,3,3,3,1,1,1,6,3,3,3,3,3,3,1,3,1,1,3,4,2,3,2,2,3,3,4,4,2,5,3,4,2,3,3,3,3,3,4,7,2,4,1,1,1,2,1,1,4,4,2,2,3,3,1,1,3,3,3,3,1,1,4,5,1,1,3,3,1,1,1,3,1,1,1,1,2,3,1,1,1,1,3,3,2,2,2,3,2,2,2,4,1,2,3,3,2,2,4,4,4,4,3,3,3,3,3,3,4,4,1,2,1,1,4,4,1,3,3,3,3,4,2,4,3,3,2,3,3,3,1,2,2,2,2,2,1,1,2,4,1,1,1,4,3,3,1,4,3,4,1,2,4,4,4,4,2,2,1,1,1,2
"M145526",3,4,6,6,3,3,4,4,2,2,2,2,1,3,2,1,2,2,1,1,2,2,4,4,1,4,1,1,3,1,3,1,2,1,3,3,3,3,4,4,2,2,4,4,4,4,1,1,1,1,2,2,4,1,3,1,3,3,3,3,2,2,3,4,3,3,2,1,2,2,2,2,1,1,2,2,1,1,1,1,1,1,1,1,1,1,4,1,1,1,3,3,4,4,3,3,3,3,1,1,3,1,3,4,3,3,2,2,4,1,3,1,2,1,4,1,1,1,2,3,1,1,4,1,4,4,1,4,3,1,2,2,4,4,1,1,3,3,2,4,0,0,1,1,3,1,4,4,3,4,2,1,2,2,2,2,1,1,4,4,3,3,1,4,2,2,1,3,1,3,3,3,4,4,4,4,3,3,0,0,2,4,2,1,3,3,3,3,1,1,3,3,1,1,1,1,1,1,1,1,1,1,1,2,1,2,1,1,1,2,1,2,1,2,1,2,1,1,1,2,1,1,1,2,2,1,1,2,1,1,1,1,1,1,2,2,1,1,1,1,1,1,1,1,1,1,2,2,1,1,2,2,1,1,1,2,2,1,2,2,2,2,1,4,2,2,3,3,5,5,1,3,1,1,3,3,1,2,2,2,3,4,2,5,1,1,2,3,3,3,3,3,1,5,2,5,2,2,2,3,2,2,1,1,1,1,2,4,1,1,2,2,2,2,1,3,2,2,2,3,3,3,4,4,1,1,5,5,1,1,3,3,2,3,3,3,2,3,5,6,4,4,2,2,3,4,7,7,2,3,3,3,1,1,1,6,3,3,3,3,3,3,1,1,2,2,4,4,2,2,2,2,3,3,4,4,5,5,3,3,1,3,2,3,1,3,1,4,2,6,1,1,1,2,1,3,4,4,2,2,1,3,1,3,3,3,3,4,1,1,4,4,1,2,3,3,3,3,1,3,1,1,1,2,2,3,1,1,1,1,2,3,2,2,2,2,2,2,3,4,2,2,1,1,2,2,4,4,4,4,3,4,2,2,3,3,3,4,1,2,2,2,5,5,3,3,3,3,3,4,2,3,3,3,2,2,3,3,1,1,2,2,2,2,1,1,2,4,2,2,4,4,2,3,1,5,4,4,1,3,3,4,3,4,2,2,1,1,1,2
"M145527",4,4,6,6,3,1,4,4,2,1,2,3,1,3,2,2,2,2,1,4,2,2,4,4,1,1,1,1,1,1,3,1,2,1,3,3,3,3,4,2,1,1,2,4,1,4,1,1,1,1,4,4,4,1,3,1,3,4,3,3,0,0,3,4,1,3,2,2,2,1,2,1,1,1,2,2,1,3,3,3,1,1,1,1,3,3,4,1,1,1,3,3,2,4,3,3,3,3,1,1,3,1,3,4,0,0,2,2,4,1,3,1,2,2,1,1,3,3,3,3,1,1,4,4,2,4,1,4,3,3,2,2,4,4,1,1,1,3,4,4,1,1,1,1,1,1,4,4,3,4,2,1,2,2,2,4,2,2,4,4,3,3,1,4,2,2,1,1,1,1,3,3,4,4,2,4,3,3,2,3,4,4,2,2,3,3,3,3,1,3,3,3,1,2,1,2,1,2,1,2,1,2,1,2,1,1,1,1,2,2,1,2,1,1,1,1,1,1,1,1,1,1,1,2,1,1,1,1,1,1,1,1,1,1,2,2,1,1,1,1,1,1,1,1,1,1,2,2,1,1,2,2,1,1,2,2,2,2,2,2,2,2,2,4,2,2,3,3,4,4,3,3,1,2,2,2,2,5,1,2,3,5,3,5,1,2,3,3,3,3,3,3,1,5,5,5,2,3,3,3,2,2,1,1,1,1,1,2,1,1,2,2,2,2,1,3,2,2,2,2,1,3,4,4,1,3,5,6,1,1,1,4,1,3,2,2,3,3,4,6,4,5,2,3,2,4,7,7,3,3,3,3,1,1,1,1,3,3,3,3,2,2,1,1,2,2,3,4,2,3,2,2,3,3,4,4,2,5,3,4,1,3,2,3,1,3,4,4,4,6,1,1,1,2,1,1,4,4,2,2,3,3,1,1,2,3,1,4,1,1,4,5,1,2,3,3,3,4,1,1,1,2,1,2,2,2,1,1,1,1,3,3,2,2,2,3,2,2,2,4,1,1,1,1,2,2,2,4,4,4,3,4,2,2,3,4,4,4,1,2,2,2,4,4,3,3,3,3,2,3,3,4,2,3,2,2,3,3,1,1,2,2,2,2,1,3,2,4,1,2,1,4,2,2,6,6,2,4,2,2,3,4,2,4,2,2,1,1,2,2
"M145528",0,0,6,6,3,1,4,1,2,1,2,3,3,3,2,1,2,2,1,4,2,2,4,4,1,1,1,1,3,1,3,3,2,2,3,1,3,3,2,2,1,1,2,4,4,4,1,1,1,1,2,2,1,1,3,3,3,3,3,4,2,4,3,3,3,3,2,1,2,1,2,2,4,1,2,2,1,3,3,3,4,1,1,3,1,3,1,1,1,1,3,3,4,4,1,1,1,1,1,1,3,3,3,4,3,1,2,2,1,1,1,1,2,2,4,1,3,3,2,2,3,1,4,1,4,4,1,4,3,1,2,1,4,4,1,1,3,3,2,2,1,1,1,3,1,1,4,4,3,4,2,2,2,1,4,4,1,1,4,4,3,3,1,1,2,3,1,3,1,3,1,3,4,4,4,4,1,3,2,3,4,4,2,2,3,1,3,3,3,3,3,3,1,1,1,1,1,1,1,1,1,1,1,1,1,1,1,1,1,2,0,0,1,1,1,1,1,1,1,1,1,1,1,1,1,1,1,1,1,1,1,1,1,1,2,2,1,1,1,1,1,1,1,1,1,1,2,2,1,1,2,2,1,1,1,3,1,1,2,2,2,2,1,4,2,2,3,3,4,5,3,3,2,2,2,2,7,7,2,2,3,3,2,5,1,1,3,3,1,3,1,3,1,5,5,5,1,3,3,3,2,2,1,2,1,1,2,2,2,2,2,5,2,2,1,1,2,2,2,3,2,2,4,4,1,1,5,5,1,1,1,3,2,3,2,3,3,3,5,6,1,4,1,3,4,4,3,7,3,3,3,3,1,1,1,1,3,3,3,3,3,3,3,3,1,2,4,4,2,2,1,2,1,3,4,4,2,5,3,3,1,3,2,3,1,3,1,4,2,6,1,1,1,1,1,1,4,4,1,2,3,3,1,1,3,3,3,3,1,1,4,4,1,1,3,3,4,4,1,1,1,1,2,2,2,2,1,1,1,2,1,3,2,2,2,2,2,2,2,2,1,1,1,1,2,2,4,4,4,4,3,3,2,2,3,4,3,6,2,2,2,2,4,4,1,3,3,3,3,3,3,4,3,3,2,2,3,3,2,2,1,2,2,2,1,1,2,4,1,2,3,4,1,1,5,5,5,5,2,2,3,6,3,4,2,3,1,1,2,2
"M145529",3,4,6,6,3,1,4,4,2,1,2,2,1,3,2,1,2,3,1,1,2,2,4,4,4,4,1,1,3,1,3,1,2,2,3,3,3,4,4,2,1,1,2,4,4,4,1,1,1,1,4,4,4,4,1,1,3,3,3,4,0,0,4,4,1,1,1,1,2,2,2,2,4,1,2,2,1,3,1,1,4,1,1,1,3,3,4,1,1,1,3,3,2,2,1,3,1,3,1,1,3,1,3,3,3,3,2,2,4,1,1,1,2,2,4,1,1,1,2,3,1,1,1,1,2,4,1,4,3,3,1,1,2,4,1,1,3,3,2,4,1,1,3,3,1,1,4,4,4,4,2,1,2,2,2,4,1,1,4,4,1,3,1,1,2,3,1,1,1,3,1,3,4,4,4,4,1,3,3,3,4,4,2,1,3,3,3,1,1,3,3,3,2,2,2,2,2,2,2,2,2,2,1,2,1,1,1,1,2,2,2,2,1,2,2,2,1,1,1,2,1,1,1,2,2,1,1,2,1,1,1,1,1,1,2,2,1,1,1,1,1,1,1,1,1,1,2,2,1,1,2,2,1,1,1,2,2,1,2,2,2,2,1,4,2,2,3,3,5,5,3,3,1,2,2,2,1,2,2,2,3,3,5,5,1,1,3,3,3,3,2,3,4,5,5,5,2,2,3,3,2,2,1,2,1,3,2,2,1,2,2,2,2,2,1,1,2,2,2,3,2,3,4,4,1,1,5,5,1,1,3,3,2,2,4,6,3,3,3,5,3,4,1,3,3,4,1,1,3,3,3,3,1,1,1,1,3,3,3,3,2,3,1,3,1,3,2,3,1,2,1,2,1,3,2,3,2,5,3,3,3,3,3,3,3,3,3,4,2,6,1,1,1,1,1,1,4,4,1,2,3,3,1,1,3,3,3,3,1,1,1,5,1,1,3,5,3,4,1,1,2,2,1,2,2,2,1,1,1,1,1,2,1,1,2,2,2,2,2,3,1,1,1,1,2,2,2,2,4,5,3,4,2,2,4,4,4,6,2,2,2,2,4,5,1,3,2,2,3,3,2,3,3,3,2,2,1,1,1,1,2,2,2,2,1,3,4,4,1,1,1,4,1,3,3,3,3,5,1,3,4,4,0,0,2,3,1,1,2,2
"M145530",4,4,7,6,3,1,4,1,2,2,2,2,1,1,2,1,0,0,1,4,2,2,4,4,1,1,1,1,3,1,1,1,2,1,3,3,3,3,4,4,1,1,2,2,4,4,1,1,3,1,4,4,4,4,3,1,3,4,3,3,2,4,4,4,1,1,2,1,2,2,2,2,4,1,2,2,1,3,1,1,4,1,1,3,1,3,1,1,1,1,1,3,2,2,3,3,3,3,3,1,3,3,3,3,3,1,2,2,4,4,3,1,1,1,4,4,1,3,2,3,1,1,4,4,2,4,1,4,3,3,2,1,4,4,1,1,3,3,2,4,2,2,1,3,3,1,4,4,3,4,2,1,2,2,2,4,1,1,4,4,3,3,1,1,2,3,1,1,3,3,3,3,4,4,4,4,1,3,2,3,4,4,2,1,3,3,3,3,1,1,3,3,2,2,2,2,2,2,2,2,2,2,1,2,1,1,1,1,1,2,1,2,2,2,2,2,1,1,2,2,1,1,2,2,2,2,2,2,1,1,1,1,1,1,2,2,1,1,1,1,1,1,1,1,1,2,1,2,2,1,1,2,1,1,1,2,2,1,2,2,1,2,2,4,2,2,3,4,5,5,3,3,1,2,3,3,2,7,1,2,3,5,2,5,1,1,3,3,2,2,1,3,5,5,3,5,2,2,2,3,2,2,1,2,1,3,2,2,1,2,2,2,1,2,1,1,2,2,2,3,3,4,4,4,1,1,2,5,1,1,3,4,3,3,2,3,1,3,5,6,1,4,2,3,4,4,1,1,3,3,2,3,2,2,1,1,3,3,3,3,2,2,3,4,2,2,2,4,2,2,2,2,1,1,3,4,2,4,3,4,1,3,3,3,1,3,2,4,4,6,1,2,1,2,1,3,3,4,2,2,2,3,1,1,3,3,1,3,1,1,1,4,1,1,3,3,1,3,1,1,2,2,1,1,2,2,1,2,1,1,3,4,2,2,1,2,2,2,2,3,1,1,3,3,2,2,2,2,4,4,3,3,2,2,3,3,4,4,2,2,1,2,4,4,1,3,3,3,3,3,2,2,1,3,2,3,1,1,1,3,2,2,2,2,1,2,4,4,1,1,1,3,3,3,3,4,3,4,1,2,3,4,3,4,2,2,1,1,2,2
"M145531",3,3,7,6,3,3,4,1,2,1,2,3,1,3,2,2,3,3,1,1,1,1,4,4,1,1,1,1,3,1,3,1,1,1,3,1,3,3,4,4,1,1,2,4,4,4,4,1,1,1,2,4,4,4,3,1,4,4,3,4,2,2,3,4,3,3,2,2,2,2,2,2,1,1,2,2,1,3,3,1,1,1,1,3,1,3,4,4,1,1,3,3,4,4,1,3,3,3,1,1,3,1,3,3,3,3,2,2,1,1,1,1,1,1,1,1,1,3,3,3,3,1,1,1,2,2,4,4,1,1,2,2,2,4,1,1,1,3,4,4,1,1,1,3,1,1,4,4,4,4,2,1,2,1,2,4,1,1,4,2,1,3,1,1,2,2,1,1,1,1,3,3,4,4,4,4,1,3,3,3,4,4,2,2,3,3,3,3,1,3,3,3,1,1,1,1,1,1,1,1,1,1,1,1,1,1,1,1,1,2,1,2,2,2,2,2,1,1,2,2,1,1,2,2,2,2,2,2,1,1,1,1,1,1,2,2,1,1,1,1,1,1,1,1,1,1,2,2,1,1,2,2,1,1,1,4,1,1,2,2,2,2,1,4,2,2,3,4,5,5,1,3,1,2,2,2,5,7,1,2,3,3,5,5,1,2,1,3,3,3,1,3,1,5,5,5,3,3,3,3,2,2,1,2,1,3,1,1,1,1,2,2,2,2,1,1,2,2,2,3,2,4,4,4,1,1,5,5,1,1,1,3,3,3,2,3,1,2,5,6,3,4,1,1,4,4,3,7,2,3,3,3,1,2,1,1,3,3,3,3,3,3,1,1,3,3,2,4,2,2,1,2,3,3,4,4,2,5,1,4,1,3,3,3,3,3,2,4,4,4,1,2,1,1,1,3,4,4,2,2,3,3,1,1,2,3,1,3,1,1,4,5,1,1,2,3,3,3,1,1,1,1,1,2,2,2,1,1,1,2,3,3,1,2,2,2,2,2,3,3,1,1,1,1,2,2,4,4,4,5,3,3,2,3,4,4,4,4,2,2,2,2,4,5,1,3,2,3,3,3,2,3,1,3,2,2,3,3,1,2,2,2,2,2,1,3,2,2,1,2,3,4,3,3,1,5,4,5,3,3,4,6,3,3,2,2,1,1,1,2
"M145532",4,4,6,6,3,3,4,4,2,2,2,2,1,1,2,1,2,2,1,1,2,2,4,4,1,1,1,3,1,1,3,1,2,2,3,1,3,4,4,2,2,2,2,4,4,4,1,1,1,1,2,2,4,1,3,1,3,3,3,3,2,4,3,4,1,3,2,2,2,2,2,2,1,1,2,2,3,3,3,1,1,1,1,1,1,3,4,1,1,1,1,3,2,4,1,1,1,3,3,1,3,1,3,3,3,3,2,2,1,1,3,1,2,1,4,1,1,1,2,2,1,1,1,1,2,4,1,1,3,1,2,1,4,4,1,1,3,3,2,4,1,1,3,3,3,1,4,2,4,4,1,1,2,2,4,4,1,1,4,2,1,3,1,4,2,3,1,3,1,1,1,3,4,1,4,4,3,3,3,3,4,4,2,1,3,1,3,3,1,3,3,3,1,2,1,2,1,2,1,2,1,2,2,2,1,1,1,1,1,2,2,2,2,2,2,2,1,1,2,2,1,1,2,2,2,2,2,2,1,1,1,1,1,1,2,2,1,1,1,1,1,1,1,1,1,1,2,2,1,1,2,2,1,1,4,3,2,1,2,2,2,2,2,2,2,2,3,3,5,5,1,3,2,2,2,3,2,5,1,2,3,3,2,2,1,2,3,3,2,3,2,3,1,5,5,5,2,3,3,3,2,2,1,2,1,3,4,4,2,2,2,3,2,2,1,3,2,2,2,2,2,3,2,4,1,1,5,5,1,1,3,4,3,3,2,3,3,3,5,6,4,5,1,3,4,4,1,7,2,3,3,3,1,2,1,7,1,3,3,3,2,2,3,3,2,2,4,4,2,3,1,2,1,3,4,4,2,4,4,4,1,3,3,3,3,3,4,4,6,6,1,1,1,1,1,3,3,4,1,2,3,3,1,1,2,3,3,3,1,1,4,4,1,1,2,3,3,3,1,1,1,2,1,1,2,2,1,1,1,1,2,3,2,2,2,2,2,2,2,3,1,3,1,1,2,2,2,4,4,4,3,3,2,2,4,4,3,3,2,2,2,2,4,5,2,3,2,3,3,3,2,2,3,3,2,2,1,3,1,2,1,2,2,2,1,1,4,4,1,2,3,4,1,3,1,3,3,4,1,3,4,4,2,2,2,2,1,1,2,2
"M145533",4,4,6,6,1,1,4,4,1,1,2,2,1,1,1,1,2,3,1,1,2,2,4,4,1,4,1,1,1,1,3,1,2,1,3,3,3,4,4,2,1,1,2,2,4,4,4,1,1,1,2,4,4,4,3,1,3,3,3,4,0,0,3,4,1,3,1,1,2,1,2,2,4,1,2,2,1,1,3,3,1,1,1,3,1,3,4,1,1,1,1,3,2,4,3,3,1,3,1,1,3,1,3,4,3,3,2,2,4,4,3,1,2,1,4,1,1,1,2,3,1,1,4,1,2,4,4,4,3,3,2,1,4,4,1,1,1,3,2,4,2,1,1,3,3,3,4,4,4,4,1,1,2,1,2,4,1,1,4,4,1,3,1,4,2,3,1,1,3,3,3,3,4,4,4,4,1,3,2,3,2,4,2,2,1,1,3,3,1,1,3,3,1,2,1,2,1,2,1,2,1,2,1,1,1,2,1,1,2,2,1,2,1,1,1,1,1,1,1,1,1,1,1,1,1,1,1,1,1,1,1,1,1,1,1,2,1,1,1,1,1,1,1,2,1,2,1,2,2,1,1,2,1,1,1,2,1,1,1,2,1,2,3,4,2,2,3,4,5,5,1,3,1,2,2,2,1,2,1,2,3,5,3,5,1,1,3,3,3,3,3,3,1,4,5,5,2,3,3,3,2,2,1,1,1,1,1,2,1,1,2,2,2,2,1,3,2,2,2,3,3,3,2,4,1,3,5,5,1,1,3,4,2,3,2,6,2,3,3,5,4,4,1,3,3,4,1,7,3,3,3,3,1,1,1,2,3,3,3,3,2,2,1,3,3,3,3,3,2,2,2,2,3,3,3,4,2,5,3,4,1,1,3,3,3,3,4,4,1,6,1,1,1,1,1,1,4,4,1,2,3,4,1,1,3,3,1,3,1,1,4,5,1,1,3,4,3,4,1,1,1,2,1,1,2,2,2,2,1,1,2,2,1,2,2,2,2,2,3,3,1,1,1,3,2,3,2,4,4,4,3,3,2,2,4,4,3,4,2,2,2,2,4,5,1,3,2,3,3,3,2,2,3,3,2,2,1,3,1,2,1,2,2,5,1,1,2,4,1,2,3,3,1,3,5,5,2,5,1,1,4,4,3,3,2,3,1,1,2,2
"M145534",4,4,6,6,3,1,1,1,2,1,2,2,1,3,2,1,0,0,1,4,2,2,4,4,1,1,1,1,1,1,1,1,1,1,3,1,3,3,2,2,1,1,2,2,4,4,1,1,3,3,2,2,4,4,3,1,4,4,4,4,0,0,4,4,3,3,2,1,2,2,2,2,4,1,2,2,1,1,3,1,4,4,1,3,3,3,4,4,2,1,3,3,4,4,1,3,1,3,1,1,3,3,4,4,3,3,2,2,4,4,3,1,1,1,4,1,3,3,2,3,1,1,4,4,4,4,1,4,3,3,1,1,4,4,1,1,3,3,2,4,2,1,3,3,1,1,4,4,4,4,2,1,2,2,4,4,1,1,4,4,3,3,1,1,2,2,1,3,1,3,1,1,4,4,4,4,1,3,2,3,4,4,2,2,3,1,3,1,1,3,1,3,1,1,1,1,1,1,1,1,1,1,1,1,1,1,1,1,1,2,1,1,1,2,1,2,1,1,2,2,1,1,1,2,2,1,1,2,1,1,1,1,1,1,2,2,1,1,1,1,1,1,1,1,1,1,2,2,1,1,2,2,1,1,2,2,2,2,2,2,2,2,3,4,2,2,3,3,5,5,3,3,2,2,2,2,2,5,2,2,3,3,1,2,1,2,3,3,3,3,2,3,1,1,2,5,1,2,3,3,2,2,1,1,1,1,1,2,1,2,2,2,2,2,1,3,2,2,3,3,2,3,3,4,1,1,5,5,1,2,1,3,3,3,2,2,3,3,5,6,4,4,1,3,4,4,7,7,3,3,3,3,1,1,1,2,3,3,3,3,0,0,3,3,2,3,4,4,2,3,2,2,3,3,4,4,2,2,3,4,1,1,3,3,3,3,4,5,2,4,1,1,1,1,1,5,4,4,1,1,1,3,1,3,2,3,3,3,1,1,4,5,1,2,3,3,3,3,1,1,1,1,1,2,2,2,1,1,1,1,1,3,2,2,1,5,2,2,2,3,1,3,1,3,2,2,4,4,4,4,3,4,2,3,3,3,3,4,1,2,2,2,4,4,3,3,3,3,2,3,2,2,3,3,2,2,3,3,1,1,1,2,2,2,1,1,3,4,1,1,1,1,1,1,3,5,4,4,1,2,3,4,3,4,2,4,1,1,2,2
"M145535",3,3,7,6,3,1,4,4,2,2,2,2,1,1,2,1,3,3,1,1,2,2,4,4,1,1,1,1,1,1,1,1,2,1,3,3,3,3,0,0,2,1,4,4,4,4,1,1,3,1,2,4,4,1,3,1,3,4,3,4,2,4,4,4,1,3,2,1,2,2,2,2,1,1,2,2,3,3,3,3,1,1,1,1,3,3,4,1,1,1,3,3,2,4,1,1,3,3,1,1,3,1,3,3,3,1,2,2,4,1,1,1,2,1,1,1,1,3,3,3,1,1,4,1,2,2,1,1,3,3,2,2,2,4,1,1,1,3,4,4,1,1,3,3,1,1,4,4,3,4,2,2,2,2,4,4,1,1,4,4,1,3,1,1,2,2,1,3,1,1,1,1,4,4,4,4,1,3,3,3,0,0,2,2,3,3,1,1,1,3,3,3,1,2,1,2,1,2,2,2,1,2,1,2,1,1,1,1,2,2,1,2,1,2,1,2,1,1,1,2,1,1,1,2,2,1,1,2,1,1,1,1,1,1,2,2,1,1,1,1,1,1,1,1,1,1,2,2,1,1,2,2,1,1,1,2,2,1,2,2,2,2,1,1,2,2,3,3,5,5,1,3,2,2,2,2,2,2,1,2,3,3,2,5,1,1,1,3,3,3,2,2,1,5,5,5,3,3,3,3,2,2,2,2,1,3,1,4,1,1,2,2,2,2,1,1,2,2,2,3,2,3,4,4,1,1,5,5,1,1,3,3,2,2,2,4,2,3,5,5,4,4,1,1,3,4,1,7,2,4,3,3,2,2,1,4,3,3,3,3,3,3,1,1,1,2,3,4,1,2,1,2,1,3,2,4,2,2,3,4,1,3,3,3,1,3,5,7,4,6,1,1,1,2,1,5,4,4,1,2,3,3,1,3,3,3,1,3,1,1,5,5,1,1,2,3,1,4,1,1,1,2,1,1,2,2,1,1,1,2,3,3,1,2,2,2,2,2,3,3,1,1,1,1,2,2,2,4,4,4,3,4,2,2,3,4,4,4,1,2,2,2,4,4,1,3,3,3,3,3,3,3,3,3,2,2,1,3,1,2,2,2,2,5,1,1,2,4,1,1,1,3,1,3,3,4,4,5,1,3,3,4,2,2,2,2,1,1,1,2
"M145536",4,4,7,6,3,1,4,4,2,2,2,2,1,1,2,2,2,3,1,1,2,2,4,4,1,4,1,1,1,1,1,1,2,1,1,1,3,3,2,2,1,1,2,4,4,4,4,1,3,3,4,4,4,1,3,3,4,4,3,3,4,4,4,4,3,3,2,1,2,2,2,1,1,1,2,2,3,3,1,1,1,1,1,1,3,3,4,1,1,1,3,3,4,4,1,3,3,3,3,3,3,1,0,0,3,1,2,2,4,1,1,1,1,1,4,1,1,3,2,3,1,1,4,1,4,4,4,4,3,1,1,1,4,4,1,1,1,1,2,4,2,1,1,1,3,3,4,4,3,4,1,1,2,2,4,4,2,1,4,2,1,3,1,1,2,2,1,3,1,1,1,1,4,4,2,4,1,3,2,3,4,4,2,2,3,3,3,1,1,1,3,3,1,1,1,1,1,1,1,1,1,1,1,1,1,2,1,1,2,2,1,2,1,2,1,2,1,1,1,2,1,1,1,2,2,1,1,2,1,1,1,1,1,1,2,2,1,1,1,1,1,1,1,1,1,1,2,2,1,1,2,2,1,1,3,2,1,1,2,2,2,2,1,4,2,2,3,3,2,4,3,3,2,2,3,3,2,7,1,1,3,3,2,5,1,2,3,3,1,3,1,2,1,5,2,3,2,3,1,3,2,2,1,1,1,3,1,2,1,2,2,5,2,2,1,3,2,2,2,3,3,4,4,4,3,3,5,6,1,2,1,4,2,2,2,3,1,3,5,5,4,5,3,3,2,4,7,7,3,3,3,3,1,1,1,1,3,3,3,3,3,3,1,3,2,3,3,4,2,2,2,2,1,3,4,4,2,2,3,4,1,3,3,3,3,3,4,5,4,4,1,1,2,2,1,5,3,4,1,2,3,3,1,1,2,3,1,1,1,1,4,5,1,1,3,3,1,4,1,1,1,1,1,1,2,3,1,1,1,1,3,3,1,2,2,2,2,2,2,3,1,1,1,1,2,2,4,4,4,4,3,3,2,2,3,4,3,4,1,2,1,2,4,4,1,3,1,2,2,3,2,2,3,3,2,3,3,3,1,2,1,2,2,2,1,3,4,4,1,2,1,1,1,2,1,3,4,5,2,2,4,5,2,4,2,2,1,1,1,2
"M145537",3,4,7,6,3,3,1,1,2,1,2,2,1,1,2,2,0,0,1,4,2,1,4,4,1,4,1,1,1,1,3,1,2,1,3,1,3,3,4,4,1,1,0,0,1,1,1,1,1,1,2,4,4,1,1,1,4,4,3,3,4,4,3,4,1,3,2,2,2,1,0,0,4,1,2,2,1,3,3,3,4,4,1,1,3,3,0,0,1,1,0,0,2,4,3,3,1,3,3,1,3,1,3,4,3,1,2,2,4,1,3,3,2,1,1,1,0,0,2,3,1,1,4,4,2,4,1,4,1,1,2,2,4,4,1,1,1,1,2,2,1,1,1,3,3,1,4,4,3,3,1,1,2,2,4,4,2,1,4,2,3,3,1,4,2,3,1,1,1,3,3,3,4,1,2,4,3,3,2,3,4,4,2,1,3,1,3,3,1,3,3,3,1,2,1,2,1,2,1,2,1,2,1,2,1,2,1,1,1,2,1,1,1,1,1,1,1,1,1,1,1,1,1,1,1,1,1,1,1,1,1,1,1,1,2,2,1,1,1,1,1,1,1,1,1,2,1,2,1,3,3,2,1,1,4,3,2,1,2,2,2,2,2,2,2,2,3,3,4,5,1,1,2,2,1,2,1,2,2,2,3,3,3,5,1,2,3,3,2,3,1,1,1,5,5,5,2,3,3,3,2,2,1,2,1,1,1,1,1,1,2,5,2,2,1,2,2,2,2,3,2,3,2,4,1,1,5,5,1,2,1,1,1,2,3,3,2,3,5,6,4,5,1,3,2,4,7,7,3,3,3,3,1,1,2,2,3,3,3,3,2,2,1,3,2,3,3,4,2,2,1,2,3,3,3,4,2,2,4,4,3,3,3,3,1,3,4,7,4,6,1,1,2,2,1,5,3,4,1,2,3,3,1,1,2,3,3,3,1,1,3,5,1,2,3,3,1,3,1,3,1,2,2,2,1,2,1,1,1,1,1,3,2,2,2,3,2,2,2,2,1,1,1,1,2,2,2,4,4,4,3,3,2,2,3,3,4,4,1,2,2,2,4,4,3,3,3,3,2,3,3,3,3,3,2,3,3,3,1,2,2,2,2,2,1,3,2,4,1,1,1,4,2,3,5,6,3,4,1,2,4,4,2,4,2,2,1,1,2,2
"M145538",4,4,6,6,3,1,4,4,2,2,2,2,1,3,2,1,2,3,1,1,2,2,4,4,1,4,1,1,1,1,3,3,2,2,3,3,3,3,4,2,2,1,2,4,1,4,1,1,1,1,4,4,4,4,3,3,3,4,3,3,2,2,3,4,3,3,2,1,2,2,2,2,4,1,2,2,1,1,1,1,4,1,1,1,1,3,4,1,2,1,1,3,4,4,3,3,3,3,1,1,3,3,3,4,3,1,2,2,1,1,3,1,1,1,4,1,1,1,2,3,1,1,4,1,4,4,4,4,3,1,1,1,2,2,1,1,3,3,2,2,2,2,1,3,3,3,4,2,3,4,1,1,2,2,2,4,2,1,4,4,1,3,1,1,2,2,1,3,1,3,1,3,4,4,4,4,3,3,2,2,4,4,2,1,3,1,3,3,1,1,1,1,1,1,1,1,1,1,1,1,1,1,1,1,1,2,1,1,1,2,1,1,1,1,1,1,1,1,1,1,1,1,1,2,1,1,1,1,1,1,1,1,1,1,2,2,1,1,1,1,1,1,1,1,1,1,2,2,1,1,2,2,1,1,2,2,2,1,2,2,2,2,1,1,2,2,3,3,5,5,3,3,1,2,2,3,1,2,1,2,3,3,2,3,1,1,3,3,2,3,3,3,5,5,5,5,2,3,3,3,2,2,1,2,1,1,2,4,1,2,2,2,2,2,3,3,2,2,3,3,3,3,4,4,1,3,5,5,1,1,3,3,2,2,2,3,3,3,5,5,4,4,2,3,4,4,7,7,3,3,3,3,1,1,5,6,3,3,3,3,2,3,3,4,2,2,3,4,2,3,1,2,3,3,4,4,1,2,3,3,1,2,3,3,1,3,4,4,1,2,1,1,1,1,1,1,4,4,1,2,1,3,1,1,3,3,3,3,1,1,4,5,1,1,3,3,3,3,3,3,1,1,1,1,1,3,1,1,1,2,2,3,2,2,2,2,2,2,2,4,1,1,3,3,2,2,4,4,4,4,4,4,2,2,3,3,3,4,1,2,1,2,4,5,1,3,3,3,2,3,2,2,3,3,2,3,3,3,1,1,1,2,2,2,1,1,4,4,2,2,1,4,2,3,1,3,3,4,1,3,4,4,4,4,2,2,1,1,1,2
"M145539",4,4,7,6,3,1,4,1,2,2,2,2,1,1,2,1,2,3,1,1,2,2,4,4,1,4,1,1,3,1,3,1,1,1,1,1,3,3,2,2,1,1,2,2,1,4,4,1,3,1,4,4,4,1,3,3,4,4,3,3,0,0,4,4,3,3,2,2,2,2,2,1,4,1,2,2,3,3,1,1,4,1,1,1,1,3,1,1,1,1,3,3,4,4,1,3,3,3,3,1,3,3,4,4,3,3,2,2,4,1,1,1,1,1,4,4,1,3,3,3,1,1,4,4,2,4,4,4,3,1,2,1,4,4,1,1,1,3,2,2,2,1,1,3,3,3,4,4,3,4,2,1,2,2,4,4,2,1,4,2,1,3,1,1,2,2,1,1,1,1,1,3,4,1,2,4,3,3,3,3,4,4,2,2,3,3,3,3,1,3,3,3,1,1,1,1,1,1,1,1,1,1,1,1,1,2,1,1,2,2,1,1,1,1,1,1,1,1,1,1,1,1,1,1,1,1,1,1,1,1,1,1,1,1,2,2,1,1,1,1,1,1,1,1,1,1,2,2,1,1,2,2,1,1,1,3,2,2,2,2,2,2,4,4,2,2,3,3,2,4,3,3,2,2,2,3,1,7,1,1,3,3,2,5,1,1,3,3,3,3,2,3,1,5,2,3,2,3,1,1,2,2,1,1,1,1,1,2,1,2,2,5,2,2,1,3,2,2,2,3,4,4,4,4,3,3,5,5,1,1,1,4,2,3,2,2,3,3,5,6,4,4,3,3,2,4,7,7,3,3,3,3,1,1,1,6,3,3,3,3,2,2,1,1,2,2,3,4,2,3,2,2,1,3,4,4,2,2,3,3,1,3,3,3,2,3,4,5,4,4,1,1,1,2,1,5,4,4,1,2,1,3,1,1,2,3,1,1,1,1,4,4,1,1,3,3,3,4,1,1,1,1,1,1,2,2,1,2,1,1,3,3,1,2,2,2,2,2,2,3,1,1,1,1,2,2,4,4,4,4,3,3,2,2,3,4,3,4,2,2,1,2,4,4,1,3,1,2,2,3,2,2,3,3,2,3,3,3,1,2,1,2,2,5,1,3,4,4,1,2,1,3,2,3,1,3,3,4,2,2,4,5,2,3,2,2,1,1,1,2
"M145540",4,4,7,6,3,1,4,4,2,2,2,2,1,1,2,1,2,2,1,1,2,2,4,4,1,4,1,1,3,3,1,1,1,1,3,3,3,3,4,4,2,1,2,4,1,4,1,1,3,1,2,2,4,4,3,3,3,3,3,4,2,2,3,4,3,3,2,1,2,1,2,2,1,1,2,2,1,1,3,1,1,1,1,1,1,3,4,1,1,1,3,3,4,4,3,3,3,3,1,1,3,1,3,4,3,3,2,2,4,4,3,3,1,1,4,1,1,3,2,3,1,1,4,4,2,4,1,4,3,1,2,1,2,4,1,1,3,3,2,4,0,0,1,3,3,1,4,4,3,4,2,1,2,2,4,4,1,1,4,4,3,3,1,4,2,2,1,3,1,1,1,3,4,4,4,4,3,3,0,0,4,4,2,1,3,3,3,3,1,3,1,1,1,1,1,1,1,1,1,1,1,1,1,2,1,2,1,1,1,2,1,2,1,2,1,2,1,1,1,2,1,1,2,2,2,1,1,2,1,1,1,1,1,1,2,2,1,1,1,1,1,1,1,1,1,1,2,2,1,1,2,2,1,1,1,3,2,1,2,2,2,2,1,1,2,2,3,3,5,5,2,3,2,2,2,2,2,2,1,2,3,4,2,5,1,1,2,3,3,3,2,3,1,5,2,5,2,2,2,3,2,2,1,1,1,1,1,1,1,2,2,2,2,2,1,1,2,2,2,3,2,3,4,4,1,1,5,5,1,1,1,3,2,3,3,3,3,3,5,6,4,5,2,2,3,3,7,7,2,3,3,3,1,2,1,6,3,3,3,3,2,3,1,1,2,2,3,4,2,2,1,2,3,3,4,4,5,5,3,3,1,2,3,3,1,3,2,4,2,4,1,2,2,2,1,3,4,4,2,2,1,3,1,3,3,3,3,3,1,1,4,4,1,1,3,3,1,3,1,3,1,1,1,1,2,3,1,1,1,1,1,3,2,2,2,2,2,2,2,2,1,2,1,3,2,2,4,4,4,4,3,3,2,2,3,3,4,4,2,2,1,2,5,5,1,3,3,3,3,4,4,4,3,3,2,2,3,3,1,1,2,2,2,2,1,1,2,4,2,2,4,4,3,3,5,5,2,4,2,3,4,4,3,4,2,3,1,1,1,2
"M145541",4,4,6,6,3,3,4,1,2,2,2,2,1,1,2,1,2,2,1,1,2,2,4,4,1,4,1,1,1,1,1,1,1,1,3,1,3,3,2,2,1,1,2,4,1,4,1,1,1,1,2,4,1,1,3,1,4,4,3,3,0,0,0,0,3,3,2,1,2,2,2,1,1,1,2,2,3,3,1,1,4,1,1,1,3,3,1,1,1,1,1,3,4,4,1,1,3,3,0,0,3,1,4,4,3,3,2,2,4,1,1,1,1,1,4,4,1,3,2,3,1,1,4,4,4,4,4,4,3,1,1,1,4,4,1,1,1,1,2,2,2,1,1,3,3,3,4,4,4,4,1,1,2,2,4,4,1,1,4,4,1,3,1,1,2,3,1,3,1,1,1,3,4,4,2,4,1,3,3,3,4,4,2,1,3,1,3,1,1,1,3,3,1,1,1,1,1,1,1,1,1,1,1,1,2,2,1,1,2,2,2,2,2,2,2,2,1,1,2,2,1,1,2,2,2,2,2,2,1,1,1,1,1,1,2,2,1,1,1,1,1,1,1,1,1,1,2,2,1,1,2,2,1,1,3,2,1,1,2,2,2,2,1,3,2,2,3,3,4,5,3,3,2,2,3,3,7,7,1,1,3,3,2,5,1,2,3,3,3,3,1,3,1,5,2,3,2,3,3,3,2,2,1,1,1,3,1,2,1,1,2,2,2,2,1,1,2,2,3,3,3,3,2,4,1,3,5,6,1,2,1,1,2,3,2,3,1,3,5,5,4,5,1,2,2,4,7,7,3,3,3,3,1,1,1,1,3,3,3,3,2,2,1,1,2,2,3,4,2,2,1,2,3,3,4,4,2,2,3,4,1,3,3,3,2,3,4,5,4,4,1,1,1,2,1,5,4,4,1,2,3,3,1,1,2,3,1,1,1,1,4,4,1,1,3,3,1,4,1,1,1,1,1,1,2,2,1,1,1,1,3,3,1,2,2,2,2,2,2,2,1,1,1,1,2,2,4,4,4,4,3,3,2,2,3,4,3,4,1,1,1,2,4,5,1,3,3,3,2,3,2,2,3,3,2,3,3,3,1,2,2,2,2,5,1,3,4,4,1,1,3,3,1,3,3,3,4,5,2,2,4,5,4,4,2,2,1,1,1,2
"M145542",3,4,7,6,3,1,4,4,2,1,2,3,1,3,2,2,2,3,1,4,2,2,4,4,1,4,3,3,3,1,3,3,2,1,3,3,3,3,2,2,2,1,2,4,4,4,1,1,1,1,2,4,4,1,3,3,3,4,3,3,4,4,3,4,3,3,2,2,2,2,2,1,1,1,4,2,1,1,3,1,4,1,1,1,1,3,4,1,1,1,1,3,4,4,3,3,1,1,1,1,3,3,3,3,3,1,2,2,1,1,3,1,2,1,1,1,1,3,2,3,3,1,4,4,4,4,1,4,3,1,2,1,4,4,1,1,1,3,2,4,1,1,3,3,3,3,4,4,3,3,2,1,2,1,4,4,1,1,4,4,1,3,1,4,2,2,1,3,1,3,3,3,4,4,4,4,3,3,3,3,2,4,2,1,3,3,3,1,3,3,3,3,1,1,1,1,1,1,1,1,1,1,1,1,1,1,1,1,2,2,1,1,1,1,1,1,1,1,1,1,1,1,1,1,1,1,1,1,1,1,1,1,1,1,2,2,1,1,1,1,1,1,1,1,1,1,2,2,1,1,2,2,1,1,3,3,2,2,2,2,2,2,4,4,2,2,3,3,4,5,3,3,2,2,2,2,1,2,2,2,3,3,2,5,1,1,3,3,1,3,2,2,5,5,2,5,3,3,3,3,2,2,2,2,1,3,1,4,1,2,2,2,2,2,1,1,2,2,2,2,2,3,2,4,1,1,5,5,1,1,3,3,3,3,3,3,3,3,5,5,4,4,1,1,3,3,7,7,3,3,3,3,1,2,1,4,3,3,3,3,2,3,2,3,2,3,3,4,1,2,2,2,1,3,4,4,2,2,3,3,1,1,3,3,1,3,2,4,1,4,1,2,2,2,1,3,4,4,1,2,5,5,1,1,2,3,3,3,1,1,3,4,1,1,3,3,3,3,1,1,1,1,1,2,2,2,1,1,1,1,1,1,2,2,2,2,2,2,2,4,1,1,1,1,2,2,4,4,4,4,3,3,0,0,3,3,4,4,2,2,1,2,4,4,1,1,3,3,3,3,2,3,3,3,2,2,3,3,1,1,1,1,2,2,1,1,2,2,1,2,3,4,1,3,5,6,4,4,1,1,4,4,2,4,2,2,1,1,2,2
"M145543",4,4,7,6,1,1,4,4,2,1,2,2,1,3,2,1,2,2,1,1,2,2,4,4,1,1,1,3,1,1,3,1,2,1,3,1,3,3,0,0,2,1,2,4,1,4,4,1,3,1,2,4,4,4,3,1,3,4,3,3,2,2,3,4,1,3,1,1,2,2,2,2,4,1,2,2,1,3,3,3,4,4,1,1,3,3,1,1,2,1,1,3,2,4,3,3,1,3,1,1,3,1,3,4,3,1,2,2,1,1,3,1,2,1,4,1,1,1,2,3,1,1,1,1,2,4,4,4,3,3,2,1,4,4,1,1,1,3,2,4,1,1,1,3,3,1,4,2,3,4,2,1,2,1,4,4,2,2,4,2,1,1,1,4,2,3,1,1,1,1,1,3,4,4,4,4,3,3,2,3,4,4,1,1,3,1,3,1,1,1,1,3,1,2,1,2,1,2,1,2,1,2,1,1,1,1,1,1,2,2,1,1,1,1,1,1,1,1,1,1,1,1,1,1,1,1,1,1,1,1,1,1,1,1,2,2,1,1,1,1,1,1,1,1,1,1,2,2,1,1,2,2,1,1,3,2,2,2,2,2,2,2,1,2,2,2,3,3,5,5,3,3,2,2,2,2,2,2,2,2,3,3,3,5,1,1,3,3,1,3,3,3,1,5,3,5,2,3,1,3,2,2,1,2,1,1,1,4,1,1,2,3,2,2,1,3,2,2,3,3,3,4,4,4,1,1,5,5,1,1,1,3,2,2,3,3,3,3,5,6,4,4,3,3,4,4,1,7,3,3,3,3,1,1,5,5,3,3,3,4,2,2,2,3,2,2,3,4,1,3,1,2,3,4,2,4,2,3,3,3,1,3,2,3,2,3,2,4,4,6,1,2,2,2,1,5,4,4,1,2,1,3,1,1,3,3,1,3,1,1,4,5,1,1,2,3,1,3,1,3,1,2,1,1,2,2,1,3,1,1,1,3,1,2,2,5,2,2,3,4,1,1,3,3,2,2,2,4,4,4,3,4,2,3,3,4,2,4,2,2,2,2,4,4,1,2,2,3,2,2,2,3,3,3,2,2,3,3,1,3,1,2,2,2,1,1,1,4,1,2,4,4,1,1,1,3,3,4,1,1,4,5,4,4,2,3,1,1,2,2
"M145544",3,4,6,6,3,1,4,4,2,2,2,2,1,1,2,1,2,3,1,1,2,1,4,4,1,4,1,3,1,1,3,1,2,1,3,3,3,4,4,2,2,1,2,4,1,4,1,1,3,1,4,4,4,1,3,1,3,3,3,3,2,4,3,3,3,3,2,2,2,2,2,2,4,1,2,2,1,3,3,1,4,1,1,1,1,3,1,1,1,1,3,3,4,4,1,3,3,3,1,1,3,3,3,4,1,1,2,2,4,1,3,3,1,1,1,1,1,3,2,2,1,1,1,1,2,4,4,4,1,1,2,1,2,4,1,1,1,3,2,2,2,1,1,3,3,3,4,4,3,3,1,1,2,2,4,4,1,1,4,2,1,3,1,4,2,2,1,1,1,1,1,1,4,4,4,4,3,3,2,3,4,4,2,1,3,3,3,1,1,1,1,1,1,1,1,1,1,1,1,1,1,1,1,1,1,2,1,1,1,2,1,1,1,2,1,2,1,1,1,2,1,1,1,2,2,1,1,2,1,1,1,1,1,1,2,2,1,1,1,1,1,1,1,1,1,2,1,2,1,3,3,2,1,1,1,4,2,1,2,2,2,2,1,4,2,2,3,3,5,5,2,3,2,2,2,3,1,2,2,2,3,3,2,5,1,1,3,3,3,3,2,3,1,5,5,5,2,3,1,3,2,2,1,2,1,3,1,2,1,2,2,2,2,2,3,3,2,2,1,3,2,3,2,4,1,1,5,5,1,1,1,3,3,3,2,3,3,3,5,6,4,5,2,3,4,4,7,7,2,3,3,3,1,1,1,6,3,3,1,3,3,3,1,4,2,2,2,4,2,3,2,2,3,3,4,4,1,5,3,3,3,3,3,3,1,3,1,4,2,6,1,1,2,2,1,1,4,4,1,2,3,3,1,1,3,3,1,3,1,1,4,5,1,1,3,3,1,1,1,3,1,1,1,1,2,3,1,1,1,1,2,3,2,2,2,2,2,2,2,2,1,1,1,3,2,2,4,4,4,4,3,4,3,3,3,3,4,4,2,2,1,2,4,4,1,4,2,3,3,4,2,3,1,3,2,2,3,3,1,2,2,2,2,2,1,1,2,4,1,2,1,4,1,3,1,6,4,4,1,3,4,4,2,4,2,2,1,1,1,2
"M145545",3,4,6,6,3,1,4,1,2,1,2,3,3,3,1,1,3,3,1,4,2,1,4,4,1,1,1,3,1,1,1,1,2,1,3,3,3,3,4,2,2,1,2,4,4,4,1,1,1,1,2,2,4,1,3,3,3,3,3,3,2,2,3,4,1,3,2,1,2,2,2,2,4,1,2,2,1,3,3,1,1,1,1,3,3,3,1,1,1,1,3,3,2,4,1,1,1,1,1,1,3,1,3,3,3,1,2,2,4,1,3,1,2,2,1,1,1,3,3,3,1,1,1,1,2,2,1,4,3,1,2,1,4,4,1,1,1,3,4,4,1,1,3,3,1,1,4,4,3,3,1,1,2,1,4,4,2,1,4,2,3,3,1,1,2,3,1,1,1,3,3,3,4,4,4,4,3,3,3,3,2,2,2,1,3,3,3,1,1,3,1,1,1,2,1,2,1,2,1,2,1,2,1,2,1,1,1,1,1,1,1,1,1,2,1,2,1,1,1,2,1,1,1,2,2,1,1,2,1,1,1,1,1,1,1,2,1,1,1,1,1,1,1,1,1,1,2,2,1,1,2,2,1,1,1,2,1,1,2,2,2,2,1,4,2,2,3,3,3,4,1,3,2,2,2,2,2,7,1,1,3,3,5,5,1,1,3,3,1,3,1,3,4,5,5,5,2,3,3,3,2,2,1,2,1,3,1,4,1,2,2,2,2,2,1,1,2,2,2,3,2,4,4,4,1,1,5,5,1,1,3,4,2,3,2,3,1,2,5,5,4,4,1,1,4,4,1,3,3,3,3,3,1,2,1,4,3,3,3,3,2,3,1,3,2,3,4,4,2,2,1,2,3,3,3,4,2,5,3,3,1,3,3,3,1,3,4,5,2,6,1,1,1,1,1,1,4,4,1,2,3,3,1,1,3,3,1,3,1,1,5,5,1,1,3,5,3,4,1,1,1,2,1,2,2,3,1,1,1,2,1,3,1,2,2,2,2,2,2,3,1,1,1,1,2,2,2,4,4,4,3,3,2,2,3,4,4,4,2,2,2,2,4,5,1,3,3,3,3,3,2,3,3,3,2,2,1,3,1,1,2,2,2,2,1,1,2,4,1,1,1,4,1,1,3,3,5,5,1,3,4,4,4,4,2,2,1,1,2,2
"M145546",3,4,6,6,3,1,4,1,2,2,2,2,1,1,2,2,2,2,1,4,2,2,4,4,1,4,1,3,3,1,3,1,2,2,1,1,3,4,4,2,1,1,2,4,4,4,1,1,1,1,2,2,4,1,3,1,3,4,3,4,2,4,3,4,3,3,2,2,2,2,2,1,1,1,2,2,1,3,3,1,4,1,1,3,3,3,4,1,1,1,3,3,4,4,1,3,1,1,1,1,3,3,3,4,3,1,2,2,4,1,1,1,2,2,4,1,1,3,2,3,3,1,4,4,4,4,4,4,3,3,1,1,4,4,2,1,3,3,2,4,1,1,1,1,1,1,4,4,4,4,2,1,2,1,4,4,1,1,4,4,1,3,1,1,2,2,3,3,1,3,1,3,4,4,4,4,3,3,2,3,4,4,2,1,3,1,3,1,1,3,3,3,1,1,1,1,1,1,1,1,1,1,1,1,1,1,1,1,1,2,1,1,1,2,1,2,1,1,1,2,1,1,1,2,2,1,1,2,1,1,1,1,1,1,2,2,1,1,1,1,1,1,1,1,1,1,2,2,1,1,2,2,1,1,3,2,2,2,2,2,2,2,1,4,1,2,3,3,5,5,3,3,2,2,2,3,2,7,1,2,3,3,2,5,1,2,3,3,1,3,2,3,1,5,5,5,1,3,3,3,2,2,1,2,1,1,1,2,2,2,2,2,2,2,3,3,2,2,3,3,2,3,4,4,1,1,5,5,1,1,1,3,2,3,3,3,3,3,5,6,4,4,2,3,4,4,7,7,3,3,3,3,1,2,1,1,3,3,3,3,2,3,2,3,2,2,3,3,2,2,1,2,1,3,4,4,2,5,3,4,1,1,2,2,1,1,1,4,2,4,1,1,1,2,1,1,4,4,1,2,3,5,1,1,3,3,3,3,1,1,3,4,2,2,3,3,1,4,1,1,1,1,1,2,2,2,1,1,1,1,1,3,2,2,2,2,2,2,2,3,1,1,1,1,2,2,4,4,4,4,3,3,2,2,3,3,3,4,1,2,2,2,4,4,3,3,3,3,3,3,2,4,3,3,1,2,3,3,1,2,1,2,2,2,1,1,2,4,1,2,1,4,1,3,5,5,4,4,1,1,3,4,2,3,2,2,1,1,2,2
"M145547",3,4,6,6,3,3,4,4,2,2,2,2,3,3,1,1,2,2,1,4,2,1,4,4,4,4,1,1,1,1,3,1,1,1,3,3,3,3,4,2,1,1,2,4,1,4,4,1,3,3,2,4,1,1,3,1,3,3,3,3,2,4,3,4,3,3,2,2,2,2,2,2,4,1,2,2,1,3,3,1,1,1,1,1,3,3,4,1,1,1,3,3,4,4,1,3,1,3,1,1,3,1,3,4,1,1,2,2,4,1,3,1,2,1,1,1,1,1,2,2,1,1,1,1,2,4,4,4,3,1,2,2,2,4,1,1,3,3,2,2,2,1,3,3,3,1,4,4,3,3,1,1,2,2,4,4,1,1,4,4,1,3,1,4,2,2,1,1,1,1,1,1,4,4,4,4,3,3,3,3,4,4,2,1,3,3,1,1,1,3,1,1,1,1,1,1,1,1,1,1,1,1,1,1,1,2,1,1,1,2,1,1,1,1,1,1,1,1,1,1,1,1,1,1,1,1,1,1,1,1,1,1,1,1,2,2,1,1,1,1,1,1,1,1,1,1,2,2,1,1,2,2,1,1,2,2,1,1,2,2,2,2,1,4,2,2,3,3,5,5,1,3,2,2,2,2,2,2,2,2,3,3,2,5,1,1,1,3,1,3,1,3,1,5,5,5,2,3,3,3,2,2,1,1,1,3,1,2,1,2,2,5,2,2,1,1,2,2,3,3,3,3,4,4,1,3,3,5,1,1,1,3,2,3,2,3,3,3,5,6,4,5,1,2,3,4,7,7,2,3,3,3,1,1,1,6,3,3,3,3,3,3,1,1,1,1,3,4,2,2,2,2,3,3,4,4,1,2,3,3,2,3,3,3,1,3,4,4,2,6,1,1,1,2,1,1,4,4,1,2,3,3,1,1,3,3,3,3,1,1,4,5,1,1,3,3,1,1,1,3,1,1,1,1,2,3,1,3,1,1,1,2,2,2,2,5,2,2,2,4,1,2,3,3,2,2,4,4,4,4,3,4,3,3,3,3,4,4,1,2,1,1,4,4,1,4,3,3,3,4,2,2,3,3,2,2,3,3,1,2,2,2,2,2,1,1,2,4,1,2,1,4,3,3,4,5,3,4,1,2,4,4,4,4,2,3,1,1,1,2
"M145548",4,4,6,6,3,1,4,1,2,2,2,3,1,1,1,1,3,3,4,4,2,2,4,4,1,1,1,3,3,1,1,1,1,1,3,3,3,3,4,4,1,1,2,2,1,4,4,1,1,1,2,4,4,1,3,3,3,3,3,3,2,4,4,4,1,3,1,1,2,2,2,2,4,1,2,2,1,3,3,1,4,1,1,3,1,3,4,1,1,1,1,1,2,4,3,3,3,3,3,1,3,1,4,4,3,3,2,2,4,1,3,3,2,1,4,4,1,3,2,2,1,1,4,4,4,4,4,4,3,3,2,2,2,4,1,1,3,3,2,4,2,1,1,3,3,3,4,2,4,4,2,1,2,1,4,4,1,1,4,4,3,3,1,1,2,3,1,1,1,3,1,3,4,4,4,4,3,3,3,3,4,4,2,2,3,3,3,3,1,3,3,3,1,2,1,2,1,2,1,2,1,2,1,2,1,2,1,1,2,2,1,2,1,2,1,2,1,1,1,2,1,1,1,2,2,1,1,2,1,1,1,1,1,1,2,2,1,1,1,1,1,1,1,1,1,1,2,2,1,1,2,2,1,1,2,2,1,1,2,2,2,2,2,4,2,2,3,3,4,5,1,3,2,2,3,3,1,7,1,1,3,4,5,5,1,1,3,3,2,2,1,3,1,5,2,3,2,3,1,3,2,2,1,2,1,3,2,4,1,1,2,2,2,2,1,1,2,2,2,3,3,4,4,4,1,1,2,5,1,2,1,3,2,3,2,2,1,3,5,5,1,4,2,2,4,4,1,7,3,3,2,3,1,2,1,1,3,3,3,3,3,3,3,3,2,3,2,4,1,2,1,2,1,4,4,4,2,4,4,4,1,3,3,3,1,3,4,4,2,6,1,1,1,2,3,3,4,4,1,2,3,3,1,1,3,3,1,3,1,1,4,4,1,1,3,5,1,3,1,1,1,2,1,1,2,2,1,2,1,1,3,3,2,2,1,2,2,2,3,3,1,1,1,3,2,2,2,4,4,4,2,3,2,2,3,3,4,6,1,2,1,1,4,5,3,3,1,3,3,4,2,2,3,3,2,2,1,3,1,3,2,2,2,4,1,1,4,4,1,1,1,4,2,3,3,4,3,3,1,2,4,4,2,4,2,3,1,1,2,2
"M145549",3,4,7,6,3,1,4,4,2,2,2,2,1,1,2,1,2,3,1,4,2,2,4,4,4,4,1,3,1,1,3,3,1,1,3,1,3,3,4,2,2,1,2,4,4,4,1,1,3,1,2,4,1,1,3,3,3,4,3,3,2,4,3,4,3,3,2,2,2,2,2,2,1,1,2,2,1,3,3,3,4,1,1,3,3,3,1,1,1,1,3,3,4,4,1,3,1,3,1,1,3,3,3,3,3,3,2,2,4,1,3,1,1,1,1,1,1,1,2,2,1,1,4,1,2,4,1,4,3,3,2,1,2,4,1,1,3,3,2,2,2,1,1,3,3,1,4,4,3,3,1,1,2,2,2,4,1,1,4,4,1,3,1,4,2,2,1,3,1,1,1,1,4,4,4,4,3,3,3,3,4,4,2,1,3,3,3,1,1,3,3,3,1,1,1,1,1,1,1,1,1,1,1,1,1,2,1,1,1,2,1,1,1,1,1,1,1,1,1,1,1,1,1,1,1,1,1,1,1,1,1,1,1,1,2,2,1,1,1,1,1,1,1,1,1,1,2,2,1,1,2,2,1,1,4,2,1,1,2,2,2,2,1,2,2,2,3,3,3,5,2,3,1,2,2,3,2,2,1,1,3,3,2,5,1,1,1,3,1,3,1,3,1,5,5,5,2,3,3,3,2,2,1,1,1,1,1,2,1,1,2,5,2,2,3,3,2,2,3,3,3,4,4,4,1,3,3,5,1,1,1,3,3,3,2,3,2,3,5,5,5,5,2,3,4,4,7,7,2,3,3,3,1,1,1,6,3,3,1,3,2,3,1,1,1,2,3,4,2,3,2,2,3,3,4,4,2,5,3,3,3,3,2,3,1,3,4,7,2,4,1,1,2,2,1,1,4,4,1,2,3,3,1,1,3,3,3,3,1,1,4,5,1,1,3,3,1,1,1,3,1,1,1,1,2,3,1,3,1,1,3,3,2,2,2,5,2,2,2,4,1,2,1,3,2,2,4,4,4,4,3,4,3,3,3,3,4,4,1,2,1,2,2,5,1,4,3,3,4,4,2,3,3,3,2,3,3,3,1,2,2,2,2,2,1,1,2,4,1,1,1,4,2,3,1,4,4,4,1,3,4,4,4,4,2,2,1,1,2,2
"M145550",3,4,7,6,1,1,4,4,2,1,2,2,1,1,2,1,2,2,1,1,1,1,4,4,1,4,1,3,1,1,3,3,2,1,3,1,3,4,4,2,2,2,4,4,1,4,4,1,1,1,2,4,4,4,3,1,3,4,3,3,2,2,3,4,3,3,1,1,2,2,2,2,4,1,2,2,1,1,3,1,4,4,1,1,3,3,1,1,1,1,1,3,4,4,3,3,1,3,1,1,3,1,4,4,3,3,2,2,1,1,3,1,2,1,1,1,1,1,2,3,1,1,1,1,2,2,4,4,1,1,1,1,2,4,1,1,3,3,2,4,1,1,1,3,3,1,4,2,3,4,2,1,2,2,4,4,1,1,4,2,1,3,1,1,2,2,1,3,1,1,1,3,4,4,4,4,3,3,3,3,4,4,1,1,3,1,3,1,1,1,1,3,1,1,1,1,1,1,1,1,1,1,1,1,1,1,1,1,2,2,1,1,1,1,1,1,1,1,1,1,1,1,1,1,1,1,1,1,1,1,1,1,1,1,2,2,1,1,1,1,1,1,1,1,1,1,2,2,1,1,2,2,1,1,3,3,2,2,2,2,2,2,1,2,2,2,3,3,5,5,3,3,2,2,2,2,2,2,1,1,3,5,3,4,1,1,3,3,2,3,3,3,1,5,5,5,2,3,1,3,2,2,1,2,1,1,2,4,1,1,2,3,2,2,2,3,2,2,3,3,3,3,4,4,1,3,5,5,1,1,3,3,2,2,3,3,3,3,5,6,4,4,1,1,4,4,7,7,3,3,3,3,1,1,6,6,3,3,3,4,2,2,2,3,2,3,3,4,1,2,1,1,3,3,4,4,2,3,3,3,1,3,2,3,1,3,2,4,4,5,1,2,2,2,1,1,4,4,1,2,1,3,1,1,3,3,3,3,1,1,2,4,1,1,3,3,1,3,1,1,1,1,1,1,2,2,1,1,1,1,3,3,2,2,2,2,2,2,2,2,1,1,3,3,2,2,3,4,4,4,3,3,2,2,3,3,2,4,2,2,2,2,4,4,1,2,2,3,2,2,2,3,3,3,2,2,3,3,1,3,1,1,2,2,1,1,1,4,1,1,1,4,2,2,1,1,3,4,1,3,3,4,2,4,2,3,1,1,2,2
"M145551",3,4,6,6,3,3,4,4,2,2,2,2,1,1,2,1,2,2,1,4,2,1,4,4,4,4,1,3,1,1,3,1,2,1,3,1,3,3,4,4,2,1,2,2,1,4,1,1,3,3,2,4,1,1,3,1,3,4,3,3,2,2,3,4,3,3,2,2,2,2,2,2,4,1,2,2,1,3,3,1,4,1,1,3,1,3,4,1,1,1,3,3,4,4,1,3,1,3,1,1,3,3,3,3,3,3,2,2,4,1,3,1,1,1,1,1,1,1,2,2,1,1,1,1,2,4,1,4,3,1,2,1,2,2,1,1,1,3,2,2,2,1,3,3,3,1,4,4,3,3,1,1,2,2,4,4,1,1,4,4,1,3,1,4,2,2,1,3,1,1,1,3,4,4,4,4,3,3,2,3,4,4,2,1,3,3,3,1,1,3,3,3,1,1,1,1,1,1,1,2,1,1,1,1,1,1,1,1,1,2,1,1,1,2,1,2,1,1,1,2,1,1,2,2,2,1,1,2,1,1,1,1,1,1,2,2,1,1,1,1,1,1,1,1,1,1,2,2,1,1,2,2,1,1,2,2,1,1,2,2,2,2,1,4,2,2,3,3,5,5,3,3,2,2,2,2,2,2,1,2,3,3,2,2,1,1,1,3,1,3,2,2,1,5,5,5,2,3,3,3,2,2,1,1,1,3,1,2,1,1,2,5,2,2,3,3,2,2,3,3,2,3,4,4,1,3,5,5,1,1,1,3,3,3,2,3,3,3,5,6,4,5,1,2,4,4,7,7,2,3,3,3,1,1,1,6,3,3,3,3,3,3,1,1,1,1,3,4,2,3,2,2,3,3,4,4,2,5,3,3,1,3,3,3,3,3,4,4,2,6,1,1,1,2,1,5,4,4,1,1,3,3,1,1,3,3,3,3,1,1,4,5,1,1,3,3,1,3,1,3,1,1,1,1,2,3,1,3,1,2,3,3,2,2,2,5,2,2,2,4,1,2,1,1,2,2,4,4,4,4,3,4,3,3,3,3,4,4,1,2,2,2,4,4,3,4,3,3,3,4,2,3,3,3,2,2,3,3,1,2,2,2,2,2,1,1,2,4,1,1,1,4,3,3,4,5,3,4,1,2,4,4,4,4,2,2,1,1,1,2
"M145552",3,4,6,6,3,1,4,4,2,2,2,3,1,3,2,1,2,2,1,4,2,2,4,4,4,4,1,1,3,1,1,1,1,1,1,1,3,3,4,4,2,1,2,2,4,4,1,1,3,3,2,2,4,1,3,3,3,3,3,4,2,2,3,3,1,3,2,2,2,2,2,1,1,1,2,2,1,1,3,1,4,1,1,1,3,3,4,4,1,1,3,3,2,4,3,3,3,3,3,1,3,3,3,3,1,1,2,2,4,4,1,1,2,1,1,1,1,1,2,2,3,1,4,1,4,4,1,1,1,1,1,1,2,4,1,1,3,3,2,4,2,1,1,3,3,1,4,4,3,4,1,1,2,2,4,4,2,1,4,4,3,3,1,1,2,2,1,1,1,3,1,3,4,4,4,4,3,3,2,3,4,4,2,2,3,3,3,1,1,3,1,1,1,2,1,2,1,2,1,2,1,2,1,2,1,2,1,1,1,1,1,1,1,1,1,1,1,1,1,1,1,1,1,1,1,1,1,1,1,1,1,1,1,1,1,2,1,1,1,1,1,1,1,2,1,2,1,2,1,3,3,2,1,1,1,3,1,1,1,2,1,2,1,1,2,2,3,3,4,5,1,3,2,2,2,3,2,2,1,2,3,3,2,2,1,1,3,3,3,3,3,3,1,5,2,5,2,3,3,3,2,2,1,2,1,1,1,5,1,2,2,5,2,2,3,3,2,2,2,3,3,3,4,4,1,1,5,5,1,1,1,3,2,3,2,3,1,3,5,6,4,5,1,2,3,4,7,7,2,3,3,3,1,1,1,6,3,3,3,3,2,3,1,3,2,3,4,4,2,2,2,2,3,3,4,4,2,5,3,3,2,3,2,3,1,3,1,4,2,6,1,1,1,2,1,3,2,4,2,2,1,3,1,1,3,3,1,3,1,1,4,4,1,1,3,5,1,3,1,3,1,3,1,2,3,3,1,1,1,1,3,3,2,2,2,3,2,2,2,3,2,3,3,3,2,2,2,4,4,4,2,3,2,2,3,3,3,4,2,2,1,2,4,5,1,1,3,3,4,4,2,4,3,3,2,2,1,3,1,1,2,2,2,2,1,1,4,4,1,2,4,4,1,3,1,1,4,4,1,1,4,4,4,4,2,2,1,1,1,2
"M145553",3,4,7,6,3,1,4,4,2,2,2,2,1,1,1,1,2,3,1,1,2,2,4,4,4,4,1,1,3,1,3,1,1,1,1,1,3,3,4,2,2,2,4,4,1,4,1,1,1,1,2,4,4,1,3,3,3,3,3,3,2,4,3,4,1,3,2,1,2,1,2,2,1,1,2,2,1,1,3,1,4,1,1,1,1,3,4,1,1,1,3,3,2,4,3,3,3,3,1,1,3,1,3,4,3,1,2,2,4,1,3,3,1,1,4,1,1,3,2,3,1,1,4,4,2,4,1,4,3,3,2,1,4,4,1,1,1,1,2,4,2,1,1,3,1,1,4,4,3,4,2,1,2,2,4,4,2,1,4,4,3,3,1,4,2,3,1,3,1,1,1,1,4,4,4,4,3,3,3,3,2,4,2,1,3,3,3,3,1,3,3,3,1,2,1,2,1,2,1,2,1,2,1,2,1,2,1,1,1,1,1,1,1,2,1,2,1,1,1,2,1,1,2,2,2,1,1,2,1,1,1,1,1,1,2,2,1,1,1,1,1,1,1,1,1,1,2,2,1,1,2,2,1,1,1,2,2,1,2,2,2,2,1,1,2,2,3,3,5,5,1,3,2,2,2,3,2,2,1,1,3,3,2,5,1,1,3,3,3,3,2,2,1,5,3,5,2,2,3,3,2,2,1,1,1,1,1,1,1,2,2,2,2,2,3,3,2,2,2,3,2,3,4,4,1,1,5,5,1,1,1,3,2,2,2,3,3,3,5,5,4,5,2,3,3,4,4,7,2,3,3,3,1,2,1,6,3,3,3,3,2,3,1,1,2,2,3,4,2,2,1,2,3,3,3,4,1,5,3,3,2,3,3,3,1,3,2,4,2,4,1,2,1,2,1,1,4,4,2,2,1,3,1,1,3,3,3,3,1,1,4,4,1,2,3,3,3,3,3,3,1,2,1,1,2,3,1,1,1,1,3,3,2,2,2,2,2,2,2,4,1,2,1,1,2,2,2,4,4,4,3,3,2,2,3,3,4,4,1,2,2,2,4,5,3,3,3,3,3,3,4,4,3,3,2,2,3,3,1,4,2,2,2,2,1,1,4,4,1,2,4,4,3,3,1,5,4,4,1,3,4,4,3,4,2,2,1,1,1,2
"M145554",4,4,7,6,3,3,4,4,2,2,2,2,1,1,2,1,2,3,1,1,2,2,4,4,1,4,1,1,3,1,3,1,1,1,3,1,3,3,4,2,2,1,2,2,1,4,1,1,1,1,2,4,4,1,3,1,3,3,3,4,2,4,3,4,1,3,2,1,2,1,2,2,1,1,2,2,1,1,3,1,1,1,1,1,1,3,4,4,1,1,3,3,2,4,3,3,3,3,1,1,3,1,3,4,3,1,2,2,4,1,3,1,2,1,1,1,1,1,2,3,1,1,4,1,2,4,4,4,3,3,1,1,2,2,1,1,1,3,2,4,2,1,1,3,3,1,4,4,3,4,2,1,2,2,2,4,2,1,4,4,3,3,1,4,2,3,1,3,1,1,3,3,4,4,4,4,3,3,2,2,4,4,2,1,3,3,3,1,1,3,1,3,1,2,1,2,1,2,1,2,1,2,1,2,1,2,1,1,1,1,1,1,1,2,1,2,1,1,1,2,1,1,1,2,2,1,1,2,1,1,1,1,1,1,2,2,1,1,1,1,1,1,1,1,1,1,2,2,1,1,2,2,1,1,1,2,2,1,2,2,2,2,1,4,2,2,3,3,5,5,1,3,1,2,3,3,2,2,1,1,3,3,2,5,1,1,2,3,3,3,2,3,1,5,3,5,2,2,2,3,2,2,1,1,1,1,2,4,1,2,2,2,2,2,1,3,2,2,2,3,2,3,4,4,1,1,5,5,1,1,3,3,2,3,3,3,3,3,5,6,4,5,2,2,3,3,4,7,2,3,3,3,1,1,1,6,3,3,3,3,3,3,1,1,2,2,4,4,2,2,1,2,3,3,3,4,5,5,3,3,2,3,2,3,3,3,2,4,2,4,1,2,1,2,1,1,4,4,2,2,1,3,1,1,3,3,3,4,1,1,4,4,1,1,3,3,1,3,1,3,1,2,1,2,2,3,1,1,1,2,3,3,2,2,2,2,2,2,3,4,2,2,1,1,2,2,2,4,4,4,3,3,2,2,3,3,3,4,2,2,2,2,5,5,1,3,3,3,3,4,2,3,3,3,2,2,3,3,1,1,2,2,2,2,1,1,2,4,2,2,4,4,2,3,1,5,4,4,1,3,3,4,3,4,2,2,1,1,1,2
"M145555",4,4,6,6,3,1,4,1,2,2,2,3,1,3,2,1,0,0,1,4,2,2,4,4,1,4,1,1,3,1,1,1,2,1,3,1,3,3,4,2,1,1,2,4,1,1,1,1,1,1,2,4,4,1,3,1,4,4,3,3,2,4,4,4,3,3,2,2,2,2,2,2,1,1,4,2,3,3,1,1,1,1,1,1,3,3,1,1,1,1,3,3,4,4,1,3,3,3,3,1,1,1,4,4,3,3,2,2,4,1,1,1,1,1,4,4,1,3,2,3,1,1,4,1,4,4,4,4,3,3,2,1,4,4,1,1,1,3,2,2,2,1,1,3,3,1,4,4,4,4,2,1,2,2,4,4,1,1,4,2,1,3,1,1,2,2,1,3,1,3,1,3,4,1,2,4,1,3,3,3,4,4,2,2,3,1,3,1,1,1,0,0,1,1,1,1,1,1,1,1,1,1,1,1,1,2,1,1,2,2,1,1,1,1,1,1,1,1,1,1,1,1,1,1,1,1,1,1,1,1,1,1,1,1,2,2,1,1,1,1,1,1,1,1,1,1,2,2,1,1,2,2,1,1,3,2,1,1,2,2,2,2,1,3,2,2,3,3,2,4,3,3,2,2,2,3,2,7,1,2,3,3,2,5,1,1,3,3,1,3,2,3,1,1,5,5,2,3,1,3,2,2,1,1,1,3,1,2,1,2,2,2,2,2,1,1,2,2,2,3,3,3,4,4,1,3,5,6,1,1,1,1,3,3,2,2,1,3,5,5,4,5,1,3,2,4,7,7,3,3,3,3,1,1,1,1,3,3,3,3,2,3,1,3,2,3,4,4,2,2,2,2,1,3,4,4,2,5,3,3,1,1,3,3,3,3,4,4,4,6,1,2,2,2,1,3,3,4,1,2,3,3,1,1,2,3,1,1,1,1,4,4,1,1,3,3,3,4,1,1,1,1,1,1,2,2,1,2,1,1,3,3,1,2,2,2,2,2,3,3,1,1,1,1,2,2,4,4,4,4,3,3,2,2,3,4,3,4,2,2,2,2,4,5,1,3,3,3,2,3,2,2,3,3,2,3,3,3,1,1,1,2,2,5,1,3,4,4,1,1,3,3,1,1,1,3,4,5,2,2,4,5,4,4,2,2,1,1,1,2
"M145556",3,3,7,6,3,1,1,1,2,2,2,3,1,3,1,1,2,3,1,1,2,2,4,4,1,4,1,3,1,1,3,1,1,1,1,1,3,4,2,2,1,1,2,4,1,4,4,1,1,1,2,4,4,4,1,1,3,3,3,4,4,4,3,4,1,1,2,1,2,2,2,2,1,1,2,2,1,3,3,3,4,1,1,1,3,3,4,1,1,1,1,3,2,2,1,1,3,3,1,1,3,3,3,3,3,1,0,0,4,1,3,1,1,1,4,1,1,3,3,3,3,1,4,1,2,4,1,4,3,3,1,1,4,4,1,1,1,3,2,4,1,1,1,1,3,1,2,2,3,4,2,1,2,1,2,2,1,1,4,4,1,3,1,1,2,3,1,1,1,3,1,1,4,4,4,4,3,3,2,3,4,4,2,1,3,1,3,1,1,3,3,3,2,2,2,2,2,2,2,2,2,2,1,2,1,1,1,1,2,2,2,2,1,2,1,2,1,1,1,2,1,1,2,2,2,1,1,2,1,1,1,1,1,1,1,1,1,1,1,1,1,1,2,2,2,2,1,1,2,2,1,1,1,1,1,2,1,1,1,1,1,1,1,3,1,1,3,3,5,5,3,3,1,1,2,3,1,2,1,2,3,4,3,5,1,1,3,3,1,1,2,3,5,5,5,5,2,3,3,3,2,2,1,1,1,1,2,2,1,2,2,2,2,2,3,3,2,2,1,2,2,3,4,4,1,3,5,5,1,2,1,4,3,3,2,2,3,3,5,5,4,4,3,3,4,4,1,1,3,3,3,3,1,1,4,4,3,3,3,3,2,3,1,3,2,2,3,4,1,1,2,2,1,3,4,4,1,2,3,3,1,3,3,3,3,3,2,4,2,4,1,1,1,1,1,3,4,4,1,2,3,3,1,1,3,3,3,3,1,1,4,4,1,2,3,3,1,1,1,1,2,3,1,2,2,2,1,3,1,1,1,2,1,2,3,5,2,2,2,3,1,1,1,1,2,2,2,2,4,4,3,3,0,0,3,3,1,4,2,2,2,2,4,4,1,1,1,3,3,3,3,3,3,3,2,2,1,3,1,1,2,2,2,2,1,1,4,4,2,2,1,4,2,3,3,3,2,3,2,2,4,4,3,4,2,2,1,1,1,2
"M145557",4,4,6,6,3,1,4,4,2,2,2,2,3,3,2,2,2,3,1,1,2,2,4,4,1,4,1,1,1,1,3,1,1,1,0,0,3,3,4,4,1,1,4,4,4,4,1,1,1,1,2,2,4,1,3,3,3,3,3,4,2,2,3,3,3,3,2,1,2,2,2,2,1,1,4,2,1,1,3,1,4,1,1,1,3,3,1,1,1,1,3,3,4,4,3,3,1,3,1,1,3,3,3,3,3,3,2,2,1,1,3,3,1,1,4,4,1,3,2,3,1,1,4,4,4,4,1,4,3,3,2,1,4,4,1,1,1,1,2,4,2,2,1,3,3,1,4,4,3,4,1,1,2,2,4,4,1,1,4,4,3,3,1,1,2,2,1,1,1,3,3,3,4,4,4,4,3,3,2,3,4,4,2,1,3,3,3,3,1,3,3,3,1,1,1,1,1,1,1,2,1,1,1,2,1,1,1,1,1,2,1,2,1,1,1,1,1,1,1,1,1,1,2,2,1,1,1,1,1,1,1,1,1,1,2,2,1,1,1,1,1,1,1,1,1,1,2,2,1,1,2,2,1,1,1,2,1,1,2,2,2,2,1,2,2,2,3,3,5,5,3,3,2,2,2,3,2,7,1,1,3,3,2,5,1,1,2,3,1,3,2,2,5,5,5,5,2,3,3,3,2,2,1,1,1,1,2,2,2,2,2,2,2,2,1,3,2,2,2,3,2,3,2,4,1,1,5,5,1,1,2,3,2,3,3,3,3,3,5,6,4,5,1,2,3,4,7,7,2,2,3,3,1,1,1,6,3,3,3,3,2,2,1,3,2,2,4,4,1,2,2,2,1,3,4,4,1,5,3,3,2,3,3,3,1,1,4,4,2,6,1,1,1,1,1,1,4,4,1,2,1,3,1,1,3,3,3,3,1,1,4,4,1,1,3,3,1,4,1,3,1,1,1,1,3,3,1,1,1,1,2,3,2,2,2,2,2,2,2,2,1,1,2,3,2,2,4,4,4,4,4,4,0,0,3,4,2,4,2,2,1,2,4,4,1,1,3,3,3,4,2,2,3,3,2,2,3,3,1,1,2,2,2,2,1,1,2,4,1,2,4,4,1,3,1,5,4,5,1,3,3,4,4,4,2,2,1,1,1,2
"M145558",4,4,7,6,3,1,4,4,2,2,2,3,1,3,2,2,2,3,1,4,2,2,4,4,1,4,3,3,3,3,3,1,1,1,3,3,3,3,2,2,2,1,2,4,4,4,1,1,1,1,2,2,4,1,3,1,3,4,3,3,0,0,3,4,3,3,2,1,2,2,2,2,1,1,4,2,3,3,3,1,4,1,1,1,3,3,4,4,1,1,1,1,4,4,1,1,1,3,1,1,3,3,3,4,1,1,2,2,1,1,1,1,2,1,1,1,3,3,2,3,3,1,4,4,4,4,4,4,3,3,1,1,4,4,1,1,1,3,4,4,1,1,1,3,1,1,4,4,3,3,2,1,2,1,4,4,1,1,4,4,1,3,1,1,2,2,1,3,1,3,3,3,4,4,2,4,3,3,3,3,4,4,2,2,3,3,3,1,1,1,3,3,1,1,1,1,1,1,1,1,1,1,1,1,1,1,1,1,2,2,1,1,1,1,1,1,1,1,1,1,1,1,1,1,1,1,1,1,1,1,1,1,1,1,2,2,1,1,1,1,1,1,1,1,1,1,2,2,1,1,2,2,1,1,1,3,2,1,2,2,2,2,1,4,2,2,3,3,4,4,1,3,2,2,2,3,2,5,2,2,3,3,2,5,1,1,3,3,1,2,2,2,5,5,2,5,3,3,3,3,2,2,2,2,1,1,1,5,1,1,2,2,2,2,3,3,2,2,3,3,3,3,4,4,1,1,5,5,1,1,3,3,3,3,3,3,3,3,5,5,4,5,1,3,3,3,7,7,3,3,3,3,1,2,1,4,3,3,3,3,3,3,2,4,2,3,4,4,2,2,2,2,1,1,4,4,2,2,4,4,1,1,3,3,1,1,2,4,2,4,1,2,1,2,1,3,4,4,2,2,1,3,1,1,2,3,3,3,1,1,3,4,1,1,3,3,1,1,1,3,1,1,1,2,2,3,1,1,1,1,3,3,2,2,2,2,2,2,2,4,1,1,1,1,1,2,4,4,4,4,3,3,2,3,3,3,4,6,2,2,1,2,4,4,3,4,3,3,3,4,2,4,1,3,1,2,3,3,1,1,1,1,2,2,1,1,2,2,1,2,1,4,1,1,3,5,3,4,1,1,4,4,2,3,2,2,1,1,2,2
"M145559",3,4,6,6,3,3,4,1,2,2,2,2,1,3,2,1,2,3,1,4,2,2,4,4,1,1,1,1,1,1,1,1,1,1,3,1,3,3,2,2,1,1,2,4,1,4,1,1,3,1,2,2,4,1,3,3,3,3,3,3,2,4,3,3,1,3,1,1,2,2,2,2,1,1,2,2,3,3,3,1,4,1,1,1,1,3,1,1,1,1,3,3,2,4,1,3,1,1,3,3,3,3,3,4,3,1,2,2,4,4,1,1,2,1,4,1,3,3,2,3,3,1,1,1,4,4,4,4,3,3,1,1,4,4,1,1,1,3,2,4,1,1,1,3,1,1,4,4,4,4,1,1,2,1,2,4,1,1,4,2,3,3,1,1,2,3,1,1,1,3,1,3,4,4,2,4,3,3,3,3,4,4,2,2,3,3,3,1,1,1,3,3,1,2,1,2,1,2,1,2,1,2,1,1,1,2,1,1,1,1,1,1,1,2,2,2,1,1,1,2,1,1,1,2,2,1,1,2,1,1,1,1,1,1,2,2,1,1,1,1,1,1,1,1,1,1,2,2,1,1,2,2,1,1,1,1,1,1,2,2,2,2,2,4,1,2,3,3,5,5,3,3,1,2,2,2,1,1,2,2,3,3,5,5,1,1,1,3,1,3,3,3,1,1,5,5,3,3,3,3,2,2,1,1,1,1,1,5,2,2,2,2,2,2,1,1,2,2,2,3,2,3,4,4,1,1,5,5,1,1,1,4,2,3,2,3,3,3,5,5,4,4,1,3,3,4,1,7,3,3,3,3,1,1,1,2,3,3,3,3,2,2,3,3,2,2,4,4,2,3,1,1,1,3,3,4,1,2,3,4,1,1,3,3,1,3,4,4,4,6,1,1,1,2,1,3,1,4,1,2,3,5,1,3,2,2,3,3,1,1,4,4,1,2,3,5,3,3,1,1,1,3,1,1,2,2,1,1,1,1,3,3,1,2,1,1,2,2,2,3,1,1,1,3,2,2,2,4,4,4,2,3,2,2,3,3,4,4,2,2,2,2,4,4,3,3,2,3,3,3,2,2,3,3,2,2,1,3,1,2,2,2,2,2,1,3,4,4,1,1,1,4,1,1,3,6,3,3,1,2,3,4,3,4,2,2,1,1,2,2
"M145560",4,4,6,6,3,1,4,4,2,2,2,2,1,3,1,1,2,3,1,1,2,1,4,4,1,4,1,3,1,1,1,1,2,1,1,1,3,3,4,4,2,1,2,4,1,4,1,1,3,1,4,4,4,4,3,3,3,4,3,3,0,0,3,3,3,3,2,2,2,2,2,2,1,1,2,2,1,1,3,1,4,1,1,1,3,3,4,1,2,1,1,3,4,4,3,3,1,3,1,1,3,3,3,4,3,1,2,2,4,1,1,1,1,1,1,1,1,3,2,3,1,1,4,1,2,4,1,4,1,1,1,1,4,4,1,1,1,1,2,2,0,0,3,3,3,3,4,2,3,4,1,1,2,2,2,4,1,1,4,4,3,3,1,1,2,2,1,1,1,3,3,3,4,4,4,4,3,3,2,3,4,4,2,1,3,1,3,3,1,3,1,3,1,1,1,1,1,1,1,1,1,1,1,1,1,2,1,1,1,2,1,2,1,1,1,1,1,1,1,1,1,1,1,2,1,1,1,1,1,1,1,1,1,1,2,2,1,1,1,1,1,1,1,1,1,1,2,2,1,1,2,2,1,1,1,2,2,1,2,2,2,2,1,1,2,2,3,3,5,5,3,3,1,2,2,3,1,7,1,1,3,3,2,2,1,1,3,3,1,3,2,3,5,5,5,5,2,3,3,3,2,2,1,2,1,1,1,4,1,2,2,2,2,2,1,3,2,2,3,3,2,4,4,4,1,3,5,5,1,1,3,3,2,2,2,3,3,3,5,5,4,5,2,3,3,4,7,7,3,3,3,3,1,1,5,6,3,3,3,3,2,2,3,3,2,2,4,4,2,3,1,2,3,3,4,4,1,5,3,3,1,3,2,3,1,3,4,4,1,2,1,1,1,2,1,3,4,4,1,2,1,3,1,1,3,3,3,3,1,1,2,4,1,1,3,3,3,3,1,3,1,1,1,1,1,3,1,1,1,2,2,3,2,2,2,5,2,2,2,4,1,2,1,1,2,2,4,4,4,4,3,3,2,2,3,3,3,4,1,2,2,2,4,5,3,4,3,3,3,3,2,4,3,3,2,3,3,3,1,1,1,2,2,2,1,1,4,4,2,2,4,4,1,3,1,5,3,4,1,3,4,4,4,4,2,2,1,1,1,2
"M145561",3,4,6,6,3,1,4,4,2,1,2,2,3,3,1,1,2,3,4,4,2,2,4,4,1,1,1,1,1,1,1,1,1,1,1,1,3,3,2,2,2,1,2,2,1,4,4,1,1,1,2,2,4,1,1,1,4,4,3,4,4,4,3,3,3,3,2,2,2,2,2,1,4,1,4,2,1,1,3,3,4,4,3,3,3,3,4,1,1,1,3,3,4,4,1,3,1,3,1,1,3,3,3,4,1,1,2,2,4,4,1,1,2,1,4,4,1,1,2,3,1,1,4,1,2,4,1,4,3,3,1,1,4,4,1,1,1,3,2,2,2,1,1,3,3,1,4,4,3,4,1,1,2,2,4,4,1,1,4,4,3,3,1,1,2,2,1,1,1,3,1,3,4,4,4,4,3,3,2,3,4,4,2,2,3,1,3,3,1,3,3,3,1,1,1,1,1,1,1,1,1,1,1,1,1,1,1,1,1,2,1,2,1,2,1,2,1,1,1,2,1,1,1,2,2,1,1,2,1,1,1,1,1,1,2,2,1,1,1,1,1,1,1,1,1,1,2,2,1,1,2,2,1,1,2,2,2,1,2,2,2,2,2,2,2,2,2,3,5,5,3,3,2,2,2,2,5,7,1,2,3,3,2,5,1,2,3,3,1,3,2,3,1,5,5,5,3,3,3,3,2,2,1,1,1,1,1,2,1,2,2,2,2,2,1,3,2,2,2,3,2,3,4,4,1,1,5,5,1,1,1,3,3,3,3,3,3,3,6,6,4,4,1,3,4,4,7,7,3,3,3,3,1,1,2,2,3,3,3,3,2,3,1,3,2,2,3,3,2,3,2,2,1,3,4,4,2,2,3,3,1,1,3,3,1,3,1,5,1,2,1,1,1,1,1,1,4,4,1,1,1,3,1,3,3,3,3,3,1,1,1,4,1,1,3,5,3,4,1,1,1,1,1,2,2,2,1,1,1,1,3,3,2,2,1,2,2,2,2,3,1,3,1,1,2,2,4,4,4,4,3,3,2,3,3,4,4,4,1,2,2,2,4,4,3,3,3,3,3,3,2,4,3,3,2,2,3,3,1,1,1,1,2,2,1,1,4,4,1,1,1,3,1,3,3,3,3,4,1,2,3,4,2,3,2,3,1,1,2,2
"M145562",3,4,7,6,3,1,1,1,2,1,2,3,1,1,1,1,2,3,1,1,2,1,4,4,4,4,1,1,3,1,3,1,2,1,3,3,3,4,4,4,2,1,2,2,4,4,1,1,1,1,2,4,1,1,3,1,3,3,3,4,2,4,3,4,3,3,1,1,1,1,2,1,4,1,2,2,1,1,3,3,1,1,1,1,3,3,4,1,1,1,1,1,4,4,1,1,1,1,1,1,3,3,3,3,3,3,2,2,1,1,3,1,1,1,1,1,3,3,2,3,1,1,4,1,4,4,4,4,3,1,2,2,2,2,1,1,3,3,2,4,1,1,1,3,3,1,4,4,3,3,2,1,2,1,2,4,1,1,4,2,1,3,1,4,2,2,1,3,1,1,3,3,4,4,2,4,1,3,3,3,2,4,2,1,3,1,3,1,1,3,3,3,1,1,1,1,1,1,1,1,1,1,1,1,1,1,1,1,1,2,1,1,1,2,1,2,1,1,1,2,1,1,1,2,2,1,1,2,1,1,1,1,1,1,1,2,1,1,1,1,1,1,1,2,1,2,1,2,2,1,1,2,1,1,1,1,1,1,1,2,1,2,1,4,2,2,3,3,2,5,3,3,1,2,2,2,5,7,2,2,3,3,4,5,1,2,3,3,3,3,1,1,1,5,2,5,3,3,3,3,2,2,1,2,1,1,1,1,1,1,2,5,2,3,1,1,2,2,3,3,3,3,2,4,1,1,5,5,1,1,1,1,2,3,2,2,3,3,6,6,1,4,1,2,4,4,3,6,3,3,3,3,1,1,4,6,3,3,3,3,2,3,3,3,1,2,2,3,2,3,2,2,3,3,4,4,2,2,3,3,3,3,3,3,2,3,4,5,4,6,1,1,1,2,1,4,4,4,1,1,1,3,1,3,2,3,3,3,1,1,4,4,1,1,2,3,3,4,1,1,1,1,2,2,2,2,1,3,1,2,3,3,1,1,2,3,2,2,2,3,1,1,1,1,2,2,4,4,4,4,3,3,2,2,3,4,4,6,2,2,2,2,4,5,3,3,3,3,2,3,2,3,3,3,2,2,3,3,1,4,1,2,2,5,1,1,4,4,1,1,4,4,3,3,3,3,4,5,1,2,3,5,4,4,2,2,1,1,1,2
"M145563",3,3,6,6,3,3,1,1,1,1,2,3,1,3,1,1,3,3,1,1,2,2,4,4,1,1,1,3,1,1,3,3,2,2,1,1,3,3,4,4,2,2,2,4,4,4,4,1,1,1,2,2,4,1,1,1,3,3,3,4,2,2,4,4,3,3,1,1,2,2,2,1,4,1,2,2,1,3,3,3,1,1,1,3,3,3,1,1,1,1,3,3,4,4,1,1,1,3,1,1,3,3,3,3,3,1,2,2,1,1,3,1,2,2,1,1,1,1,2,3,3,1,1,1,2,4,1,1,3,3,2,2,2,4,1,1,1,1,4,4,0,0,3,3,1,1,4,4,4,4,2,2,2,2,4,4,1,1,4,4,1,1,1,1,2,2,1,3,1,1,3,3,4,4,4,4,3,3,3,3,4,4,2,2,3,3,3,1,1,3,3,3,1,1,1,1,1,1,1,1,1,1,1,1,1,1,1,1,1,1,1,1,2,2,2,2,1,1,2,2,1,1,2,2,2,2,2,2,1,1,1,1,1,1,2,2,1,1,1,1,1,1,1,1,1,1,2,2,1,1,2,2,1,1,1,1,1,1,2,2,2,2,1,2,2,2,3,3,4,5,3,3,2,2,2,2,7,7,2,2,3,3,5,5,1,1,3,3,1,3,1,2,5,5,5,5,3,3,3,3,2,2,1,2,1,1,2,2,1,2,2,2,2,2,1,1,2,2,2,3,2,2,4,4,1,1,5,5,1,1,3,3,2,3,2,2,3,3,5,5,3,4,1,1,4,4,3,3,3,3,3,3,1,1,4,4,3,3,3,3,3,3,1,1,1,3,4,4,1,2,1,2,3,3,4,4,2,2,3,3,3,3,3,3,1,3,4,4,6,6,1,1,1,1,1,1,4,4,1,2,3,3,1,1,3,3,3,3,1,1,5,5,1,1,3,3,4,4,1,1,1,1,1,1,2,2,1,1,2,2,1,1,1,2,2,2,2,2,2,3,1,1,1,1,2,2,4,4,4,5,3,3,2,2,3,4,4,6,2,2,2,2,4,4,1,3,2,3,2,3,2,2,1,3,2,2,3,3,1,1,2,2,2,5,1,1,4,4,1,2,3,4,1,3,3,3,3,5,2,2,4,4,4,4,2,2,1,1,2,2
"M145564",4,4,6,6,3,3,4,4,2,2,2,2,1,1,2,1,2,2,1,1,2,2,4,4,0,0,1,1,1,1,3,1,2,2,3,1,3,3,4,2,2,2,2,4,1,4,1,1,1,1,2,2,4,4,3,1,3,3,3,3,0,0,3,3,0,0,2,2,2,2,2,2,1,1,2,2,1,3,3,1,1,1,1,1,1,3,4,1,1,1,3,3,0,0,1,3,1,3,0,0,3,1,3,4,3,3,2,2,1,1,3,1,2,2,4,4,1,1,2,2,1,1,4,1,2,4,1,4,3,3,2,1,4,4,1,1,3,3,4,4,0,0,3,3,3,1,4,4,4,4,1,1,2,2,4,4,0,0,2,2,1,3,4,4,2,3,3,3,1,1,1,3,4,1,2,4,3,3,3,3,4,4,2,1,3,1,3,3,1,3,3,3,1,2,1,2,1,2,1,2,1,2,1,2,1,1,1,1,1,1,2,2,2,2,2,2,1,1,2,2,1,1,2,2,2,2,2,2,1,1,1,1,1,1,2,2,1,1,1,1,1,1,1,1,1,1,2,2,1,1,2,2,1,1,4,3,2,2,2,2,2,2,2,2,2,2,3,3,5,5,1,3,2,2,2,2,2,5,1,2,3,3,2,5,1,2,3,3,2,3,3,3,1,5,5,5,2,3,3,3,2,2,1,2,1,3,4,4,1,1,2,3,2,2,1,3,2,2,2,2,2,4,2,4,1,1,5,5,1,1,1,4,3,3,2,3,3,3,5,6,4,5,1,2,3,4,1,7,3,3,3,3,1,2,1,1,1,3,3,3,2,2,3,3,2,2,4,4,1,2,1,2,1,3,4,4,2,4,4,4,3,3,3,3,3,3,4,4,6,6,1,1,1,1,1,3,4,4,2,2,3,3,1,3,3,3,3,3,1,1,4,4,1,1,3,3,3,3,1,1,1,2,1,1,2,3,1,1,1,1,3,3,2,2,2,3,2,2,2,3,1,3,1,1,2,2,2,4,4,4,3,3,2,2,4,4,3,3,2,2,2,2,4,4,2,3,1,3,3,3,2,4,3,3,2,2,1,3,1,2,2,2,2,2,1,1,4,4,1,2,1,3,3,3,1,3,3,4,1,3,4,4,2,2,2,2,1,1,1,2
"M145565",3,4,6,6,3,3,4,4,2,2,2,2,1,3,2,2,3,3,1,4,2,1,4,4,4,4,1,3,3,1,3,3,2,1,3,1,3,3,4,2,2,1,2,4,1,4,4,1,3,1,4,4,4,1,3,1,3,4,3,3,2,4,3,4,3,3,2,2,2,2,2,2,4,1,2,2,1,3,3,1,4,1,1,1,3,3,4,1,1,1,1,3,4,4,1,3,1,3,1,1,3,1,3,3,3,3,2,2,4,1,3,3,1,1,1,1,1,1,2,2,1,1,4,1,2,4,1,1,3,1,2,1,2,2,1,1,1,1,2,2,2,1,1,3,3,1,4,4,3,3,1,1,2,2,4,4,1,1,4,4,3,3,1,1,2,2,1,3,1,1,1,3,4,4,4,4,3,3,2,3,4,4,2,1,3,3,3,1,1,1,1,1,1,1,1,1,1,1,1,1,1,1,1,1,1,2,1,1,1,2,1,1,1,1,1,1,1,1,1,1,1,1,1,1,1,1,1,1,1,1,1,1,1,1,2,2,1,1,1,1,1,1,1,1,1,1,2,2,1,1,2,2,1,1,4,2,1,1,2,2,2,2,1,4,2,2,3,3,5,5,1,2,2,2,2,2,1,2,1,2,3,3,2,5,1,1,1,3,1,3,1,2,1,5,5,5,2,3,3,3,2,2,1,1,1,3,1,2,1,1,2,5,2,2,1,1,2,2,3,3,3,4,4,4,1,1,5,5,1,1,1,3,2,3,2,3,3,3,5,6,5,5,1,2,3,4,7,7,3,3,3,3,1,1,1,6,3,3,1,3,3,3,1,3,1,1,3,4,2,2,2,2,3,3,4,4,2,5,3,4,2,3,3,3,3,3,4,4,2,6,1,1,2,2,1,1,4,4,2,2,3,3,1,1,3,3,3,3,1,1,4,4,1,1,3,3,1,1,1,3,1,1,1,1,2,3,1,1,1,2,1,2,2,2,2,3,2,2,2,4,1,1,3,3,2,2,4,4,4,4,3,4,3,3,3,3,4,4,1,2,1,1,4,5,1,3,3,3,3,4,2,3,3,3,2,2,3,3,1,2,2,2,2,2,1,1,2,4,1,2,1,4,3,3,4,5,4,4,1,3,4,4,4,4,2,3,1,1,2,2
"M145566",4,4,7,6,3,3,4,1,2,2,2,2,1,1,2,1,2,2,1,1,2,2,4,4,1,4,1,3,1,1,3,1,2,1,3,3,3,3,4,4,1,1,2,2,4,4,1,1,0,0,2,4,1,1,3,3,3,4,3,3,2,4,3,3,1,3,2,2,2,2,2,2,1,1,2,2,1,1,3,1,4,4,1,1,1,3,4,1,1,1,3,3,2,4,3,3,3,3,1,1,3,3,3,3,3,3,2,2,4,4,3,1,1,1,1,1,1,1,2,3,1,1,1,1,4,4,1,4,3,1,2,1,4,4,1,1,1,1,2,4,2,1,1,1,3,1,4,4,3,4,2,1,2,2,2,4,2,1,4,4,3,3,1,1,2,3,1,1,1,1,1,3,4,4,4,4,3,3,2,3,4,4,2,2,3,3,3,1,1,3,1,3,1,2,1,2,1,2,1,2,1,2,1,1,1,2,1,1,1,2,1,2,1,2,1,2,1,1,1,2,1,1,2,2,2,1,1,2,1,1,1,1,1,1,2,2,1,1,1,1,1,1,1,1,1,1,2,2,1,1,2,2,1,1,3,2,1,1,2,2,2,2,1,2,2,2,3,3,5,5,3,3,1,2,2,3,1,2,1,2,3,3,2,3,1,2,3,3,3,3,2,3,5,5,5,5,2,2,3,3,2,2,1,2,1,1,2,5,1,1,2,2,2,2,1,1,2,2,3,3,2,3,2,4,1,3,5,5,1,2,1,3,2,3,3,3,3,3,5,5,4,4,1,2,4,4,7,7,2,3,3,3,1,2,1,6,3,3,1,3,2,2,1,3,2,3,3,4,2,2,2,2,1,3,3,4,1,2,3,4,3,3,2,3,1,3,2,4,2,4,1,2,1,2,1,5,3,4,2,2,3,4,1,1,2,3,3,3,1,1,1,4,1,1,3,3,1,3,1,3,1,2,1,1,2,3,1,1,1,1,2,3,2,2,2,2,2,2,2,2,1,1,1,1,2,2,2,4,4,4,3,4,2,2,3,3,4,4,1,2,2,2,4,4,1,3,3,3,3,3,2,3,3,3,2,2,3,3,1,4,2,2,2,2,1,1,4,4,1,2,4,4,1,3,1,5,3,4,1,2,4,4,4,4,2,3,1,1,2,2
"M145567",4,4,7,6,3,1,1,1,2,1,2,2,1,3,2,1,2,2,1,4,2,2,4,4,1,1,1,1,1,1,1,1,2,1,3,1,3,4,4,2,1,1,2,2,4,4,1,1,3,1,2,2,1,1,3,1,4,4,4,4,0,0,3,4,3,3,2,1,2,2,2,1,4,4,2,2,1,1,3,1,4,4,1,3,1,3,4,4,2,1,3,3,4,4,1,3,1,3,1,1,3,3,3,4,3,1,2,2,4,4,3,1,2,2,4,1,3,3,2,3,3,3,4,1,4,4,1,4,3,1,1,1,4,4,1,1,1,3,2,2,2,1,1,3,1,1,4,4,4,4,2,1,1,1,4,4,1,1,4,4,1,3,1,1,2,2,3,3,1,3,1,3,4,4,2,4,1,3,2,2,4,4,2,2,3,1,3,1,1,1,0,0,1,1,1,1,1,1,1,1,1,1,1,1,1,1,1,1,2,2,1,1,1,1,1,1,1,1,1,1,1,1,1,1,1,1,1,1,1,1,1,1,1,1,1,2,1,1,1,1,1,1,1,1,1,1,2,2,1,1,2,2,1,1,2,2,2,1,2,2,2,2,2,3,2,2,0,0,5,5,3,3,2,2,2,2,1,7,2,2,3,3,1,2,1,2,3,3,3,3,3,3,1,1,2,5,1,3,3,3,2,2,1,1,1,1,1,2,1,2,2,2,2,2,1,3,2,2,3,3,2,3,3,4,1,1,5,5,1,2,1,3,3,3,2,2,3,3,6,6,4,5,1,2,4,4,7,7,3,3,3,3,1,1,1,2,3,3,3,3,2,2,1,3,3,3,4,4,2,2,1,2,3,3,4,4,2,2,3,4,1,1,3,3,3,3,1,2,4,4,1,2,1,1,1,5,4,4,1,2,1,3,1,1,2,3,3,3,1,1,4,4,1,1,3,3,3,3,1,1,1,1,1,1,2,2,1,1,1,1,1,3,2,2,1,5,2,2,2,3,1,1,1,3,2,2,4,4,4,5,3,3,2,3,3,3,3,4,2,2,2,2,4,4,3,3,3,3,2,3,2,4,3,3,2,2,3,3,1,2,1,2,2,2,1,1,3,4,1,1,3,4,1,3,3,3,4,5,1,1,4,5,3,4,2,4,1,1,2,2
"M145568",4,4,6,6,3,3,4,4,2,1,2,2,1,1,2,2,3,3,1,1,2,2,4,4,1,4,1,1,1,1,3,1,1,1,1,1,3,4,4,2,1,1,2,4,1,4,1,1,1,1,2,4,4,4,3,1,3,4,3,3,0,0,3,4,3,3,2,1,2,1,2,2,1,1,2,2,3,3,3,1,1,1,1,3,3,3,1,1,1,1,3,3,4,4,1,3,3,3,3,1,3,3,3,4,3,3,2,2,4,1,3,1,1,1,4,1,1,3,2,3,3,1,4,1,2,2,4,4,3,3,2,1,4,4,1,1,1,3,4,4,2,1,1,3,1,1,4,4,3,4,2,1,2,2,4,4,1,1,2,2,3,3,1,1,2,3,1,3,1,3,1,3,4,4,2,4,3,3,3,3,4,4,2,2,3,1,3,1,1,1,3,3,1,1,1,1,1,1,1,1,1,1,1,1,1,1,1,1,2,2,1,1,1,1,1,1,1,1,1,1,1,1,1,1,1,1,1,1,1,1,1,1,1,1,2,2,1,1,1,1,1,1,1,1,1,1,2,2,1,1,2,2,1,1,4,3,1,1,2,2,2,2,4,4,2,3,2,3,5,5,3,3,2,2,2,3,1,7,1,2,3,3,2,5,1,2,3,3,3,3,1,2,1,4,2,2,3,3,1,1,2,2,1,2,1,1,1,2,2,2,2,5,2,2,1,3,2,2,2,2,3,4,4,4,1,1,5,5,1,2,1,1,3,3,2,2,2,3,5,6,1,5,2,3,4,4,7,7,3,3,3,3,1,1,1,2,3,3,1,3,2,2,1,3,3,3,3,4,2,3,2,2,1,1,4,4,2,5,3,4,1,3,3,3,3,3,1,5,1,4,1,2,1,2,3,5,1,4,1,1,1,2,1,1,2,3,1,1,1,1,4,4,1,1,3,3,3,3,1,1,1,1,1,1,2,2,1,2,1,1,3,3,1,2,2,3,2,2,3,3,1,1,1,2,2,2,3,4,4,4,3,3,2,2,3,4,3,4,2,2,1,2,4,5,3,3,3,3,2,2,2,2,3,3,2,2,3,3,2,2,2,2,2,2,1,1,4,4,2,2,3,4,2,3,1,5,3,4,1,2,5,5,4,4,2,2,1,1,1,2
"M145569",4,4,6,6,3,3,4,1,2,2,2,3,1,1,2,1,2,3,1,4,2,2,4,4,0,0,1,3,3,1,3,1,2,1,3,3,3,3,4,4,1,1,2,2,1,4,4,4,1,1,4,4,4,1,3,3,3,4,3,3,2,4,4,4,1,1,2,2,2,2,2,1,4,1,2,2,1,3,3,3,4,1,1,3,1,3,1,1,1,1,1,3,2,2,1,3,3,3,1,1,3,1,4,4,3,3,2,2,4,1,3,3,1,1,4,4,1,3,2,3,1,1,4,1,2,4,1,4,3,3,1,1,2,4,1,1,3,3,2,4,2,1,1,1,3,1,4,2,3,4,2,2,2,2,2,4,1,1,4,4,3,3,1,1,2,3,1,1,1,1,1,3,4,4,4,4,1,3,3,3,2,4,2,1,3,3,3,3,1,3,3,3,2,2,2,2,2,2,2,2,2,2,1,1,1,1,1,1,1,1,1,1,1,2,1,2,1,1,1,2,1,1,1,2,2,1,1,2,1,1,1,1,1,1,2,2,1,1,1,1,1,1,1,1,1,1,2,2,1,1,2,2,1,1,2,2,1,1,2,2,2,2,4,4,2,2,3,4,4,5,3,3,1,2,3,3,2,7,1,1,3,5,2,5,1,1,3,3,2,3,1,3,1,1,3,5,3,3,2,3,2,2,1,2,1,1,2,2,1,2,2,2,1,2,1,3,2,2,2,2,3,4,4,4,1,1,2,5,1,2,3,4,3,3,2,2,2,3,5,6,1,4,2,3,4,4,1,1,3,3,2,3,1,1,1,1,3,3,3,3,2,2,1,4,2,2,2,4,2,2,1,2,3,4,3,4,2,4,3,3,1,3,3,3,1,3,3,4,2,6,1,1,1,2,1,3,3,4,2,2,2,3,1,3,3,3,3,3,1,1,4,4,1,1,3,3,1,3,1,1,2,2,1,1,2,2,1,2,1,1,3,3,2,2,1,2,2,2,2,3,1,1,3,3,2,2,2,2,1,4,2,3,2,2,3,3,4,6,1,2,1,2,4,4,1,3,1,3,3,3,2,2,1,3,2,2,1,1,1,3,2,2,2,4,1,2,4,4,1,1,1,4,3,3,3,4,3,3,1,2,3,4,2,2,2,2,1,1,2,2
"M145570",4,4,7,6,3,3,4,4,2,2,2,2,1,3,1,1,3,3,1,1,2,2,4,4,4,4,1,3,3,1,3,1,1,1,0,0,3,3,4,2,2,1,2,4,4,4,1,1,1,1,2,4,4,1,3,3,3,3,3,4,2,4,3,4,1,3,2,1,2,2,2,2,1,1,2,2,1,1,3,3,1,1,1,1,1,3,4,4,1,1,3,3,2,4,3,3,1,3,1,1,3,1,3,4,3,1,2,2,4,1,3,3,1,1,4,4,1,1,2,3,1,1,4,1,4,4,1,4,3,1,2,2,2,4,1,1,1,3,2,2,2,1,1,1,1,1,4,4,3,4,1,1,2,2,2,4,1,1,4,4,3,3,1,1,2,3,1,1,1,1,1,1,4,4,4,4,3,3,2,3,4,4,2,2,3,3,3,3,1,1,1,3,1,2,1,2,1,2,1,2,1,2,1,1,1,1,1,1,1,2,2,2,1,2,1,2,1,1,1,2,1,1,1,2,2,1,1,2,1,1,1,1,1,1,2,2,1,1,1,1,1,1,1,1,1,1,2,2,1,1,2,2,1,1,3,2,2,1,2,2,2,2,1,4,2,2,3,3,5,5,1,3,1,2,2,3,2,2,2,2,3,3,2,5,1,1,3,3,3,3,2,3,1,5,3,5,2,2,2,3,2,2,1,1,1,1,1,2,1,2,2,2,2,2,1,3,2,2,2,3,3,3,4,4,1,1,5,5,1,1,1,3,2,2,2,3,2,3,5,5,4,5,2,2,3,3,4,7,2,3,3,3,1,1,1,6,3,3,3,3,3,3,1,3,2,2,4,4,2,2,2,2,3,3,3,4,1,5,3,3,2,2,2,3,1,3,2,4,2,4,1,2,1,2,1,1,4,4,1,2,1,3,1,1,3,3,3,3,1,1,4,4,1,1,3,3,3,3,3,3,1,2,1,1,2,3,1,1,1,2,1,2,2,2,2,2,2,2,3,4,1,2,1,3,2,2,2,4,4,4,3,3,2,2,3,3,3,4,1,2,1,2,4,5,3,3,3,3,3,3,4,4,3,3,2,2,3,3,1,4,2,2,2,2,1,1,4,4,1,2,4,4,2,3,5,5,2,4,1,2,4,4,3,4,2,2,1,1,1,2
"M145571",3,4,6,6,3,1,4,4,2,2,2,2,1,1,2,2,2,3,1,1,2,1,4,4,4,4,1,1,1,1,3,1,1,1,3,1,3,3,4,4,1,1,2,2,1,4,4,1,3,3,4,4,4,1,3,3,3,3,3,3,2,2,3,4,3,3,2,2,2,2,2,2,4,1,2,2,1,3,3,3,1,1,1,3,3,3,4,1,1,1,1,3,4,4,1,3,1,3,1,1,3,1,3,4,1,1,2,2,4,1,3,3,2,1,4,1,1,1,2,2,1,1,4,1,2,4,1,4,1,1,2,1,2,2,1,1,3,3,2,2,2,1,1,3,1,1,4,4,3,3,1,1,2,2,2,4,1,1,4,4,1,3,1,1,2,2,1,1,1,1,1,3,4,4,4,4,3,3,2,3,4,4,2,1,3,3,3,1,1,3,1,1,1,1,1,1,1,1,1,2,1,1,1,1,1,2,1,1,1,2,1,1,1,1,1,1,1,1,1,1,1,1,1,2,1,1,1,1,1,1,1,1,1,1,2,2,1,1,1,1,1,1,1,1,1,1,2,2,1,1,2,2,1,1,1,4,1,1,2,2,2,2,1,2,2,2,3,3,5,5,2,3,1,2,2,3,2,2,2,2,3,3,2,2,1,1,1,3,1,3,1,2,1,5,5,5,2,3,3,3,2,2,1,1,1,1,1,1,1,1,2,5,2,2,1,1,2,2,3,3,2,4,4,4,1,1,3,5,1,1,1,3,2,3,2,3,3,3,5,6,4,5,2,3,3,4,7,7,3,3,3,3,1,1,1,6,3,3,1,3,3,3,1,3,2,2,3,4,2,3,2,2,3,3,4,4,2,5,3,4,1,3,2,3,3,3,4,4,2,6,1,1,2,2,1,5,4,4,1,2,3,3,1,1,3,3,3,3,1,1,4,5,1,1,3,3,1,3,1,3,1,1,1,1,2,3,1,3,1,2,2,3,2,2,2,5,2,2,2,4,1,1,1,1,2,2,4,4,4,4,3,4,3,3,3,3,4,4,1,2,2,2,2,5,3,3,3,3,3,3,2,4,1,3,2,3,3,3,1,2,2,2,2,2,1,1,2,4,1,2,1,4,2,3,1,4,4,4,3,3,4,4,4,4,2,2,1,1,2,2
"M145572",3,4,7,6,3,1,4,4,2,2,2,2,1,3,2,2,2,2,1,4,2,1,4,4,4,4,1,3,3,1,3,1,2,1,3,3,3,3,4,2,2,1,2,4,1,4,4,1,3,3,2,4,4,1,3,3,3,3,3,3,2,4,3,4,3,3,2,2,2,2,2,2,4,1,2,2,1,3,3,3,4,1,1,1,3,3,4,1,1,1,1,3,4,4,1,3,1,3,1,1,3,1,3,4,1,1,2,2,4,1,3,3,2,1,4,1,1,1,2,2,1,1,4,1,2,4,4,4,3,1,2,1,2,4,1,1,3,3,2,2,0,0,3,3,1,1,4,4,3,3,1,1,2,2,4,4,1,1,4,4,1,3,1,1,2,2,1,3,1,1,1,3,4,4,4,4,3,3,2,3,4,4,2,1,3,3,3,1,3,3,1,3,1,1,1,1,1,1,1,1,1,1,1,1,2,2,1,1,1,2,1,1,1,1,1,1,1,1,1,1,1,1,1,2,1,1,1,1,1,1,1,1,1,1,2,2,1,1,1,1,1,1,1,1,1,1,2,2,1,1,2,2,1,1,2,2,1,1,2,2,2,2,1,2,2,2,3,3,5,5,3,3,2,2,2,2,1,2,2,2,3,3,2,5,1,1,1,3,3,3,1,3,1,5,5,5,2,3,3,3,2,2,1,2,1,1,1,2,1,1,2,5,2,2,1,3,2,2,3,3,3,3,4,4,1,1,3,5,1,1,1,3,2,3,2,3,3,3,5,6,5,5,2,3,3,4,7,7,3,3,3,3,1,1,1,6,3,3,3,3,3,3,1,3,1,1,3,4,2,3,2,2,3,3,4,4,2,5,3,4,2,3,2,3,3,3,4,7,2,4,1,1,1,2,1,1,4,4,2,2,3,3,1,1,3,3,3,3,1,1,4,5,1,1,3,3,1,1,1,3,1,1,1,1,2,3,1,3,1,2,1,2,2,2,2,5,2,2,2,2,1,1,3,3,2,2,4,4,4,4,3,4,3,3,3,3,4,4,2,2,1,1,2,5,1,3,3,3,3,4,2,2,3,3,2,3,3,3,1,2,2,2,2,2,1,1,2,4,1,1,1,4,2,3,4,5,3,4,1,2,4,4,4,4,2,2,1,1,1,2
"M145573",3,4,7,6,3,1,4,1,2,2,2,3,1,3,2,1,0,0,1,1,2,2,4,4,4,4,3,3,1,1,3,1,2,1,3,3,3,3,4,2,2,1,2,4,4,4,1,1,0,0,2,4,4,1,3,3,3,4,3,3,2,4,3,4,1,1,2,1,2,2,2,1,1,1,0,0,1,1,3,3,1,1,1,3,3,3,1,1,1,1,1,3,2,2,1,3,1,3,1,1,3,1,3,3,3,3,2,2,4,1,1,1,2,2,4,1,3,3,2,3,3,1,1,1,2,4,1,4,3,1,2,1,2,4,1,1,3,3,2,4,1,1,3,3,3,1,4,4,3,4,2,2,2,2,4,4,2,1,4,4,1,1,1,1,2,3,1,3,1,1,3,3,4,4,2,4,3,3,3,3,2,4,2,1,3,1,3,3,1,3,1,1,2,2,2,2,2,2,2,2,2,2,1,1,1,1,1,1,1,2,1,1,1,2,1,2,1,1,1,2,1,1,1,2,2,1,1,2,1,1,1,1,1,1,1,2,1,1,1,1,1,1,1,2,1,2,1,2,2,1,1,2,1,1,1,1,1,1,1,2,1,2,2,4,2,2,3,3,4,4,3,3,2,2,2,2,1,7,2,2,3,3,5,5,1,1,3,3,1,3,1,1,1,5,5,5,3,3,3,3,2,2,1,2,1,1,2,5,2,2,2,2,2,2,1,3,2,2,3,3,3,3,2,4,1,2,5,5,1,2,3,4,2,3,2,2,3,3,5,5,4,4,1,2,4,4,1,1,2,3,2,3,1,1,1,4,3,3,3,3,0,0,1,3,2,3,4,4,1,2,1,2,1,1,2,4,1,2,3,3,3,3,3,3,2,2,4,5,4,6,1,1,1,2,1,1,4,4,1,1,1,3,3,3,2,3,1,3,1,1,4,4,1,1,3,5,3,4,1,3,2,2,1,2,2,2,1,3,1,2,3,3,1,2,2,3,2,2,2,4,1,1,1,1,2,2,2,2,4,4,3,4,2,2,3,5,4,6,2,2,2,2,4,4,1,3,3,3,2,2,2,3,3,3,2,2,1,1,1,1,2,2,2,2,1,1,2,4,1,1,1,4,1,3,1,4,4,5,1,2,4,4,4,4,2,3,1,1,2,2
"M145574",3,4,6,6,3,1,4,4,2,2,2,2,1,1,2,1,2,2,1,1,2,2,4,4,4,4,1,3,3,1,1,1,1,1,0,0,3,3,4,2,2,2,2,4,1,4,1,1,3,1,2,4,4,1,3,3,3,3,3,3,2,4,3,4,1,3,2,1,2,1,2,2,1,1,2,2,1,1,3,1,4,1,1,1,1,3,4,1,1,1,3,3,2,4,3,3,1,3,1,1,3,1,3,4,3,1,2,2,4,1,3,3,1,1,4,4,1,1,2,3,1,1,4,1,2,4,1,4,3,1,1,1,2,4,1,1,1,3,2,4,0,0,1,1,3,1,4,4,3,4,2,1,2,2,2,4,1,1,4,4,3,3,1,4,2,3,1,1,1,3,1,3,4,4,4,4,3,3,2,2,4,4,2,1,3,3,3,1,1,1,1,1,1,2,1,2,1,2,1,2,1,2,1,2,1,1,1,1,1,1,1,1,1,2,1,2,1,1,1,2,1,1,2,2,2,1,1,2,1,1,1,1,1,1,2,2,1,1,1,1,1,1,1,1,1,1,2,2,1,1,2,2,1,1,1,3,2,1,2,2,2,2,1,4,2,2,3,3,5,5,3,3,1,2,2,3,2,2,1,2,3,3,2,5,1,1,2,3,3,3,2,3,1,5,3,5,2,2,2,3,2,2,1,1,1,1,1,2,1,1,2,2,2,2,1,3,2,2,2,3,2,3,4,4,1,1,5,5,1,1,1,3,2,3,3,3,3,3,5,6,4,5,2,2,3,3,4,7,3,3,3,3,1,1,1,6,3,3,3,3,2,3,1,3,2,2,4,4,2,2,2,2,3,3,3,4,5,5,3,3,2,3,2,3,3,3,1,4,2,6,1,1,1,2,1,1,4,4,1,2,1,3,1,1,3,3,3,3,1,1,4,4,1,1,3,3,1,3,1,3,1,2,1,1,2,3,1,1,1,2,1,2,2,2,2,2,2,2,2,3,1,2,1,3,2,2,2,4,4,4,3,3,2,2,3,3,3,4,2,2,1,2,4,5,1,3,3,3,3,4,2,4,3,3,2,2,3,3,1,1,2,2,2,2,1,1,2,4,2,2,4,4,3,3,5,5,2,4,2,3,4,4,3,4,2,3,1,1,2,2
"M145575",0,0,7,6,3,1,4,4,2,1,0,0,0,0,2,1,2,3,1,1,2,2,4,4,1,4,0,0,3,1,3,1,0,0,3,1,3,4,0,0,2,1,0,0,1,4,4,1,3,1,0,0,0,0,3,1,0,0,3,3,0,0,0,0,0,0,0,0,2,1,0,0,1,1,0,0,1,1,3,3,1,1,1,1,1,3,4,1,1,1,0,0,0,0,3,3,0,0,1,1,0,0,0,0,3,1,2,2,0,0,0,0,2,1,0,0,1,3,2,3,1,1,4,1,0,0,4,4,0,0,2,1,0,0,1,1,3,3,2,4,1,1,3,3,0,0,4,4,3,4,2,1,2,1,2,4,2,2,4,4,1,3,1,1,0,0,1,3,1,1,1,3,4,4,0,0,3,3,0,0,0,0,2,1,3,3,3,3,1,3,1,3,1,1,1,1,1,1,1,1,1,1,1,1,1,1,1,1,2,2,1,2,1,2,1,2,1,1,1,2,1,1,1,2,2,1,1,2,1,1,1,1,1,1,2,2,1,1,1,1,1,1,1,1,1,1,2,2,1,1,2,2,1,1,3,2,2,1,2,2,2,2,1,1,2,2,3,3,5,5,3,3,1,2,2,2,2,2,1,2,4,5,4,5,1,1,3,3,3,3,3,3,1,5,2,5,2,2,3,3,2,2,1,1,1,1,1,2,1,1,2,2,2,2,1,2,2,2,2,2,3,3,4,4,1,1,5,5,1,1,1,1,2,3,3,3,3,3,5,6,4,4,2,3,4,4,7,7,3,3,3,3,1,2,1,6,3,3,3,3,2,3,1,3,2,2,3,4,2,3,2,2,3,3,4,4,5,5,3,3,1,3,2,3,3,3,2,2,4,6,1,2,2,2,1,3,1,4,2,2,1,1,1,3,3,3,1,3,1,1,4,4,1,2,2,3,1,3,1,3,1,1,1,1,2,2,1,1,1,1,1,3,2,2,2,2,2,2,3,3,1,2,1,3,2,2,3,4,4,4,3,3,2,3,3,3,2,4,2,2,2,2,4,4,3,3,1,3,3,3,3,4,3,3,2,2,3,3,3,4,1,2,2,2,1,1,1,4,1,2,4,4,2,2,1,5,4,5,1,3,4,5,2,3,2,3,1,1,2,2
"M145576",3,4,7,6,3,3,1,1,2,2,2,2,3,3,2,1,2,2,1,1,2,2,4,4,1,1,1,3,3,1,3,1,2,1,3,1,3,4,2,2,1,1,2,4,4,4,1,1,1,1,2,2,4,4,1,1,4,4,3,4,2,4,3,4,3,3,2,2,2,2,2,2,4,1,2,2,1,3,3,1,4,1,1,1,1,1,4,4,1,1,3,3,4,4,1,3,1,3,1,1,3,3,3,4,1,1,2,2,4,1,1,1,2,2,4,1,1,3,3,3,3,3,4,1,4,4,4,4,3,1,1,1,4,4,2,1,1,3,2,4,2,1,1,3,3,3,4,4,4,4,1,1,1,1,4,4,1,1,4,4,3,3,1,1,2,2,1,1,1,3,1,3,4,4,4,4,1,3,2,3,4,4,2,1,3,1,3,1,1,1,3,3,1,1,1,1,1,1,1,1,1,1,1,1,1,1,1,1,2,2,2,2,1,2,2,2,1,1,1,2,1,1,1,2,2,1,1,2,1,1,1,1,1,1,2,2,1,1,1,1,1,1,1,1,1,1,2,2,1,1,2,2,1,1,3,2,2,2,2,2,2,2,2,4,1,2,3,3,5,5,3,3,2,2,2,3,2,5,2,2,3,3,2,5,1,1,3,3,3,3,1,3,1,5,5,5,3,3,3,3,2,2,1,2,1,1,1,2,2,2,2,5,2,2,1,3,2,2,3,3,2,2,4,4,1,1,5,5,1,2,1,3,2,3,2,3,3,3,5,6,4,4,2,3,4,4,7,7,3,3,3,3,1,1,1,2,3,3,3,3,2,3,3,4,2,3,3,3,1,3,1,2,3,3,4,4,2,2,3,4,1,1,3,3,1,3,2,4,4,4,1,2,1,2,1,1,4,4,1,2,3,5,1,1,3,3,3,3,1,1,4,4,1,2,3,3,1,4,1,3,1,1,2,2,2,2,1,1,1,1,1,3,2,2,1,2,2,2,2,2,1,1,1,1,2,2,4,4,4,5,3,3,2,3,3,3,4,6,2,2,2,2,4,4,3,3,3,3,3,3,2,4,3,3,2,2,3,3,1,1,1,2,2,2,1,1,2,4,1,2,1,4,1,3,3,3,4,4,1,1,4,5,3,4,2,2,1,1,2,2
"M145577",3,4,6,6,3,1,4,1,2,2,2,3,3,3,1,1,2,3,1,4,2,2,4,4,1,1,1,1,1,1,3,1,1,1,1,1,3,4,4,4,1,1,2,2,4,4,1,1,1,1,2,4,4,1,3,3,3,4,4,4,2,4,3,4,1,3,1,1,2,1,2,2,4,1,2,2,1,1,3,1,4,1,1,3,3,3,1,1,1,1,3,3,2,4,1,1,1,3,1,1,3,3,3,4,3,3,2,2,1,1,1,1,1,1,4,1,1,3,2,2,3,1,4,1,4,4,1,4,3,1,2,1,2,4,1,1,1,3,2,4,1,1,3,3,1,1,4,4,3,4,2,2,2,1,4,4,1,1,4,2,1,3,1,1,2,3,1,3,1,1,1,3,4,4,2,4,3,3,2,3,2,4,2,1,3,1,3,1,3,3,3,3,0,0,0,0,0,0,0,0,0,0,0,0,1,1,0,0,1,2,1,2,0,0,1,1,1,1,1,2,1,1,1,1,0,0,1,1,1,1,1,1,0,0,2,2,0,0,0,0,0,0,0,0,0,0,2,2,0,0,0,0,1,1,0,0,1,1,2,2,0,0,0,0,2,2,0,0,0,0,0,0,0,0,0,0,0,0,2,2,0,0,0,0,0,0,0,0,0,0,0,0,0,0,0,0,0,0,0,0,0,0,0,0,0,0,0,0,0,0,0,0,0,0,0,0,0,0,0,0,0,0,0,0,0,0,0,0,0,0,1,1,0,0,0,0,0,0,0,0,0,0,0,0,0,0,0,0,3,3,0,0,0,0,0,0,0,0,0,0,0,0,0,0,0,0,0,0,0,0,0,0,0,0,0,0,0,0,0,0,0,0,0,0,0,0,0,0,0,0,0,0,0,0,0,0,0,0,0,0,0,0,0,0,0,0,0,0,0,0,0,0,1,1,0,0,0,0,0,0,0,0,0,0,0,0,0,0,0,0,0,0,0,0,0,0,0,0,0,0,0,0,1,1,0,0,0,0,0,0,0,0,0,0,0,0,0,0,0,0,0,0,0,0,0,0,0,0,0,0,0,0,0,0,0,0,0,0,0,0,0,0,0,0,0,0,0,0,0,0,3,3,0,0,0,0,0,0,0,0,0,0,0,0,0,0,0,0,0,0
"M145578",3,4,6,6,3,3,4,4,2,2,2,2,1,3,2,2,2,2,1,4,2,1,4,4,4,4,1,3,3,1,3,3,2,1,3,1,3,3,4,4,1,1,2,4,1,4,1,1,3,3,2,2,1,1,3,1,3,3,3,3,2,4,3,4,3,3,2,2,2,2,2,2,1,1,2,2,1,3,3,1,4,1,1,1,3,3,4,1,1,1,1,3,4,4,1,3,1,3,1,1,3,3,3,4,1,1,2,2,4,1,3,1,2,1,1,1,1,1,2,2,1,1,4,1,2,4,1,4,3,1,2,1,2,4,1,1,1,3,2,2,2,1,1,3,3,1,4,4,3,4,1,1,2,2,4,4,1,1,4,4,3,3,1,1,2,2,1,3,1,1,1,3,4,4,4,4,3,3,3,3,4,4,2,1,3,3,3,1,1,1,3,3,1,1,1,1,1,1,1,2,1,1,1,1,1,2,1,1,1,2,1,1,1,2,1,2,1,1,1,2,1,1,2,2,2,1,1,2,1,1,1,1,1,1,2,2,1,1,1,1,1,1,1,1,1,1,2,2,1,1,2,2,1,1,4,2,1,1,2,2,2,2,1,4,2,2,3,3,5,5,3,3,2,2,2,2,1,2,1,2,3,3,2,2,1,1,1,3,1,3,2,2,1,5,5,5,2,3,3,3,2,2,1,1,1,3,1,2,1,2,2,5,2,2,3,3,2,2,3,3,3,4,4,4,1,3,5,5,1,1,1,3,2,3,2,3,3,3,5,5,5,5,1,2,3,4,7,7,2,3,3,3,1,1,1,6,3,3,3,3,2,3,1,1,1,2,3,4,2,3,2,2,3,3,4,4,2,5,3,4,1,3,3,3,1,3,4,4,2,6,1,1,1,2,1,5,4,4,2,2,3,3,1,1,3,3,3,3,1,1,4,4,1,1,3,3,1,1,1,3,1,1,1,1,2,3,1,3,1,1,1,3,2,2,2,5,2,2,2,2,1,2,1,3,2,2,4,4,4,4,3,4,3,3,3,3,4,4,2,2,2,2,4,5,3,3,3,3,3,4,2,2,3,3,2,2,3,3,1,2,2,2,2,2,1,1,2,4,1,2,1,4,3,3,1,4,4,4,1,3,4,4,4,4,2,2,1,1,1,2
"M145579",4,4,6,6,3,1,4,1,2,2,2,3,1,1,2,1,2,3,1,1,2,2,4,4,1,1,1,1,1,1,3,1,2,1,3,1,4,4,4,2,2,1,2,2,4,4,4,1,1,1,2,4,4,1,1,1,3,3,3,3,2,2,3,3,3,3,1,1,2,2,2,2,1,1,2,2,1,3,3,1,1,1,1,1,3,3,1,1,1,1,1,3,4,4,1,3,3,3,1,1,3,1,3,4,3,1,2,2,0,0,3,1,1,1,1,1,1,3,2,2,1,1,4,4,4,4,4,4,3,3,1,1,4,4,2,1,1,1,2,4,2,1,3,3,3,1,4,4,3,4,2,1,2,2,4,4,1,1,4,4,3,3,1,1,2,3,3,3,3,3,1,3,4,4,2,4,1,3,2,3,2,2,1,1,3,1,1,1,1,1,1,3,1,1,1,1,1,1,1,2,1,1,1,2,1,1,1,1,1,2,1,2,1,1,1,1,1,1,1,1,1,1,1,1,1,1,1,1,1,1,1,1,1,1,2,2,1,1,1,1,1,1,1,1,1,1,2,2,1,1,2,2,1,1,2,2,2,2,2,2,2,2,3,3,2,3,3,3,4,5,3,3,2,2,2,2,1,7,1,2,3,3,3,5,1,1,3,3,3,3,2,3,1,5,2,2,3,3,3,3,2,2,2,2,1,2,1,4,1,2,2,3,2,2,1,1,2,2,2,3,3,4,2,4,1,1,5,5,1,1,4,4,2,3,3,3,3,3,5,6,4,5,1,3,4,4,7,7,3,3,3,3,1,1,1,4,3,3,3,3,3,3,1,1,2,3,2,2,2,2,1,1,1,1,4,4,2,4,3,4,1,1,3,3,1,1,4,5,1,6,1,1,1,1,3,4,4,4,2,2,1,1,1,3,2,3,1,3,1,1,4,4,1,1,1,3,1,3,1,1,1,1,1,1,2,2,1,1,1,1,3,3,2,2,2,2,2,2,2,3,1,1,1,2,2,2,4,4,1,4,3,3,2,3,3,3,4,4,1,2,2,2,4,4,1,1,2,3,3,3,2,3,3,3,2,2,3,3,1,1,2,2,2,2,1,3,4,4,2,2,2,4,2,3,3,5,4,4,1,2,4,4,2,3,2,2,1,1,2,2
"M145580",3,4,6,6,3,1,4,4,2,2,2,2,1,1,2,2,2,2,1,1,2,2,4,4,1,4,1,1,3,1,3,1,2,1,1,1,3,3,4,4,2,1,2,2,1,4,4,1,3,3,2,2,4,4,3,1,3,4,3,3,2,2,3,4,3,3,2,2,2,2,2,2,1,1,2,2,1,3,3,1,4,4,1,1,1,3,4,4,1,1,3,3,4,4,3,3,3,3,3,1,3,1,3,3,3,1,2,2,4,1,3,3,1,1,4,4,1,1,2,3,1,1,4,1,4,4,1,1,3,1,2,1,2,4,1,1,1,3,2,4,2,1,3,3,3,1,4,4,3,4,2,1,2,2,4,4,2,1,4,4,3,3,1,1,2,2,1,1,1,1,1,3,4,4,4,4,3,3,2,3,4,4,2,2,3,3,3,1,1,3,1,3,1,1,1,1,1,1,1,2,1,1,1,2,1,1,1,1,1,2,1,2,1,1,1,1,1,1,1,1,1,1,1,2,1,1,1,1,1,1,1,1,1,1,2,2,1,1,1,1,1,1,1,1,1,1,2,2,1,1,2,2,1,1,2,2,2,1,2,2,2,2,1,4,1,2,3,3,5,5,1,2,2,2,2,2,1,2,2,2,3,3,2,2,1,1,3,3,1,3,2,3,5,5,5,5,2,3,1,3,2,2,1,1,1,3,1,2,1,1,2,2,2,2,1,1,2,2,2,3,2,3,2,4,1,1,5,5,1,1,1,3,2,3,2,3,3,3,5,5,4,4,2,2,3,4,7,7,3,4,3,3,1,1,1,6,3,3,1,3,2,3,1,3,2,2,3,4,2,2,1,2,3,3,4,4,2,5,3,3,1,2,2,3,1,3,4,4,1,2,1,1,2,2,1,5,4,4,1,1,3,3,1,3,2,3,1,3,1,1,4,5,1,1,3,3,1,3,1,3,1,1,1,2,2,3,1,1,1,2,1,2,2,2,2,5,2,2,2,2,1,1,1,3,1,2,4,4,4,4,4,4,0,0,3,3,4,4,1,1,1,2,4,4,1,1,3,3,2,4,3,4,3,3,2,2,3,3,1,2,2,2,2,2,1,1,2,4,1,1,4,4,3,3,1,6,3,4,3,3,4,4,3,4,2,2,1,1,2,2
"M145581",4,4,7,6,3,1,4,4,2,2,2,2,1,3,1,1,2,3,1,1,2,2,4,4,1,4,1,1,3,1,1,1,1,1,3,1,3,3,4,2,2,1,2,4,1,4,1,1,3,1,2,4,4,1,3,3,3,3,3,4,2,4,3,4,1,3,2,1,2,1,2,2,1,1,2,2,1,1,3,1,4,1,1,1,1,1,4,4,1,1,3,3,2,4,3,3,3,3,1,1,3,1,3,4,3,1,2,2,4,1,3,3,1,1,4,1,1,3,2,3,1,1,4,1,2,4,4,4,3,3,2,2,2,2,1,1,1,3,2,4,2,1,1,3,1,1,4,4,3,4,2,1,2,2,4,4,1,1,4,4,3,3,1,4,2,3,1,3,1,1,1,1,4,4,4,4,3,3,2,3,4,4,2,1,3,3,3,1,1,3,1,1,1,2,1,2,1,2,1,2,1,2,1,2,1,2,1,1,1,1,1,1,1,2,1,2,1,1,1,2,1,1,2,2,2,1,1,2,1,1,1,1,1,1,2,2,1,1,1,1,1,1,1,1,1,1,2,2,1,1,2,2,1,1,1,3,2,1,2,2,2,2,1,4,2,2,3,3,5,5,3,3,2,2,2,2,2,2,1,1,3,3,2,5,1,1,2,3,3,3,2,2,1,5,3,5,2,2,3,3,2,2,1,1,1,1,1,2,1,2,2,2,2,2,1,3,2,2,2,3,2,3,4,4,1,1,5,5,1,1,3,3,2,2,2,3,3,3,5,6,4,4,2,3,3,3,4,7,2,3,3,3,1,1,1,6,3,3,3,3,3,3,1,1,2,2,3,4,2,2,1,2,3,3,3,4,1,5,3,3,2,2,2,3,3,3,2,4,2,4,1,2,1,2,1,1,4,4,2,2,1,3,1,1,3,3,3,4,1,1,4,4,1,1,3,3,3,3,1,3,1,2,1,1,2,3,1,1,1,1,1,3,2,2,2,2,2,2,2,4,2,2,1,3,2,2,2,4,4,4,3,3,2,2,3,3,3,4,2,2,1,2,4,5,3,3,3,3,3,3,2,4,3,3,2,2,3,3,1,1,2,2,2,2,1,1,2,4,1,2,4,4,3,3,1,5,2,4,2,3,3,4,3,4,2,3,1,1,1,2
"M145582",3,4,6,6,3,1,4,4,2,2,2,2,1,1,2,1,2,2,1,4,2,2,4,4,4,4,1,3,1,1,3,1,2,1,3,1,0,0,4,4,1,1,2,4,4,4,4,1,3,3,2,4,1,1,3,1,3,3,3,3,2,2,3,4,3,3,2,2,2,2,2,2,4,1,2,2,1,3,3,3,4,1,1,3,1,3,4,4,1,1,3,3,4,4,1,3,1,3,1,1,3,1,3,4,1,1,2,2,4,1,3,3,2,1,4,1,1,1,2,2,1,1,1,1,2,4,1,4,3,1,2,1,2,2,1,1,1,1,2,2,2,2,1,3,1,1,4,4,3,4,1,1,2,2,2,4,1,1,4,4,3,3,1,4,2,2,1,3,1,1,1,3,4,4,4,4,3,3,2,3,4,4,2,1,3,3,3,1,1,1,3,3,1,1,1,1,1,1,1,2,1,1,1,1,1,2,1,1,1,2,1,1,1,1,1,1,1,1,1,1,1,1,1,2,1,1,1,1,1,1,1,1,1,1,2,2,1,1,1,1,1,1,1,1,1,1,2,2,1,1,2,2,1,1,1,4,1,1,2,2,2,2,1,4,2,2,3,3,3,5,1,3,1,2,2,3,1,2,1,2,3,3,2,2,1,1,1,3,1,3,1,2,1,5,5,5,2,3,3,3,2,2,1,1,1,3,1,1,1,2,2,5,2,2,1,3,2,2,3,3,2,3,4,4,1,1,3,5,1,1,1,3,2,2,2,3,2,3,5,6,4,5,1,2,3,4,7,7,2,3,3,3,1,1,1,6,3,3,3,3,2,3,1,1,1,2,3,4,2,2,2,2,3,3,4,4,1,2,3,4,1,3,2,3,3,3,4,4,2,6,1,1,1,2,1,5,4,4,1,1,3,3,1,1,3,3,3,3,1,1,4,4,1,1,3,3,1,3,1,3,1,1,1,1,2,3,1,1,1,2,1,3,2,2,2,3,2,2,2,4,1,1,1,1,2,2,4,4,4,4,3,4,3,3,3,3,4,4,1,2,2,2,4,4,3,3,3,3,3,3,2,4,3,3,2,2,3,3,1,2,2,2,2,2,1,1,2,4,1,2,1,4,2,3,1,4,4,4,3,3,4,4,4,4,2,3,1,1,1,2
"M145583",3,4,6,6,3,1,4,1,2,2,2,2,1,3,2,1,2,2,4,4,2,2,4,4,1,1,1,1,3,1,3,1,1,1,3,1,3,3,4,4,1,1,4,4,4,4,4,1,0,0,4,4,4,4,3,1,3,4,3,3,4,4,4,4,3,3,2,1,2,2,2,2,1,1,2,2,1,3,3,1,4,1,1,3,3,3,4,1,1,1,1,3,4,4,3,3,3,3,3,1,3,3,3,3,3,1,2,2,4,4,1,1,2,2,4,1,1,3,3,3,3,1,4,4,4,4,4,4,3,1,2,1,2,4,1,1,1,3,2,4,0,0,1,1,1,1,4,4,3,4,1,1,2,1,2,4,0,0,4,2,1,3,1,1,2,2,1,3,1,1,1,3,4,1,4,4,3,3,3,3,2,4,2,2,3,1,3,1,1,3,3,3,1,1,1,1,1,1,1,1,1,1,1,1,1,2,1,1,2,2,1,1,1,1,1,1,1,1,1,1,1,1,1,1,1,1,1,1,1,1,1,1,1,1,2,2,1,1,1,1,1,1,1,1,1,1,2,2,1,1,2,2,1,1,3,2,2,1,2,2,2,2,2,4,2,2,3,3,5,5,2,3,1,2,2,2,7,7,1,2,3,3,3,3,1,1,2,3,3,3,3,3,1,5,5,5,2,3,2,3,2,2,1,1,1,1,1,1,1,2,2,2,2,2,1,3,2,2,3,3,4,4,4,4,1,1,5,5,1,1,1,3,3,3,1,2,3,3,4,5,4,4,2,3,4,4,7,7,3,4,3,3,1,1,1,3,1,3,3,3,2,2,1,3,2,2,3,4,2,2,2,2,1,4,4,4,1,2,3,4,3,3,3,3,3,3,4,4,6,6,1,1,1,2,1,3,4,4,2,2,1,3,1,3,3,3,3,3,1,1,4,4,1,1,3,3,3,3,1,1,1,1,1,2,2,2,1,1,1,1,1,3,1,2,2,2,2,2,3,3,1,1,1,1,2,2,4,4,4,5,3,3,2,2,3,4,2,4,2,2,2,2,4,4,1,3,1,3,2,3,2,4,3,3,2,2,3,3,1,1,1,2,2,2,1,1,2,4,1,2,3,4,2,3,3,5,3,3,1,3,3,4,3,4,2,3,1,1,2,2
"M145584",3,4,7,6,3,3,4,4,2,2,2,2,1,3,2,2,2,2,1,4,2,2,4,4,4,4,1,1,3,1,3,3,2,1,3,1,3,3,4,2,1,1,4,4,4,4,1,1,0,0,2,2,4,1,3,3,3,3,3,3,2,4,3,4,3,3,2,2,2,2,2,2,1,1,2,2,1,3,3,3,4,1,1,3,3,3,4,4,1,1,1,3,4,4,1,3,1,3,1,1,3,3,3,4,1,1,2,2,4,4,3,3,2,1,4,1,1,1,2,2,1,1,4,1,2,4,4,4,3,3,2,2,4,4,1,1,1,3,2,2,0,0,1,3,3,3,4,4,3,4,1,1,2,2,2,4,1,1,4,4,1,3,1,1,2,2,1,1,1,1,1,3,4,4,4,4,3,3,3,3,4,4,2,1,3,3,1,1,1,1,1,1,1,1,1,1,1,1,1,1,1,1,1,1,1,1,1,1,1,2,1,1,1,2,1,2,1,1,1,2,1,1,1,2,2,1,1,2,1,1,1,1,1,1,2,2,1,1,1,1,1,1,1,1,1,1,2,2,1,1,2,2,1,1,4,2,1,1,2,2,2,2,1,4,2,2,3,3,3,5,1,2,1,2,2,2,1,2,1,1,3,3,2,5,1,1,3,3,3,3,2,3,1,5,5,5,2,3,3,3,2,2,1,2,1,3,1,2,1,2,2,5,2,2,1,3,2,2,3,3,3,4,2,4,1,1,5,5,1,1,1,3,2,3,2,3,2,3,5,5,4,5,1,2,3,4,7,7,3,3,3,3,1,1,1,6,3,3,1,3,3,3,1,3,1,1,3,4,2,2,2,2,3,3,4,4,2,5,3,4,2,3,2,3,1,3,4,7,2,4,1,1,2,2,1,1,4,4,2,2,3,3,1,1,3,3,3,3,1,1,4,5,1,1,3,3,1,3,3,3,1,1,1,1,2,3,1,1,1,2,1,2,2,2,2,3,2,2,2,4,1,1,3,3,2,2,4,4,4,4,3,3,3,3,3,3,4,4,1,2,1,1,4,5,3,3,3,3,3,4,2,2,3,3,2,2,3,3,1,1,2,2,2,2,1,1,2,4,1,2,1,4,3,3,1,3,4,4,1,3,4,4,4,4,2,3,1,1,1,2
"M145585",4,4,6,6,3,3,4,4,2,2,2,2,1,1,2,1,2,2,1,1,0,0,4,4,1,4,1,1,3,1,3,1,2,1,3,3,3,3,4,4,2,2,2,2,4,4,1,1,1,1,2,4,4,1,0,0,3,3,3,4,2,2,3,4,3,3,2,1,2,2,2,2,1,1,2,2,1,1,3,1,4,1,1,1,1,1,4,1,1,1,3,3,4,4,3,3,0,0,1,1,3,1,3,4,3,1,2,2,1,1,3,1,1,1,4,1,1,3,2,3,1,1,0,0,4,4,1,4,3,1,1,1,2,2,1,1,1,3,2,4,2,2,3,3,1,1,4,4,3,4,2,1,2,2,2,2,2,1,4,4,3,3,1,4,2,2,1,3,1,3,1,3,4,4,4,4,3,3,0,0,2,4,2,1,3,3,3,3,3,3,1,1,1,1,1,1,1,1,1,1,1,1,1,2,1,1,1,1,1,1,1,1,1,2,1,2,1,1,1,2,1,1,1,2,2,1,1,2,1,1,1,1,1,1,2,2,1,1,1,1,1,1,1,1,1,1,2,2,1,1,2,2,1,1,3,2,2,1,2,2,2,2,1,1,2,2,3,3,5,5,3,3,1,1,3,3,1,2,1,2,3,4,2,5,1,1,2,3,3,3,2,2,1,5,2,5,2,2,3,3,2,2,1,1,1,1,1,1,1,1,2,2,2,2,3,3,2,2,2,3,2,3,4,4,1,1,5,5,1,1,1,3,2,3,3,3,2,3,5,6,4,4,2,3,3,4,7,7,2,3,3,3,1,2,1,6,3,3,3,3,3,3,1,1,2,2,3,4,2,2,1,2,3,3,4,4,5,5,3,3,1,2,3,3,3,3,1,4,2,6,1,1,1,2,1,3,4,4,1,2,1,3,1,1,3,3,3,3,1,1,4,4,1,2,3,3,1,3,1,3,1,1,1,2,2,3,1,1,1,1,1,2,2,2,2,2,2,2,2,4,2,2,1,3,2,2,4,4,4,4,3,4,2,2,3,3,4,4,2,2,1,2,4,5,1,3,3,3,3,4,4,4,3,3,2,2,3,3,1,1,2,2,2,2,1,1,2,4,1,2,4,4,2,3,5,5,2,4,2,3,4,4,3,4,2,3,1,1,1,2
"M145586",3,4,6,6,3,1,4,4,2,2,2,2,1,1,1,1,2,3,1,1,2,2,4,4,4,4,1,1,3,1,3,1,2,1,1,1,3,3,4,4,2,2,2,4,4,4,1,1,3,1,2,4,4,1,3,1,3,3,3,3,2,2,3,4,3,3,2,1,2,2,2,2,1,1,2,2,1,1,1,1,4,1,1,1,1,3,4,1,1,1,3,3,4,4,3,3,3,3,1,1,3,1,3,4,3,3,2,2,1,1,3,1,1,1,4,1,1,1,2,3,1,1,4,4,4,4,4,4,3,1,1,1,4,4,1,1,1,1,2,2,2,2,1,1,1,1,4,4,3,4,1,1,2,2,2,4,1,1,4,4,3,3,1,1,2,2,1,3,1,3,3,3,4,4,4,4,3,3,2,2,2,4,2,2,3,3,3,1,1,3,3,3,1,1,1,1,1,1,1,1,1,1,1,1,1,1,1,1,1,2,1,2,1,2,1,2,1,1,1,2,1,1,2,2,2,1,1,2,1,1,1,1,1,1,2,2,1,1,1,1,1,1,1,1,1,1,2,2,1,1,2,2,1,1,3,2,2,1,2,2,2,2,1,4,2,2,3,3,5,5,1,3,1,2,2,3,1,2,2,2,3,4,2,5,1,1,2,3,3,3,2,3,1,5,2,5,2,2,2,3,2,2,1,1,1,1,1,2,1,1,2,2,2,2,3,3,2,2,2,3,3,3,4,4,1,1,5,5,1,1,3,3,2,2,3,3,2,3,5,6,4,5,2,2,3,4,7,7,2,3,3,3,1,1,1,6,3,3,3,3,2,3,1,1,2,2,4,4,2,2,1,2,3,3,4,4,1,5,3,3,1,2,2,3,1,3,1,4,2,6,1,1,1,2,1,3,4,4,1,2,1,3,1,1,3,3,3,4,1,1,4,4,1,2,3,3,3,3,1,3,1,1,1,1,2,3,1,1,1,2,1,2,2,2,2,2,2,2,2,2,2,2,1,3,2,2,4,4,4,4,3,4,2,2,3,3,3,4,2,2,1,2,4,5,3,3,3,3,3,3,2,4,3,3,2,2,3,3,1,1,2,2,2,2,1,1,2,4,1,2,4,4,3,3,5,5,2,4,1,2,3,4,3,4,2,2,1,1,1,2
"M145587",4,4,6,6,1,1,4,4,2,1,2,2,1,1,2,2,2,3,1,1,2,1,4,4,1,1,1,3,1,1,3,3,2,1,3,3,3,3,4,4,2,2,4,4,1,4,4,1,3,1,4,4,4,4,3,1,3,4,3,3,2,4,4,4,1,3,2,1,2,2,2,2,4,1,2,2,1,1,3,1,4,1,1,1,3,3,1,1,2,1,3,3,2,4,3,3,1,3,1,1,3,3,3,4,3,1,2,2,4,1,3,1,2,2,1,1,1,1,3,3,1,1,1,1,2,4,4,4,3,1,1,1,4,4,1,1,3,3,4,4,1,1,1,1,3,1,4,4,3,4,2,1,2,2,4,4,2,2,4,4,1,3,1,4,2,3,1,3,1,3,1,3,4,4,4,4,3,3,2,2,4,4,1,1,3,1,3,3,1,1,1,3,1,2,1,2,1,2,1,2,1,2,1,2,1,1,1,1,1,2,1,2,1,1,1,1,1,1,1,1,1,1,1,2,1,1,1,1,1,1,1,1,1,1,2,2,1,1,1,1,1,1,1,1,1,1,2,2,1,1,2,2,1,1,3,3,2,2,2,2,2,2,1,2,2,2,3,3,5,5,3,3,2,2,2,2,2,2,1,2,3,3,2,5,1,1,3,3,1,3,1,2,5,5,3,5,2,3,1,3,2,2,1,2,1,1,1,2,1,1,2,2,2,2,1,3,2,2,3,3,3,3,4,4,1,1,5,5,1,1,1,1,2,3,2,3,3,3,5,6,4,4,3,3,4,4,1,7,3,3,3,3,1,1,1,1,3,3,3,4,2,2,2,3,2,3,3,4,1,2,1,1,1,3,2,4,2,5,3,3,1,3,3,3,2,3,2,4,1,6,1,1,1,2,3,5,4,4,2,2,1,3,1,1,3,3,1,3,1,1,4,5,1,1,3,3,1,3,1,3,1,2,1,1,2,2,1,3,1,1,1,3,1,2,2,2,2,2,2,4,1,1,1,3,2,2,2,4,4,4,3,4,2,2,3,4,2,4,2,2,2,2,4,4,1,2,1,3,2,2,2,3,3,3,2,2,3,3,1,3,1,2,2,2,1,1,1,4,1,2,4,4,1,1,1,3,3,4,1,3,4,5,4,4,2,3,1,1,2,2
"M145588",4,4,6,6,3,1,0,0,2,1,2,2,0,0,2,2,3,3,1,4,2,2,4,4,1,1,1,1,1,1,3,1,0,0,0,0,3,3,0,0,2,1,2,4,1,4,4,1,1,1,0,0,4,1,0,0,0,0,3,4,4,4,3,4,0,0,2,1,2,2,2,1,4,1,4,2,1,1,0,0,4,1,1,3,1,3,1,1,0,0,3,3,0,0,1,3,1,1,1,1,3,3,3,4,0,0,2,2,4,1,3,1,2,1,0,0,0,0,2,3,3,1,4,1,2,4,1,4,0,0,1,1,4,4,1,1,1,3,2,4,1,1,0,0,0,0,4,4,3,4,2,1,2,2,4,4,0,0,4,4,0,0,0,0,0,0,1,3,1,3,1,3,4,4,4,4,1,3,2,3,4,4,0,0,3,1,3,1,1,3,0,0,1,1,1,1,1,1,1,1,1,1,1,1,1,1,1,1,1,2,1,1,1,2,1,2,1,1,1,2,1,1,1,2,2,1,1,2,1,1,1,1,1,1,2,2,1,1,1,1,1,1,1,1,1,1,2,2,1,1,2,2,1,1,2,2,2,2,2,2,2,2,4,4,2,2,2,3,5,5,3,3,2,2,2,2,5,7,1,2,3,3,2,5,1,1,3,3,1,3,1,3,1,5,5,5,3,3,3,3,2,2,1,1,1,3,1,2,1,2,2,5,2,2,1,3,2,2,3,3,2,3,4,4,1,1,5,5,1,2,1,3,2,3,2,2,3,3,6,6,4,4,1,3,4,4,7,7,3,3,3,3,1,1,1,2,3,3,3,3,2,3,1,3,2,3,2,4,2,2,1,2,1,3,4,4,4,5,3,3,1,1,2,3,1,3,1,5,1,2,1,1,1,1,1,1,4,4,1,2,1,3,1,3,3,3,3,3,1,1,1,4,1,2,3,5,4,4,1,3,1,1,2,2,2,2,1,1,1,1,3,3,2,2,2,2,2,2,3,3,1,3,1,1,2,2,4,4,4,4,3,3,2,3,3,3,3,4,1,2,2,2,4,4,3,3,3,3,2,3,2,4,3,3,2,2,3,3,2,2,1,1,2,2,1,1,2,4,1,1,1,4,1,1,4,5,4,5,1,2,4,5,3,4,2,3,1,1,2,2
"M145589",4,4,7,6,3,1,1,1,2,1,2,2,1,1,2,1,2,2,4,4,2,2,4,4,1,1,1,1,1,1,1,1,2,1,3,1,3,3,2,2,1,1,2,2,4,4,1,1,3,1,2,2,1,1,3,3,3,4,3,4,4,4,3,4,3,3,2,1,2,2,2,1,1,1,2,2,1,1,3,3,4,4,1,1,3,3,4,4,1,1,3,3,4,4,1,3,1,3,1,1,3,1,4,4,3,1,2,2,4,4,1,1,1,1,4,1,3,3,2,2,1,1,4,1,4,4,1,4,3,1,1,1,4,4,1,1,1,3,2,2,0,0,1,3,3,3,4,4,4,4,1,1,2,2,4,4,1,1,4,4,3,3,1,1,2,2,1,3,1,1,1,1,4,4,4,4,3,3,2,3,4,4,2,2,3,1,3,1,1,1,1,3,1,1,1,1,1,1,1,1,1,1,1,1,1,1,1,1,2,2,2,2,1,1,1,1,1,1,1,1,1,1,1,1,1,1,1,1,1,1,1,1,1,1,1,2,1,1,1,1,1,1,1,1,1,1,2,2,1,1,2,2,1,1,2,2,2,1,2,2,2,2,2,3,2,2,3,3,5,5,3,3,2,2,2,2,2,7,2,2,3,3,1,2,2,2,3,3,3,3,2,3,1,1,2,5,3,3,3,3,2,2,1,1,1,1,1,2,1,2,2,2,2,2,3,3,2,2,3,3,2,3,3,4,1,1,5,5,1,2,1,3,3,3,2,2,3,3,5,6,4,5,1,3,4,4,7,7,3,3,3,3,1,1,1,2,3,3,3,3,2,3,1,3,2,2,4,4,2,2,2,2,1,3,4,4,2,2,3,4,1,1,3,3,3,3,2,4,4,4,1,2,1,1,1,5,4,4,2,2,1,3,1,3,2,3,3,3,1,1,4,5,1,1,3,3,3,3,1,1,1,1,1,1,2,2,1,1,1,1,1,3,2,2,1,5,2,2,2,3,1,3,1,3,2,2,4,4,4,4,3,4,2,3,3,3,4,4,1,2,2,2,4,4,3,3,3,3,2,3,2,2,3,3,2,2,3,3,1,2,1,2,2,2,1,1,3,4,1,2,3,4,1,3,3,5,4,4,1,1,4,5,3,4,2,4,1,1,2,2
"M145590",4,4,7,6,1,1,4,4,2,1,2,2,1,3,2,2,2,3,1,1,1,1,4,4,1,1,1,3,1,1,3,1,2,1,3,1,3,4,4,2,2,2,2,4,1,4,4,1,1,1,2,4,4,4,3,1,3,4,3,3,2,2,3,4,3,3,1,1,2,2,2,2,4,4,2,2,1,3,3,1,4,1,1,1,3,3,1,1,2,1,3,3,4,4,3,3,1,3,1,1,3,1,3,3,3,3,2,2,4,1,3,1,2,2,4,1,0,0,2,3,1,1,1,1,2,2,4,4,1,1,1,1,2,4,1,1,1,3,4,4,1,1,1,3,3,1,4,4,3,4,2,1,2,1,4,4,2,2,4,2,1,3,1,1,2,2,1,3,1,1,1,3,4,4,4,4,3,3,2,2,4,4,2,1,3,1,3,1,1,1,1,1,1,1,1,1,1,1,1,1,1,1,1,2,1,2,1,1,2,2,1,1,1,1,1,1,1,1,1,1,1,1,1,1,1,1,1,1,1,1,1,1,1,1,2,2,1,1,1,1,1,1,1,1,1,1,2,2,1,1,2,2,1,1,3,3,2,1,2,2,2,2,1,2,2,2,3,3,5,5,3,3,2,2,2,2,2,2,1,1,3,5,3,4,1,1,3,3,2,3,3,3,5,5,5,5,2,2,1,3,2,2,1,2,1,1,1,2,1,1,2,3,2,2,2,3,2,2,2,3,3,3,4,4,1,3,5,5,1,1,3,3,2,3,2,3,3,3,5,6,4,4,3,3,4,4,7,7,3,3,3,3,1,1,5,5,3,3,3,4,2,2,2,3,2,2,3,4,1,2,1,2,3,3,4,4,2,5,3,3,1,3,3,3,1,2,2,2,4,6,1,2,2,2,1,1,1,4,2,2,1,3,1,1,3,3,1,3,1,1,4,5,1,1,2,3,1,3,1,3,1,1,1,1,2,2,1,3,1,1,1,1,1,2,2,5,2,2,2,3,1,1,3,3,2,2,3,4,4,4,3,4,2,3,3,4,2,4,2,2,2,2,4,4,1,3,2,3,2,3,2,3,3,3,2,2,3,3,1,3,1,1,2,2,1,1,1,4,1,2,1,4,1,2,1,3,3,5,3,3,4,5,2,4,2,3,1,1,2,2
"M145591",4,4,6,6,3,1,1,1,2,2,2,2,1,3,2,1,2,2,4,4,2,2,4,4,1,1,1,1,1,1,3,1,2,1,3,1,3,3,2,2,1,1,2,2,1,4,1,1,3,1,2,2,4,1,1,1,4,4,3,4,4,4,4,4,3,3,2,1,2,2,2,2,1,1,2,2,1,1,3,1,4,4,1,1,3,3,4,1,2,1,3,3,4,4,1,3,1,3,1,1,3,3,4,4,3,1,2,2,4,4,3,1,1,1,4,4,1,3,2,2,3,1,4,4,4,4,1,4,3,3,1,1,4,4,1,1,3,3,2,2,2,2,0,0,1,1,4,4,4,4,2,1,2,1,4,4,1,1,4,4,1,3,1,1,2,2,1,3,1,3,1,3,4,4,2,4,3,3,2,2,4,4,2,2,3,1,3,1,1,3,3,3,1,1,1,1,1,1,1,1,1,1,1,1,1,1,1,1,1,2,1,1,1,2,1,2,1,1,1,2,1,1,1,2,2,1,1,2,1,1,1,1,1,1,2,2,1,1,1,1,1,1,1,1,1,1,2,2,1,1,2,2,1,1,3,2,2,1,2,2,2,2,3,4,2,2,3,3,5,5,3,3,2,2,2,2,2,7,1,2,3,3,1,2,2,2,3,3,3,3,2,3,1,1,2,5,1,2,3,3,2,2,1,1,1,1,1,2,1,2,2,2,2,2,1,1,2,2,3,3,2,3,3,4,1,1,5,5,1,2,1,3,3,3,2,2,3,3,5,6,4,4,1,3,4,4,7,7,3,3,3,3,1,1,1,1,3,3,3,3,2,2,3,3,2,3,4,4,2,3,1,2,3,3,4,4,2,2,3,4,1,1,3,3,3,3,1,5,2,4,1,1,1,1,1,5,4,4,1,2,1,3,1,1,2,3,3,3,1,1,4,4,1,2,3,3,3,3,1,1,1,1,1,1,2,2,1,1,1,1,3,3,2,2,1,5,2,2,2,3,1,3,1,3,2,2,4,4,4,4,3,3,2,3,3,3,3,3,1,2,2,2,4,4,3,3,3,3,2,3,2,2,3,3,2,2,3,3,1,2,1,2,2,2,1,1,3,4,1,1,1,1,1,3,3,5,4,5,2,2,4,5,3,4,2,4,1,1,2,2
"M145592",3,4,7,6,0,0,4,1,2,2,2,3,1,1,0,0,0,0,1,1,0,0,4,4,1,1,1,1,1,1,3,1,2,1,3,3,3,3,4,4,1,1,2,2,4,4,1,1,0,0,2,2,4,1,3,3,0,0,3,3,2,2,0,0,3,3,1,1,2,2,2,2,4,1,2,2,1,1,3,3,0,0,1,1,3,3,4,4,1,1,3,3,4,4,1,1,1,1,0,0,3,1,3,3,3,1,2,2,4,1,3,1,2,2,1,1,0,0,3,3,0,0,1,1,0,0,0,0,3,1,2,2,4,4,1,1,1,3,0,0,0,0,0,0,1,1,4,4,3,3,2,1,2,1,4,4,2,1,4,4,0,0,1,1,2,3,1,1,1,1,3,3,4,4,2,4,1,3,2,3,2,2,2,2,3,3,3,1,1,3,3,3,1,1,1,1,1,1,1,2,1,1,1,2,1,1,1,1,1,1,1,1,1,2,1,2,1,1,1,2,1,1,1,2,1,1,1,2,1,1,1,1,1,1,1,2,1,1,1,1,1,1,1,1,1,1,2,2,1,1,2,2,1,1,1,2,1,1,2,2,2,2,1,4,2,2,3,3,4,5,3,3,2,2,2,2,2,7,1,2,3,3,2,5,1,1,1,3,1,3,1,3,1,5,5,5,2,3,3,3,2,2,1,2,3,3,1,4,1,2,2,2,2,2,1,1,2,2,2,3,2,4,4,4,1,3,5,5,1,1,1,1,2,2,2,3,3,3,5,5,4,4,1,1,3,4,3,7,3,3,3,3,1,1,0,0,3,3,3,3,2,3,1,3,1,3,2,3,2,2,1,2,1,3,4,4,2,2,3,4,1,3,3,3,1,3,3,7,4,6,1,1,1,1,1,5,4,4,1,1,3,3,1,3,3,3,3,3,1,1,5,5,1,1,3,5,1,4,1,1,1,1,1,1,2,2,1,1,1,2,3,3,1,2,2,2,2,2,2,3,1,1,1,1,2,2,4,4,4,4,3,3,2,2,3,4,4,6,2,2,2,2,4,4,1,3,2,3,3,3,2,3,3,3,2,2,3,3,1,2,2,2,2,2,1,1,2,4,1,2,1,4,1,1,3,4,5,5,1,2,4,6,4,4,2,3,1,1,2,2
"M145593",3,4,7,6,3,1,1,1,2,2,2,3,1,1,2,1,2,2,1,1,2,2,4,4,1,4,1,1,1,1,3,1,2,1,3,3,3,4,4,2,2,2,2,2,1,1,1,1,1,1,2,4,4,1,3,1,3,3,3,4,4,4,3,4,1,3,1,1,2,2,2,2,1,1,4,2,1,3,3,1,1,1,1,1,3,3,4,4,2,1,3,3,2,4,1,3,1,1,3,3,3,3,3,4,3,3,2,2,4,1,3,1,1,1,1,1,1,3,3,3,3,1,1,1,2,4,1,4,3,3,2,1,4,4,1,1,3,3,2,4,2,1,1,3,1,1,4,4,3,4,1,1,2,2,2,4,1,1,4,2,1,3,1,1,3,3,1,1,1,1,1,1,4,4,4,4,3,3,2,3,4,4,2,2,3,1,3,1,1,3,1,3,1,2,1,2,1,2,1,2,1,2,1,1,1,1,1,1,2,2,2,2,2,2,2,2,1,1,2,2,1,1,2,2,2,2,2,2,1,1,1,1,1,1,2,2,1,1,1,1,1,1,1,1,1,1,2,2,1,1,2,2,1,1,3,2,2,1,2,2,2,2,2,2,2,2,3,3,5,5,3,3,1,2,3,3,2,5,2,2,3,3,3,5,1,1,3,3,1,3,1,2,1,1,5,5,2,3,3,3,2,2,1,1,1,1,1,1,1,2,4,5,2,2,1,3,2,2,2,2,2,2,4,4,1,1,5,5,1,1,3,3,2,3,2,3,2,2,5,6,4,4,1,2,4,4,4,7,3,3,2,3,1,2,1,2,3,3,3,3,2,2,3,3,2,2,2,4,1,2,2,2,3,3,3,4,2,5,3,4,1,1,2,2,2,3,1,4,4,6,1,1,2,2,1,1,4,4,1,2,1,3,1,1,3,3,1,3,1,1,1,1,1,1,3,3,1,4,1,1,1,3,1,2,2,2,1,1,1,1,1,3,1,2,2,2,2,2,2,2,1,1,1,1,2,3,1,4,4,4,3,3,2,2,3,3,3,4,2,2,2,2,4,4,1,3,2,3,3,3,2,3,1,3,2,3,3,3,1,1,2,2,2,2,1,1,2,4,2,2,4,4,3,3,5,5,4,4,2,3,4,4,2,3,2,2,1,1,2,2
"M145594",4,4,6,6,3,1,4,4,2,1,2,3,1,1,2,1,2,2,1,1,2,2,4,4,1,1,1,1,3,1,1,1,2,1,3,1,3,4,4,2,1,1,4,4,1,4,1,1,1,1,2,4,4,4,3,1,3,3,3,3,2,4,3,4,3,3,1,1,2,2,2,2,1,1,2,2,1,3,1,1,1,1,1,1,3,3,1,1,1,1,3,3,4,4,1,3,3,3,3,3,3,1,4,4,3,1,2,2,4,1,1,1,1,1,4,4,1,3,2,3,1,1,4,1,4,4,4,4,3,3,1,1,2,2,1,1,1,3,4,4,1,1,1,3,1,1,4,4,4,4,1,1,2,2,4,4,1,1,4,4,1,3,1,1,2,2,1,3,1,1,1,3,4,4,4,4,1,3,2,3,4,4,2,1,3,3,3,3,1,1,3,3,1,1,1,1,1,1,1,1,1,1,1,2,1,2,1,1,1,2,2,2,2,2,2,2,1,1,2,2,1,1,2,2,2,2,2,2,1,1,1,1,1,1,2,2,1,1,1,1,1,1,1,1,1,1,2,2,1,1,2,2,1,1,1,2,2,1,2,2,2,2,3,4,2,3,3,4,5,5,1,3,2,2,2,3,5,7,2,2,3,3,2,5,1,1,3,3,3,3,2,2,1,5,2,5,2,3,3,3,2,2,1,1,1,1,1,2,1,2,2,2,2,2,1,3,2,2,2,2,3,3,4,4,1,1,5,5,1,2,3,3,2,3,2,3,1,1,5,6,4,4,3,3,3,4,7,7,3,3,3,3,1,2,1,1,3,3,1,3,2,2,1,1,2,2,4,4,3,3,1,2,3,3,4,4,2,2,1,3,1,1,3,3,2,3,1,4,1,1,1,1,1,2,1,1,4,4,2,2,1,5,1,1,2,2,3,3,1,1,4,4,1,1,3,3,3,3,1,3,1,1,1,1,1,2,1,2,1,1,3,3,2,2,1,2,2,2,3,3,1,1,1,3,2,2,4,4,4,5,2,3,2,3,3,3,3,4,2,2,2,2,4,4,1,1,1,2,2,3,2,2,3,3,2,2,3,3,1,3,2,2,2,2,1,3,2,4,1,2,4,4,2,3,1,3,3,4,1,1,4,4,4,4,2,2,1,1,2,2
"M145595",4,4,7,6,3,3,4,4,2,2,2,2,1,3,2,1,2,3,1,1,2,1,4,4,1,1,1,1,3,1,3,1,2,1,3,1,3,3,4,4,1,1,2,2,1,4,1,1,1,1,2,4,4,4,3,3,3,4,3,3,2,4,3,4,3,3,2,1,2,2,2,2,1,1,2,2,3,3,1,1,1,1,1,1,3,3,4,1,1,1,3,3,4,4,3,3,3,3,3,1,3,3,4,4,3,1,2,2,4,1,3,1,2,1,1,1,3,3,2,3,3,1,4,4,4,4,1,4,3,1,2,1,4,4,1,1,3,3,4,4,1,1,1,3,3,1,4,4,3,4,1,1,2,1,4,4,0,0,4,4,1,3,1,1,2,3,1,1,1,3,1,3,4,4,4,4,3,3,3,3,4,4,2,2,3,1,3,1,1,3,3,3,1,1,1,1,1,1,1,2,1,1,1,2,1,1,1,1,1,2,1,2,1,2,2,2,1,1,1,2,1,1,1,2,2,1,1,2,1,1,1,1,1,1,2,2,1,1,1,1,1,1,1,1,1,1,2,2,1,1,2,2,1,1,2,2,2,2,2,2,2,2,1,1,2,2,3,3,5,5,1,3,2,2,2,2,1,1,1,1,3,3,1,2,1,2,3,3,3,3,1,3,1,1,2,5,3,3,1,3,2,2,1,2,1,1,2,5,1,2,2,2,2,2,3,3,2,2,2,2,3,3,4,4,1,1,5,5,2,2,1,4,2,3,3,3,3,3,5,6,4,4,1,3,3,4,7,7,3,3,3,3,1,1,1,1,3,3,3,3,2,3,1,1,2,2,3,4,1,3,1,1,1,3,4,4,2,5,3,4,1,1,3,3,3,3,1,4,4,4,1,2,2,2,1,5,4,4,2,2,1,3,1,3,2,3,3,3,1,1,4,4,1,1,3,3,1,3,1,3,1,1,1,1,2,2,1,1,1,1,3,3,2,2,2,2,2,2,2,3,1,1,1,3,2,2,4,4,4,4,3,4,2,2,3,4,4,4,2,2,2,2,4,4,1,3,2,3,3,3,2,2,3,3,2,2,3,3,2,2,2,2,2,2,1,1,4,4,1,2,1,3,1,1,3,5,4,4,2,2,4,4,2,3,2,2,1,1,2,2
"M145596",3,4,7,6,3,3,4,4,2,2,2,2,1,3,2,2,2,2,1,4,2,1,4,4,1,1,1,1,1,1,3,1,2,1,3,3,3,3,2,2,2,1,4,4,1,4,4,4,0,0,2,4,1,1,3,3,3,4,3,4,4,4,3,4,3,3,1,1,2,2,2,2,1,1,4,2,3,3,3,1,1,1,1,1,3,3,4,1,1,1,3,3,4,4,1,3,1,3,3,1,1,1,3,4,3,3,2,2,4,1,3,1,1,1,4,1,3,3,2,2,3,1,4,1,4,4,1,1,3,1,2,1,2,4,1,1,1,3,2,4,1,1,1,1,3,3,4,4,3,4,2,2,2,1,2,4,1,1,4,2,3,3,1,4,2,2,1,3,1,1,1,1,4,4,2,4,1,3,2,3,2,4,2,1,3,1,3,3,1,1,3,3,1,1,1,1,1,1,1,1,1,1,1,1,1,1,1,1,1,2,1,1,2,2,2,2,1,1,2,2,1,1,2,2,2,2,2,2,1,1,1,1,1,1,2,2,1,1,1,1,1,1,1,1,1,1,2,2,1,1,2,2,1,1,2,2,2,2,2,2,2,2,2,4,2,3,3,3,4,5,3,3,1,2,2,2,1,5,1,2,3,3,2,3,1,1,3,3,1,2,1,2,5,5,2,5,2,2,3,3,2,2,1,1,1,1,1,4,1,2,2,2,2,2,1,3,2,2,2,3,3,3,2,4,1,1,2,5,1,1,3,4,3,3,2,3,3,3,5,6,4,4,1,2,4,4,7,7,3,3,3,3,1,1,1,1,3,3,2,3,3,3,1,4,2,2,3,3,1,2,2,2,1,3,4,4,2,2,3,3,1,3,3,3,3,3,2,4,4,6,1,2,1,1,1,5,4,4,1,1,1,5,1,1,2,3,3,3,1,1,4,4,1,1,3,3,3,4,1,1,1,1,1,1,2,3,1,1,1,1,3,3,1,2,2,3,2,2,2,3,1,1,1,1,1,2,4,4,4,4,3,3,2,2,3,3,3,3,2,2,1,2,4,5,4,4,3,3,3,3,2,2,3,3,2,2,3,3,1,1,1,1,2,2,1,1,2,4,1,2,1,1,2,3,3,3,4,5,2,2,4,4,3,4,2,2,1,1,2,2
"M145597",3,4,7,6,0,0,4,4,2,1,2,2,1,1,2,1,2,2,1,4,2,2,4,4,1,1,1,1,3,1,3,1,2,1,1,1,3,3,4,2,1,1,2,4,1,4,1,1,1,1,4,4,4,4,1,1,0,0,3,4,4,4,3,3,3,3,1,1,2,2,2,2,1,1,0,0,1,1,3,3,1,1,1,1,1,3,4,1,0,0,3,3,4,4,1,3,3,3,1,1,3,3,3,4,1,1,2,2,1,1,3,1,1,1,4,1,1,3,3,3,1,1,4,1,2,4,1,4,3,3,1,1,4,4,1,1,3,3,4,4,2,2,1,3,3,1,4,4,4,4,1,1,2,1,4,4,0,0,4,2,3,3,1,1,2,2,1,1,1,3,3,3,4,4,2,4,3,3,3,3,4,4,2,1,1,1,1,1,1,3,3,3,1,1,1,1,1,1,1,1,1,1,1,2,1,2,1,1,1,1,1,1,2,2,2,2,1,1,2,2,1,1,2,2,2,2,2,2,1,1,1,1,1,1,1,2,1,1,1,1,1,1,1,1,1,1,2,2,1,1,2,2,1,1,1,2,2,1,2,2,2,2,4,4,2,2,3,4,4,5,3,3,2,2,2,2,5,6,2,2,3,3,2,3,1,2,2,3,3,3,3,3,1,1,5,5,3,3,3,3,2,2,1,1,1,1,2,2,1,2,2,2,2,2,1,1,2,2,3,3,2,3,2,4,1,2,3,5,1,1,3,3,3,3,2,3,3,3,5,6,4,4,3,3,4,4,7,7,2,4,3,3,1,1,1,2,3,3,3,4,3,3,1,1,2,2,2,4,2,3,2,2,1,3,4,4,2,4,3,3,1,3,2,3,1,3,4,4,1,4,1,1,1,2,1,3,3,4,1,2,1,3,1,1,3,3,2,4,1,1,4,4,1,1,3,5,3,3,1,1,1,1,1,1,2,3,1,1,1,1,2,3,2,2,2,3,2,2,2,2,1,1,2,3,2,2,4,4,4,5,3,3,2,3,3,3,4,4,2,2,2,2,4,4,1,3,1,3,3,3,2,2,3,3,2,2,3,3,1,2,2,2,2,2,1,3,2,4,1,1,1,3,1,1,3,6,3,3,1,2,4,4,2,4,2,2,1,1,2,2
"M145598",4,4,7,6,3,1,4,4,2,2,2,2,1,1,1,1,2,3,1,1,2,2,4,4,1,1,1,1,3,1,1,1,2,1,1,1,3,4,4,2,1,1,2,4,4,4,1,1,3,1,4,4,4,1,1,1,3,4,3,3,2,4,4,4,3,3,2,2,2,2,2,2,4,1,2,2,1,3,3,1,4,4,1,1,3,3,1,1,1,1,1,3,4,4,1,3,1,3,3,1,3,3,4,4,1,1,2,2,1,1,3,1,2,1,1,1,3,3,2,3,1,1,4,4,2,4,1,4,3,3,1,1,4,4,1,1,1,3,2,2,2,1,1,3,1,1,4,4,3,4,1,1,2,2,4,4,1,1,4,2,3,3,1,4,2,2,1,1,1,3,1,3,4,1,4,4,1,3,3,3,4,4,2,2,3,3,3,1,1,1,1,1,1,1,1,1,1,1,1,1,1,1,1,1,1,2,1,1,2,2,2,2,1,2,2,2,1,1,1,2,1,1,1,2,2,1,1,2,1,1,1,1,1,1,2,2,1,1,1,1,1,1,1,1,1,1,2,2,1,1,2,2,1,1,3,2,2,1,2,2,2,2,1,3,2,2,3,3,4,5,3,3,2,2,3,3,1,1,2,2,3,3,5,5,1,1,3,3,3,3,2,3,1,5,5,5,2,3,1,3,2,2,1,1,1,1,1,1,1,1,2,4,2,2,1,1,2,2,2,3,2,3,2,4,3,3,5,6,1,2,1,1,3,3,2,3,2,3,1,5,4,4,1,3,4,4,6,7,3,3,3,3,1,1,1,1,3,3,3,3,2,2,3,4,2,2,3,4,1,1,1,1,1,3,4,5,4,5,3,4,1,1,2,3,1,3,1,4,4,6,1,1,1,1,1,3,3,4,2,2,3,3,1,1,2,2,2,3,1,1,4,4,1,1,3,3,1,3,3,3,1,1,1,1,2,2,1,1,1,1,3,3,2,2,2,2,2,2,3,3,1,2,1,1,2,2,4,4,4,5,2,3,2,3,3,4,4,4,2,2,2,2,4,4,3,3,3,3,3,3,2,3,1,3,2,2,3,3,1,1,1,2,2,2,1,1,2,2,1,1,1,1,1,3,3,5,3,4,1,2,4,4,2,4,2,2,1,1,1,2
"M145599",3,4,7,6,3,1,4,4,2,1,2,2,1,1,2,2,2,2,1,4,2,2,4,4,1,4,1,1,1,1,1,1,2,2,3,3,3,4,2,2,1,1,2,2,4,4,1,1,1,1,4,4,4,1,3,1,3,4,3,4,4,4,4,4,3,3,1,1,2,2,2,2,4,1,2,2,1,3,3,3,4,4,3,3,3,3,4,4,1,1,3,3,4,4,3,3,3,3,1,1,3,1,4,4,3,1,2,2,4,4,3,3,2,2,4,1,1,3,3,3,1,1,4,4,2,4,4,4,3,3,2,1,2,4,1,1,3,3,2,4,1,1,1,1,1,1,4,2,3,3,1,1,1,1,2,4,1,1,4,4,3,3,1,1,2,2,1,3,1,1,1,1,4,4,4,4,3,3,3,3,4,4,2,2,3,3,3,1,1,1,3,3,1,1,1,1,1,1,1,1,1,1,1,1,1,2,1,1,2,2,1,2,1,1,1,1,1,1,1,1,1,1,1,2,1,1,1,1,1,1,1,1,1,1,1,2,1,1,1,1,1,1,1,2,1,2,1,2,2,1,1,2,1,1,3,2,1,1,1,2,1,2,1,2,2,2,3,3,5,5,3,3,1,2,2,3,2,2,2,2,3,3,2,2,1,1,3,3,2,3,1,3,1,5,2,5,3,3,3,3,2,2,1,2,1,3,4,5,1,1,2,5,2,2,1,1,2,2,2,3,2,3,4,4,1,3,5,5,1,1,3,4,2,3,1,2,1,3,5,5,4,4,1,2,4,4,7,7,2,3,3,3,1,2,2,2,3,3,3,3,2,2,1,3,2,2,3,4,1,2,2,2,3,3,4,4,2,2,3,4,3,3,2,3,3,3,4,4,1,2,1,1,1,2,3,5,4,4,1,2,3,3,1,3,3,3,3,3,1,1,4,5,1,1,3,3,4,4,1,3,1,1,1,2,2,2,1,1,1,1,1,3,2,2,2,2,2,2,1,3,1,2,1,1,2,2,4,4,4,4,3,3,2,2,3,4,4,4,2,2,2,2,4,4,3,3,3,3,2,3,2,3,1,3,2,2,3,3,1,2,2,2,2,2,1,3,4,4,2,2,2,3,2,2,3,5,4,4,2,2,4,4,4,4,2,2,1,1,2,2
"M145600",4,4,6,6,1,1,4,4,1,1,2,3,1,3,2,1,0,0,1,4,2,2,4,4,1,1,1,3,1,1,1,1,2,2,3,1,3,3,4,4,1,1,2,4,1,4,1,1,1,1,2,4,4,4,3,1,3,4,3,3,4,4,3,4,3,3,2,1,2,2,2,1,4,1,2,2,1,3,3,1,1,1,1,1,1,3,4,1,1,1,3,3,4,4,3,3,3,3,3,1,3,3,3,3,1,1,2,2,4,1,1,1,1,1,4,1,0,0,3,3,1,1,1,1,2,4,1,4,3,1,2,1,2,4,1,1,1,1,4,4,1,1,1,1,3,1,4,4,3,4,2,2,2,1,2,4,1,1,4,2,3,3,1,4,2,2,1,3,1,1,1,3,4,4,4,4,3,3,3,3,2,4,2,1,1,1,3,1,1,1,3,3,1,1,1,1,1,1,1,2,1,1,2,2,1,2,1,1,1,2,1,2,1,1,1,1,1,1,1,1,1,1,1,1,1,1,1,1,1,1,1,1,1,1,1,2,1,1,1,1,1,1,1,1,1,1,2,2,1,1,2,2,1,1,3,2,1,1,2,2,2,2,2,3,2,2,3,3,2,4,3,3,1,2,2,2,1,5,1,2,3,3,2,5,1,2,3,3,3,3,1,3,1,5,2,5,3,3,3,3,2,2,1,1,1,1,5,5,1,1,2,3,2,2,1,3,2,2,3,3,3,3,4,4,1,1,5,5,1,1,1,4,2,2,2,3,1,3,5,6,4,4,1,1,4,4,7,7,3,3,3,3,1,2,1,1,3,3,1,3,2,3,3,4,2,2,3,4,2,3,1,2,3,3,4,4,2,2,3,4,1,1,3,3,3,3,4,4,6,6,1,1,1,1,3,5,3,4,1,2,3,3,1,1,2,3,2,3,1,1,4,4,1,1,3,3,1,4,1,1,1,1,1,1,2,2,1,2,1,1,3,3,2,2,2,2,2,3,3,3,1,1,1,1,2,3,4,4,4,4,2,2,2,3,3,3,4,4,1,2,1,2,1,4,3,3,2,3,2,3,2,2,3,3,2,2,3,3,1,3,2,2,2,5,1,1,2,2,1,2,1,3,1,1,1,3,4,5,1,1,3,5,4,4,2,3,1,1,2,2
"M145601",4,4,0,0,3,3,4,4,2,2,2,2,1,1,2,1,0,0,1,1,0,0,4,4,1,4,3,3,1,1,3,1,1,1,0,0,3,3,4,2,2,1,2,4,0,0,1,1,0,0,4,4,4,1,3,1,3,3,4,4,4,4,4,4,1,3,2,1,2,1,2,2,1,1,2,2,1,3,3,3,1,1,1,3,3,3,1,1,1,1,3,3,2,4,1,1,3,3,1,1,1,1,4,4,3,3,2,2,1,1,3,1,1,1,1,1,0,0,3,3,3,3,1,1,2,4,1,1,3,1,2,2,4,4,1,1,1,3,2,4,0,0,1,1,3,1,4,4,3,4,1,1,2,1,4,4,2,2,4,4,3,3,1,1,2,3,1,1,1,3,3,3,4,4,2,4,3,3,3,3,4,4,2,2,3,1,3,3,1,1,3,3,0,0,0,0,0,0,0,0,0,0,0,0,0,0,0,0,0,0,0,0,0,0,1,1,0,0,0,0,0,0,0,0,0,0,0,0,0,0,0,0,0,0,2,2,0,0,0,0,0,0,0,0,0,0,0,0,0,0,0,0,0,0,0,0,0,0,0,0,0,0,0,0,0,0,0,0,0,0,0,0,0,0,0,0,0,0,0,0,0,0,0,0,0,0,0,0,0,0,0,0,0,0,0,0,0,0,0,0,0,0,0,0,0,0,0,0,0,0,0,0,0,0,0,0,0,0,0,0,0,0,0,0,0,0,0,0,0,0,0,0,0,0,0,0,0,0,0,0,0,0,0,0,0,0,0,0,0,0,0,0,0,0,0,0,0,0,0,0,0,0,0,0,0,0,0,0,0,0,0,0,0,0,0,0,0,0,0,0,0,0,0,0,0,0,0,0,0,0,0,0,0,0,0,0,0,0,0,0,0,0,0,0,0,0,0,0,0,0,0,0,1,1,0,0,0,0,0,0,0,0,0,0,0,0,0,0,0,0,0,0,0,0,0,0,0,0,0,0,0,0,0,0,0,0,0,0,0,0,0,0,0,0,0,0,0,0,0,0,0,0,0,0,0,0,0,0,0,0,0,0,0,0,0,0,0,0,0,0,0,0,0,0,0,0,0,0,0,0,0,0,0,0,0,0,0,0,0,0,0,0,0,0,0,0,0,0,0,0
"M145602",3,4,6,6,3,3,4,4,2,1,2,3,1,3,1,1,2,2,1,4,2,2,4,4,1,1,3,3,1,1,1,1,2,1,1,1,3,3,4,4,1,1,4,4,1,4,1,1,3,3,4,4,4,1,3,3,3,3,3,4,4,4,3,3,3,3,2,1,2,1,2,1,1,1,2,2,1,3,3,3,4,4,1,1,1,1,4,1,1,1,3,3,4,4,3,3,3,3,1,1,3,3,3,4,3,3,2,2,4,4,3,3,2,1,4,1,1,3,2,3,1,1,1,1,2,4,4,4,3,3,2,1,2,4,1,1,3,3,2,2,2,1,3,3,1,1,4,2,3,3,2,1,2,1,4,4,1,1,4,4,3,3,1,4,2,2,1,1,1,3,1,1,4,4,4,4,3,3,2,2,2,4,2,1,3,1,3,3,1,1,3,3,1,1,1,1,1,1,1,1,1,1,1,1,1,1,1,1,1,1,1,1,1,2,1,2,1,1,1,2,1,1,1,2,2,1,1,2,1,1,1,1,1,1,2,2,1,1,1,1,1,1,1,1,1,1,2,2,1,1,2,2,1,1,2,2,2,2,2,2,2,2,3,3,2,2,3,3,5,5,1,3,2,2,2,2,1,5,1,2,3,3,3,5,1,2,3,3,2,3,1,2,1,1,2,5,3,3,1,1,2,2,1,1,1,1,2,2,1,1,2,2,2,2,1,3,2,2,2,2,3,3,2,4,1,1,2,5,1,1,1,4,3,3,2,2,3,3,5,6,4,4,1,2,3,3,7,7,3,3,3,3,1,2,1,4,3,3,3,4,2,2,3,4,2,2,4,4,2,3,1,2,3,3,4,4,2,5,3,3,1,1,3,3,1,3,4,4,6,6,1,1,1,1,1,5,4,4,2,2,3,3,1,3,3,3,1,3,1,1,4,4,1,1,3,5,3,3,1,1,1,1,1,1,2,2,1,1,1,1,1,3,2,2,2,2,2,2,2,3,1,1,1,1,2,2,4,4,4,4,3,3,2,2,3,4,3,4,2,2,2,2,4,4,1,3,3,3,3,3,3,3,1,3,2,3,3,3,2,3,1,2,2,2,1,1,4,4,1,1,4,4,2,3,3,5,3,4,2,2,3,5,2,2,2,2,1,1,2,2
"M145603",4,4,6,6,1,1,4,4,2,2,2,2,1,3,1,1,2,2,1,1,2,2,4,4,1,1,1,1,1,1,1,1,1,1,1,1,3,3,4,2,1,1,2,2,4,4,1,1,3,1,2,4,4,4,1,1,3,3,4,4,2,4,3,4,3,3,2,1,2,2,2,1,1,1,4,2,1,3,3,1,1,1,1,1,3,3,4,1,1,1,1,3,4,4,3,3,3,3,3,3,3,3,3,4,1,1,2,2,1,1,3,3,2,1,4,1,1,3,3,3,0,0,4,4,2,4,1,1,3,1,1,1,4,4,1,1,1,3,4,4,2,1,1,1,1,1,4,4,4,4,1,1,2,1,4,4,1,1,4,2,3,3,1,1,2,2,1,1,1,3,3,3,4,4,4,4,3,3,2,3,2,4,2,2,1,1,3,1,1,1,3,3,1,1,1,1,1,1,1,2,1,1,1,2,1,2,1,1,2,2,2,2,1,2,2,2,1,1,1,2,1,1,1,2,2,1,1,2,1,1,1,1,1,1,2,2,1,1,1,1,1,1,1,1,1,1,2,2,1,1,2,2,2,2,3,2,2,1,2,2,2,2,1,4,2,2,3,3,5,5,3,3,2,2,2,2,2,2,1,2,3,3,2,5,1,1,3,3,2,3,2,2,1,1,2,5,3,3,2,3,2,2,1,1,1,1,1,2,1,2,2,2,2,2,1,3,2,2,2,3,3,3,4,4,1,3,5,5,1,2,3,4,2,3,2,2,2,3,6,6,4,4,1,3,3,4,7,7,3,3,3,3,1,1,1,4,3,3,3,3,3,3,1,3,2,3,4,4,3,3,1,2,3,3,4,4,2,5,3,3,1,3,2,3,1,2,1,4,4,6,1,1,2,2,3,5,4,4,1,2,3,3,1,1,3,3,1,3,1,1,1,4,1,1,3,3,3,3,1,1,1,1,1,1,2,3,1,1,1,1,1,1,2,2,2,2,2,2,2,2,1,1,1,2,2,2,4,4,1,4,2,4,2,2,3,3,3,4,2,2,2,2,4,4,3,3,3,3,3,3,2,2,3,3,2,2,3,3,1,1,2,2,2,2,1,1,4,4,1,1,3,4,1,1,1,3,3,4,1,2,3,4,3,4,2,2,1,1,2,2
"M145604",4,4,7,6,1,1,4,4,2,2,2,2,1,1,2,1,2,2,1,1,2,2,4,4,1,4,1,1,1,1,3,3,2,2,3,1,3,3,4,4,1,1,2,2,1,4,1,1,0,0,2,4,4,1,3,1,4,4,3,3,2,4,4,4,3,3,1,1,2,2,2,1,1,1,2,2,3,3,3,1,1,1,1,1,3,3,4,4,1,1,3,3,4,4,3,3,1,3,3,1,3,3,4,4,3,3,2,2,4,1,3,3,2,1,4,4,3,3,3,3,1,1,4,1,2,4,4,4,3,3,1,1,4,4,1,1,3,3,2,4,1,1,1,1,1,1,4,2,3,3,2,1,2,1,4,4,2,2,4,4,3,3,1,1,2,2,1,1,1,3,3,3,4,1,4,4,1,3,3,3,4,4,2,1,3,1,1,1,1,1,3,3,1,1,1,1,1,1,1,1,1,1,1,1,1,2,1,1,1,1,1,1,2,2,2,2,1,1,2,2,1,1,2,2,2,2,2,2,1,1,1,1,1,1,2,2,1,1,1,1,1,1,1,1,1,1,2,2,1,1,2,2,1,1,2,2,2,1,2,2,2,2,4,4,2,3,3,3,5,5,3,3,2,2,2,3,2,7,1,1,3,3,1,3,1,2,3,3,3,3,1,3,1,5,5,5,2,3,1,3,2,2,1,2,1,1,2,2,1,1,2,5,2,2,1,3,2,2,2,2,2,3,4,4,1,1,5,5,1,1,4,4,3,3,3,3,3,3,5,5,4,4,1,2,2,3,7,7,2,3,3,3,1,1,1,2,3,3,3,3,2,2,1,1,2,3,3,4,2,2,2,2,3,3,4,4,5,5,4,4,1,1,1,3,2,3,2,6,4,4,1,2,2,2,1,5,4,4,1,1,3,3,1,3,2,3,3,3,1,1,1,4,1,1,3,3,1,4,1,3,1,1,1,1,2,2,1,1,1,1,2,3,2,2,2,2,2,2,2,3,1,1,1,3,2,2,4,4,4,4,3,4,2,2,3,4,2,3,2,2,2,2,4,4,3,3,3,3,3,3,3,3,3,3,2,3,3,3,2,3,2,2,2,5,1,1,4,4,1,2,1,4,1,3,1,1,3,4,1,1,4,4,4,4,2,2,1,1,2,2
"M145605",4,4,7,6,3,1,4,4,1,1,3,3,1,3,2,1,3,3,1,1,2,2,4,4,1,1,1,3,1,1,1,1,2,1,3,1,3,3,4,4,1,1,2,4,4,4,1,1,1,1,2,4,4,4,3,1,3,3,3,4,4,4,3,4,3,3,2,1,2,2,2,1,1,1,4,2,1,1,3,1,1,1,1,1,1,3,4,4,1,1,3,3,4,4,1,3,3,3,3,1,3,3,3,3,3,1,2,2,4,1,1,1,1,1,1,1,3,3,3,3,1,1,1,1,4,4,1,4,3,3,2,1,2,4,1,1,1,3,4,4,1,1,1,1,3,1,4,4,3,4,2,2,2,1,2,4,1,1,4,2,3,3,1,1,2,2,1,3,1,1,1,3,4,4,2,4,3,3,3,3,2,4,2,1,3,3,3,1,1,1,0,0,1,1,1,1,1,1,1,2,1,1,1,2,2,2,1,1,1,1,2,2,2,2,2,2,1,1,2,2,1,1,2,2,2,2,2,2,1,1,1,1,1,1,2,2,1,1,1,1,1,1,1,1,1,1,2,2,1,1,2,2,1,1,2,2,1,1,2,2,2,2,2,3,2,2,3,3,2,5,3,3,1,2,2,2,2,2,2,2,3,3,2,3,1,2,2,3,3,3,3,3,1,5,2,5,3,3,3,3,2,2,1,1,1,1,1,2,1,2,2,3,2,2,1,3,2,2,2,3,3,3,4,4,1,1,5,5,1,1,3,4,3,3,2,3,1,3,5,6,4,4,1,1,4,4,7,7,3,3,3,3,1,2,1,1,3,3,1,1,2,3,1,4,2,3,4,4,2,3,1,2,3,3,4,4,2,5,3,3,1,1,2,3,2,3,1,4,4,6,1,1,1,2,3,5,4,4,1,2,3,3,1,1,3,3,2,3,1,1,4,4,1,1,3,3,3,3,1,1,1,1,1,2,2,2,1,1,1,1,3,3,2,2,2,2,2,3,3,3,1,1,1,1,2,2,3,4,4,4,2,3,2,3,3,3,4,4,2,2,1,2,1,4,1,3,3,3,2,3,2,2,3,3,2,2,3,3,1,1,1,2,2,5,1,1,2,4,1,2,1,4,1,1,1,3,4,5,1,1,3,4,4,4,2,3,1,1,2,2
"M145606",4,4,6,6,3,3,4,1,2,2,2,2,1,3,2,1,2,2,1,1,2,2,4,4,1,4,3,3,1,1,3,1,2,1,1,1,3,4,2,2,1,1,2,2,4,4,1,1,1,1,2,4,4,1,3,1,4,4,4,4,2,4,3,3,1,3,1,1,2,2,2,1,1,1,4,2,1,3,1,1,4,1,1,1,3,3,1,1,1,1,1,3,2,4,1,3,3,3,1,1,3,1,3,4,3,3,2,2,4,4,3,1,2,1,4,1,3,3,2,3,3,1,4,1,2,4,1,1,3,3,2,1,2,4,2,1,1,3,2,4,2,1,1,3,3,1,4,4,3,3,1,1,2,1,4,4,1,1,4,4,1,3,1,1,2,3,1,1,1,1,1,3,4,1,4,4,3,3,3,3,2,4,2,1,3,1,1,1,3,3,1,3,1,2,1,2,1,2,2,2,1,2,1,2,1,2,1,1,2,2,1,1,1,1,1,1,1,1,1,1,1,1,1,1,1,1,1,1,1,1,1,1,1,1,1,2,1,1,1,1,1,1,1,2,1,2,1,2,2,1,1,2,1,1,1,3,2,1,1,2,1,2,1,4,2,2,3,3,4,5,1,3,2,2,2,2,7,7,2,2,3,4,2,5,1,1,2,3,3,3,3,3,5,5,3,5,2,3,3,3,2,2,1,2,1,1,2,4,1,1,2,2,2,2,1,1,2,2,2,2,2,3,2,4,1,1,5,5,1,2,4,4,3,3,2,2,1,3,5,5,4,4,1,2,4,4,7,7,3,3,2,3,1,2,0,0,1,3,3,3,2,3,1,3,2,2,3,3,1,3,2,2,1,3,4,4,2,2,3,3,1,3,2,3,1,3,4,5,1,6,1,1,1,2,1,1,3,3,1,2,3,5,1,3,2,3,1,3,1,1,4,5,1,1,3,3,4,4,1,1,1,3,1,1,2,2,1,1,1,1,3,3,2,2,2,2,2,3,2,2,1,1,1,1,2,2,2,4,4,4,3,3,2,2,3,4,4,4,2,2,2,2,4,4,3,3,2,2,2,3,3,3,2,3,3,3,1,3,1,1,1,2,2,2,1,1,2,2,1,2,1,4,1,2,3,5,2,3,1,2,4,4,4,4,3,3,1,1,2,2
"M145607",4,4,7,6,3,1,4,4,2,2,2,2,1,3,2,2,0,0,1,4,2,1,4,4,1,1,1,1,3,1,1,1,2,1,3,1,3,4,4,2,2,2,2,4,1,4,1,1,0,0,2,2,4,1,3,1,3,4,3,4,2,4,3,4,3,3,2,1,2,2,2,2,1,1,4,4,3,3,3,3,4,1,1,3,3,3,1,1,1,1,3,3,4,4,1,1,3,3,1,1,3,3,3,3,1,1,2,2,4,4,1,1,2,2,4,1,0,0,3,3,3,1,4,4,2,2,4,4,3,1,2,1,2,4,1,1,3,3,4,4,1,1,1,3,3,1,4,4,3,3,1,1,1,1,4,4,1,1,4,4,1,3,1,1,2,2,1,3,1,3,1,3,4,4,4,4,1,3,3,3,4,4,2,1,3,1,1,1,1,1,3,3,1,1,1,1,1,1,1,2,1,1,1,2,1,1,1,1,1,2,1,1,1,1,1,1,1,1,1,1,1,1,1,1,1,1,1,1,1,1,1,1,1,1,2,2,1,1,1,1,1,1,1,1,1,1,2,2,1,1,2,2,1,1,2,2,2,1,2,2,2,2,2,4,2,2,3,3,3,5,3,3,2,2,2,3,2,5,2,2,3,3,2,3,1,1,1,3,1,2,3,3,1,5,5,5,3,3,3,3,2,2,1,1,1,1,2,4,1,1,2,5,2,2,1,1,2,2,2,3,3,3,1,4,1,1,5,5,1,1,1,4,2,3,2,3,3,3,5,5,4,4,3,3,4,4,7,7,3,3,3,3,1,2,6,6,3,3,3,3,3,3,1,3,1,1,4,4,2,2,1,2,1,4,4,4,2,2,3,4,1,1,3,3,1,3,2,4,4,6,1,2,1,1,1,1,4,4,1,2,2,3,1,3,3,3,1,3,1,1,4,4,1,1,3,3,3,3,1,1,1,1,2,2,2,2,1,1,1,2,3,3,1,2,1,2,2,2,2,2,1,1,1,3,2,2,4,4,4,4,3,4,2,2,3,4,4,4,2,2,2,2,4,4,3,4,3,3,3,3,1,3,1,3,2,2,3,3,1,1,2,2,2,2,1,1,4,4,1,1,3,4,2,3,5,5,3,5,1,2,4,4,0,0,2,2,1,1,2,2
"M145608",3,4,7,6,3,1,4,4,2,2,2,2,1,3,2,2,2,3,1,1,2,2,4,4,1,4,1,3,1,1,3,3,2,1,3,3,3,4,4,2,2,1,2,2,1,4,4,1,0,0,4,4,4,4,3,3,4,4,3,3,4,4,3,4,3,3,2,1,2,2,2,2,4,1,2,2,1,1,3,3,4,1,1,3,3,3,1,1,1,1,1,3,4,4,1,3,1,1,3,1,1,1,3,4,3,1,2,2,4,1,3,3,2,2,4,1,0,0,2,3,3,1,1,1,2,2,1,4,3,3,2,1,4,4,1,1,1,3,2,4,0,0,1,3,1,1,4,4,4,4,1,1,2,1,4,4,1,1,4,2,1,3,1,1,2,2,1,3,1,3,1,1,1,1,4,4,3,3,2,2,2,2,2,1,3,1,1,1,1,1,3,3,1,1,1,1,1,1,1,1,1,1,1,2,1,1,1,1,1,1,1,1,1,2,1,2,1,1,1,2,1,1,1,2,2,1,1,2,1,1,1,1,1,1,2,2,1,1,1,1,1,1,1,1,1,1,2,2,1,1,2,2,1,1,1,2,2,1,2,2,2,2,3,4,2,2,3,3,4,5,1,3,2,2,2,3,2,5,1,2,3,3,2,2,1,2,2,3,2,3,2,3,5,5,5,5,3,3,3,3,2,2,1,1,1,1,1,2,1,1,1,2,2,2,1,3,2,2,2,3,3,4,2,4,1,1,5,5,1,2,3,4,3,3,3,3,3,3,5,5,4,4,3,3,4,4,7,7,3,3,3,3,1,1,2,2,3,3,3,3,2,3,3,3,1,2,2,4,2,2,2,2,3,3,4,4,2,5,3,3,1,1,2,3,3,3,2,4,2,4,1,1,1,2,3,3,3,4,1,2,1,3,1,1,3,3,3,3,1,1,4,4,1,2,3,5,1,4,1,3,1,1,1,1,2,2,1,1,1,1,2,3,2,2,2,2,2,2,3,3,1,1,1,3,2,2,4,4,4,4,3,4,2,2,3,3,4,4,1,2,2,2,4,4,2,3,1,2,2,2,2,3,1,3,2,2,3,3,1,3,2,2,2,2,1,1,1,2,1,1,4,4,3,3,3,5,3,4,2,2,3,4,4,4,2,3,1,1,1,2
"M145609",3,4,6,6,3,1,4,1,2,1,2,2,1,1,1,1,2,3,1,4,2,1,4,4,1,4,1,1,1,1,3,1,1,1,3,1,3,4,4,4,2,1,2,2,1,4,1,1,1,1,2,2,4,1,3,3,3,4,3,4,4,4,3,3,3,3,2,1,2,2,2,2,4,1,4,2,3,3,3,3,1,1,1,1,1,1,4,1,2,1,1,3,4,4,3,3,3,3,1,1,3,1,3,4,3,3,2,2,4,4,3,1,2,1,4,1,1,1,3,3,3,1,4,1,2,4,1,4,3,1,2,1,2,4,1,1,1,3,2,4,1,1,1,1,1,1,4,4,4,4,1,1,2,1,4,4,2,1,4,4,3,3,1,1,2,3,1,1,1,1,1,3,4,1,4,4,3,3,3,3,2,4,2,2,1,1,3,1,1,1,3,3,1,1,1,1,1,1,1,1,1,1,1,2,1,1,1,1,1,1,1,2,2,2,1,2,1,1,1,2,1,1,2,2,2,1,1,2,1,1,1,1,1,1,2,2,1,1,1,1,1,1,1,1,1,1,2,2,1,1,2,2,1,1,2,2,2,1,2,2,2,2,1,3,2,2,3,3,2,5,3,3,2,2,2,2,2,2,1,2,3,3,5,5,1,1,3,3,2,3,1,1,1,1,5,5,3,3,3,3,2,2,1,1,1,1,2,2,1,2,2,2,1,2,1,3,2,2,2,2,2,3,4,4,1,1,5,5,1,1,4,4,3,3,2,2,1,3,5,6,4,4,1,1,3,4,7,7,2,3,3,3,1,1,1,1,3,3,3,3,3,3,3,4,3,3,4,4,1,2,2,2,3,3,4,4,2,5,3,4,1,3,2,2,2,3,1,4,1,6,1,1,1,2,1,3,4,4,1,1,3,3,1,1,3,3,3,3,1,1,4,4,1,2,3,3,3,3,1,1,1,1,1,1,1,2,1,1,1,1,2,3,2,2,2,2,2,2,2,3,1,1,1,1,2,2,4,4,4,4,3,3,2,3,3,3,2,3,2,2,2,2,4,5,3,3,1,3,2,3,2,3,3,3,2,3,3,3,1,2,2,2,2,5,1,1,4,4,1,1,3,4,3,3,3,5,3,4,1,2,4,4,2,4,2,3,1,1,2,2
"M145610",3,4,7,6,3,3,4,4,2,2,2,3,1,1,1,1,3,3,4,4,2,2,4,4,1,1,1,1,3,1,3,1,2,2,3,1,3,3,2,2,1,1,4,4,4,4,4,1,3,3,2,4,4,4,3,3,3,3,3,3,2,4,4,4,3,3,2,2,1,1,2,2,1,1,4,4,3,3,3,3,1,1,1,1,3,3,4,1,1,1,3,3,4,4,1,3,1,3,1,1,3,1,4,4,3,1,2,2,1,1,3,1,2,1,4,1,1,3,2,2,3,1,4,4,2,4,4,4,3,1,1,1,4,4,1,1,1,3,2,2,1,1,3,3,1,1,4,2,3,3,2,1,2,1,4,4,2,2,4,4,1,3,1,4,2,2,1,1,1,3,3,3,4,4,4,4,3,3,2,2,2,4,2,2,3,1,3,1,1,1,3,3,1,1,1,1,1,1,1,2,1,1,1,2,2,2,1,1,2,2,1,1,1,2,1,2,1,1,2,2,1,1,1,2,2,1,1,2,1,1,1,1,1,1,2,2,1,1,1,1,1,1,1,1,1,1,2,2,1,1,2,2,1,1,2,2,2,1,2,2,2,2,3,4,2,2,3,3,3,5,3,3,2,2,2,2,2,2,1,2,3,3,2,5,1,2,3,3,2,2,2,3,1,5,2,3,3,3,3,3,2,2,1,1,1,1,2,4,1,1,5,5,2,2,1,1,2,2,2,2,2,2,4,4,1,1,2,5,1,1,3,3,3,3,2,3,1,3,5,5,3,5,1,2,4,4,7,7,2,3,3,3,2,2,1,2,3,3,1,3,2,2,1,2,2,3,4,4,1,2,1,1,1,3,4,4,2,4,3,4,1,3,3,3,1,3,2,7,1,4,1,1,2,2,1,1,4,4,2,2,3,3,1,3,2,3,2,3,1,1,1,4,1,1,3,5,3,4,1,1,1,1,1,1,2,3,1,1,1,1,1,3,2,2,2,3,2,2,2,3,2,3,1,1,2,2,4,4,4,4,2,3,2,2,3,3,3,3,2,2,1,2,4,4,3,3,3,3,2,3,2,3,3,3,2,2,3,3,1,2,2,2,2,2,1,3,2,4,2,2,4,4,1,3,1,5,4,4,1,2,3,3,4,4,2,3,1,1,2,2
"M145611",3,4,6,6,1,1,4,4,2,2,2,3,1,1,1,1,2,2,1,4,2,2,4,4,1,1,1,1,1,1,1,1,2,1,3,1,3,3,4,2,2,1,4,4,1,4,1,1,0,0,2,4,4,1,3,1,3,4,3,4,2,4,3,3,3,3,1,1,2,2,2,2,4,1,2,2,1,3,3,3,1,1,1,3,3,3,4,4,1,1,3,3,4,4,1,3,1,3,1,1,3,3,3,4,3,1,2,2,4,4,3,1,1,1,1,1,1,1,3,3,3,1,4,4,2,4,1,4,3,3,1,1,4,4,1,1,3,3,4,4,1,1,3,3,3,1,4,4,4,4,1,1,2,1,2,4,1,1,4,4,3,3,1,1,2,2,1,1,1,3,1,1,4,4,4,4,3,3,3,3,4,4,2,1,3,1,1,1,1,1,3,3,1,1,1,1,1,1,1,1,1,1,1,1,1,1,1,1,1,2,1,2,1,2,1,2,1,1,1,2,1,1,1,2,2,1,1,2,1,1,1,1,1,1,2,2,1,1,1,1,1,1,1,1,1,1,2,2,1,1,2,2,1,1,3,2,2,1,2,2,2,2,2,4,2,2,3,3,2,5,3,3,1,2,2,2,1,5,2,2,3,3,2,5,1,1,3,3,1,1,3,3,1,5,2,5,3,3,3,3,2,2,1,1,1,1,2,2,1,2,2,4,2,3,1,3,2,2,2,3,3,3,1,4,1,1,5,5,1,2,1,4,3,3,2,3,1,1,6,6,3,4,1,3,3,4,3,7,3,3,3,3,1,1,1,2,3,3,3,3,3,3,1,1,1,2,4,4,2,3,1,2,3,4,4,4,2,2,3,4,1,1,3,3,1,1,4,4,2,4,1,2,1,2,1,3,3,4,1,1,1,3,1,1,2,3,1,3,1,1,4,5,1,1,3,3,3,4,1,1,1,1,1,2,2,2,1,1,1,2,3,3,1,1,1,2,2,2,2,3,1,1,1,1,2,3,4,4,4,4,2,4,2,2,3,3,4,4,2,2,2,2,1,4,3,3,3,3,3,3,1,2,3,3,2,3,3,3,1,1,2,2,2,5,1,1,2,4,1,1,3,4,3,3,5,5,4,4,2,3,4,4,3,4,2,2,1,1,2,2
"M145612",3,4,7,6,3,1,4,1,2,2,2,3,1,1,2,1,2,2,1,1,2,2,4,4,1,1,1,1,3,1,3,1,2,1,3,1,3,4,4,2,2,2,4,4,4,4,4,1,1,1,4,4,4,4,1,1,3,4,3,3,4,4,4,4,3,3,1,1,0,0,2,2,1,1,4,4,1,1,3,3,1,1,1,1,3,3,4,1,1,1,3,3,4,4,1,1,3,3,3,1,3,3,3,3,3,3,2,2,4,1,3,3,2,2,1,1,3,3,3,3,3,1,1,1,4,4,1,4,3,1,2,2,4,4,1,1,3,3,2,4,2,1,3,3,1,1,4,4,3,4,1,1,1,1,4,4,1,1,4,4,3,3,1,1,2,2,1,3,1,1,1,3,4,4,4,4,1,3,2,2,4,4,2,1,3,3,3,3,1,3,3,3,1,1,1,1,1,1,1,1,1,1,1,1,1,2,1,1,2,2,1,2,1,2,1,2,1,1,1,2,1,1,1,2,2,1,1,2,1,1,1,1,1,1,1,2,1,1,1,1,1,1,1,1,1,1,2,2,1,1,2,2,1,1,2,2,2,1,2,2,2,2,2,4,2,2,3,3,4,5,3,3,2,2,2,2,1,5,1,2,3,3,3,5,1,1,3,3,3,3,3,3,1,5,3,5,2,3,1,3,2,2,2,2,1,1,1,2,1,1,2,2,2,2,1,3,2,2,2,2,3,3,2,4,1,1,5,6,1,1,3,3,2,3,2,3,1,3,5,6,4,4,1,3,4,4,7,7,3,3,3,3,1,1,2,6,3,3,3,3,2,2,4,4,2,3,3,4,2,3,1,2,1,3,4,4,2,4,3,4,1,3,3,3,1,1,4,7,2,4,1,1,1,2,3,3,4,4,1,2,1,3,1,1,3,3,3,3,1,1,4,4,1,1,3,3,1,4,1,1,1,1,1,2,2,2,1,2,1,1,3,3,1,2,2,5,2,2,2,2,1,1,3,3,2,3,4,4,1,4,3,3,2,2,2,3,3,4,2,2,2,2,4,5,3,3,2,3,2,3,3,3,1,3,3,3,3,3,1,1,2,2,2,2,1,3,4,4,1,2,1,1,1,2,1,3,3,4,2,2,3,4,2,4,2,2,1,1,2,2
"M145613",4,4,7,6,3,1,4,1,2,2,2,2,1,1,2,1,2,3,4,4,2,2,4,4,1,1,1,1,3,1,1,1,2,2,0,0,4,4,2,2,2,1,2,2,1,4,1,1,1,1,4,4,4,4,3,1,3,3,3,3,2,4,3,4,3,3,2,2,2,2,2,1,1,1,4,2,3,3,3,3,4,1,1,1,3,3,1,1,1,1,3,3,4,4,1,3,3,3,3,1,3,1,3,4,3,1,2,2,4,1,3,1,2,1,1,1,1,3,2,3,3,3,4,1,2,4,1,4,3,3,2,1,2,4,1,1,1,3,2,4,1,1,1,3,1,1,4,4,4,4,1,1,2,1,4,4,1,1,4,4,3,3,1,1,2,2,1,3,1,1,1,1,4,4,4,4,1,3,2,3,4,4,2,2,3,3,3,1,1,1,3,3,1,1,1,1,1,1,1,1,1,1,1,1,1,1,1,1,2,2,1,1,1,1,1,1,1,1,1,1,1,1,1,1,1,1,1,1,1,1,1,1,1,1,2,2,1,1,1,1,1,1,1,1,1,1,2,2,1,1,2,2,1,1,2,2,2,2,2,2,2,2,1,2,2,2,3,3,3,5,3,3,2,2,2,3,2,2,1,2,3,3,2,5,1,1,1,3,2,3,3,3,4,4,5,5,3,3,3,3,2,2,1,2,1,3,1,2,1,1,2,5,2,2,1,3,2,2,2,2,3,3,4,4,1,1,5,5,1,1,1,4,3,3,2,3,3,3,5,5,4,4,3,3,4,4,7,7,3,3,3,3,1,2,1,1,3,3,3,3,2,3,1,4,2,2,4,4,2,2,2,2,1,3,4,4,2,5,3,4,1,1,3,3,3,3,2,4,4,6,1,1,1,2,1,1,4,4,1,2,1,3,1,3,2,3,3,3,1,1,1,4,1,1,3,5,3,4,1,3,1,1,2,2,2,2,1,1,1,1,1,3,2,2,2,2,2,2,2,3,1,1,1,1,2,2,4,4,4,4,2,4,2,2,3,4,3,4,2,2,2,2,4,4,3,3,3,3,3,3,2,3,1,3,2,3,3,3,1,2,1,1,2,2,1,1,4,4,1,1,3,3,1,2,5,5,3,3,1,1,4,4,4,4,2,2,1,1,2,2
"M145614",3,4,7,6,1,1,4,1,2,1,2,3,1,1,2,2,3,3,1,4,2,2,4,4,1,1,1,1,0,0,3,1,1,1,0,0,3,3,4,2,2,1,2,2,4,4,1,1,3,1,2,4,4,4,3,1,3,4,3,4,4,4,0,0,3,3,1,1,2,2,2,2,4,1,0,0,1,3,3,3,4,4,1,1,1,3,4,1,1,1,3,3,4,4,1,3,3,3,3,1,3,3,4,4,3,3,0,0,4,1,3,1,2,1,4,1,3,3,3,3,1,1,4,1,2,2,4,4,0,0,2,2,4,4,1,1,1,1,2,4,1,1,3,3,3,1,4,2,4,4,2,1,2,2,4,4,1,1,4,4,3,3,1,1,2,2,1,1,1,1,1,3,4,4,4,4,1,3,2,3,4,4,2,2,3,1,3,3,1,3,3,3,1,1,1,1,1,1,1,2,1,1,1,2,1,2,1,1,1,2,1,1,1,1,1,1,1,1,1,1,1,1,1,1,1,1,1,1,1,1,1,1,1,1,2,2,1,1,1,1,1,1,1,1,1,1,2,2,1,1,2,2,1,1,3,2,2,2,2,2,2,2,2,4,2,2,3,4,5,6,3,3,2,2,2,2,1,1,2,2,3,3,2,3,1,1,3,3,1,3,3,3,1,1,3,5,3,3,3,3,2,2,1,2,1,3,1,1,1,2,2,2,2,2,1,3,2,2,2,2,3,3,4,4,1,3,5,6,1,2,4,4,2,3,2,2,3,3,5,6,4,4,3,3,4,4,2,3,3,3,3,3,1,2,1,6,3,3,3,3,2,3,1,4,2,3,2,4,2,3,2,2,3,3,4,4,2,2,3,4,3,3,1,3,1,3,4,7,4,6,1,1,1,1,1,3,4,4,2,2,3,3,1,1,2,3,3,3,1,1,4,5,1,1,3,3,1,4,1,1,1,1,1,2,2,2,1,1,1,1,3,3,1,1,2,5,2,2,2,2,1,1,1,1,2,2,4,4,4,5,2,3,2,2,3,3,4,4,2,2,2,2,4,4,1,3,3,3,3,3,2,3,3,3,2,2,3,3,1,1,1,2,2,2,1,1,2,2,1,1,1,1,1,3,5,5,3,4,1,1,4,4,3,4,2,3,1,1,2,2
"M145615",4,4,7,6,1,1,4,4,2,2,2,2,1,1,2,1,3,3,1,1,2,1,4,4,1,4,1,1,3,1,3,1,1,1,3,1,3,3,4,2,1,1,4,4,4,4,1,1,1,1,2,4,4,4,3,1,3,4,3,4,2,2,4,4,3,3,2,1,2,2,2,2,1,1,2,2,1,1,3,1,1,1,1,1,1,1,4,4,1,1,3,3,4,4,1,1,3,3,1,1,3,1,3,3,3,1,2,2,4,1,1,1,1,1,1,1,0,0,2,3,1,1,4,1,2,4,1,4,3,1,2,1,2,4,1,1,3,3,2,2,1,1,1,1,3,1,4,4,3,4,1,1,1,1,4,4,2,1,4,2,3,3,1,1,2,2,1,1,1,3,1,1,4,4,4,4,3,3,3,3,4,4,2,1,3,1,3,3,1,3,1,3,1,1,1,1,1,1,1,1,1,1,1,2,1,2,1,1,1,2,1,2,1,1,1,1,1,1,1,1,1,1,1,1,1,1,1,1,1,1,1,1,1,1,1,2,1,1,1,1,1,1,1,1,1,1,2,2,1,1,2,2,1,1,3,2,1,1,2,2,2,2,3,4,2,2,3,3,4,5,1,3,2,2,2,2,1,7,2,2,3,3,5,5,1,1,3,3,3,3,2,3,3,5,2,5,3,3,3,3,2,2,1,1,1,1,1,4,1,2,1,2,2,2,1,3,2,2,2,2,3,3,2,4,1,1,5,5,1,1,1,4,3,3,2,6,1,3,5,6,4,5,1,2,4,4,2,7,3,4,3,3,1,1,1,1,3,3,3,3,2,3,1,1,3,3,4,4,1,2,1,2,1,3,4,4,2,5,3,4,1,1,2,3,3,3,2,4,1,4,1,1,1,2,3,5,2,4,1,2,3,3,1,1,3,3,1,3,1,1,4,5,1,1,3,3,3,3,1,3,1,1,1,2,2,2,1,3,1,1,1,1,2,2,2,2,2,2,2,2,1,2,1,1,2,2,4,4,4,4,3,3,2,2,3,4,4,4,1,2,1,2,4,4,1,3,2,3,2,3,3,4,3,3,2,2,3,3,1,2,2,2,2,2,1,1,4,4,1,2,1,3,1,3,4,5,3,4,1,1,4,4,4,4,2,2,1,1,2,2
"M145616",4,4,6,6,3,1,4,4,1,1,2,2,1,3,1,1,2,2,1,1,2,2,4,4,1,4,1,1,3,1,3,1,1,1,3,1,3,3,4,4,2,1,2,4,4,4,1,1,3,3,2,4,4,1,3,1,3,4,3,3,4,4,3,4,3,3,1,1,2,2,2,2,4,1,4,2,1,1,3,3,4,1,1,1,3,3,1,1,2,1,3,3,4,4,1,3,1,3,3,1,3,3,3,3,3,1,2,2,4,1,3,1,1,1,4,1,1,1,2,2,1,1,4,1,2,4,4,4,1,1,2,1,2,4,1,1,1,3,2,4,0,0,1,3,1,1,4,4,4,4,2,2,2,2,4,4,1,1,4,4,1,3,1,1,2,2,3,3,1,1,1,3,4,4,4,4,3,3,2,3,4,4,2,1,1,1,3,3,1,1,3,3,1,1,1,1,1,1,1,1,1,1,1,1,1,1,1,1,1,1,1,1,1,2,1,2,1,1,1,2,1,1,1,2,2,1,1,2,1,1,1,1,1,1,2,2,1,1,1,1,1,1,1,1,1,1,2,2,1,1,2,2,1,2,3,2,1,1,2,2,2,2,3,4,2,3,3,3,5,5,3,3,2,2,2,2,2,7,2,2,3,3,2,5,1,1,3,3,2,2,1,3,1,1,2,5,2,2,3,3,2,2,1,1,1,1,1,2,1,2,2,2,2,2,1,3,2,2,2,2,2,3,2,2,1,1,5,5,1,2,1,4,2,3,2,3,3,3,5,6,4,4,2,3,3,4,7,7,3,3,3,3,1,2,1,2,3,3,3,3,2,3,1,3,3,3,3,4,2,2,1,2,3,3,4,4,2,4,3,4,1,1,2,3,1,3,4,7,6,6,1,1,2,3,1,1,4,4,2,2,1,3,1,3,2,3,1,3,1,1,4,4,1,1,3,3,3,3,1,1,1,1,1,1,1,2,1,1,1,1,3,3,2,2,2,2,2,2,2,3,2,3,1,1,2,2,4,4,4,5,3,3,2,2,3,4,2,4,2,2,2,2,4,4,3,3,3,3,3,3,2,2,3,3,2,2,3,3,1,2,1,2,2,2,1,3,4,4,1,1,3,3,2,3,4,5,4,4,2,2,5,5,2,3,2,2,1,1,2,2
"M145617",3,4,7,6,3,1,0,0,2,2,2,3,1,1,0,0,2,2,1,1,2,1,4,4,4,4,1,3,1,1,1,1,2,2,3,1,3,3,2,2,2,2,4,4,1,4,1,1,3,1,2,4,1,1,3,3,3,3,3,4,2,2,4,4,3,3,2,1,2,2,2,1,1,1,0,0,1,1,3,3,4,1,1,1,1,3,1,1,1,1,3,3,4,4,1,3,3,3,3,1,3,1,3,4,3,3,2,2,4,1,3,1,2,1,1,1,3,3,3,3,3,1,4,1,2,4,1,4,3,1,2,2,4,4,1,1,3,3,2,4,2,1,1,3,1,1,4,4,4,4,1,1,2,1,4,4,1,1,4,4,3,3,1,1,2,3,1,3,1,1,3,3,4,4,4,4,1,3,3,3,4,4,2,1,1,1,3,3,1,1,1,3,1,1,1,1,1,1,1,1,1,1,1,1,1,1,1,1,1,1,1,1,1,2,1,2,1,1,1,2,1,1,1,2,2,1,1,2,1,1,1,1,1,1,2,2,1,1,1,1,1,1,1,1,1,1,2,2,1,1,2,2,1,1,3,2,2,2,2,2,2,2,2,4,2,3,3,3,4,5,3,3,2,2,2,2,2,7,1,2,3,3,3,3,1,1,3,3,1,2,3,3,1,5,2,5,2,3,3,3,2,2,1,1,1,1,1,1,1,1,2,2,2,2,1,1,2,2,2,2,2,3,4,4,1,2,5,5,1,1,3,4,3,3,2,3,3,3,5,5,4,4,2,3,2,4,7,7,3,3,3,3,1,2,2,5,3,3,3,3,2,2,3,3,2,2,3,4,2,2,2,2,3,3,4,4,2,5,3,4,1,1,2,3,3,3,4,5,4,4,1,1,1,2,3,5,4,4,2,2,3,3,1,1,2,3,1,3,1,1,4,4,1,1,3,4,3,4,1,1,1,1,2,2,2,3,1,1,1,1,1,3,2,2,2,2,2,2,2,3,1,1,1,2,2,2,4,4,4,4,3,3,2,2,4,4,3,4,2,2,2,2,4,6,1,3,3,3,3,3,2,3,3,3,2,3,3,3,1,3,1,2,2,2,1,1,4,4,1,1,1,1,1,1,1,7,3,3,1,2,4,5,3,4,2,3,1,1,2,2
"M145618",4,4,6,6,3,1,4,4,2,1,2,2,1,1,2,1,2,3,1,4,2,1,4,4,1,1,1,3,3,1,1,1,2,1,3,1,3,3,4,2,2,1,2,4,4,4,4,1,1,1,2,4,4,4,3,3,3,3,3,3,4,4,3,4,3,3,1,1,2,2,2,2,1,1,2,2,1,3,3,1,4,1,1,1,1,3,1,1,1,1,1,3,4,4,3,3,3,3,1,1,3,1,3,4,3,1,2,2,4,1,3,1,2,2,4,1,3,3,2,3,1,1,4,1,4,4,1,1,3,1,2,2,4,4,1,1,1,1,2,4,1,1,1,3,1,1,4,4,3,4,1,1,2,2,4,4,2,2,4,4,3,3,1,4,2,2,1,3,1,3,1,3,4,4,4,4,1,3,3,3,4,4,2,1,1,1,3,1,1,1,3,3,1,1,1,1,1,1,1,1,1,1,1,1,1,2,1,1,1,2,0,0,1,2,2,2,1,1,1,2,1,1,1,2,2,1,1,2,1,1,1,1,1,1,2,2,1,1,1,1,1,1,1,1,1,1,2,2,1,1,2,2,1,1,2,2,2,2,2,2,2,2,3,4,2,2,3,3,5,5,3,3,2,2,2,3,2,2,2,2,3,3,3,5,1,1,3,3,3,3,1,3,1,5,3,5,3,3,2,3,2,2,1,1,1,1,2,2,1,1,2,4,1,2,2,3,2,2,3,3,2,3,1,2,1,2,5,5,1,1,1,4,2,3,2,2,3,3,5,6,4,4,1,1,4,4,6,7,3,3,3,3,2,2,1,2,3,3,3,3,3,3,1,4,2,3,4,4,2,3,2,3,1,3,4,4,5,5,3,3,1,1,3,3,3,3,1,4,2,6,1,1,1,2,3,3,3,4,1,2,3,5,1,1,2,2,3,3,1,1,1,4,1,1,3,5,3,3,1,1,1,1,2,3,2,3,1,1,1,1,1,3,2,2,1,3,2,2,2,3,1,1,1,1,2,2,4,4,4,4,3,3,2,2,4,4,4,4,2,2,1,2,3,4,3,3,3,3,3,3,3,3,1,3,2,2,3,3,1,2,1,2,2,2,1,1,2,4,1,2,3,3,3,3,1,5,4,4,1,1,3,4,3,4,2,2,1,1,2,2
"M145619",4,4,7,6,3,3,4,1,2,1,2,2,1,1,1,1,3,3,1,1,2,2,4,4,1,1,1,3,3,1,3,1,2,2,1,1,3,3,4,4,2,1,4,4,4,4,1,1,3,1,2,4,4,4,3,3,4,4,3,4,2,4,3,4,3,3,2,1,2,2,2,1,1,1,4,2,1,3,3,1,1,1,1,1,1,3,1,1,1,1,1,3,4,4,1,3,3,3,1,1,3,3,3,3,3,1,2,1,1,1,3,3,1,1,4,1,1,3,2,3,3,1,4,4,4,4,1,4,3,1,1,1,4,4,1,1,3,3,2,2,1,1,1,3,3,1,4,2,4,4,1,1,1,1,4,4,1,1,4,2,1,3,1,1,2,2,1,1,1,1,3,3,4,4,4,4,3,3,3,3,4,4,2,2,3,3,3,1,1,3,3,3,1,1,1,1,1,1,1,1,1,1,1,2,1,2,1,1,2,2,1,2,1,2,1,2,1,1,1,2,1,1,1,2,2,1,1,2,1,1,1,1,1,1,2,2,1,1,1,1,1,1,1,1,1,1,2,2,1,1,2,2,1,1,1,3,2,1,2,2,2,2,2,4,2,2,3,3,5,5,1,3,2,2,2,2,1,2,2,2,3,3,2,5,1,1,3,3,3,3,1,3,4,5,5,5,3,3,1,3,2,2,1,1,1,1,1,2,1,1,2,2,2,2,1,3,2,2,2,3,2,2,4,4,1,1,5,5,1,1,4,4,2,3,2,3,3,3,5,5,1,1,2,2,4,4,3,7,3,3,3,3,1,1,1,4,3,3,3,3,3,3,2,3,2,2,4,4,2,3,2,2,3,3,4,4,2,5,3,3,3,3,3,3,1,3,5,5,1,4,1,2,2,2,1,1,4,4,1,2,1,3,1,1,2,3,3,3,1,1,4,5,1,1,3,3,3,3,1,1,1,1,2,2,2,3,1,3,1,1,3,3,2,2,2,2,2,2,2,2,1,1,1,1,2,2,4,4,4,4,3,4,2,2,3,4,4,4,2,2,2,2,4,4,3,3,3,3,3,3,3,3,3,3,2,2,3,3,1,2,2,2,2,2,1,1,4,4,1,2,4,4,1,1,3,3,3,5,1,2,4,4,3,3,2,2,1,1,1,2
"M145620",4,4,7,6,3,1,4,1,2,1,2,2,1,1,2,1,2,3,1,4,2,2,4,4,1,1,1,1,3,1,1,1,2,2,1,1,3,4,4,2,2,1,2,2,4,4,1,1,0,0,2,2,4,1,3,1,3,4,3,3,4,4,4,4,3,3,2,1,2,2,2,2,1,1,2,2,1,1,3,1,4,1,1,1,3,3,1,1,1,1,3,3,4,4,1,1,1,3,1,1,3,3,3,4,3,1,2,2,4,4,3,3,1,1,1,1,3,3,2,3,3,1,4,1,2,2,1,4,3,3,1,1,4,4,1,1,1,3,2,4,1,1,1,1,1,1,4,2,3,3,1,1,2,2,4,4,1,1,4,4,1,3,1,1,2,2,1,3,1,3,1,3,4,4,4,4,3,3,2,3,2,4,2,1,1,1,3,1,1,1,3,3,1,1,1,1,1,1,1,1,1,1,1,1,1,1,1,1,1,2,1,2,2,2,2,2,1,1,2,2,1,1,2,2,2,2,2,2,1,1,1,1,1,1,2,2,1,1,1,1,1,1,1,1,1,1,2,2,1,1,2,2,1,2,2,2,2,1,2,2,2,2,2,4,2,2,3,4,4,5,1,3,2,2,2,2,5,7,1,1,3,3,3,5,1,1,2,3,3,3,1,3,1,5,5,5,2,3,1,3,2,2,1,1,1,1,1,1,1,2,2,2,2,2,1,1,2,2,2,3,2,3,2,4,1,2,5,5,1,1,3,4,3,3,2,2,3,3,5,6,4,4,1,1,4,4,7,7,2,3,3,3,1,1,2,5,1,3,3,3,2,3,3,3,2,3,2,3,2,2,1,2,1,3,4,4,1,2,3,4,3,3,3,3,1,3,1,7,2,4,1,1,1,1,3,3,4,4,2,2,3,3,1,3,3,3,3,3,1,1,4,4,1,1,3,3,3,3,1,1,1,1,1,1,2,3,1,1,1,1,3,3,1,2,1,2,2,2,2,3,1,1,1,2,2,2,4,4,4,4,3,3,2,2,3,4,3,4,1,2,2,2,4,4,3,4,1,3,3,3,2,2,3,3,2,2,3,3,1,1,2,2,2,2,1,1,2,4,2,2,3,4,3,3,3,3,4,4,1,1,3,4,3,4,2,3,1,1,2,2
"M145621",4,4,7,6,3,1,4,1,2,2,2,2,3,3,2,1,3,3,1,1,2,1,4,4,1,1,1,1,1,1,3,1,2,1,1,1,3,3,2,2,1,1,4,4,4,4,1,1,1,1,2,4,4,4,1,1,3,3,3,3,4,4,3,4,3,3,1,1,2,1,2,2,4,1,4,2,1,1,3,1,4,1,1,3,3,3,4,4,1,1,3,3,4,4,1,3,3,3,1,1,3,1,4,4,3,1,2,2,1,1,3,1,2,2,4,1,1,1,2,3,3,1,4,1,4,4,1,4,3,1,2,1,4,4,1,1,1,3,4,4,2,1,1,1,3,1,4,4,3,4,2,1,2,2,4,4,1,1,4,2,1,3,1,1,2,2,1,1,1,3,1,3,4,4,4,4,3,3,2,3,4,4,2,1,3,3,3,3,1,1,1,3,1,1,1,1,1,1,1,2,1,1,1,1,1,1,1,1,2,2,2,2,1,2,2,2,1,1,1,2,1,1,1,2,2,1,1,2,1,1,1,1,1,1,2,2,1,1,1,1,1,1,1,1,1,1,2,2,1,1,2,2,1,1,2,2,2,1,2,2,2,2,4,4,2,2,3,3,5,5,3,3,2,2,2,2,1,5,2,2,3,3,2,2,1,1,3,3,3,3,2,2,1,5,2,5,3,3,2,3,2,2,1,1,1,1,1,1,1,1,2,2,1,2,1,3,2,2,2,2,3,3,4,4,1,1,5,5,1,1,3,4,3,3,2,3,2,3,5,5,4,4,1,3,4,4,7,7,3,3,3,3,1,1,4,5,3,3,1,3,2,2,1,1,2,3,3,4,2,3,1,2,1,3,4,4,2,2,3,4,1,1,2,3,3,3,2,4,4,6,1,1,1,2,1,1,3,4,2,2,2,3,1,1,2,3,1,3,1,1,1,4,1,1,3,3,1,4,1,3,1,1,1,2,2,2,1,1,1,1,1,1,1,2,3,3,2,2,2,3,1,1,1,1,1,2,4,4,1,4,2,3,2,2,3,4,4,4,1,2,2,2,1,4,1,3,2,2,2,3,2,3,1,2,2,2,3,3,1,2,1,1,2,5,1,1,2,4,1,1,3,4,1,2,3,5,4,5,2,3,3,4,3,3,2,2,1,1,2,2
"M145622",3,4,7,6,3,3,4,4,2,2,2,2,1,1,2,1,2,3,1,4,2,2,4,4,1,1,1,1,3,1,1,1,1,1,3,1,3,3,4,4,2,1,2,2,1,4,1,1,1,1,2,4,4,4,3,3,4,4,3,3,2,4,3,4,3,3,1,1,2,2,2,2,1,1,2,2,1,3,1,1,4,4,1,1,3,3,4,1,1,1,1,3,4,4,3,3,3,3,1,1,3,1,3,3,3,1,2,2,0,0,3,3,1,1,4,1,1,3,3,3,1,1,1,1,2,4,4,4,3,3,1,1,4,4,1,1,3,3,2,4,2,1,3,3,3,1,4,4,3,4,1,1,2,1,2,4,0,0,4,4,1,3,1,1,3,3,1,1,1,3,1,3,4,4,4,4,3,3,3,3,4,4,2,2,3,3,3,1,1,1,3,3,1,1,1,1,1,1,1,2,1,1,1,1,1,1,1,1,1,2,1,2,2,2,2,2,1,1,2,2,1,1,2,2,2,2,2,2,1,1,1,1,1,1,1,2,1,1,1,1,1,1,1,1,1,1,2,2,1,1,2,2,1,1,2,2,2,1,2,2,2,2,1,2,2,2,3,4,5,5,1,3,1,2,2,2,1,1,2,2,3,3,2,5,1,2,2,3,3,3,1,3,1,1,2,5,3,3,3,3,2,2,1,1,1,1,2,5,1,2,2,2,2,2,1,1,2,2,2,2,3,3,4,4,1,1,5,5,1,1,4,4,2,3,2,2,3,3,5,5,4,4,1,3,4,4,7,7,3,3,3,3,1,1,1,1,3,3,3,3,2,3,3,3,2,2,3,4,1,3,1,2,1,1,4,4,2,5,3,4,1,1,3,3,3,3,1,4,4,4,1,2,2,2,1,3,4,4,2,2,1,5,1,3,2,2,1,3,1,1,1,4,1,1,3,3,3,4,1,3,1,1,1,1,2,2,1,1,1,1,3,3,1,2,2,2,2,2,2,3,1,1,1,3,2,2,4,4,4,4,3,3,3,3,4,4,4,4,2,2,1,2,4,4,3,3,2,3,3,3,2,2,3,3,3,3,3,3,1,1,2,2,2,2,1,3,2,4,1,2,1,3,2,3,1,3,3,4,2,2,4,5,2,3,2,2,1,1,2,2
"M145623",4,4,6,6,1,1,4,4,2,1,2,2,1,3,2,1,3,3,1,1,1,1,4,4,1,4,1,3,1,1,3,1,2,1,3,1,3,3,4,2,2,2,2,4,4,4,1,1,1,1,4,4,4,1,1,1,3,4,3,4,4,4,3,4,3,3,2,1,2,2,2,1,1,1,2,2,1,3,3,1,4,1,1,3,3,3,1,1,2,1,1,3,4,4,1,3,1,3,3,1,3,1,3,4,3,3,2,2,4,1,3,3,1,1,1,1,1,3,3,3,3,1,1,1,2,2,1,4,1,1,2,2,2,4,2,1,1,3,2,4,2,1,3,3,1,1,4,4,3,4,1,1,1,1,4,4,2,1,4,4,3,3,1,1,2,2,1,1,1,1,1,1,4,4,4,4,3,3,3,3,4,4,2,2,3,3,3,1,1,1,3,3,1,1,1,1,1,1,1,2,1,1,1,1,1,2,1,1,2,2,2,2,2,2,2,2,1,1,2,2,1,1,2,2,2,2,2,2,1,1,1,1,1,1,2,2,1,1,1,1,1,1,1,1,1,1,2,2,1,1,2,2,1,1,2,2,2,1,2,2,2,2,2,2,2,2,3,3,5,5,3,3,2,2,2,2,1,2,1,2,3,3,2,5,1,1,3,3,3,3,2,3,1,4,5,5,3,3,1,3,2,2,1,1,1,1,1,2,1,2,2,5,2,2,1,1,2,2,3,3,3,4,3,4,1,2,5,5,1,1,3,4,2,3,3,3,3,3,5,6,4,4,1,3,4,4,7,7,3,3,3,3,2,2,1,4,3,3,3,3,3,3,1,3,2,3,3,4,2,2,1,2,3,3,4,4,2,4,3,4,1,1,3,3,3,3,4,4,4,6,1,2,1,2,1,5,4,4,2,2,3,3,1,3,1,3,3,3,1,1,4,4,1,1,3,5,3,3,1,2,1,1,1,2,2,2,1,2,1,2,1,3,2,2,2,5,2,3,2,2,1,3,1,1,2,3,4,4,4,4,2,3,2,2,3,4,3,4,2,2,2,2,4,4,3,4,1,3,3,3,1,2,3,3,2,2,3,3,2,2,1,2,2,2,1,1,4,4,1,2,4,4,1,2,5,5,3,4,2,3,3,4,0,0,2,3,1,1,2,2
"M145624",4,4,6,6,1,1,4,4,2,2,2,2,1,1,2,1,3,3,1,1,2,2,4,4,1,1,1,1,1,1,1,1,1,1,3,3,3,4,4,2,2,1,2,4,1,4,4,1,0,0,2,4,4,1,1,1,3,3,3,4,2,4,3,4,3,3,2,1,2,2,2,1,1,1,2,2,1,3,3,1,4,1,1,1,1,3,4,4,1,1,3,3,4,4,3,3,3,3,3,1,3,1,3,4,1,1,2,2,4,1,1,1,2,1,4,4,0,0,3,3,3,1,4,1,2,2,1,4,3,3,1,1,2,4,1,1,1,3,2,4,1,1,1,1,1,1,4,4,4,4,2,2,2,1,4,4,2,1,4,4,1,3,1,1,2,2,3,3,1,3,1,3,4,4,4,4,3,3,2,3,2,4,2,2,3,1,3,1,1,3,1,3,1,1,1,1,1,1,1,1,1,1,1,1,1,1,1,1,1,2,1,2,1,2,2,2,1,1,1,2,1,1,1,2,2,1,1,2,1,1,1,1,1,1,2,2,1,1,1,1,1,1,1,1,1,1,2,2,1,1,2,2,1,1,3,2,2,1,2,2,2,2,2,4,2,2,3,3,1,5,3,3,2,2,2,2,2,6,1,2,3,3,3,5,1,1,3,3,2,3,2,2,1,1,5,5,3,3,3,3,2,2,1,1,1,1,2,4,1,2,2,5,2,2,1,1,2,2,2,3,3,3,2,4,1,3,5,5,1,2,3,4,3,3,2,3,3,3,5,6,4,4,1,3,3,4,7,7,3,3,3,3,1,1,2,2,3,3,1,1,2,3,1,1,2,2,3,3,2,3,1,2,3,3,4,4,2,2,3,4,1,1,2,3,1,1,1,4,6,6,1,1,1,1,1,3,4,4,1,2,1,3,1,1,3,3,1,1,1,1,4,4,1,1,3,3,3,3,1,3,1,1,1,2,2,3,1,1,1,1,1,3,2,2,2,2,2,2,2,3,1,1,1,3,2,2,4,4,4,4,4,4,2,2,3,4,2,4,2,2,2,2,4,4,1,3,3,3,3,4,2,2,3,3,2,2,3,3,1,1,1,2,2,2,1,3,2,4,1,2,3,4,2,3,3,3,3,4,2,2,4,4,2,3,2,2,1,1,2,2
"M145625",3,4,6,6,1,1,0,0,2,2,2,2,1,1,1,1,2,3,1,1,2,2,4,4,1,1,1,1,1,1,1,1,2,1,3,1,3,3,2,2,2,1,2,4,1,4,4,1,1,1,4,4,1,1,3,1,3,3,3,4,2,4,4,4,3,3,1,1,2,2,2,1,1,1,4,2,3,3,3,1,4,1,1,1,1,3,1,1,1,1,1,3,4,4,3,3,3,3,1,1,3,1,3,3,1,1,2,2,4,1,3,1,2,1,4,4,1,1,2,3,3,1,4,1,2,2,1,4,3,1,1,1,2,4,1,1,1,1,4,4,1,1,1,1,1,1,4,4,4,4,2,1,2,1,4,4,1,1,4,4,1,3,1,1,2,2,1,3,1,3,1,3,4,4,4,4,3,3,3,3,2,4,2,2,3,1,3,1,1,3,3,3,1,1,1,1,1,1,1,1,1,1,1,2,1,2,1,1,2,2,2,2,1,2,2,2,1,1,1,2,1,1,1,2,2,1,1,2,1,1,1,1,1,1,2,2,1,1,1,1,1,1,1,1,1,1,2,2,1,1,2,2,1,1,3,2,2,2,2,2,2,2,4,4,2,2,3,3,5,5,3,3,2,2,2,2,2,7,2,2,3,3,2,3,1,1,3,3,3,3,2,2,1,1,5,5,3,3,3,3,2,2,1,1,1,1,2,4,1,2,2,2,2,2,1,1,2,2,2,2,3,3,4,4,1,1,5,5,2,2,3,4,3,3,2,3,1,3,5,6,4,4,1,3,4,4,7,7,3,3,3,3,1,1,1,2,3,3,1,3,3,3,1,1,2,3,4,4,2,3,1,2,3,3,4,4,2,5,4,4,1,1,3,3,1,1,1,4,6,6,1,1,1,2,3,5,4,4,1,1,1,3,1,1,3,3,3,3,1,1,4,4,1,1,3,3,3,3,1,1,1,1,1,2,2,3,1,1,1,1,1,3,1,2,2,2,2,2,2,2,1,1,1,3,2,2,4,4,4,4,3,4,2,2,3,4,3,4,2,2,2,2,4,4,3,3,3,3,3,3,2,2,3,3,2,2,3,3,1,1,1,2,2,2,1,3,2,4,1,1,3,4,2,3,1,3,3,4,1,2,4,4,2,3,2,2,1,1,2,2
"M145626",4,4,7,6,3,1,4,4,2,2,2,2,1,1,2,1,2,3,1,4,2,2,4,4,1,1,3,3,1,1,3,1,2,1,3,3,3,3,2,2,1,1,2,2,4,4,1,1,3,3,2,4,4,4,1,1,3,4,3,3,2,4,3,3,3,3,2,1,2,2,2,1,4,1,2,2,1,3,3,3,4,1,1,1,3,3,4,1,1,1,3,3,4,4,1,1,3,3,3,1,3,3,3,4,3,1,2,2,4,1,3,3,2,1,4,1,1,3,2,3,1,1,4,1,2,4,4,4,3,3,1,1,2,4,1,1,3,3,2,4,2,1,1,3,1,1,4,4,4,4,1,1,2,1,4,4,1,1,4,2,3,3,1,1,2,2,1,3,1,1,3,3,4,4,4,4,3,3,2,3,2,4,2,1,3,1,3,3,1,1,3,3,1,1,1,1,1,1,1,2,1,1,1,2,1,2,1,1,1,2,1,1,1,1,1,1,1,1,1,1,1,1,1,1,1,1,1,1,1,1,1,1,1,1,1,2,1,1,1,1,1,1,1,1,1,1,2,2,1,1,2,2,1,1,1,2,1,1,2,2,2,2,2,4,2,2,3,3,5,5,3,3,2,2,2,2,2,6,2,2,3,3,2,2,1,1,3,3,3,3,1,3,1,5,5,5,3,3,3,3,2,2,1,1,1,1,2,2,1,1,2,2,2,2,1,3,2,2,3,3,2,3,4,4,1,3,3,5,1,2,1,4,2,3,3,3,3,3,2,5,4,4,2,3,4,4,7,7,3,3,3,3,1,2,1,2,3,3,3,4,2,3,1,3,2,2,2,2,2,2,1,2,1,3,4,4,2,2,3,3,1,1,2,2,2,3,2,7,1,4,1,2,1,2,1,1,4,4,1,1,3,5,1,1,3,3,3,4,1,1,4,4,1,1,3,5,1,3,1,1,1,1,1,2,2,2,1,1,1,1,3,3,2,2,2,2,2,2,2,3,1,1,1,1,2,2,4,4,4,4,2,3,2,2,3,4,3,4,2,2,2,2,4,4,1,1,3,3,3,3,2,3,3,3,2,2,3,3,1,2,2,2,2,2,3,3,2,4,1,1,3,3,1,3,3,6,3,4,1,2,4,5,2,4,2,3,1,1,2,2
"M145627",4,4,6,6,3,3,4,1,2,2,2,2,1,1,2,2,3,3,1,1,2,2,4,4,1,1,1,3,3,1,3,1,2,1,3,3,3,4,4,4,1,1,2,4,4,4,1,1,3,1,2,4,4,4,3,3,4,4,3,3,4,4,3,4,3,3,2,2,2,2,2,2,4,1,2,2,1,3,3,3,4,1,1,1,1,3,4,1,1,1,3,3,4,4,1,3,3,3,1,1,3,1,3,4,3,1,2,1,4,4,3,3,1,1,1,1,1,3,2,3,1,1,4,4,4,4,1,1,3,3,1,1,2,4,1,1,3,3,4,4,1,1,1,3,3,1,4,2,3,4,1,1,2,1,4,4,1,1,4,4,3,3,1,1,2,2,1,3,1,3,3,3,4,4,2,4,3,3,3,3,4,4,2,2,3,3,3,1,1,1,3,3,1,1,1,1,1,1,1,2,1,1,1,1,1,1,1,1,1,2,1,1,1,2,1,2,1,1,1,2,1,1,1,2,2,1,1,2,1,1,1,1,1,1,2,2,1,1,1,1,1,1,1,1,1,1,2,2,1,1,2,2,1,1,1,2,2,2,2,2,2,2,1,2,2,2,3,3,5,5,1,1,2,2,2,2,1,1,2,2,3,3,2,2,1,1,3,3,3,3,1,1,4,5,2,5,3,3,1,1,2,2,1,1,1,1,1,1,1,2,2,2,2,2,3,3,2,2,2,3,2,3,4,4,1,1,5,5,1,1,4,4,2,3,2,2,3,3,5,5,4,4,1,2,4,4,7,7,3,3,3,3,1,1,1,2,3,3,3,3,2,3,3,4,2,2,4,4,2,3,1,1,3,3,4,4,1,4,3,4,1,1,2,3,3,3,4,5,1,2,1,2,1,2,1,3,1,4,2,2,1,3,1,1,3,3,3,3,1,1,4,4,1,1,3,3,3,3,1,3,1,1,1,2,2,2,1,1,1,1,1,3,2,2,2,2,2,2,2,2,1,1,1,1,2,2,4,4,4,4,3,4,2,3,3,3,4,4,2,2,2,2,4,4,3,3,2,3,2,3,2,3,2,3,2,3,3,3,1,1,2,2,2,2,1,1,2,4,1,2,1,4,1,2,5,5,4,4,1,1,3,4,2,2,2,2,1,1,2,2
"M145628",3,4,6,6,3,1,4,1,1,1,2,2,1,3,2,1,3,3,1,1,2,2,4,4,1,4,1,1,1,1,1,1,2,1,3,1,3,3,4,2,1,1,2,2,4,4,1,1,0,0,2,4,4,1,3,1,3,4,3,4,2,2,3,4,3,3,2,1,0,0,2,1,1,1,2,2,1,1,3,1,4,1,1,3,3,3,4,1,1,1,1,3,4,4,3,3,3,3,1,1,3,3,3,4,3,1,2,2,1,1,3,1,2,1,4,1,1,3,2,2,1,1,1,1,2,4,1,4,1,1,2,2,4,4,1,1,1,3,2,2,0,0,1,3,1,1,4,4,3,4,2,1,1,1,4,4,2,1,4,4,3,3,1,1,2,3,1,1,1,3,1,3,4,4,4,4,3,3,2,3,4,4,2,2,3,1,3,3,1,3,3,3,1,1,1,1,1,1,1,1,1,1,1,2,1,2,1,1,2,2,0,0,1,1,1,1,1,1,1,1,1,1,1,1,1,1,1,1,1,1,1,1,1,1,2,2,1,1,1,1,1,1,1,1,1,1,2,2,1,1,2,2,1,1,3,3,2,1,2,2,2,2,1,3,2,2,3,3,4,5,3,3,2,2,2,2,1,5,1,2,3,3,3,5,1,1,3,3,1,2,3,3,5,5,2,5,3,3,1,3,2,2,1,2,1,1,1,2,1,1,2,2,2,2,1,3,2,2,2,2,3,3,2,4,1,1,5,5,2,2,3,3,2,3,2,2,3,3,5,6,4,4,3,3,3,4,7,7,3,3,3,3,1,2,6,6,3,3,3,3,2,2,1,4,2,2,3,4,2,3,2,2,1,3,4,4,2,2,3,4,1,1,3,3,3,3,4,4,1,6,1,1,2,2,3,3,4,4,2,2,3,3,1,1,2,3,1,1,1,1,4,4,1,1,3,3,3,4,1,1,1,1,1,2,2,2,1,1,1,1,3,3,2,2,2,3,2,2,2,2,1,1,1,2,2,2,4,4,4,4,3,4,2,2,3,4,4,4,2,2,2,2,4,4,3,3,2,3,2,3,2,3,3,3,2,2,3,3,1,2,1,2,2,2,1,1,4,4,2,2,3,3,1,3,3,5,2,4,2,2,3,4,2,3,2,2,1,1,2,2
"M145629",3,4,7,6,3,3,4,4,2,2,2,2,1,3,2,1,2,3,1,4,2,2,4,4,1,1,1,3,1,1,3,1,1,1,1,1,3,3,4,2,1,1,2,2,1,4,1,1,3,3,2,4,4,1,1,1,4,4,3,3,4,4,3,4,3,3,2,1,2,2,2,2,1,1,2,2,1,3,3,3,1,1,1,1,3,3,1,1,1,1,3,3,4,4,3,3,1,1,1,1,3,3,3,4,3,3,2,2,4,4,3,1,2,1,4,1,3,3,3,3,3,1,4,1,4,4,4,4,3,3,1,1,4,4,1,1,3,3,2,4,2,1,1,1,1,1,4,4,3,4,2,2,1,1,4,4,1,1,4,2,3,3,1,1,2,2,1,1,1,1,1,3,4,4,4,4,1,3,3,3,4,4,2,2,3,3,1,1,1,1,1,1,1,1,1,1,1,1,1,1,1,1,1,2,1,1,1,1,1,2,1,1,1,2,1,2,1,1,1,2,1,1,1,2,2,1,1,2,1,1,1,1,1,1,2,2,1,1,1,1,1,1,1,1,1,1,2,2,1,1,2,2,1,2,3,3,1,1,2,2,2,2,4,4,2,3,3,3,3,3,1,3,2,2,2,3,1,2,1,2,3,3,2,2,1,1,3,3,3,3,3,3,1,1,5,5,2,3,3,3,2,2,1,1,1,3,2,2,1,2,2,2,2,2,3,3,2,2,2,3,2,3,4,4,1,3,5,5,1,1,1,4,2,3,2,3,2,3,5,5,4,4,1,2,4,4,7,7,2,3,3,3,1,2,1,1,3,3,3,3,3,3,3,3,2,2,4,4,3,3,1,2,1,3,4,4,2,2,3,4,1,3,3,3,1,3,4,4,4,6,1,1,1,1,1,5,4,4,1,2,1,3,1,1,2,3,3,3,1,1,4,4,1,2,3,3,3,3,1,1,1,1,1,2,2,2,1,1,1,1,3,3,2,2,2,2,2,2,2,2,1,1,1,1,2,2,4,4,4,4,3,4,2,2,3,4,4,4,2,2,2,2,4,4,3,3,1,3,3,3,2,3,2,3,2,3,3,3,1,2,2,2,2,2,1,1,4,4,1,2,3,4,1,3,1,3,4,4,1,2,4,4,3,3,2,2,1,1,2,2
"M145630",4,4,6,6,1,1,4,1,1,1,2,3,1,1,1,1,2,3,1,1,2,2,4,4,1,4,1,1,3,1,1,1,2,1,1,1,3,3,4,2,1,1,2,2,4,4,1,1,1,1,4,4,4,1,3,3,3,3,3,3,4,4,3,3,3,3,2,1,2,2,2,1,4,1,4,4,1,3,3,3,1,1,1,1,1,1,1,1,1,1,3,3,4,4,1,1,1,1,1,1,3,1,4,4,1,1,2,2,1,1,3,1,2,1,1,1,1,3,3,3,3,3,1,1,2,2,1,4,3,3,2,1,4,4,1,1,1,3,2,2,1,1,1,3,1,1,4,4,4,4,1,1,2,1,4,4,1,1,4,4,3,3,1,1,2,2,1,1,1,1,1,3,4,4,4,4,3,3,2,3,4,4,2,2,3,3,1,1,1,1,3,3,1,1,1,1,1,1,1,2,1,1,1,1,1,2,1,1,1,1,1,1,2,2,2,2,1,1,2,2,1,1,2,2,2,2,2,2,1,1,1,1,1,1,2,2,1,1,1,1,1,1,1,1,1,1,2,2,1,1,2,2,1,1,3,2,2,1,2,2,2,2,4,4,1,2,3,3,5,5,3,3,2,2,2,2,1,1,1,2,3,3,2,3,1,2,3,3,3,3,3,3,1,5,3,5,2,3,3,3,2,2,1,2,1,1,1,2,1,2,2,2,1,2,1,3,2,2,2,3,3,3,4,4,1,1,2,5,1,1,4,4,2,3,2,2,1,3,5,6,4,5,2,3,4,4,6,7,2,3,3,3,1,1,1,5,3,3,3,3,2,2,3,3,2,2,3,4,1,3,2,2,1,1,4,4,2,2,4,4,1,1,2,2,3,3,2,4,2,4,1,1,1,1,3,3,4,4,1,2,3,3,1,1,3,3,3,3,1,1,1,5,1,1,3,5,3,4,1,3,1,1,1,1,2,2,1,1,1,1,3,3,1,2,2,5,2,2,2,2,1,1,1,1,2,3,4,4,4,4,3,4,3,3,3,4,3,4,2,2,1,2,4,4,1,3,2,3,3,3,3,4,1,3,2,3,3,3,1,1,1,1,2,2,1,3,2,4,1,2,1,3,1,1,1,3,4,4,1,2,3,4,3,4,2,2,1,1,2,2
"M145631",4,4,7,6,3,1,1,1,2,2,2,2,1,1,2,2,2,3,1,1,2,2,4,4,1,4,1,3,1,1,1,1,2,1,3,3,3,4,4,2,2,1,2,2,4,4,1,1,3,1,4,4,4,1,3,3,3,3,3,4,2,4,3,4,3,3,2,1,2,2,2,1,1,1,4,4,1,3,3,1,4,1,1,1,3,3,1,1,1,1,1,3,4,4,1,1,3,3,1,1,3,1,4,4,3,3,2,2,4,1,3,3,1,1,4,1,1,1,2,2,3,1,4,4,2,4,4,4,3,3,1,1,4,4,1,1,1,3,4,4,1,1,1,1,3,1,4,2,3,4,0,0,2,2,4,4,1,1,4,4,3,3,1,1,2,3,1,1,1,3,1,1,4,4,4,4,1,3,2,2,4,4,2,2,1,1,3,1,1,3,3,3,1,1,1,1,1,1,1,1,1,1,1,1,1,2,1,1,2,2,1,2,1,2,1,2,1,1,1,2,1,1,1,2,2,1,1,2,1,1,1,1,1,1,2,2,1,1,1,1,1,1,1,1,1,1,2,2,1,1,2,2,1,1,1,2,2,2,2,2,2,2,3,4,2,2,3,3,4,5,1,3,2,2,2,3,1,5,1,2,3,4,5,5,1,1,3,3,2,3,3,3,1,5,5,5,3,3,3,3,2,2,1,1,1,1,1,4,1,2,1,2,2,2,1,1,2,2,2,2,3,4,4,4,1,1,5,5,1,1,3,4,3,3,2,3,1,1,5,6,4,4,1,3,4,4,7,7,3,3,3,3,1,1,1,1,3,3,3,3,2,3,1,1,2,3,1,3,2,2,2,2,3,3,4,4,1,2,3,4,1,1,3,3,1,3,4,5,6,6,1,1,1,2,1,1,3,4,1,2,1,3,1,1,2,3,1,3,1,1,4,4,1,1,3,5,3,4,1,1,1,1,1,2,2,2,1,1,1,1,3,3,1,2,2,3,2,2,2,3,1,1,1,1,2,2,4,4,4,5,2,4,2,2,4,4,4,4,2,2,2,2,4,4,3,3,1,2,3,3,2,2,3,3,2,2,3,3,1,3,1,2,2,2,1,1,2,4,1,1,3,4,3,3,3,5,4,4,2,3,4,4,3,4,2,2,1,1,1,2
"M145632",0,0,7,6,0,0,0,0,0,0,2,3,0,0,0,0,2,3,1,1,0,0,4,4,1,1,1,3,1,1,3,1,2,1,0,0,3,3,4,4,1,1,0,0,0,0,1,1,1,1,0,0,0,0,0,0,0,0,3,3,0,0,0,0,3,3,1,1,0,0,0,0,0,0,0,0,1,1,3,3,4,1,1,3,3,3,4,4,1,1,3,3,4,4,0,0,3,3,0,0,3,3,4,4,3,1,2,2,0,0,3,3,2,2,1,1,1,3,3,3,0,0,0,0,0,0,0,0,3,1,0,0,0,0,1,1,3,3,4,4,1,1,1,3,1,1,4,4,4,4,0,0,0,0,4,4,2,1,4,4,1,3,1,1,2,2,1,3,0,0,1,1,4,4,2,4,3,3,2,3,4,4,2,2,3,1,3,3,1,3,0,0,1,1,1,1,1,1,1,2,1,1,1,2,1,1,1,1,2,2,2,2,1,2,1,2,1,1,1,2,1,1,1,2,2,1,1,2,1,1,1,1,1,1,2,2,1,1,1,1,1,1,1,1,1,1,2,2,1,1,2,2,1,2,3,2,2,1,2,2,2,2,1,4,2,3,3,3,5,5,3,3,2,2,2,2,1,2,2,2,3,3,3,5,1,2,3,3,3,3,2,3,1,5,2,2,3,3,1,3,2,2,1,1,1,1,1,1,1,1,2,2,2,2,3,3,2,2,2,2,3,3,4,4,1,1,5,5,1,1,4,4,3,3,2,3,3,3,5,6,4,5,1,3,3,4,7,7,3,3,3,3,1,1,1,4,3,3,3,3,2,3,1,4,2,2,3,4,2,3,2,2,1,3,4,4,2,2,4,4,3,3,2,3,1,3,2,4,4,6,1,1,2,2,1,3,4,4,2,2,3,3,1,1,2,2,3,3,1,1,1,4,1,1,3,3,1,4,1,1,1,1,1,1,2,2,1,1,1,1,3,3,1,2,2,2,2,2,2,2,1,1,1,2,2,2,4,4,4,4,2,2,2,2,3,4,3,4,2,2,2,2,4,4,1,3,3,3,3,3,2,3,2,3,2,2,3,3,1,1,2,2,2,2,1,3,2,4,1,1,4,4,1,3,3,5,3,4,2,2,3,3,4,4,2,2,1,1,2,2
"M145633",4,4,7,6,1,1,4,1,2,2,2,2,1,1,2,1,2,3,1,4,2,2,4,4,1,1,1,3,1,1,3,1,1,1,3,3,3,4,4,2,2,1,2,2,1,4,1,1,3,1,2,4,4,4,3,1,3,3,0,0,2,4,4,4,3,3,2,1,2,2,2,2,1,1,4,2,1,3,3,3,4,1,1,1,1,3,1,1,0,0,3,3,4,4,3,3,1,3,3,3,0,0,3,4,1,1,0,0,4,1,3,3,1,1,4,4,3,3,3,3,1,1,4,1,2,4,4,4,3,3,0,0,2,4,1,1,3,3,2,4,1,1,1,1,3,1,4,2,4,4,2,2,2,2,4,4,1,1,4,4,3,3,1,1,2,3,1,1,1,3,1,1,4,4,4,4,3,3,2,3,4,4,2,2,3,1,3,1,1,3,3,3,1,1,1,1,1,1,1,2,1,1,1,1,1,1,1,1,1,1,2,2,2,2,2,2,1,1,2,2,1,1,2,2,2,2,2,2,1,1,1,1,1,1,1,2,1,1,1,1,1,1,1,1,1,1,2,2,1,1,2,2,1,1,1,3,2,1,2,2,2,2,3,4,2,2,3,3,5,5,3,3,2,2,2,2,1,2,2,2,3,3,2,5,1,1,3,3,1,3,2,3,4,5,5,5,3,3,1,3,2,2,1,1,1,1,2,2,1,2,2,2,2,2,3,3,2,2,2,2,2,3,4,4,1,3,5,5,1,1,3,4,2,3,2,2,3,3,5,6,4,4,1,1,3,4,7,7,3,3,3,3,1,1,4,5,3,3,3,3,3,3,3,3,2,2,3,4,2,3,2,2,1,3,4,4,1,5,3,4,1,3,3,3,1,3,2,2,4,4,1,1,1,1,1,3,1,4,1,2,3,3,1,3,2,3,3,3,1,1,4,4,1,1,3,5,3,3,1,3,1,1,2,2,2,2,1,2,1,1,3,3,2,2,2,2,2,2,2,2,1,1,1,1,2,2,4,4,4,4,3,3,2,2,3,4,3,4,2,2,2,2,4,4,3,3,2,2,3,3,2,3,3,3,2,2,3,3,2,2,2,2,2,2,1,1,4,4,1,1,1,3,1,2,3,6,4,5,1,2,3,4,4,4,2,2,1,1,2,2
"M145634",3,3,6,6,3,1,4,1,2,2,2,2,1,1,2,1,2,3,1,4,2,2,4,4,1,1,1,3,1,1,1,1,2,1,3,3,3,3,4,2,1,1,2,4,1,4,1,1,1,1,4,4,4,1,3,1,3,3,3,4,2,4,4,4,3,3,1,1,2,2,2,2,4,1,2,2,1,3,3,3,4,1,1,1,1,3,4,1,1,1,3,3,4,4,3,3,1,3,3,1,3,1,4,4,3,3,2,2,4,1,3,1,1,1,4,4,1,3,2,3,1,1,4,4,4,4,1,4,3,3,1,1,4,4,1,1,1,1,2,2,0,0,1,3,3,1,4,2,4,4,2,1,2,2,4,4,1,1,4,4,3,3,1,1,2,2,1,1,1,1,1,3,4,1,4,4,3,3,3,3,4,4,1,1,3,1,3,3,1,1,3,3,1,1,1,1,1,1,1,2,1,1,1,2,1,1,1,1,1,2,0,0,1,2,1,1,1,1,1,1,1,1,1,2,1,1,1,1,1,1,1,1,1,1,2,2,1,1,1,1,1,1,1,1,1,1,2,2,1,1,2,2,1,2,0,0,2,1,2,2,2,2,1,4,2,3,3,3,2,5,3,3,2,2,2,2,1,2,1,2,3,3,2,3,1,1,3,3,1,3,3,3,1,4,5,5,2,2,1,3,2,2,1,1,1,1,1,1,1,1,2,2,2,2,3,3,2,2,2,2,3,3,2,4,1,1,5,6,1,1,4,4,3,3,2,2,1,3,5,6,4,4,1,3,4,4,7,7,3,3,3,3,1,2,1,1,3,3,2,3,3,3,1,3,2,2,4,4,2,2,1,2,3,3,4,4,2,2,3,3,1,3,2,2,2,3,4,4,4,4,1,1,1,2,5,5,4,4,1,2,1,1,1,3,2,3,1,3,1,1,1,4,1,1,3,3,1,1,1,1,1,1,1,2,2,2,1,1,1,1,1,3,2,2,2,2,2,2,2,2,1,1,1,1,2,2,4,4,4,4,3,3,2,2,3,4,3,4,2,2,2,2,4,4,1,3,2,3,3,3,2,3,2,2,2,3,3,3,1,3,1,1,2,2,3,3,1,4,1,1,3,4,2,3,1,5,3,3,1,2,4,5,4,4,2,2,1,1,2,2
"M145635",0,0,6,6,1,1,4,1,2,2,2,2,1,1,2,1,0,0,1,4,2,1,4,4,1,4,1,1,1,1,1,1,1,1,3,1,3,3,4,2,1,1,2,2,1,4,4,1,3,1,4,4,4,4,3,3,3,4,3,4,4,4,4,4,3,3,2,2,2,2,2,1,1,1,4,2,0,0,3,3,4,1,1,1,3,3,1,1,1,1,1,3,4,4,3,3,1,3,0,0,3,3,3,3,3,3,2,2,0,0,3,3,2,1,4,1,1,3,3,3,3,1,4,4,2,2,4,4,3,1,1,1,4,4,1,1,0,0,4,4,1,1,1,3,3,3,4,4,4,4,1,1,1,1,4,4,1,1,4,2,3,3,1,1,2,2,1,1,1,1,1,3,4,4,4,4,3,3,2,3,2,4,2,2,1,1,0,0,1,1,3,3,1,1,1,1,1,1,1,1,1,1,1,1,1,1,1,1,1,2,1,1,2,2,2,2,1,1,2,2,1,1,2,2,2,2,2,2,1,1,1,1,1,1,2,2,1,1,1,1,1,1,1,1,1,1,2,2,1,1,2,2,1,1,2,2,2,1,2,2,2,2,1,2,2,3,1,3,5,5,3,3,2,2,2,2,1,1,1,1,3,3,3,3,1,2,2,3,3,3,2,3,3,3,5,5,3,3,3,3,2,2,1,1,1,1,1,1,1,2,2,2,2,2,3,3,2,2,2,3,2,4,2,2,1,1,5,5,1,1,1,3,3,3,2,3,3,3,5,6,4,5,1,2,4,4,7,7,3,3,3,3,1,1,2,2,3,3,3,3,2,3,1,1,2,2,4,4,1,3,1,2,3,3,4,4,2,2,4,4,1,1,3,3,3,3,1,4,2,4,1,1,1,2,1,5,4,4,1,2,1,3,1,1,2,3,1,3,1,1,1,1,1,1,3,3,3,3,3,3,1,1,1,2,2,2,1,2,1,1,3,3,2,2,2,5,2,2,2,2,1,1,1,1,2,3,4,4,1,4,3,3,2,3,3,4,4,4,2,2,2,2,4,4,3,3,3,3,2,4,2,3,1,3,2,2,3,3,1,2,1,2,2,2,1,1,2,2,1,1,3,3,3,3,3,5,4,5,1,2,4,5,2,2,2,2,1,1,2,2
"M145636",4,4,7,6,3,3,4,4,2,2,2,2,1,1,2,2,2,3,1,4,2,1,4,4,4,4,1,3,3,1,3,1,2,1,3,1,3,3,2,2,2,1,2,4,1,4,1,1,1,1,2,4,4,4,1,1,3,4,3,3,4,4,3,3,1,3,2,2,2,2,2,1,1,1,4,2,3,3,3,3,4,1,3,3,3,3,4,1,1,1,3,3,2,4,1,1,3,3,1,1,3,3,3,4,3,3,2,2,4,1,1,1,1,1,4,4,3,3,2,2,3,3,4,1,2,2,4,4,3,1,1,1,4,4,1,1,1,3,4,4,2,1,1,1,0,0,4,4,4,4,1,1,1,1,2,4,1,1,4,4,0,0,1,4,3,3,1,1,1,1,1,3,4,4,4,4,3,3,3,3,2,4,2,1,3,3,3,3,1,1,3,3,1,2,1,2,1,2,1,2,1,2,1,1,1,1,1,1,2,2,1,2,1,2,2,2,1,1,1,2,1,1,1,2,2,1,1,2,1,1,1,1,1,1,2,2,1,1,1,1,1,1,1,1,1,1,2,2,1,1,2,2,1,2,2,2,2,2,2,2,2,2,2,2,1,3,3,3,2,5,3,3,1,2,2,3,2,2,1,1,3,3,2,3,1,2,3,3,1,3,3,3,1,1,5,5,2,3,1,3,2,2,1,1,1,1,2,4,1,1,2,4,2,2,1,3,2,2,2,2,3,3,4,4,1,3,5,5,1,2,1,3,3,3,2,3,2,3,5,5,4,4,2,3,3,4,4,7,3,3,2,3,1,2,1,2,3,3,3,3,2,2,1,1,2,3,4,4,2,3,1,2,1,3,3,4,2,5,3,3,1,1,2,3,1,3,1,4,4,6,1,1,1,2,1,3,4,4,2,2,3,5,1,1,3,3,3,3,1,1,4,4,1,1,3,3,3,3,1,1,1,3,1,2,2,2,1,1,1,1,3,3,1,2,1,2,2,2,2,2,1,1,1,1,2,2,1,4,4,4,2,3,2,2,2,3,3,4,2,2,2,2,4,4,1,3,3,3,3,3,2,2,3,3,2,2,3,3,1,1,1,2,2,2,1,3,4,4,1,2,3,4,3,3,5,5,3,3,1,3,4,4,3,4,2,2,1,1,2,2
"M145637",4,4,7,6,1,1,4,4,2,2,2,2,1,3,2,1,2,3,1,1,2,2,4,4,1,1,1,1,1,1,3,1,2,2,3,1,3,3,4,4,1,1,2,2,1,4,1,1,1,1,2,4,1,1,3,1,3,3,4,4,2,4,3,4,3,3,1,1,2,1,2,2,1,1,4,2,1,1,3,1,4,1,1,1,3,3,4,1,1,1,1,1,4,4,3,3,3,3,1,1,3,1,4,4,3,1,2,2,1,1,3,1,1,1,4,1,1,1,3,3,3,3,4,4,2,4,1,1,3,3,1,1,4,4,1,1,1,3,4,4,2,2,1,1,3,1,4,4,4,4,1,1,2,2,4,4,2,1,4,4,3,3,1,1,2,2,3,3,1,3,3,3,4,4,4,4,3,3,2,3,4,4,2,2,3,1,3,3,1,1,3,3,1,1,1,1,1,1,1,2,1,1,1,2,2,2,1,1,1,2,1,2,2,2,2,2,1,1,2,2,1,1,2,2,2,2,2,2,1,1,1,1,1,1,2,2,1,1,1,1,1,1,1,1,1,1,2,2,1,1,2,2,1,1,2,2,2,1,2,2,2,2,1,4,2,2,3,3,5,5,3,3,2,2,2,2,1,2,2,2,3,3,2,5,1,1,3,3,2,3,1,2,1,5,2,5,3,3,1,3,2,2,1,1,1,1,1,2,1,2,2,2,2,2,3,3,2,2,2,2,3,3,4,4,1,1,5,5,1,1,4,4,3,3,2,2,3,3,5,5,4,5,1,3,4,4,7,7,3,3,3,3,1,1,1,4,3,3,1,3,3,3,1,1,2,3,3,4,3,3,2,2,3,3,4,4,2,5,4,4,1,3,2,2,1,2,2,7,4,6,1,1,1,2,3,5,4,4,1,1,3,3,1,1,2,3,3,3,1,1,1,4,1,1,3,3,4,4,1,1,1,1,2,2,2,3,1,1,1,1,1,3,2,2,2,3,2,2,2,2,1,1,1,2,2,2,4,4,4,4,2,4,2,2,3,3,3,4,2,2,2,2,4,4,1,3,3,3,3,3,2,2,3,3,2,2,3,3,1,2,2,2,2,2,1,1,4,4,1,1,4,4,1,1,1,3,4,5,2,2,3,4,3,3,2,3,1,1,2,2
"M145638",4,4,6,6,1,1,4,4,2,2,2,3,1,1,2,2,2,2,1,1,2,2,4,4,1,1,1,3,1,1,1,1,1,1,3,3,3,3,4,4,2,1,2,2,4,4,4,1,1,1,2,4,4,4,3,1,3,4,3,4,4,4,3,3,3,3,2,1,2,2,2,2,4,1,2,2,3,3,3,1,4,1,1,1,1,3,4,1,0,0,1,3,4,4,3,3,3,3,3,3,3,1,3,4,3,1,2,2,1,1,3,3,1,1,4,1,3,3,3,3,1,1,4,4,4,4,4,4,3,3,1,1,4,4,1,1,1,3,2,2,1,1,1,3,3,3,4,4,3,4,2,1,2,2,4,4,1,1,4,4,3,3,1,1,2,2,1,3,1,1,1,3,4,4,2,4,1,3,2,2,2,4,2,1,3,3,1,1,1,1,3,3,1,1,1,1,1,1,1,2,1,1,1,2,1,1,1,1,2,2,1,2,1,1,1,1,1,1,1,1,1,1,1,1,1,1,1,1,1,1,1,1,1,1,2,2,1,1,1,1,1,1,1,1,1,1,2,2,1,1,2,2,1,1,4,3,2,1,2,2,2,2,2,4,2,2,3,3,2,5,1,3,2,2,2,2,1,1,1,2,3,3,2,5,1,1,3,3,3,3,3,3,5,5,5,5,2,3,3,3,2,2,1,2,1,1,1,2,1,2,2,2,2,2,1,1,2,2,2,2,2,3,2,4,1,1,5,5,1,1,3,3,2,3,2,3,1,3,5,5,4,4,3,3,3,4,7,7,3,3,3,3,1,2,1,2,3,3,3,3,3,3,3,4,2,3,3,4,2,2,1,2,3,3,4,4,2,2,4,4,1,1,2,3,1,3,2,6,2,4,1,1,2,2,3,5,4,4,1,1,3,3,1,3,1,3,3,3,1,1,4,5,1,1,3,3,1,3,1,3,1,1,1,2,2,2,1,1,1,1,1,2,2,2,2,2,2,2,2,3,1,3,1,1,2,2,4,4,4,4,2,3,1,2,3,4,3,4,2,2,2,2,4,4,3,3,2,3,2,3,2,2,3,3,2,3,3,3,1,2,2,2,2,2,1,1,2,4,1,2,1,4,1,3,1,5,3,5,1,1,3,4,4,4,2,2,1,1,2,2
"M145639",4,4,7,6,3,1,4,1,2,2,2,2,1,1,2,1,2,3,1,1,2,2,4,4,1,1,1,1,3,1,3,3,2,2,3,1,3,3,4,2,1,1,4,4,4,4,1,1,3,1,4,4,4,4,3,3,3,3,3,3,2,4,4,4,3,3,2,1,2,2,2,2,1,1,4,2,1,1,3,3,1,1,1,1,1,3,4,1,1,1,1,3,4,4,3,3,1,3,1,1,3,1,3,3,3,3,2,2,1,1,1,1,2,1,4,1,3,3,2,3,3,1,4,1,2,2,1,4,3,3,1,1,2,4,1,1,3,3,2,4,1,1,1,1,1,1,4,4,3,4,0,0,2,1,4,4,1,1,4,2,1,3,1,1,2,2,1,1,1,1,1,1,4,4,4,4,3,3,3,3,4,4,2,2,1,1,3,1,1,1,1,1,1,1,1,1,1,1,1,1,1,1,1,2,1,2,1,1,2,2,1,2,1,2,1,2,1,1,1,2,1,1,1,2,2,1,1,2,1,1,1,1,1,1,2,2,1,1,1,1,1,1,1,1,1,1,2,2,1,1,2,2,1,1,2,2,2,1,2,2,2,2,2,3,2,3,3,3,4,5,3,3,2,2,2,3,5,7,1,2,3,3,5,5,1,2,3,3,2,3,3,3,1,4,5,5,3,3,3,3,2,2,1,1,1,1,2,2,1,1,2,5,2,2,1,1,2,2,3,3,2,3,1,4,1,1,5,5,1,2,1,4,2,3,2,3,1,3,5,6,4,4,1,3,4,4,7,7,3,4,3,3,1,2,1,1,3,3,3,4,2,3,1,3,3,3,3,4,1,3,1,2,1,3,4,4,2,2,3,3,1,1,3,3,1,3,1,2,4,6,1,1,1,2,3,3,4,4,2,2,1,3,1,1,2,3,1,3,1,1,4,4,1,2,3,4,1,3,1,1,1,1,1,2,2,2,1,1,1,1,3,3,2,2,2,3,2,2,3,3,1,1,1,1,2,2,4,4,4,4,3,3,2,2,3,4,3,4,2,2,2,2,4,4,2,3,3,3,3,3,2,4,1,3,2,2,3,3,2,3,2,2,2,2,1,3,4,4,1,1,1,1,3,3,1,5,4,4,1,1,4,4,2,2,2,2,1,1,1,2
"M145640",4,4,6,6,3,3,4,1,2,1,2,3,1,1,2,1,2,3,1,1,0,0,4,4,1,1,1,1,1,1,3,1,1,1,3,3,3,3,4,2,1,1,0,0,1,4,1,1,3,1,4,4,4,4,3,3,0,0,3,3,2,2,0,0,3,3,2,1,2,2,0,0,0,0,0,0,1,1,3,1,0,0,1,3,3,3,4,1,1,1,3,3,4,4,3,3,3,3,0,0,3,3,4,4,3,3,2,2,4,1,3,3,2,2,1,1,1,3,2,3,3,1,0,0,4,4,4,4,0,0,2,1,0,0,1,1,3,3,4,4,0,0,1,1,1,1,4,4,3,4,2,1,0,0,4,4,2,1,4,4,1,3,1,1,2,3,1,3,0,0,3,3,4,4,2,4,3,3,2,3,4,4,2,1,1,1,3,3,1,3,3,3,1,1,1,1,1,1,1,1,1,1,2,2,1,1,1,1,1,2,1,2,1,2,1,2,1,1,1,2,1,1,1,2,2,1,1,2,1,1,1,1,1,1,2,2,1,1,1,1,1,1,1,1,1,1,2,2,1,1,2,2,1,1,1,2,2,2,2,2,2,2,1,3,2,3,3,3,5,5,1,3,2,2,2,3,1,5,0,0,3,4,3,5,1,2,3,3,3,3,3,3,1,1,2,5,3,3,1,3,2,2,1,1,1,3,2,2,1,1,2,2,2,2,3,3,2,2,2,3,3,3,1,4,1,1,5,5,1,1,3,4,3,3,3,3,3,3,5,5,5,5,1,2,3,3,7,7,3,3,3,3,1,1,4,4,3,3,3,3,2,2,1,4,2,2,3,4,1,2,1,2,1,3,4,4,2,2,3,4,1,1,3,3,1,1,4,7,2,6,1,1,1,1,3,5,4,4,2,2,3,3,1,3,2,3,3,3,1,1,4,4,1,1,3,3,1,3,1,1,1,1,1,2,2,2,1,1,1,1,3,3,2,2,2,2,2,2,2,3,1,1,1,1,2,3,4,4,1,4,2,4,2,2,3,4,4,4,2,2,2,2,4,4,3,3,3,3,3,3,2,2,1,3,2,2,3,3,1,2,2,2,2,2,1,1,2,4,1,1,3,4,1,3,5,5,3,4,1,3,3,4,3,3,2,3,1,1,2,2
"M145641",4,4,7,6,3,1,4,1,2,2,2,2,1,3,1,1,2,3,1,4,2,2,4,4,1,1,1,1,3,3,1,1,1,1,3,1,3,3,2,2,1,1,2,2,4,4,1,1,1,1,4,4,4,1,3,1,4,4,3,4,4,4,4,4,3,3,1,1,2,2,2,2,1,1,2,2,1,1,3,3,1,1,1,3,1,1,4,1,1,1,3,3,4,4,1,3,1,3,1,1,3,3,3,4,3,1,2,2,1,1,3,1,1,1,1,1,1,3,3,3,1,1,1,1,4,4,1,4,3,1,1,1,4,4,1,1,1,3,4,4,1,1,1,3,1,1,4,2,4,4,1,1,2,2,4,4,1,1,4,2,3,3,1,1,2,2,1,3,1,1,1,1,4,1,4,4,3,3,2,3,4,4,1,1,3,1,3,1,1,1,3,3,1,1,1,1,1,1,2,2,1,1,1,2,1,2,1,1,1,2,1,2,2,2,2,2,1,1,2,2,1,1,2,2,2,2,2,2,1,1,1,1,1,1,1,2,1,1,1,1,1,1,1,1,1,1,2,2,1,1,2,2,1,1,3,2,1,1,2,2,2,2,4,4,2,2,3,3,5,5,3,3,2,2,2,2,1,1,2,2,3,4,2,2,1,1,3,3,2,3,1,1,1,1,5,5,2,3,3,3,2,2,1,2,1,1,2,4,1,2,2,2,2,2,1,3,2,2,2,2,3,3,4,4,1,3,5,5,1,1,3,4,3,3,2,3,1,3,5,5,4,4,2,3,2,4,7,7,2,3,3,3,1,1,4,6,3,3,3,4,3,3,1,1,2,2,2,4,2,3,2,2,1,3,4,4,1,5,3,4,1,1,2,2,1,3,4,4,1,4,1,1,1,2,1,3,3,4,1,2,3,3,1,3,3,3,3,3,1,1,4,4,1,1,3,5,3,3,1,1,1,1,1,1,2,2,1,1,1,1,1,3,2,2,2,2,2,2,2,2,1,3,1,1,2,2,4,4,4,4,3,3,2,2,3,3,3,4,2,2,2,2,4,4,3,5,3,3,3,3,2,4,1,3,2,2,3,3,1,1,2,2,2,2,1,3,2,4,1,1,1,1,1,3,3,6,3,4,2,3,4,5,3,4,2,3,1,1,2,2
"M145642",4,4,6,6,3,3,4,1,2,2,2,2,1,3,2,2,2,3,1,1,2,2,4,4,1,1,1,3,1,1,3,1,2,1,3,1,4,4,4,4,1,1,2,4,4,4,1,1,3,1,2,4,4,4,3,1,3,4,3,3,2,4,3,4,3,3,2,1,2,2,2,1,1,1,2,2,1,3,3,1,1,1,1,1,1,1,4,4,1,1,1,3,4,4,3,3,3,3,3,1,3,3,3,4,1,1,2,2,1,1,3,1,2,1,4,1,1,1,2,3,3,1,4,4,2,4,1,1,3,3,1,1,4,4,1,1,3,3,2,4,2,1,1,3,3,1,4,4,4,4,1,1,2,1,4,4,0,0,4,4,1,3,1,1,2,2,1,3,1,1,3,3,4,4,4,4,3,3,3,3,4,4,2,2,3,1,3,3,1,3,3,3,1,1,1,1,1,1,1,2,1,1,1,1,1,2,1,1,2,2,2,2,2,2,2,2,1,1,2,2,1,1,2,2,2,2,2,2,1,1,1,1,1,1,2,2,1,1,1,1,1,1,1,1,1,1,2,2,1,1,2,2,1,1,3,2,2,2,2,2,2,2,2,4,1,2,3,3,5,5,3,3,2,2,2,2,1,2,1,2,3,3,2,2,1,2,3,3,3,3,1,3,1,5,2,5,3,3,1,3,2,2,1,1,1,1,2,2,1,2,2,2,2,2,1,3,2,2,2,2,2,3,4,4,1,1,5,5,1,1,4,4,2,3,2,3,3,3,5,6,1,4,1,3,4,4,3,7,3,3,3,3,1,1,1,4,3,3,3,3,3,3,2,4,3,3,3,4,2,3,2,2,3,3,4,4,4,4,3,3,1,1,3,3,1,3,2,5,1,6,1,1,1,2,1,1,4,4,2,2,3,3,1,1,2,3,3,3,1,1,4,5,1,2,3,3,3,4,1,1,1,1,1,1,2,2,1,3,1,1,1,3,2,2,2,2,2,2,2,3,1,2,1,1,2,2,4,4,4,4,3,4,2,2,3,4,4,4,2,2,2,2,4,4,1,3,3,3,2,3,2,3,3,3,2,2,3,3,1,1,2,2,2,2,1,1,4,4,1,2,1,4,1,1,3,5,3,4,1,2,4,4,2,4,2,2,1,1,2,2
"M145643",3,4,6,6,3,3,4,4,2,1,2,2,3,3,2,2,2,2,1,1,2,2,4,4,1,1,1,1,1,1,3,1,2,1,3,1,3,3,4,2,1,1,2,4,1,1,1,1,1,1,2,4,4,1,3,3,3,4,3,3,4,4,3,4,3,3,1,1,2,2,2,2,1,1,2,2,3,3,3,3,4,1,1,3,1,3,1,1,2,1,1,3,4,4,1,1,3,3,1,1,1,1,3,4,3,1,2,2,4,1,3,1,1,1,4,1,3,3,2,3,3,1,1,1,2,4,4,4,3,3,2,2,2,2,1,1,1,1,2,2,2,1,1,1,3,1,4,2,4,4,2,1,2,1,2,4,1,1,4,4,3,3,1,1,2,2,1,3,1,1,1,3,4,4,4,4,3,3,2,3,4,4,1,1,3,3,3,3,1,1,1,3,1,1,1,1,1,1,1,1,1,1,1,1,1,1,1,1,1,2,1,1,1,2,1,2,1,1,1,2,1,1,1,2,2,1,1,2,1,1,1,1,1,1,2,2,1,1,1,1,1,1,1,1,0,0,2,2,1,1,2,2,1,1,3,2,2,1,2,2,2,2,3,3,2,3,3,4,4,5,3,3,1,2,2,2,1,2,1,2,3,3,5,5,1,1,3,3,3,3,1,3,1,5,2,5,3,3,3,3,2,2,1,1,1,1,2,2,1,2,2,2,2,2,1,3,2,2,3,3,3,3,2,3,1,3,5,6,1,2,1,3,3,3,2,2,3,3,5,5,1,4,2,3,4,4,7,7,2,3,3,3,1,1,1,2,3,3,0,0,2,3,1,3,2,3,3,4,2,3,1,2,1,3,4,4,1,2,3,4,1,1,3,3,1,3,4,4,1,2,1,1,1,1,1,3,1,4,1,2,1,5,1,1,2,3,3,3,1,1,4,5,1,2,3,3,3,4,1,1,1,1,1,2,2,2,1,1,1,1,3,3,2,2,2,2,2,2,2,3,1,1,1,1,2,3,3,4,4,5,3,3,2,2,4,4,3,4,2,2,2,2,4,5,1,3,2,2,3,3,2,3,3,3,2,2,3,3,1,1,1,2,2,2,1,1,4,4,1,2,1,4,3,3,1,3,3,5,1,1,4,4,4,4,2,2,1,1,2,2
"M145644",4,4,6,6,1,1,4,4,2,2,2,2,1,1,2,1,3,3,1,4,2,1,4,4,1,1,1,1,3,1,1,1,1,1,3,3,3,3,4,2,2,2,4,4,1,4,1,1,1,1,2,4,1,1,3,1,3,4,3,3,2,2,3,3,3,3,2,1,2,2,2,1,4,1,4,4,1,1,3,3,1,1,1,1,1,3,4,1,1,1,3,3,4,4,1,3,1,3,1,1,3,3,3,4,3,1,2,2,4,4,3,1,1,1,4,4,1,3,3,3,3,1,4,4,2,2,1,4,3,1,1,1,2,4,1,1,3,3,2,4,1,1,3,3,1,1,4,4,3,4,2,1,2,1,4,4,1,1,4,4,3,3,1,1,2,2,1,3,0,0,1,1,4,4,4,4,3,3,2,3,4,4,2,2,3,3,1,1,1,1,3,3,1,1,1,1,1,1,1,1,1,1,2,2,2,2,1,1,2,2,2,2,2,2,2,2,1,1,2,2,1,1,2,2,2,2,2,2,1,1,1,1,1,1,2,2,1,1,1,1,1,1,1,1,1,1,2,2,1,1,2,2,1,1,2,2,1,1,2,2,2,2,2,4,2,2,3,3,2,5,3,3,2,2,2,2,2,5,2,2,3,3,2,5,1,1,3,3,1,2,2,3,1,1,2,5,3,3,3,3,2,2,1,1,1,1,2,2,1,2,2,4,2,2,1,3,2,2,2,3,3,3,1,4,1,1,5,5,2,2,1,4,2,3,2,2,1,3,5,6,4,4,3,3,3,4,3,7,3,3,3,3,1,1,1,1,3,3,3,3,3,3,1,1,1,2,4,4,2,3,1,2,3,3,4,4,2,2,3,3,1,1,3,3,1,1,4,4,2,4,1,2,1,1,1,3,3,4,1,2,3,3,1,1,3,3,1,3,1,1,1,4,1,1,3,3,3,4,1,1,1,1,1,2,2,2,1,2,1,1,3,3,1,2,2,2,2,2,2,3,1,1,1,1,2,2,4,4,4,4,3,4,2,2,3,4,4,4,2,2,2,2,4,4,3,3,3,3,3,3,1,2,3,3,2,3,3,3,1,3,2,2,2,5,1,1,2,4,1,1,3,4,3,3,5,5,4,5,2,2,4,4,4,4,2,2,1,1,2,2
"M145645",4,4,6,6,3,1,4,1,2,1,2,3,1,1,2,1,2,2,1,1,2,2,4,4,1,1,1,3,1,1,1,1,2,1,3,3,3,3,4,2,1,1,2,4,4,4,1,1,1,1,4,4,4,1,3,3,3,4,3,3,4,4,4,4,3,3,2,2,2,2,2,2,1,1,4,2,3,3,3,3,4,1,1,1,3,3,4,4,1,1,3,3,4,4,1,3,3,3,1,1,3,1,4,4,3,1,2,2,4,4,3,3,2,1,4,1,3,3,3,3,3,1,4,1,4,4,1,4,3,1,1,1,4,4,1,1,3,3,2,4,1,1,1,3,1,1,4,4,3,4,1,1,2,2,4,4,2,2,4,4,3,3,1,1,2,2,1,3,1,3,1,3,4,4,4,4,3,3,2,3,4,4,2,1,3,1,3,3,1,3,3,3,1,1,1,1,1,1,1,1,1,1,1,2,1,2,1,1,2,2,2,2,2,2,2,2,1,1,2,2,1,1,2,2,2,2,2,2,1,1,1,1,1,1,2,2,1,1,1,1,1,1,1,1,1,1,2,2,1,1,2,2,1,1,1,2,2,2,2,2,2,2,1,4,2,2,3,3,5,5,1,3,2,2,2,2,1,5,1,2,3,3,5,5,1,2,3,3,3,3,3,3,1,5,2,5,3,3,3,3,2,2,1,1,1,3,1,1,1,2,2,3,2,2,1,1,2,2,2,2,3,3,4,4,1,1,5,5,1,2,4,4,3,3,2,3,3,3,5,5,4,4,1,2,4,4,7,7,3,3,3,3,1,1,1,1,3,3,3,3,3,3,1,4,2,3,3,4,2,2,1,2,1,3,4,4,2,5,3,4,1,1,2,3,3,3,4,7,2,6,1,2,1,2,3,5,4,4,1,2,3,3,1,3,2,3,3,3,1,1,4,4,1,1,3,3,3,3,1,1,1,1,1,2,2,2,1,1,1,1,1,2,2,2,2,2,2,2,2,2,1,3,1,1,2,3,4,4,4,4,3,3,2,3,3,4,4,4,2,2,2,2,4,5,3,3,3,3,3,3,2,3,3,3,2,2,3,3,1,3,2,2,2,2,1,3,2,4,1,1,4,4,3,3,5,6,3,3,1,3,4,4,3,4,2,2,1,1,2,2
"M145646",3,4,6,6,3,1,4,1,2,2,2,2,1,3,1,1,3,3,1,1,2,2,4,4,1,1,1,1,3,3,1,1,1,1,3,1,3,3,4,2,2,1,2,2,1,4,1,1,1,1,2,2,4,1,1,1,3,4,3,3,2,2,3,4,3,3,2,1,2,2,2,2,1,1,2,2,1,3,3,1,4,1,1,1,1,3,4,1,1,1,3,3,4,4,3,3,1,3,3,1,3,3,3,4,3,1,2,2,1,1,3,3,1,1,1,1,1,3,2,2,1,1,4,1,4,4,1,4,3,1,2,1,4,4,1,1,1,3,4,4,2,1,1,3,3,1,4,2,3,4,1,1,2,1,4,4,2,1,4,4,3,3,1,1,2,2,1,3,1,1,1,3,4,4,4,4,3,3,3,3,4,4,2,2,3,1,3,1,3,3,1,1,1,1,1,1,1,1,1,1,1,1,1,2,1,1,1,1,2,2,2,2,1,2,1,2,1,1,1,2,1,1,2,2,2,1,1,2,1,1,1,1,1,1,2,2,1,1,1,1,1,1,1,1,1,1,2,2,1,1,2,2,1,1,1,3,1,1,2,2,2,2,4,4,2,3,3,3,5,5,3,3,2,2,2,2,1,2,2,2,3,3,2,2,1,2,3,3,3,3,2,3,1,5,2,5,2,3,1,3,2,2,1,1,1,1,1,5,1,2,5,5,2,2,1,1,2,2,2,3,3,3,2,4,1,1,5,6,1,2,1,4,2,2,2,3,1,3,5,5,4,4,3,3,3,4,7,7,3,3,3,3,1,1,2,2,3,3,3,3,2,2,1,1,2,2,3,4,2,2,1,2,3,3,4,4,2,4,3,4,1,1,2,3,1,3,4,4,2,4,1,1,1,2,3,3,1,3,2,2,1,2,1,3,3,3,3,3,1,1,4,4,1,1,3,5,3,3,1,3,1,1,1,1,2,2,1,1,1,1,3,3,1,1,2,2,2,2,2,3,1,1,1,3,2,3,4,4,4,4,4,4,2,2,3,4,4,4,2,2,2,2,4,4,1,3,3,3,2,3,2,2,3,3,2,2,3,3,1,1,2,2,2,2,1,3,4,4,1,2,1,3,3,3,1,6,3,4,1,1,4,5,2,3,2,2,1,1,2,2
"M145647",4,4,7,6,3,1,1,1,2,1,2,3,1,3,2,1,2,3,1,1,2,2,4,4,1,4,1,1,1,1,3,1,2,1,1,1,3,3,4,2,2,1,2,2,4,4,1,1,3,1,4,4,4,1,3,3,3,3,3,3,2,4,3,4,3,3,2,1,2,2,2,2,1,1,4,4,1,3,3,3,1,1,1,1,1,3,1,1,1,1,3,3,4,4,1,3,1,1,1,1,3,3,4,4,1,1,2,2,1,1,1,1,2,1,1,1,1,3,2,2,3,1,4,1,4,4,1,4,3,3,2,1,4,4,1,1,1,3,2,4,1,1,3,3,1,1,4,4,3,4,1,1,2,2,4,4,2,1,4,4,3,3,1,1,2,2,1,1,1,1,1,3,4,4,4,4,3,3,2,3,4,4,2,2,3,1,3,1,1,1,3,3,1,1,1,1,1,1,1,1,1,1,1,2,1,1,1,1,1,1,1,1,2,2,2,2,1,1,2,2,1,1,2,2,2,2,2,2,1,1,1,1,1,1,2,2,1,1,1,1,1,1,1,1,1,1,2,2,1,1,2,2,1,1,3,3,2,2,2,2,2,2,2,4,2,2,3,3,5,5,3,3,2,2,2,2,2,2,1,2,3,3,3,5,1,2,3,3,2,3,1,3,1,5,3,5,2,3,2,3,2,2,1,1,1,1,1,2,1,2,2,5,1,2,1,3,2,2,3,3,3,3,4,4,1,1,5,5,1,1,3,4,2,3,2,2,3,3,5,6,4,4,1,2,4,4,6,7,2,3,3,3,1,1,1,1,3,3,3,3,2,2,3,3,2,2,3,4,3,3,2,2,1,1,4,4,2,2,3,4,1,1,2,3,3,3,2,4,4,4,1,1,1,1,3,3,1,4,1,2,1,3,1,1,2,3,1,3,1,1,1,1,1,1,3,5,3,3,1,3,1,1,1,2,2,3,1,1,1,1,3,3,2,2,2,5,2,2,2,3,1,1,1,1,2,2,4,4,4,4,3,4,3,3,3,4,3,4,2,2,1,2,4,4,3,3,2,3,3,3,4,4,1,3,3,3,3,3,1,2,1,2,2,2,1,1,2,4,1,2,3,3,1,1,1,3,4,4,1,2,4,4,3,4,2,3,1,1,2,2
"M145648",3,4,6,6,3,3,4,1,2,2,2,2,1,1,2,1,2,2,1,1,2,2,4,4,1,4,1,1,1,1,1,1,2,2,1,1,3,3,2,2,2,2,4,4,4,4,1,1,1,1,2,4,4,4,1,1,3,4,3,3,4,4,3,4,3,3,1,1,2,2,2,1,1,1,4,2,1,1,3,3,4,1,1,1,3,3,4,1,1,1,3,3,4,4,1,3,3,3,3,1,3,3,3,3,3,3,2,2,4,1,3,1,2,1,4,1,3,3,3,3,1,1,1,1,2,4,1,4,3,3,2,1,2,4,1,1,1,3,2,4,0,0,0,0,1,1,4,4,4,4,2,1,1,1,4,4,1,1,4,4,1,3,1,1,2,3,1,3,1,1,1,3,4,4,4,4,1,3,3,3,4,4,2,1,3,3,3,1,3,3,3,3,1,1,1,1,1,1,1,2,1,1,1,1,1,1,1,1,2,2,1,2,1,2,1,2,1,1,1,2,1,1,1,2,2,1,1,2,1,1,1,1,1,1,2,2,1,1,1,1,1,1,1,1,1,1,2,2,1,1,2,2,1,1,2,2,2,1,2,2,2,2,4,4,2,2,3,3,5,5,3,3,2,2,2,3,1,2,1,2,3,3,2,3,1,1,3,3,2,3,1,3,1,5,2,3,2,3,2,3,2,2,1,2,1,1,1,1,2,2,2,2,2,2,1,3,2,2,2,3,3,3,2,4,1,1,5,5,1,1,1,3,2,3,3,6,3,3,5,6,4,4,2,3,4,4,7,7,3,3,3,3,1,2,1,2,3,3,3,3,2,3,1,4,2,3,3,3,2,2,2,2,1,1,4,4,4,4,3,4,1,3,2,3,1,1,5,7,2,4,1,1,1,2,1,3,3,4,1,2,3,3,1,1,3,3,3,3,1,1,4,5,1,1,3,3,4,4,1,1,1,1,1,1,2,2,1,1,1,1,3,3,2,2,1,3,2,2,2,3,1,1,1,3,2,3,4,4,4,4,3,3,2,2,3,4,4,6,2,2,2,2,4,5,1,3,3,3,2,3,2,3,1,3,3,3,3,3,1,3,2,2,2,2,1,3,4,4,1,1,1,4,1,3,1,3,4,4,2,2,3,4,2,2,2,2,1,1,2,2
"M145649",4,4,6,6,3,3,4,1,2,2,2,2,1,1,2,1,2,2,1,1,2,1,4,4,1,1,1,3,1,1,1,1,2,1,3,3,3,4,4,2,1,1,2,2,1,4,1,1,3,1,2,4,4,4,3,1,3,4,3,3,2,4,3,4,3,3,2,1,2,2,2,1,1,1,2,2,3,3,3,1,1,1,1,1,3,3,4,1,1,1,3,3,4,4,1,3,3,3,3,1,3,3,4,4,3,1,2,2,4,4,3,1,2,2,4,1,3,3,2,3,3,1,4,4,4,4,4,4,3,1,2,1,2,4,1,1,3,3,4,4,2,2,1,1,1,1,4,4,4,4,2,1,2,2,4,4,1,1,4,4,1,3,1,1,2,2,1,3,1,1,1,3,4,4,4,4,3,3,3,3,4,4,2,1,1,1,3,3,1,1,3,3,1,1,1,1,1,1,1,1,1,1,1,2,1,2,1,1,2,2,1,2,1,2,1,2,1,1,1,2,1,1,1,2,2,1,1,2,1,1,1,1,1,1,2,2,1,1,1,1,1,1,1,1,1,1,2,2,1,1,2,2,1,1,1,2,2,2,2,2,2,2,3,4,2,3,3,3,5,5,1,3,2,2,2,3,2,5,1,1,3,3,1,5,1,2,3,3,3,3,3,3,1,1,5,5,2,3,3,3,2,2,1,1,1,3,2,2,1,1,2,2,2,2,3,3,2,2,2,2,3,3,4,4,1,1,5,5,1,1,3,4,3,3,2,3,3,3,6,6,5,5,2,3,3,4,7,7,3,3,3,3,1,1,1,1,3,3,3,3,3,3,1,4,2,3,3,4,1,2,1,2,3,3,4,4,2,2,4,4,1,1,3,3,1,3,4,7,2,6,1,1,1,1,3,5,4,4,2,2,3,3,3,3,2,3,3,3,1,1,4,4,1,1,3,3,1,3,1,1,1,1,1,2,2,2,1,1,1,1,1,3,2,2,2,2,2,2,2,3,1,3,1,3,2,3,4,4,1,4,3,3,2,2,3,4,4,4,2,2,2,2,4,4,1,3,3,3,3,3,2,2,3,3,2,2,3,3,1,1,2,2,2,2,1,3,2,4,1,1,3,4,1,3,1,5,3,5,3,3,4,4,3,4,2,3,1,1,2,2
"M145650",4,4,7,6,3,3,4,1,2,2,2,2,1,1,1,1,2,3,1,4,2,1,4,4,1,4,1,1,1,1,3,1,2,1,3,3,3,3,4,2,2,1,2,2,1,4,4,1,1,1,2,4,1,1,3,3,3,3,3,4,4,4,3,3,3,3,1,1,2,2,2,1,1,1,2,2,3,3,3,3,1,1,1,1,1,1,4,1,1,1,1,3,4,4,3,3,3,3,1,1,3,3,3,4,3,1,2,2,4,4,3,1,2,1,4,4,1,1,3,3,1,1,4,1,2,4,4,4,3,1,2,1,2,4,1,1,3,3,4,4,1,1,3,3,3,1,4,4,4,4,1,1,2,1,4,4,1,1,4,4,3,3,1,1,2,3,1,1,1,3,1,3,4,1,4,4,3,3,3,3,4,4,2,2,3,1,3,1,1,1,3,3,1,1,1,1,1,1,1,1,1,1,1,1,1,1,1,1,1,1,1,2,2,2,1,2,1,1,1,2,1,1,2,2,2,1,1,2,1,1,1,1,1,1,2,2,1,1,1,1,1,1,1,1,1,1,2,2,1,1,2,2,1,1,1,2,1,1,2,2,2,2,3,4,2,2,3,3,2,5,3,3,2,2,2,2,1,2,1,2,3,3,3,5,1,1,2,3,3,3,1,1,5,5,5,5,3,3,3,3,2,2,1,1,1,1,2,2,1,2,2,2,2,2,1,3,2,2,2,2,3,3,4,4,1,1,5,5,1,1,3,4,3,3,2,2,1,3,5,5,4,4,1,2,3,4,7,7,2,3,3,3,1,2,1,2,3,3,3,3,3,3,1,3,3,3,4,4,1,2,2,2,1,3,4,4,2,5,3,4,3,3,2,2,2,3,2,4,1,4,1,1,1,2,1,1,4,4,1,2,3,3,1,1,2,3,1,3,1,1,4,4,1,1,3,3,3,3,1,1,1,1,1,2,1,2,1,3,1,1,2,3,2,2,2,2,2,2,2,2,1,1,1,1,2,2,4,4,4,4,3,3,2,2,3,3,4,4,2,2,2,2,4,5,3,3,1,3,2,3,2,4,3,3,2,2,3,3,1,2,1,2,2,5,1,1,2,4,1,1,3,4,2,3,3,5,3,4,1,2,4,4,4,4,2,3,1,1,2,2
"M145651",4,4,6,6,3,1,4,4,2,2,2,3,1,1,2,2,2,2,1,1,2,2,4,4,1,1,1,1,1,1,1,1,1,1,3,3,3,4,4,2,1,1,2,4,4,4,4,1,1,1,2,4,4,4,3,1,3,4,3,4,4,4,4,4,1,3,2,2,2,2,2,1,1,1,4,2,1,3,1,1,4,1,1,1,1,3,4,1,1,1,3,3,2,4,3,3,1,3,1,1,3,3,3,4,3,1,2,2,4,4,3,1,2,2,4,4,3,3,2,3,3,1,4,1,2,2,4,4,3,3,2,1,4,4,1,1,3,3,2,2,1,1,1,1,3,1,4,4,3,3,2,1,1,1,2,4,1,1,4,4,1,3,4,4,2,3,1,1,1,1,1,1,4,4,4,4,3,3,2,3,2,2,2,2,3,1,3,3,1,1,3,3,1,2,1,2,1,2,1,2,1,2,1,1,1,1,1,1,1,2,1,1,1,2,1,2,1,1,1,2,1,1,1,2,2,1,1,2,1,1,1,1,1,1,1,2,1,1,1,1,1,1,1,1,1,1,2,2,1,1,2,2,1,1,3,2,1,1,2,2,2,2,2,4,2,2,3,3,5,5,3,3,1,2,2,2,1,2,1,2,3,3,3,5,1,1,3,3,3,3,3,3,1,1,5,5,3,3,3,3,2,2,1,1,1,1,1,1,1,1,2,2,2,2,3,3,2,2,2,3,2,3,2,4,1,1,5,5,1,2,1,3,3,3,2,6,1,3,5,5,4,5,2,3,3,4,1,7,3,3,3,3,1,1,2,2,3,3,3,3,2,3,1,4,2,2,4,4,1,2,1,2,1,3,4,4,2,2,3,4,1,1,3,3,3,3,4,4,4,4,1,1,1,2,1,5,4,4,2,2,3,3,1,1,3,3,1,3,1,1,4,4,1,1,3,5,3,3,1,1,1,3,2,2,2,3,1,1,1,1,3,3,1,2,2,2,2,2,2,2,1,1,1,3,2,2,2,4,1,4,3,4,2,2,3,4,2,4,2,2,2,2,4,4,3,3,3,3,3,4,2,4,3,3,2,2,1,3,1,1,2,2,2,2,1,1,2,2,1,1,1,3,2,3,1,5,4,5,2,3,4,4,3,3,2,2,1,1,2,2
"M145652",3,4,6,6,3,1,4,4,2,1,2,2,1,1,1,1,2,3,1,1,2,2,4,4,4,4,1,3,1,1,1,1,2,1,3,1,4,4,4,4,2,1,2,4,1,1,1,1,1,1,2,2,4,4,3,1,3,3,3,3,4,4,3,4,1,3,2,1,2,2,2,2,1,1,2,2,1,1,3,3,4,4,1,1,3,3,1,1,1,1,3,3,2,4,3,3,1,3,3,1,3,3,3,3,3,1,2,2,1,1,1,1,2,1,4,1,1,3,3,3,3,1,4,1,2,2,4,4,3,3,1,1,4,4,1,1,3,3,2,4,2,2,1,3,1,1,4,2,3,4,1,1,2,1,2,2,2,1,4,4,1,3,1,1,2,3,1,1,1,1,1,3,4,4,4,4,3,3,2,2,4,4,1,1,3,3,3,1,1,3,3,3,1,2,1,2,1,2,2,2,1,2,2,2,1,2,1,1,1,2,2,2,1,1,1,1,1,1,1,1,1,1,2,2,1,1,1,1,1,1,1,1,1,1,2,2,1,1,1,1,1,1,1,1,1,1,2,2,1,1,2,2,1,1,3,2,2,1,2,2,2,2,1,2,2,2,3,3,5,5,1,3,1,1,2,3,1,1,1,1,3,3,2,2,1,1,3,3,1,3,2,3,1,1,2,5,2,3,1,3,2,2,1,1,1,1,1,1,1,1,2,5,2,2,1,3,2,2,2,3,3,3,2,4,1,1,5,5,1,1,3,3,3,3,3,3,3,3,5,5,4,4,1,1,3,4,4,7,3,3,2,3,1,1,1,2,3,3,3,3,0,0,1,3,1,2,3,4,2,3,1,2,3,3,3,4,2,2,4,4,1,1,2,3,2,2,4,4,2,2,1,1,1,2,1,3,3,4,2,2,3,3,3,3,2,3,3,4,1,1,1,4,1,1,3,3,1,3,1,1,1,3,1,1,2,3,1,1,1,1,1,3,1,2,2,2,2,2,2,3,1,1,1,1,2,2,1,4,4,4,3,3,2,2,3,3,4,4,1,2,2,2,4,4,1,3,3,3,3,3,2,3,3,3,2,3,3,3,1,1,2,2,2,2,1,3,2,2,2,2,4,4,1,3,3,5,3,4,2,2,4,4,4,4,2,2,1,1,2,2
"M145653",4,4,6,6,3,1,4,1,2,2,2,2,1,3,2,1,3,3,1,4,2,1,4,4,1,1,1,3,3,1,3,1,1,1,1,1,3,4,2,2,1,1,2,4,4,4,1,1,3,1,2,4,4,1,3,1,3,3,3,4,2,2,4,4,1,1,2,1,2,2,2,2,4,1,4,2,1,3,3,1,1,1,1,1,1,1,1,1,1,1,3,3,2,4,3,3,1,1,3,1,3,1,4,4,3,1,2,2,4,1,3,3,2,2,4,1,3,3,3,3,1,1,4,1,4,4,1,1,3,1,2,1,2,2,1,1,3,3,4,4,1,1,3,3,1,1,4,4,4,4,1,1,2,1,2,2,1,1,4,2,3,3,1,1,2,2,1,3,1,1,1,1,4,4,4,4,1,3,3,3,4,4,2,2,3,1,3,3,1,3,3,3,1,2,1,2,1,2,1,2,1,2,1,2,1,2,1,1,1,2,1,1,1,2,1,2,1,1,1,2,1,1,1,2,2,1,1,2,1,1,1,1,1,1,2,2,1,1,1,1,1,1,1,1,1,1,2,2,1,1,2,2,1,1,1,2,1,1,2,2,2,2,4,4,2,3,3,3,5,5,3,3,1,1,2,2,2,5,2,2,3,3,2,5,1,1,3,3,3,3,2,3,5,5,5,5,3,3,3,3,2,2,1,1,1,1,1,2,1,1,2,2,2,2,1,3,2,2,3,3,2,3,2,4,1,1,5,5,1,1,3,4,2,3,2,3,1,3,5,5,4,5,2,3,3,4,1,7,3,3,3,4,1,1,1,2,3,3,3,3,2,3,1,4,2,2,4,4,2,3,1,2,3,3,2,4,1,2,3,4,1,1,2,3,2,3,4,4,1,6,1,1,1,1,1,3,4,4,2,2,1,5,1,3,3,3,3,3,1,1,4,4,1,1,3,3,1,4,1,3,1,3,1,2,1,3,1,1,1,1,3,3,2,2,2,2,2,2,2,3,1,2,1,3,2,2,2,4,4,4,3,3,2,2,3,4,4,4,2,2,2,2,4,4,3,3,1,2,2,3,2,2,3,3,2,2,1,4,1,1,1,2,2,2,1,1,4,4,1,2,2,3,2,3,3,6,4,4,2,2,3,4,3,4,2,2,1,1,2,2
"M145654",3,4,7,6,3,3,4,4,2,2,2,3,3,3,2,2,2,3,1,1,2,2,4,4,1,4,1,1,1,1,1,1,1,1,1,1,3,4,4,2,2,1,2,4,4,4,1,1,1,1,4,4,4,4,3,1,3,4,3,3,2,4,3,4,3,3,2,1,2,2,2,2,4,1,4,2,1,1,3,3,4,1,1,1,1,1,4,1,1,1,3,3,4,4,1,1,1,3,3,1,3,1,4,4,3,1,2,2,4,1,3,1,2,1,4,1,3,3,2,2,1,1,4,4,2,2,1,4,3,3,1,1,4,4,1,1,1,1,4,4,2,1,1,3,3,1,4,4,3,4,2,1,2,1,4,4,1,1,4,2,3,3,1,1,2,2,1,1,1,3,3,3,4,4,4,4,1,3,2,3,4,4,2,1,3,1,3,3,1,1,1,1,1,1,1,1,1,1,2,2,1,1,1,1,1,2,1,1,2,2,1,2,1,2,1,2,1,1,1,2,1,1,1,2,2,1,1,2,1,1,1,1,1,1,2,2,1,1,1,1,1,1,1,1,1,1,2,2,1,1,2,2,1,1,2,2,2,1,2,2,2,2,2,4,2,2,3,3,2,2,3,3,2,2,2,3,1,5,1,2,3,3,2,5,1,2,3,3,3,3,1,2,1,4,5,5,2,3,2,3,2,2,1,1,1,1,2,2,2,2,2,2,2,3,1,1,2,2,2,2,2,3,4,4,1,1,5,6,1,2,1,3,2,3,2,3,1,3,5,5,4,4,1,2,3,4,7,7,3,3,3,3,1,1,1,1,3,3,2,3,3,3,1,3,2,2,3,4,1,1,2,2,3,3,4,4,2,2,4,4,1,1,2,3,3,3,1,4,4,6,1,2,2,2,3,5,4,4,1,2,1,3,1,1,2,3,1,3,1,1,4,4,1,1,3,5,3,3,1,1,1,1,1,1,2,2,1,1,1,1,1,3,2,2,2,3,2,2,1,3,1,1,1,1,2,2,4,4,4,4,3,3,2,3,3,3,4,4,2,2,2,2,4,4,3,3,3,3,3,3,3,4,1,3,2,3,3,3,2,2,1,2,2,2,1,1,2,4,1,2,1,4,1,3,5,5,2,4,1,1,4,4,4,4,2,3,1,1,2,2
"M145655",3,4,7,6,3,1,4,1,2,2,2,2,1,1,1,1,2,2,1,4,2,2,4,4,1,4,1,3,1,1,3,3,1,1,3,1,3,3,4,2,1,1,2,4,1,4,1,1,1,1,4,4,4,4,3,1,3,4,3,4,4,4,3,4,3,3,1,1,2,2,2,2,1,1,4,2,1,1,3,3,4,1,1,1,1,3,1,1,1,1,3,3,4,4,1,1,3,3,1,1,3,1,3,4,3,1,2,2,4,1,3,1,2,1,4,1,1,3,3,3,3,1,1,1,4,4,1,4,3,3,2,1,4,4,1,1,1,3,2,4,1,1,3,3,1,1,4,4,4,4,1,1,2,2,2,4,1,1,2,2,3,3,1,1,2,2,1,1,1,3,1,3,4,1,4,4,3,3,3,3,2,4,2,2,3,1,3,1,1,3,3,3,1,1,1,1,1,1,1,1,1,1,1,1,1,2,1,1,1,1,1,1,2,2,2,2,1,1,2,2,1,1,2,2,2,2,2,2,1,1,1,1,1,1,1,2,1,1,1,1,1,1,1,1,1,1,2,2,1,1,2,2,1,2,2,2,1,1,2,2,2,2,3,4,2,2,3,4,4,5,3,3,1,2,2,2,1,6,2,2,3,3,2,3,1,1,3,3,3,3,1,3,1,5,5,5,3,3,3,3,2,2,1,1,1,1,2,2,1,2,2,2,2,2,1,1,2,2,3,3,2,3,4,4,1,1,5,5,1,1,3,4,3,3,2,3,1,3,5,5,4,4,3,3,4,4,7,7,3,4,3,3,1,1,2,6,3,3,2,4,3,3,1,3,2,2,4,4,1,3,2,2,3,3,4,4,2,2,3,3,1,3,2,3,3,3,4,4,1,4,1,1,1,2,1,3,3,4,1,1,1,3,1,1,3,3,3,4,1,1,4,4,1,1,3,3,1,3,1,1,1,1,1,2,2,2,1,1,1,1,2,3,1,2,2,3,2,2,2,2,1,1,2,3,2,2,4,4,4,5,3,3,2,3,3,4,3,4,2,2,2,2,4,4,1,2,1,3,3,3,2,3,3,3,2,2,3,3,1,1,2,2,2,2,1,3,2,2,1,1,1,1,1,1,5,6,3,3,2,2,3,4,2,4,2,2,1,1,2,2
"M145656",4,4,6,6,3,1,4,1,2,2,2,2,1,3,2,1,2,3,1,1,2,2,4,4,1,1,1,1,3,1,3,1,2,1,3,1,3,3,2,2,1,1,2,4,1,4,1,1,3,1,2,4,4,4,3,3,3,4,3,4,0,0,3,4,3,3,1,1,1,1,2,2,1,1,4,2,1,1,3,1,1,1,1,1,1,3,4,4,1,1,1,3,4,4,1,3,3,3,3,1,1,1,3,4,1,1,2,2,4,4,3,1,2,2,4,1,1,3,2,3,1,1,4,1,2,4,1,1,3,3,2,1,4,4,1,1,1,3,4,4,2,2,1,3,3,1,4,4,4,4,1,1,2,1,4,4,1,1,4,4,3,3,1,1,2,2,1,1,1,3,1,3,4,4,4,4,3,3,2,2,4,4,2,2,3,1,3,1,1,1,3,3,1,1,1,1,1,1,2,2,1,1,1,2,1,2,1,1,1,1,1,1,1,2,1,2,1,1,1,2,1,1,1,2,2,1,1,2,1,1,1,1,1,1,2,2,1,1,1,1,1,1,1,1,1,1,2,2,1,1,2,2,1,2,3,2,2,1,2,2,2,2,4,4,2,2,3,3,5,5,1,3,2,2,2,2,1,5,1,2,3,3,1,2,1,1,3,3,2,3,1,3,1,5,2,5,3,3,2,3,2,2,1,1,1,3,1,1,1,1,2,3,1,2,1,3,2,2,2,2,3,3,2,4,1,1,5,5,1,1,4,4,3,3,2,3,3,3,5,5,4,4,1,3,4,4,7,7,3,3,3,3,1,1,1,5,3,3,3,3,3,3,1,1,3,3,3,3,2,3,2,2,1,3,4,4,2,2,3,4,3,3,2,3,2,3,4,4,4,6,1,1,1,2,1,1,3,4,1,2,3,3,1,1,2,3,3,3,1,1,4,4,1,1,3,5,4,4,1,3,1,1,1,2,2,2,1,1,1,1,1,3,2,2,2,3,2,2,2,2,1,1,1,1,2,3,4,4,1,4,3,3,2,2,3,3,3,4,2,2,1,2,1,4,1,3,3,3,3,3,2,4,3,3,2,2,3,3,1,3,1,2,2,5,1,1,1,4,1,2,1,3,1,3,3,5,3,4,2,3,3,3,3,4,2,2,1,1,2,2
"M145657",3,4,7,6,1,1,0,0,2,2,2,2,1,1,1,1,3,3,1,1,2,2,4,4,1,1,1,1,3,1,1,1,2,1,1,1,3,3,4,2,2,1,2,2,4,4,4,1,1,1,4,4,4,1,1,1,3,3,4,4,2,4,4,4,3,3,1,1,2,2,2,2,1,1,4,2,1,3,3,1,1,1,1,1,3,3,4,1,1,1,1,3,4,4,3,3,3,3,3,1,3,3,3,4,3,3,2,2,1,1,3,3,1,1,4,4,1,1,3,3,1,1,4,1,2,2,1,1,3,1,1,1,4,4,1,1,1,3,2,2,1,1,1,3,1,1,4,4,4,4,2,1,2,2,4,4,1,1,4,4,3,3,1,1,2,2,1,1,1,1,1,3,4,4,4,4,1,3,3,3,2,4,2,2,3,1,3,1,1,3,1,3,1,1,1,1,1,1,1,1,1,1,1,1,1,2,1,1,2,2,2,2,2,2,2,2,1,1,2,2,1,1,2,2,2,2,2,2,1,1,1,1,1,1,2,2,1,1,1,1,1,1,1,1,1,1,2,2,1,1,2,2,1,2,3,2,1,1,2,2,2,2,4,4,2,2,3,3,5,5,3,3,2,2,2,2,2,7,1,1,3,3,5,5,1,1,3,3,3,3,2,3,1,1,5,5,3,3,3,3,2,2,1,2,1,3,1,2,1,2,2,2,2,2,1,3,2,2,2,3,3,3,2,4,1,3,5,5,1,2,4,4,2,3,2,3,3,3,5,6,4,4,2,3,4,4,7,7,3,3,3,3,1,1,1,2,3,3,3,3,3,3,1,1,2,3,4,4,3,3,1,2,3,3,4,4,5,5,3,4,1,1,2,2,1,1,1,4,4,6,1,1,2,2,1,3,4,4,2,2,1,3,1,3,3,3,3,3,1,1,4,4,1,1,3,3,1,1,1,3,1,1,1,2,3,3,1,1,1,1,1,3,1,2,2,2,2,2,2,2,1,1,1,3,2,2,4,4,4,4,2,3,2,2,3,3,4,4,2,2,1,2,4,4,2,3,3,3,2,3,2,2,3,3,2,2,3,3,1,1,2,2,2,2,1,1,4,4,1,1,3,4,2,2,3,3,3,4,2,2,4,4,3,4,2,2,1,1,2,2
"M145658",4,4,7,6,3,1,4,1,2,2,2,2,1,1,2,1,2,3,1,4,2,2,4,4,1,1,1,1,1,1,3,1,2,1,1,1,3,3,4,2,2,1,2,2,1,4,4,1,1,1,2,4,4,4,3,3,4,4,3,4,2,4,4,4,3,3,1,1,2,2,1,1,1,1,4,2,1,3,3,3,4,4,1,1,1,3,4,1,1,1,3,3,4,4,1,3,3,3,3,1,3,3,3,3,3,3,2,2,4,4,3,1,1,1,1,1,1,3,2,3,3,1,4,4,4,4,4,4,3,3,1,1,0,0,1,1,1,3,2,4,1,1,1,3,3,1,2,2,3,4,2,1,2,2,4,4,2,1,4,2,1,3,1,4,2,2,1,1,1,3,3,3,4,1,4,4,3,3,3,3,4,4,2,1,3,1,3,3,1,1,3,3,1,1,1,1,1,1,1,2,1,1,1,1,1,1,1,1,1,2,1,2,2,2,2,2,1,1,2,2,1,1,2,2,2,2,2,2,1,1,1,1,1,1,2,2,1,1,1,1,1,1,1,1,1,1,2,2,1,1,2,2,1,1,2,2,2,1,2,2,2,2,2,2,2,2,3,4,3,4,1,3,2,2,2,3,1,7,1,2,3,3,1,5,1,1,3,3,3,3,1,1,1,5,2,5,2,3,3,3,2,2,1,1,1,1,1,1,1,1,2,2,2,2,1,1,2,2,3,3,3,3,4,4,1,1,5,5,1,1,3,3,3,3,2,3,3,3,5,6,4,4,3,3,4,4,7,7,3,3,3,3,1,1,1,2,1,3,3,3,2,2,1,3,2,3,4,4,2,2,1,2,1,1,4,4,1,4,4,4,3,3,3,3,2,3,1,2,2,4,1,2,1,2,3,4,4,4,1,2,3,3,1,3,3,3,1,3,1,1,4,4,1,1,3,3,3,3,1,3,1,1,1,2,2,3,1,1,1,1,1,3,1,2,2,3,2,2,2,2,1,1,1,1,2,2,4,4,4,4,3,3,2,2,4,4,4,4,2,2,2,2,4,4,3,4,2,2,3,3,2,2,2,3,2,2,3,3,1,2,2,2,2,4,1,1,2,4,2,2,1,4,1,3,3,5,4,4,2,2,3,4,4,4,2,2,1,1,2,2
"M145659",4,4,6,6,3,3,1,1,2,2,2,2,1,1,1,1,3,3,1,1,2,1,4,4,1,4,1,1,1,1,1,1,2,1,3,1,3,4,4,2,2,1,2,4,1,4,1,1,1,1,4,4,4,4,3,3,3,4,3,3,2,4,3,4,1,3,2,1,2,2,2,2,1,1,4,4,1,3,3,3,1,1,1,1,1,3,1,1,2,1,3,3,2,4,3,3,3,3,3,1,3,1,3,4,3,1,2,2,4,1,3,1,2,1,1,1,3,3,3,3,1,1,4,1,2,4,1,4,3,1,1,1,4,4,1,1,1,3,2,2,2,1,1,3,1,1,4,4,4,4,1,1,2,1,4,4,1,1,4,4,3,3,1,1,2,3,1,3,1,1,1,3,4,4,2,4,3,3,3,3,2,4,2,2,3,3,3,3,1,3,3,3,1,2,1,2,1,2,1,2,1,2,1,2,2,2,1,1,1,1,1,1,1,2,1,2,1,1,1,2,1,1,1,2,2,1,1,2,1,1,1,1,1,1,2,2,1,1,1,1,1,1,1,1,1,1,2,2,1,1,2,2,1,1,4,3,1,1,2,2,2,2,3,4,2,2,3,3,2,5,3,3,2,2,2,2,1,2,1,1,3,3,2,5,1,1,2,3,2,3,1,2,4,5,5,5,3,3,3,3,2,2,1,1,1,3,2,4,1,2,2,2,2,2,1,1,2,2,2,2,2,4,4,4,1,1,5,5,1,1,1,3,1,2,2,3,3,3,5,5,4,5,2,3,3,4,1,6,3,3,2,3,1,2,1,4,3,3,3,3,2,3,1,3,2,3,3,4,2,2,2,2,1,3,3,4,2,5,3,4,1,1,3,3,3,3,5,7,1,2,1,2,1,2,1,3,3,4,2,2,1,2,1,1,3,3,1,3,1,1,1,4,1,2,3,3,1,1,1,1,1,3,1,1,2,2,1,1,1,1,1,1,1,2,2,5,2,2,2,2,3,3,1,1,2,2,2,3,4,5,3,3,2,2,3,4,4,4,2,2,2,2,4,4,1,3,2,2,2,2,2,3,3,3,2,2,1,3,1,1,2,2,2,2,1,1,2,4,1,1,3,4,1,3,3,5,3,5,1,2,4,4,4,4,2,2,1,1,2,2
"M145660",3,4,7,6,3,3,4,1,2,2,2,2,1,3,2,1,2,3,1,4,2,1,4,4,1,1,1,3,3,1,3,1,2,1,0,0,3,3,2,2,2,1,2,4,4,4,1,1,1,1,2,2,4,4,3,3,3,3,3,3,4,4,3,4,3,3,1,1,2,2,2,1,1,1,4,2,1,1,3,1,1,1,1,3,1,3,4,1,1,1,1,3,4,4,1,3,1,3,3,1,3,1,4,4,3,1,2,2,4,1,1,1,2,1,4,4,3,3,2,3,1,1,4,1,2,4,1,4,3,1,2,1,4,4,1,1,1,3,2,4,1,1,1,1,3,1,4,4,3,4,2,1,1,1,4,4,1,1,4,4,1,3,1,1,2,2,1,1,1,3,1,1,4,1,2,4,3,3,3,3,4,4,2,1,1,1,3,1,1,1,3,3,1,1,1,1,1,1,1,2,1,1,1,1,1,2,1,1,2,2,1,2,1,2,1,2,1,1,1,2,1,1,1,2,2,1,1,2,1,1,1,1,1,1,1,2,1,1,1,1,1,1,1,1,1,1,2,2,1,1,2,2,1,1,3,2,1,1,2,2,2,2,2,3,2,3,3,3,5,5,1,3,2,2,2,2,2,2,1,2,3,3,1,2,1,1,3,3,3,3,2,3,1,5,2,5,3,3,3,3,2,2,1,1,1,1,1,1,1,1,2,2,2,2,1,3,2,2,2,2,3,3,4,4,1,1,5,5,1,1,3,4,2,3,2,2,1,3,1,5,4,4,1,3,4,4,7,7,3,3,3,3,1,1,1,2,3,3,3,3,2,2,1,3,2,2,3,4,1,2,2,2,1,3,4,4,2,2,3,4,1,3,3,3,3,3,2,4,4,6,1,1,1,2,1,3,3,4,1,2,3,3,1,1,2,3,3,3,1,1,4,4,1,1,3,5,1,4,1,3,1,1,2,2,2,2,1,1,1,1,1,3,2,2,1,3,2,2,2,2,1,1,1,1,1,2,4,4,4,4,3,3,2,2,3,4,4,4,2,2,1,2,1,4,3,3,1,2,2,3,2,4,1,3,2,2,3,3,1,3,2,2,2,5,1,1,1,4,2,2,1,3,2,3,3,3,4,5,1,2,4,5,3,3,2,2,1,1,2,2
"M145661",4,4,6,6,1,1,4,1,2,1,2,2,1,1,2,1,2,2,1,1,2,2,4,4,1,4,3,3,3,3,1,1,2,1,1,1,3,3,4,4,2,1,2,2,1,4,1,1,1,1,2,4,4,4,1,1,3,4,3,3,4,4,3,4,3,3,2,1,2,2,2,2,1,1,2,2,1,3,3,3,4,1,1,3,3,3,4,1,2,1,3,3,4,4,1,3,3,3,1,1,3,3,3,3,3,1,2,2,4,1,3,3,1,1,4,1,1,3,3,3,3,1,4,4,2,2,1,4,3,3,2,1,4,4,1,1,1,3,4,4,2,1,1,3,1,1,4,4,3,4,1,1,1,1,4,4,1,1,4,2,1,3,1,1,2,3,1,1,1,1,1,3,4,1,2,4,3,3,3,3,2,4,2,1,3,1,3,3,1,3,3,3,1,1,1,1,1,1,1,2,1,1,1,2,1,1,1,1,1,2,1,2,1,2,1,2,1,1,1,2,1,1,1,2,2,1,1,2,1,1,1,1,1,1,2,2,1,1,1,1,1,1,1,1,1,1,2,2,1,1,2,2,1,2,2,2,2,1,2,2,2,2,4,4,2,2,3,3,5,5,3,3,2,2,2,2,1,2,1,2,3,3,2,2,1,1,3,3,3,3,3,3,1,1,5,5,3,3,1,3,2,2,1,1,1,1,1,2,1,1,2,2,2,2,1,1,2,2,2,3,3,3,4,4,1,1,5,5,1,1,1,4,3,3,2,3,2,3,5,5,4,4,2,2,3,4,6,7,3,3,3,3,1,1,1,6,3,3,3,4,3,3,1,3,2,3,2,4,2,3,2,2,1,3,4,4,2,2,3,3,1,3,2,3,1,3,4,7,1,4,1,1,1,1,3,3,4,4,1,1,3,5,1,1,3,3,3,4,1,1,1,4,1,1,3,5,3,3,1,1,1,1,1,2,2,2,1,1,1,1,2,3,1,2,2,2,2,2,2,2,1,3,1,3,2,2,4,4,4,4,3,3,2,2,2,4,3,4,2,2,2,2,4,4,1,3,3,3,3,3,2,4,3,3,2,2,3,3,1,1,2,2,2,2,1,3,4,4,1,2,1,4,2,3,5,6,3,4,2,3,3,4,3,3,2,3,1,1,2,2
"M145662",4,4,7,6,3,3,4,4,2,2,2,2,1,3,2,1,2,2,1,1,2,2,4,4,1,4,1,1,1,1,1,1,2,2,3,3,3,3,4,2,1,1,2,4,4,4,4,1,1,1,2,2,4,1,3,1,3,3,3,4,4,4,3,4,3,3,2,2,2,2,2,1,1,1,2,2,3,3,3,3,1,1,1,1,1,3,4,1,1,1,3,3,4,4,1,3,3,3,1,1,3,1,3,4,3,1,2,2,4,1,3,3,2,2,1,1,3,3,3,3,1,1,4,1,2,4,4,4,3,1,1,1,2,4,1,1,3,3,2,4,1,1,1,1,1,1,4,2,4,4,2,1,2,1,4,4,2,1,4,2,1,3,1,1,2,3,1,1,1,1,3,3,4,4,4,4,3,3,3,3,2,4,2,1,1,1,3,1,1,1,1,1,1,1,1,1,1,1,1,1,1,1,1,2,1,2,1,1,2,2,2,2,1,2,2,2,1,1,1,2,1,1,1,2,2,1,1,2,1,1,1,1,1,1,2,2,1,1,1,1,1,1,1,1,1,1,2,2,1,1,2,2,1,1,2,2,1,1,2,2,2,2,1,2,2,2,3,4,5,5,1,3,2,2,2,2,1,5,2,2,3,3,3,5,1,1,3,3,3,3,3,3,1,1,3,5,3,3,3,3,2,2,1,2,1,3,2,5,1,1,2,5,2,2,1,1,2,2,2,3,2,3,4,4,1,3,5,5,1,1,4,4,3,3,2,2,1,3,5,6,4,4,2,3,4,4,7,7,3,4,3,3,1,2,1,2,3,3,3,3,2,3,1,1,2,2,4,4,1,3,1,2,1,1,4,4,2,2,3,4,3,3,3,3,1,3,4,4,1,4,1,1,1,3,1,3,3,4,2,2,1,3,1,1,3,3,1,3,1,1,4,4,1,1,3,3,1,3,1,3,1,1,1,2,2,2,1,1,1,1,3,3,1,2,2,2,2,2,2,3,1,1,1,1,2,3,3,4,4,4,3,4,2,3,3,4,4,4,2,2,2,2,4,4,2,3,1,3,3,3,2,3,1,3,2,2,3,3,1,1,2,2,2,2,1,1,4,4,2,2,3,4,1,3,3,3,4,4,1,3,4,4,4,4,2,2,1,1,1,2
"M145663",3,3,6,6,3,3,4,1,2,2,2,2,1,3,2,1,2,3,4,4,2,1,4,4,1,4,1,1,3,3,1,1,2,1,3,1,3,3,2,2,1,1,2,4,4,4,1,1,1,1,2,2,4,4,3,1,4,4,3,4,4,4,3,4,1,3,2,1,2,2,2,2,1,1,2,2,1,3,3,1,1,1,1,1,3,3,4,1,1,1,3,3,2,4,1,3,1,3,3,3,3,1,3,4,3,3,2,2,4,4,3,1,1,1,1,1,1,1,3,3,1,1,1,1,2,4,4,4,3,1,1,1,4,4,1,1,1,3,2,2,1,1,3,3,1,1,4,4,3,4,1,1,2,1,4,4,1,1,4,4,3,3,1,1,2,3,1,3,1,1,3,3,4,4,4,4,3,3,3,3,4,4,2,1,1,1,3,1,1,3,3,3,1,2,1,2,1,2,1,2,1,2,1,1,1,1,1,1,1,1,1,1,2,2,2,2,1,1,2,2,1,1,2,2,2,2,2,2,1,1,1,1,1,1,2,2,1,1,1,1,1,1,1,1,1,1,2,2,1,1,2,2,1,2,4,4,1,1,2,2,2,2,4,4,2,2,3,3,5,5,1,3,2,2,2,2,1,1,1,2,3,3,5,5,1,1,3,3,1,2,1,2,1,4,5,5,3,3,1,3,2,2,1,1,1,3,1,1,1,2,2,5,2,2,1,3,2,2,2,2,3,3,4,4,1,1,5,5,1,2,3,4,2,3,2,3,3,3,5,6,4,4,2,3,3,4,4,7,2,3,3,3,1,1,1,4,3,3,3,3,2,3,1,1,2,3,3,3,1,2,1,2,1,3,3,4,5,5,3,3,3,3,1,3,2,3,4,4,6,6,1,1,1,1,1,3,4,4,1,2,1,3,1,1,3,3,2,3,1,1,1,4,1,1,3,5,3,3,1,1,1,2,1,1,2,2,1,1,1,1,3,3,2,2,2,2,2,2,2,2,1,1,1,3,2,2,2,4,4,4,3,3,2,2,3,3,4,4,2,2,2,2,4,4,3,3,2,3,3,3,2,2,1,3,2,3,3,3,1,1,2,2,2,2,1,3,2,4,2,2,1,1,2,3,5,6,3,4,1,2,5,5,3,3,2,2,1,1,2,2
"M145664",3,4,6,6,1,1,4,4,2,1,2,2,1,1,2,1,2,2,1,1,2,2,4,4,1,4,1,1,3,1,3,1,1,1,1,1,3,3,4,2,1,1,2,4,4,4,1,1,1,1,2,4,4,4,3,1,3,4,3,4,4,4,3,4,3,3,1,1,2,2,2,2,1,1,2,2,3,3,3,3,1,1,1,1,1,3,4,1,1,1,1,3,4,4,1,3,3,3,1,1,3,1,3,4,3,1,2,2,4,1,3,3,2,1,4,1,3,3,2,3,3,1,4,1,2,2,1,1,3,3,2,1,4,4,1,1,1,3,2,4,1,1,1,3,1,1,4,4,3,4,1,1,2,2,4,4,1,1,4,2,3,3,1,1,2,2,1,1,1,1,1,1,4,4,4,4,1,3,2,3,4,4,2,2,3,1,1,1,1,1,3,3,1,1,1,1,1,1,1,1,1,1,1,1,1,2,1,1,1,2,1,2,2,2,2,2,1,1,2,2,1,1,2,2,2,2,2,2,1,1,1,1,1,1,2,2,1,1,1,1,1,1,1,1,1,1,2,2,1,1,2,2,1,1,3,2,2,1,2,2,2,2,1,1,2,2,3,3,4,5,3,3,2,2,2,3,1,2,1,1,3,3,3,5,1,2,3,3,2,3,1,2,5,5,3,5,2,3,2,3,2,2,1,1,1,1,4,5,1,2,2,5,1,2,1,3,2,2,2,3,3,3,4,4,1,1,5,5,1,2,4,4,3,3,3,3,3,3,5,5,4,5,1,3,4,4,7,7,3,3,3,3,1,1,1,1,3,3,3,3,2,3,1,4,2,2,4,4,1,3,2,2,3,3,4,4,5,5,3,3,1,3,3,3,3,3,2,4,4,6,1,1,1,2,1,3,3,4,1,2,1,3,1,1,2,3,1,3,1,1,1,4,1,1,3,3,3,4,1,1,1,1,1,1,2,2,1,1,1,1,1,3,2,2,2,2,2,2,2,3,1,1,1,1,2,3,4,4,4,4,3,4,3,3,3,4,4,4,2,2,1,2,4,4,1,3,3,3,3,3,2,3,3,3,2,3,3,3,2,2,2,2,2,2,1,1,2,4,1,2,1,3,2,3,3,6,4,5,1,2,3,3,3,3,2,2,1,1,2,2
"M145665",3,4,7,6,3,1,4,1,2,1,2,2,1,3,2,1,2,3,1,1,2,2,4,4,1,4,1,3,1,1,3,1,2,1,3,1,3,3,4,2,2,1,4,4,4,4,4,1,1,1,2,2,4,1,3,3,4,4,3,4,4,4,3,4,3,3,2,1,2,2,2,2,4,1,2,2,1,3,3,1,1,1,1,1,1,1,4,1,1,1,3,3,4,4,1,3,3,3,1,1,3,1,4,4,1,1,2,1,4,1,3,3,1,1,4,4,1,3,3,3,3,3,4,4,2,4,1,1,3,3,1,1,4,4,1,1,1,3,4,4,1,1,1,3,3,1,4,2,3,4,1,1,2,1,4,4,1,1,4,4,3,3,1,1,2,2,1,3,1,1,1,3,4,4,4,4,3,3,3,3,2,4,2,2,3,3,3,1,1,1,3,3,1,1,1,1,1,1,2,2,1,1,1,2,1,1,1,1,1,2,1,2,1,2,1,2,1,1,1,2,1,1,1,2,2,1,1,2,1,1,1,1,1,1,1,2,1,1,1,1,1,1,1,1,1,1,2,2,1,1,2,2,1,1,3,2,2,1,2,2,2,2,2,4,2,3,3,4,2,5,1,1,2,2,2,2,1,2,1,2,3,3,2,2,1,1,3,3,1,3,1,2,1,5,2,5,3,3,1,3,2,2,1,1,1,1,1,2,1,2,2,2,2,2,1,3,2,2,2,3,2,2,4,4,1,1,5,5,1,2,1,4,2,3,2,3,1,3,5,5,4,4,1,2,3,4,7,7,3,3,3,3,1,1,1,1,3,3,3,3,3,3,3,3,2,3,3,4,3,3,1,1,1,1,4,4,4,4,3,4,1,1,2,3,3,4,4,5,1,4,1,2,1,2,1,1,3,4,1,2,1,3,1,1,3,3,1,3,1,1,4,4,1,2,3,3,4,4,1,1,1,1,1,2,2,2,1,1,1,1,3,3,1,2,1,2,2,2,2,2,1,1,1,1,2,2,4,4,4,4,3,4,2,2,3,3,4,4,2,2,2,2,4,4,1,3,3,3,2,3,2,3,3,3,2,2,3,3,1,3,2,2,2,2,1,1,4,4,1,2,4,4,1,3,5,5,4,4,1,2,4,4,3,3,2,2,1,1,2,2
"M145666",3,4,7,6,3,3,4,1,2,2,2,2,1,3,2,1,2,3,1,1,2,1,4,4,1,1,1,3,1,1,3,1,2,2,3,1,3,3,2,2,1,1,4,4,1,4,1,1,1,1,4,4,4,1,3,1,3,3,3,4,4,4,3,4,3,3,1,1,2,2,2,2,4,1,2,2,1,3,1,1,4,1,1,1,3,3,4,4,2,1,3,3,4,4,1,3,1,3,3,1,3,3,4,4,3,1,2,2,4,1,3,1,2,1,4,1,3,3,3,3,1,1,1,1,4,4,1,4,3,1,2,1,4,4,1,1,1,3,2,4,1,1,1,1,3,1,4,4,3,4,1,1,2,1,4,4,2,1,4,2,1,3,1,1,2,2,1,3,1,1,1,1,4,1,2,4,3,3,3,3,4,4,2,2,1,1,3,3,1,1,3,3,1,1,1,1,1,1,1,1,1,1,2,2,1,1,1,1,2,2,2,2,2,2,2,2,1,1,2,2,1,1,2,2,2,2,2,2,1,1,1,1,1,1,1,2,1,1,1,1,1,1,1,1,1,1,2,2,1,1,2,2,1,1,3,2,1,1,2,2,2,2,1,3,2,2,3,3,4,5,3,3,2,2,2,3,2,6,1,2,3,3,3,5,1,1,3,3,3,3,2,3,1,4,5,5,2,3,3,3,1,2,1,1,1,1,1,2,1,1,2,2,2,2,1,1,2,2,2,3,2,4,2,4,1,1,5,6,1,1,1,3,2,3,2,2,3,3,5,5,4,4,1,2,3,4,7,7,2,3,3,3,1,1,1,6,3,3,3,3,2,2,1,3,2,3,4,4,2,2,2,2,3,3,4,4,2,2,3,3,1,1,2,3,3,3,2,4,4,6,1,2,2,2,1,1,4,4,1,2,2,5,1,3,3,3,1,3,1,1,4,4,1,1,3,4,4,4,1,1,1,1,1,2,2,2,1,1,1,1,1,2,2,2,1,2,2,2,2,2,1,1,1,3,2,2,4,4,4,4,3,4,2,3,4,4,4,5,1,2,2,2,4,4,3,3,2,3,2,4,2,2,3,3,2,3,3,3,1,1,2,2,2,2,1,1,2,4,1,1,1,3,1,2,4,5,3,4,1,2,4,4,0,0,2,3,1,1,2,2
"M145667",4,4,7,6,1,1,4,1,2,2,2,2,1,3,2,1,2,3,1,1,2,2,4,4,1,1,1,1,1,1,1,1,2,1,3,1,3,3,4,4,1,1,2,2,4,4,1,1,3,1,4,4,4,1,3,1,3,3,4,4,2,4,3,4,3,3,2,1,2,2,2,1,1,1,2,2,1,1,3,1,4,1,1,1,3,3,4,1,2,1,1,3,4,4,3,3,3,3,3,1,3,3,3,4,3,1,2,2,1,1,3,1,2,1,4,1,1,3,3,3,1,1,4,4,2,4,1,1,3,3,2,1,4,4,1,1,3,3,2,4,2,2,1,3,1,1,4,4,4,4,1,1,2,1,4,4,2,1,4,2,3,3,1,1,2,2,1,3,1,3,1,3,4,4,4,4,3,3,3,3,2,4,2,2,3,1,3,1,1,3,3,3,1,1,1,1,1,1,1,2,1,1,1,1,1,1,1,1,1,2,1,2,1,2,2,2,1,1,1,2,1,1,1,2,2,1,1,2,1,1,1,1,1,1,2,2,1,1,1,1,1,1,1,1,1,1,2,2,1,1,2,2,1,2,3,2,2,1,2,2,2,2,4,4,2,2,3,3,5,5,3,3,2,2,2,2,2,2,1,2,3,3,5,5,1,1,3,3,2,3,2,2,1,5,2,5,3,3,2,3,2,2,1,1,1,1,1,1,1,1,2,2,2,2,1,3,2,2,2,3,3,3,2,4,1,1,5,5,1,1,4,4,2,3,2,3,2,3,5,6,4,5,3,3,3,4,7,7,3,3,3,3,1,1,1,2,3,3,1,3,3,3,1,3,2,3,3,4,3,3,2,2,3,3,4,4,2,2,3,3,1,3,2,3,2,3,1,2,4,6,1,1,1,2,1,3,4,4,1,2,3,3,1,1,2,3,3,3,1,1,1,4,1,1,3,3,3,3,1,3,1,1,1,1,2,2,1,1,1,1,1,3,2,2,2,2,2,2,2,2,1,1,1,2,2,2,4,4,4,4,2,4,2,2,3,4,3,4,2,2,2,2,4,4,1,3,2,3,3,4,2,2,3,3,2,2,3,3,1,1,2,2,2,2,1,1,4,4,1,1,3,3,1,2,3,3,3,4,1,2,3,4,3,4,2,2,1,1,2,2
"M145668",3,4,6,6,3,3,4,1,2,2,2,3,1,1,2,1,2,3,1,1,2,2,4,4,1,4,1,1,1,1,3,1,2,1,3,3,3,4,4,2,1,1,2,2,1,4,1,1,0,0,2,4,4,1,0,0,0,0,3,3,4,4,4,4,3,3,1,1,2,2,2,2,4,1,4,2,1,3,3,1,4,1,1,1,3,3,4,4,1,1,3,3,4,4,1,3,1,3,1,1,3,1,3,4,1,1,2,2,4,1,3,1,2,1,1,1,3,3,2,3,3,1,4,4,2,4,4,4,3,3,2,1,4,4,1,1,3,3,2,4,1,1,1,1,1,1,4,4,3,4,2,1,2,1,2,4,2,1,4,4,3,3,1,1,2,2,1,3,1,1,1,3,4,4,4,4,3,3,3,3,2,4,2,1,3,1,1,1,1,3,3,3,1,1,1,1,1,1,1,1,1,1,1,1,1,2,1,1,1,1,1,1,1,2,2,2,1,1,1,2,1,1,1,2,2,1,1,2,1,1,1,1,1,1,2,2,1,1,1,1,1,1,1,1,1,1,2,2,1,1,2,2,1,1,2,2,2,2,2,2,2,2,2,2,2,2,3,3,5,5,1,3,1,2,2,3,2,2,2,2,3,3,2,5,1,1,3,3,3,3,1,3,1,4,5,5,3,3,3,3,2,2,1,1,1,1,1,1,2,2,2,2,2,2,1,3,2,2,2,3,2,3,2,4,1,1,5,5,1,2,3,4,3,3,3,3,3,3,5,6,3,5,1,3,4,4,6,7,3,3,3,3,1,1,4,4,3,3,1,3,2,3,3,4,3,3,4,4,2,2,2,2,3,3,4,4,2,5,3,4,1,3,2,3,2,3,4,5,1,2,1,2,2,2,1,3,3,4,1,2,3,5,1,1,3,3,3,3,1,1,1,5,1,1,3,3,4,4,1,3,1,1,1,2,1,3,1,1,1,1,3,3,2,2,1,2,2,2,2,2,1,2,1,3,2,2,3,4,4,4,3,3,2,2,3,3,4,4,2,2,2,2,4,4,1,3,1,3,3,3,2,2,1,3,2,2,3,3,1,2,1,2,2,5,1,1,4,4,1,2,3,4,1,3,3,3,3,4,1,3,4,4,4,4,2,2,1,1,2,2
"M145669",4,4,6,6,1,1,4,4,2,2,2,3,1,1,2,2,2,2,1,4,2,2,4,4,1,1,1,1,1,1,1,1,1,1,3,3,3,3,4,2,1,1,2,4,4,4,4,1,3,1,4,4,4,1,3,3,3,4,3,4,2,4,4,4,3,3,2,1,2,2,2,1,1,1,4,4,1,3,3,1,4,1,1,1,3,3,1,1,1,1,1,3,4,4,3,3,1,1,1,1,3,1,3,3,3,3,2,2,0,0,3,3,2,1,4,1,3,3,2,3,3,1,1,1,2,2,4,4,3,3,1,1,4,4,1,1,3,3,4,4,1,1,1,3,3,1,4,4,4,4,1,1,2,1,4,4,1,1,4,4,3,3,1,1,2,2,1,3,1,1,3,3,4,4,4,4,3,3,2,3,2,4,2,2,1,1,3,1,1,1,3,3,1,1,1,1,1,1,1,1,1,1,1,1,1,1,1,1,1,1,1,1,1,2,1,2,1,1,1,2,1,1,1,2,2,1,1,2,1,1,1,1,1,1,2,2,1,1,1,1,1,1,1,1,1,1,2,2,1,1,2,2,1,1,2,2,2,1,2,2,2,2,1,2,2,3,1,3,5,5,3,3,2,2,2,2,1,1,1,2,3,3,3,3,1,2,2,3,3,3,1,3,3,3,5,5,3,3,3,3,2,2,1,1,1,1,1,1,1,1,2,2,2,2,1,3,2,2,2,2,2,4,2,2,1,1,5,5,1,1,1,3,3,3,2,6,3,3,5,6,4,5,1,2,3,4,7,7,3,3,3,3,1,1,2,2,3,3,3,3,2,3,1,3,2,2,4,4,2,2,2,2,1,3,4,4,2,2,4,4,1,1,3,3,3,3,4,4,2,6,1,1,1,2,1,1,3,4,1,2,3,3,1,1,2,3,3,3,1,1,1,1,1,1,3,5,3,3,1,3,1,1,1,2,2,2,1,1,1,1,3,3,2,2,2,2,2,2,2,3,1,1,1,1,2,3,4,4,1,5,3,4,2,2,3,3,4,4,2,2,2,2,4,4,3,3,3,3,3,4,2,2,1,3,2,2,3,3,1,2,1,2,2,2,1,1,2,2,1,2,1,3,2,3,3,3,4,4,1,2,4,4,2,2,2,2,1,1,2,2
"M145670",4,4,6,6,3,1,1,1,2,2,2,2,1,3,2,2,3,3,1,4,2,2,4,4,1,4,1,1,3,1,3,1,2,1,3,3,3,3,2,2,2,1,4,4,4,4,1,1,3,3,2,2,4,4,3,3,3,4,3,4,2,2,4,4,3,3,1,1,2,2,2,2,1,1,4,2,1,3,3,3,4,1,1,1,3,3,1,1,1,1,1,3,4,4,1,3,3,3,3,1,3,3,3,4,1,1,2,2,4,1,3,3,2,1,1,1,3,3,2,3,1,1,4,4,2,2,1,4,3,3,1,1,4,4,1,1,1,3,2,4,0,0,1,3,1,1,4,2,3,4,2,2,2,2,4,4,1,1,4,2,3,3,1,1,2,2,1,1,1,1,1,3,4,4,2,4,3,3,3,3,4,4,2,1,1,1,3,1,1,1,1,1,1,1,1,1,1,1,1,1,1,1,1,1,1,1,1,1,1,2,1,2,1,2,2,2,1,1,1,2,1,1,1,2,2,1,1,2,1,1,1,1,1,1,2,2,1,1,1,1,1,1,1,1,1,1,2,2,1,1,2,2,1,1,2,2,2,2,2,2,2,2,1,3,2,2,3,3,2,5,3,3,2,2,2,2,2,2,1,2,3,3,2,5,1,1,3,3,1,3,3,3,1,1,2,5,3,3,3,3,2,2,1,1,1,1,4,5,1,1,2,2,2,2,1,3,2,2,2,2,3,3,4,4,1,1,5,5,1,1,3,4,3,3,2,3,3,3,5,5,4,4,2,3,4,4,7,7,3,3,3,3,1,1,2,2,3,3,3,3,2,2,1,4,2,2,3,4,2,2,2,2,3,3,4,4,2,2,3,4,1,1,2,3,3,3,5,7,6,6,1,1,2,2,3,3,4,4,2,2,1,3,1,3,3,3,3,3,1,1,4,4,1,1,3,5,1,3,1,1,1,1,2,3,2,3,1,1,1,1,1,1,2,2,2,5,2,2,2,3,1,3,1,1,2,2,4,4,4,4,2,3,2,2,4,4,3,4,2,2,2,2,4,4,3,3,2,3,3,3,2,3,1,3,2,2,3,3,2,3,2,2,2,2,1,1,4,4,1,1,1,3,1,3,3,3,4,4,1,2,4,4,2,4,2,2,1,1,1,1
"M145671",4,4,7,6,3,1,4,1,2,1,2,2,1,3,2,2,2,3,1,1,2,1,4,4,1,1,1,1,1,1,3,1,2,1,1,1,3,4,4,4,1,1,2,4,1,4,1,1,1,1,2,4,4,4,1,1,3,3,4,4,2,4,3,3,3,3,1,1,2,1,2,2,4,1,2,2,1,3,1,1,1,1,1,1,3,3,4,1,1,1,3,3,4,4,3,3,3,3,3,1,1,1,3,4,1,1,2,1,4,1,3,3,1,1,1,1,1,1,3,3,1,1,4,4,2,4,1,4,3,1,2,1,4,4,1,1,3,3,4,4,1,1,1,1,3,1,4,4,4,4,1,1,1,1,4,4,2,1,4,2,3,3,1,1,2,2,1,1,1,3,1,3,4,4,4,4,3,3,3,3,4,4,2,2,3,1,3,3,1,1,3,3,1,1,1,1,1,1,1,2,1,1,1,1,1,1,1,1,1,2,1,2,1,2,2,2,1,1,1,2,1,1,1,2,2,1,1,2,1,1,1,1,1,1,2,2,1,1,1,1,1,1,1,1,1,1,2,2,1,1,2,2,1,1,2,2,2,1,2,2,2,2,2,4,2,2,2,3,5,5,1,3,2,2,2,2,2,7,2,2,3,3,5,5,1,1,3,3,3,3,1,3,5,5,2,5,2,3,1,1,2,2,1,1,1,1,2,2,1,1,2,5,2,2,1,3,2,2,2,2,2,3,4,4,1,1,5,6,1,1,1,4,2,3,3,3,3,3,5,6,4,4,1,3,4,4,7,7,3,3,3,3,1,2,1,1,3,3,3,3,2,3,1,3,2,3,3,4,2,3,1,2,1,3,4,4,2,4,3,4,1,3,2,2,2,3,2,4,4,6,1,1,2,2,1,3,4,4,1,2,1,3,1,1,2,3,1,4,1,1,4,4,1,1,3,3,4,4,1,1,1,1,1,1,2,2,1,1,1,1,3,3,2,2,1,2,2,2,2,2,1,1,1,2,2,2,4,4,1,4,3,4,2,2,3,4,4,4,2,2,2,2,4,4,1,3,3,3,2,3,2,3,1,3,2,2,3,3,1,1,2,2,2,2,1,1,2,4,1,2,4,4,1,1,3,3,4,5,1,2,3,4,3,4,2,2,1,1,2,2
"M145672",4,4,6,6,3,1,4,4,2,1,2,3,1,3,2,1,2,2,1,1,2,2,4,4,1,1,1,1,1,1,1,1,2,2,3,1,3,3,4,2,2,1,2,2,4,4,1,1,1,1,2,4,4,4,1,1,3,3,3,4,2,4,4,4,3,3,2,1,2,2,1,1,4,1,4,2,1,3,3,3,1,1,1,1,1,3,4,4,1,1,1,3,4,4,1,3,1,3,1,1,3,3,3,3,1,1,2,2,4,1,1,1,1,1,4,1,1,3,3,3,1,1,4,4,4,4,1,4,3,3,2,1,2,4,1,1,1,3,4,4,2,2,1,1,1,1,4,4,3,4,2,2,2,2,2,4,1,1,4,4,3,3,1,1,2,2,1,1,1,1,1,3,4,4,4,4,3,3,2,3,2,4,2,1,1,1,3,1,3,3,3,3,1,1,1,1,1,1,1,1,1,1,2,2,1,2,1,1,1,1,1,2,2,2,2,2,1,1,2,2,1,1,2,2,2,2,2,2,1,1,1,1,1,1,2,2,1,1,1,1,1,1,1,1,1,1,2,2,1,1,2,2,1,1,2,2,2,2,2,2,2,2,1,4,2,2,3,3,5,5,1,3,1,2,2,2,2,5,1,2,3,3,2,5,1,2,3,3,2,3,2,3,1,1,5,5,3,3,3,3,2,2,1,2,1,1,1,1,1,2,2,2,2,2,1,1,2,2,2,2,3,3,2,4,1,1,5,5,1,2,3,4,3,3,2,2,1,3,5,6,4,4,1,3,3,4,7,7,3,3,3,3,1,1,2,2,3,3,1,3,3,3,3,3,1,2,3,4,2,3,1,2,3,3,4,4,2,5,3,4,1,1,2,3,1,3,1,4,6,6,1,1,1,2,3,5,3,4,1,2,3,3,1,1,3,3,3,3,1,1,4,4,1,1,3,3,3,3,1,3,1,1,1,1,2,3,1,2,1,1,3,3,2,2,2,2,2,2,2,3,1,1,1,1,2,3,4,4,4,4,4,4,2,2,4,4,4,4,1,2,2,2,1,4,3,3,3,3,3,3,2,2,3,3,2,2,3,3,1,1,2,2,2,5,1,1,2,4,1,1,1,3,1,1,3,3,4,4,1,2,4,4,2,3,2,3,1,1,2,2
"M145673",3,4,7,6,3,3,4,1,2,2,2,2,1,1,2,1,2,3,1,1,2,2,4,4,1,1,1,1,3,3,1,1,1,1,3,1,3,4,2,2,1,1,2,4,1,4,1,1,1,1,2,4,4,4,3,3,3,4,4,4,4,4,3,3,3,3,1,1,2,2,2,1,4,1,2,2,1,1,3,1,4,1,1,1,3,3,4,1,1,1,3,3,4,4,3,3,1,3,3,1,3,3,4,4,3,1,2,2,4,1,3,3,2,1,4,1,1,3,2,3,1,1,4,4,4,4,1,4,3,3,2,1,4,4,2,1,1,1,2,4,1,1,1,3,1,1,4,4,4,4,2,1,2,1,4,4,2,1,4,4,1,3,1,4,2,2,1,1,1,1,1,3,4,4,4,4,3,3,3,3,4,4,2,2,3,1,3,3,1,1,3,3,1,1,1,1,1,1,1,2,1,1,1,2,1,1,1,1,2,2,2,2,1,1,1,1,1,1,1,1,1,1,1,1,1,1,1,1,1,1,1,1,1,1,2,2,1,1,1,1,1,1,1,1,1,1,2,2,1,1,2,2,1,2,2,2,2,1,2,2,2,2,4,4,2,2,3,3,5,5,3,3,2,2,2,2,1,5,2,2,3,3,5,5,1,1,3,3,1,2,3,3,1,5,5,5,3,3,1,3,2,2,1,1,1,3,1,4,1,1,2,2,2,2,3,3,2,2,2,2,2,3,2,4,1,1,5,5,1,1,3,4,2,3,2,2,3,3,5,6,4,5,3,3,4,4,2,7,3,3,3,3,1,1,1,1,3,3,3,3,3,3,1,1,2,2,3,4,1,3,1,2,1,3,4,4,2,2,4,4,1,1,2,3,2,3,5,7,4,6,1,1,1,2,3,3,4,4,2,2,3,3,3,3,2,3,3,3,1,1,4,4,1,1,3,3,1,3,3,3,1,1,1,2,2,2,1,1,1,1,1,2,2,2,2,2,2,2,2,3,1,2,1,1,2,2,4,4,1,4,2,3,2,2,3,4,4,4,1,2,2,2,4,4,3,3,3,3,2,3,2,2,3,3,2,3,3,3,2,3,2,2,2,2,1,1,4,4,1,1,3,4,1,3,5,6,3,3,2,3,4,4,4,4,2,2,1,1,1,2
"M145674",4,4,7,6,3,3,4,1,1,1,2,2,1,3,1,1,3,3,1,1,2,2,4,4,1,1,1,3,1,1,3,3,1,1,1,1,3,4,4,4,2,1,2,2,1,4,1,1,3,1,2,4,4,4,3,1,3,4,3,4,4,4,3,4,3,3,2,2,2,2,2,1,4,4,4,4,1,3,3,1,1,1,1,1,1,3,1,1,1,1,3,3,4,4,1,1,1,3,1,1,3,3,3,4,3,1,2,1,4,4,3,1,2,1,4,4,1,1,2,3,3,3,4,1,4,4,1,4,3,3,1,1,4,4,1,1,3,3,2,4,1,1,1,3,3,1,4,4,3,4,2,1,1,1,4,4,1,1,4,2,3,3,1,1,2,2,1,3,1,1,1,1,4,4,4,4,3,3,3,3,4,4,2,2,3,3,3,1,1,1,1,3,1,1,1,1,1,1,1,1,1,1,1,2,1,1,1,1,2,2,1,2,1,2,1,2,1,1,1,2,1,1,1,2,2,1,1,2,1,1,1,1,1,1,2,2,1,1,1,1,1,1,1,1,1,1,2,2,1,1,2,2,1,1,2,2,2,1,2,2,2,2,1,2,1,2,3,3,5,5,1,3,2,2,2,3,1,6,1,2,3,4,5,5,1,1,3,3,3,3,1,2,1,5,5,5,2,3,1,1,2,2,1,1,1,1,1,2,1,1,2,2,2,2,1,3,2,2,2,2,2,3,4,4,1,1,5,5,1,1,4,4,3,3,2,3,3,3,5,5,4,5,1,1,4,4,7,7,3,3,3,3,1,2,1,4,3,3,3,3,2,3,1,4,3,3,4,4,3,3,1,2,1,3,4,4,5,5,3,3,1,3,2,3,3,3,2,4,4,4,1,1,2,2,1,5,3,4,1,2,1,1,1,1,2,3,3,3,1,1,4,4,1,1,3,3,3,3,1,1,1,1,1,2,2,2,1,1,1,1,1,3,1,2,2,2,2,2,2,2,1,1,1,1,2,2,4,4,1,4,3,3,2,3,3,3,4,4,2,2,2,2,4,4,3,3,2,3,3,3,2,3,3,3,2,3,3,3,1,1,2,2,2,2,1,1,4,4,1,2,1,3,1,1,5,6,4,4,1,1,4,4,2,4,2,2,1,1,2,2
"M145675",4,4,6,6,1,1,4,4,2,2,2,2,1,3,2,1,2,3,1,1,2,2,4,4,1,1,1,1,1,1,3,1,1,1,3,1,3,3,4,2,1,1,2,2,4,4,4,1,1,1,4,4,1,1,3,1,3,3,4,4,2,4,3,3,3,3,1,1,2,2,2,2,1,1,4,2,1,1,3,1,4,1,1,1,3,3,4,1,2,1,1,1,4,4,3,3,3,3,1,1,3,1,3,4,1,1,2,2,4,1,3,1,2,1,4,1,1,1,3,3,3,3,4,4,2,4,1,1,3,3,1,1,4,4,1,1,3,3,4,4,2,1,1,1,3,1,4,4,4,4,1,1,2,1,4,4,2,1,4,4,3,3,1,1,2,2,3,3,1,3,3,3,4,4,4,4,3,3,3,3,4,4,2,2,3,1,3,3,1,1,3,3,1,1,1,1,1,1,1,2,1,1,1,2,2,2,1,1,1,2,1,2,2,2,2,2,1,1,2,2,1,1,2,2,2,2,2,2,1,1,1,1,1,1,2,2,1,1,1,1,1,1,1,1,1,1,2,2,1,1,2,2,1,1,2,2,2,1,2,2,2,2,1,4,2,2,3,3,5,5,3,3,2,2,2,2,2,2,1,2,3,3,2,5,1,1,3,3,2,3,1,2,1,1,2,5,3,3,2,3,2,2,1,1,1,1,1,1,1,2,2,2,2,2,3,3,2,2,2,2,3,3,4,4,1,1,5,5,1,2,4,4,3,3,2,2,2,3,6,6,4,5,3,3,4,4,7,7,3,3,3,3,1,1,1,4,3,3,3,3,3,3,1,1,2,3,3,4,3,3,2,2,3,3,4,4,2,5,4,4,1,3,2,3,2,3,4,7,4,6,1,1,2,2,3,5,4,4,1,2,1,3,1,1,2,3,1,3,1,1,4,4,1,1,3,3,4,4,1,1,1,1,1,2,2,3,1,1,1,1,3,3,2,2,2,2,2,2,2,2,1,1,1,2,2,2,4,4,4,4,3,4,2,2,3,4,3,4,2,2,2,2,4,4,1,3,2,3,3,3,2,2,3,3,2,2,3,3,1,2,2,2,2,2,1,1,4,4,1,1,3,4,1,1,1,3,4,5,1,2,3,4,3,3,2,2,1,1,2,2
"M145676",3,4,7,6,3,1,4,4,2,2,2,2,1,1,2,2,2,3,1,1,2,2,4,4,1,1,3,3,1,1,1,1,2,1,1,1,3,3,4,4,1,1,2,2,1,4,1,1,3,1,4,4,4,4,3,1,3,3,3,4,4,4,3,4,3,3,1,1,2,2,2,1,4,1,4,2,3,3,3,1,1,1,3,3,3,3,1,1,1,1,3,3,4,4,1,1,1,3,3,1,3,1,3,4,3,1,2,2,4,1,3,3,2,1,4,1,1,3,2,3,3,3,4,4,2,2,4,4,3,3,2,1,2,4,1,1,3,3,2,4,2,2,1,1,3,1,4,4,3,4,1,1,1,1,4,4,2,1,4,4,3,3,1,1,2,2,1,1,1,1,1,1,4,1,4,4,1,3,2,3,4,4,2,2,3,1,3,3,3,3,1,3,1,1,1,1,1,1,1,1,1,1,1,2,1,1,1,1,1,2,1,1,1,2,1,2,1,1,1,2,1,1,1,2,2,1,1,2,1,1,1,1,1,1,2,2,1,1,1,1,1,1,1,1,1,1,2,2,1,1,2,2,1,1,1,2,2,1,2,2,2,2,3,3,2,2,4,4,5,5,3,3,2,2,3,3,1,2,1,2,3,3,2,5,1,2,3,3,3,3,1,1,1,1,5,5,3,3,3,3,2,2,1,1,1,1,1,2,1,2,2,5,1,2,1,1,2,2,2,3,3,3,2,4,1,3,5,5,2,2,1,4,3,3,2,3,3,3,5,6,4,4,2,2,2,4,7,7,3,3,3,3,1,1,1,1,1,3,3,3,2,2,3,4,3,3,3,4,2,3,2,2,3,3,4,4,1,2,3,4,1,1,2,3,3,3,4,4,1,4,1,1,1,2,1,3,4,4,1,1,1,1,1,3,3,3,3,3,1,1,4,4,1,1,3,3,3,3,3,3,1,1,1,2,2,3,1,1,1,1,2,3,1,2,2,2,2,2,3,3,1,1,1,1,2,2,4,4,4,4,3,4,2,2,3,4,4,4,2,2,2,2,4,4,3,3,3,3,3,3,2,4,3,3,2,2,3,3,1,2,1,2,2,2,1,1,2,4,1,1,3,4,3,3,3,3,4,5,2,3,3,4,3,3,2,3,1,1,2,2
"M145677",4,4,6,6,3,1,4,1,2,2,2,2,1,3,2,2,3,3,1,1,2,2,4,4,1,1,1,3,1,1,1,1,1,1,3,1,3,3,4,4,1,1,2,2,4,4,1,1,1,1,4,4,4,1,3,3,3,3,3,3,4,4,4,4,3,3,1,1,2,2,2,2,1,1,4,4,1,1,3,3,1,1,1,1,3,3,1,1,2,1,3,3,4,4,1,3,3,3,1,1,3,1,3,4,3,1,2,2,4,1,3,1,1,1,1,1,1,3,2,3,1,1,1,1,2,2,4,4,3,3,2,1,4,4,1,1,3,3,2,4,1,1,1,1,3,1,4,2,3,4,2,2,2,2,4,4,1,1,4,4,1,3,1,4,2,2,1,1,1,1,1,1,4,4,2,4,3,3,3,3,2,4,2,2,3,3,3,1,1,1,3,3,1,1,1,1,1,1,1,1,1,1,1,2,1,2,1,1,1,1,1,2,1,2,1,2,1,1,1,2,1,1,1,2,2,1,1,2,1,1,1,1,1,1,2,2,1,1,1,1,1,1,1,1,1,1,2,2,1,1,2,2,1,1,2,2,2,1,2,2,2,2,4,4,2,2,3,3,5,5,3,3,2,2,2,2,1,1,2,2,3,3,2,5,1,1,3,3,3,3,3,3,1,5,5,5,2,3,1,3,2,2,1,1,1,1,2,2,1,1,2,5,1,2,1,1,2,2,2,2,3,3,4,4,1,1,3,5,1,1,3,4,2,3,2,6,3,3,5,6,4,4,2,2,4,4,7,7,3,3,3,3,1,1,1,1,3,3,3,3,2,3,1,4,2,3,4,4,2,3,2,2,3,3,4,4,2,2,3,3,1,3,2,2,1,3,4,4,1,6,1,1,2,2,1,3,4,4,1,2,3,3,1,1,2,3,3,4,1,1,4,4,1,1,3,3,3,3,1,1,1,1,1,1,2,3,1,1,1,1,3,3,2,2,2,2,2,2,2,3,1,1,1,3,2,2,4,4,1,4,3,3,2,2,3,3,3,4,1,2,2,2,4,4,3,5,3,3,2,3,2,2,3,3,2,2,3,3,1,1,2,2,2,2,1,3,2,4,1,1,1,4,2,3,5,5,4,5,2,2,4,4,3,3,2,3,1,1,2,2
"M145678",3,4,6,6,3,1,4,1,1,1,2,2,1,1,2,1,2,3,1,1,2,2,4,4,1,4,1,1,3,1,1,1,2,1,1,1,3,4,4,2,2,1,2,4,1,1,1,1,3,1,4,4,4,4,1,1,3,4,3,3,4,4,3,4,3,3,2,1,2,2,2,2,4,1,2,2,1,3,3,3,4,1,1,1,3,3,4,1,1,1,1,3,4,4,3,3,1,1,1,1,3,1,3,4,3,1,2,2,1,1,1,1,2,1,4,1,1,3,2,3,1,1,4,1,2,2,4,4,3,3,1,1,4,4,1,1,1,3,4,4,1,1,1,3,1,1,4,2,3,4,2,1,2,1,2,4,2,1,4,2,3,3,1,1,2,2,1,3,1,1,3,3,4,1,2,4,3,3,2,3,4,4,2,1,3,3,3,1,3,3,3,3,1,1,1,1,1,1,1,2,1,1,1,2,1,1,1,1,2,2,2,2,1,1,1,1,1,1,1,1,1,1,1,2,1,1,1,1,1,1,1,1,1,1,2,2,1,1,1,1,1,1,1,1,1,1,2,2,1,1,2,2,1,1,2,2,2,2,2,2,2,2,1,1,2,2,3,3,4,5,3,3,1,2,2,3,1,2,1,1,3,3,2,2,1,1,2,3,3,3,2,3,1,1,2,5,3,3,1,3,2,2,1,1,1,1,1,2,1,1,2,2,2,2,1,3,2,2,2,2,2,3,2,4,1,1,5,5,1,2,3,3,3,3,2,3,3,3,5,5,4,4,1,3,4,4,7,7,3,3,3,3,1,2,1,1,3,3,3,3,2,3,1,3,2,2,3,4,2,2,1,1,1,3,4,4,2,5,3,3,1,1,3,3,3,3,4,4,6,6,1,1,1,2,1,1,3,4,2,2,1,3,1,3,2,3,3,4,1,1,4,4,1,1,3,5,3,3,1,3,1,1,1,1,2,2,1,1,1,1,2,3,2,2,2,2,2,2,2,3,1,1,1,1,1,2,4,4,4,4,2,3,2,2,3,4,2,4,1,1,2,2,4,4,1,3,3,3,2,2,2,2,1,1,2,2,3,3,1,2,2,2,2,2,1,1,2,2,1,2,1,3,1,3,3,3,4,4,1,2,4,4,4,4,2,2,1,1,1,2
"M145679",3,4,0,0,0,0,0,0,2,2,0,0,1,1,0,0,0,0,0,0,0,0,4,4,1,1,1,1,0,0,0,0,2,1,0,0,3,3,4,2,1,1,0,0,4,4,1,1,1,1,0,0,0,0,0,0,0,0,0,0,0,0,0,0,3,3,2,2,2,2,2,2,4,1,2,2,0,0,0,0,0,0,1,1,1,3,4,4,1,1,3,3,4,4,1,3,1,3,0,0,1,1,3,3,3,1,2,2,0,0,3,1,2,1,0,0,0,0,2,3,3,1,4,4,0,0,0,0,3,1,0,0,0,0,1,1,1,3,0,0,0,0,1,3,1,1,4,4,3,4,2,1,0,0,4,4,2,1,4,4,1,3,0,0,2,2,1,3,0,0,1,1,4,4,2,4,1,3,2,3,2,4,2,2,3,3,3,3,1,3,3,3,1,1,1,1,1,1,1,1,1,1,1,1,1,1,1,1,1,2,1,1,1,2,1,1,1,1,1,1,1,1,1,2,1,1,1,1,1,1,1,1,1,1,2,2,1,1,1,1,1,1,1,1,1,1,2,2,1,1,2,2,1,1,2,2,1,1,2,2,2,2,2,2,2,2,3,3,5,5,3,3,2,2,2,2,1,5,2,2,3,3,2,5,1,1,3,3,1,3,3,3,1,1,2,5,3,3,3,3,2,2,1,1,1,1,1,2,1,2,2,5,2,2,3,3,2,2,2,2,3,3,2,4,1,1,5,5,1,2,3,4,3,3,2,3,3,3,5,5,4,4,1,2,4,4,7,7,3,3,3,3,1,1,1,1,3,3,3,3,2,2,3,4,2,2,3,3,1,2,2,2,1,3,4,4,2,2,3,4,1,3,2,2,3,3,4,4,1,4,1,1,1,1,3,3,4,4,1,1,1,3,1,3,3,3,3,3,1,1,1,4,1,1,3,3,3,4,1,3,1,1,2,2,2,2,1,1,1,1,3,3,2,2,2,2,2,2,2,2,1,2,1,3,2,2,4,4,4,4,2,3,2,2,3,3,2,4,2,2,2,2,4,4,3,3,3,3,3,3,2,3,1,3,2,2,3,3,1,1,1,2,2,2,1,1,4,4,1,2,1,3,1,3,5,5,4,5,1,3,4,4,3,4,2,2,1,1,2,2
"M145680",4,4,7,6,3,1,4,4,2,2,2,2,1,3,2,1,2,3,1,1,2,2,4,4,1,1,1,1,3,1,3,1,2,1,1,1,3,3,4,4,2,1,2,2,1,4,1,1,3,1,2,4,1,1,3,3,3,3,3,4,4,4,3,4,3,3,1,1,2,1,2,1,1,1,2,2,1,3,3,3,4,4,1,1,1,3,4,1,1,1,3,3,4,4,3,3,3,3,3,1,3,1,3,4,3,1,2,2,4,4,3,3,2,2,4,1,1,1,2,3,3,1,4,1,2,2,1,4,3,3,1,1,4,4,1,1,3,3,2,4,2,2,1,1,1,1,4,4,4,4,1,1,2,1,4,4,1,1,4,2,3,3,1,4,2,2,1,3,1,3,3,3,4,4,2,4,3,3,2,3,4,4,2,2,3,3,3,1,1,1,1,1,1,1,1,1,1,1,2,2,1,1,1,1,1,1,1,1,1,2,1,1,1,2,1,2,1,1,1,2,1,1,1,2,2,1,1,2,1,1,1,1,1,1,2,2,1,1,1,1,1,1,1,1,1,1,2,2,1,1,2,2,1,1,2,2,2,2,2,2,2,2,4,4,2,2,3,3,5,5,3,3,2,2,2,3,1,7,1,2,3,3,2,5,1,1,3,3,3,3,1,1,1,5,2,5,3,3,1,3,2,2,1,1,1,1,1,1,1,1,2,2,2,2,1,3,2,2,2,2,3,3,4,4,1,1,5,6,1,1,3,4,3,3,2,3,3,3,5,5,4,5,1,3,4,4,7,7,3,3,3,3,1,1,2,4,3,3,3,3,2,2,1,4,2,3,3,4,2,3,2,2,3,3,4,4,2,5,4,4,1,3,2,3,2,3,2,2,4,6,1,1,2,2,3,3,4,4,1,2,3,3,1,1,2,3,1,3,1,1,4,4,1,1,3,3,3,4,1,1,1,1,1,2,2,2,1,1,1,1,3,3,2,2,2,2,2,2,2,2,1,1,1,2,2,2,4,4,4,4,3,3,2,2,3,3,4,4,2,2,2,2,4,4,1,3,2,3,2,3,2,2,2,3,2,2,3,3,1,2,2,2,2,2,1,1,2,4,1,1,3,4,1,1,3,3,4,5,2,3,3,4,3,4,2,2,1,1,2,2
"M145681",3,4,7,6,0,0,4,4,2,2,2,2,1,1,2,2,3,3,1,1,2,2,4,4,1,4,1,3,1,1,1,1,2,2,0,0,3,3,4,2,1,1,2,2,4,4,1,1,1,1,0,0,0,0,0,0,3,4,3,3,4,4,3,4,3,3,1,1,2,2,0,0,1,1,2,2,1,3,3,3,1,1,1,1,1,1,4,4,1,1,3,3,4,4,3,3,0,0,3,1,3,1,3,3,3,1,2,1,4,1,3,3,1,1,0,0,3,3,2,3,1,1,4,1,4,4,4,4,3,3,1,1,4,4,1,1,3,3,2,4,2,2,1,3,1,1,4,4,3,4,1,1,2,1,4,4,0,0,4,4,1,3,1,1,2,2,1,1,1,1,3,3,4,4,4,4,3,3,3,3,4,4,2,2,3,3,3,1,1,1,3,3,1,1,1,1,1,1,1,2,1,1,1,2,1,1,1,1,1,2,1,2,1,2,1,2,1,1,1,2,1,1,1,2,2,1,1,2,1,1,1,1,1,1,2,2,1,1,1,1,1,1,1,1,1,1,2,2,1,1,2,2,1,1,2,2,2,2,2,2,2,2,1,2,2,2,3,3,5,5,1,3,2,2,2,2,1,2,2,2,3,3,2,5,1,2,3,3,3,3,1,1,4,5,5,5,3,3,3,3,2,2,1,2,1,1,1,5,1,1,2,4,2,2,1,1,2,2,2,2,2,3,4,4,1,1,5,5,2,2,1,3,2,3,2,3,3,3,6,6,4,4,3,3,4,4,7,7,3,3,3,3,1,2,1,2,3,3,3,3,2,3,1,1,2,2,3,3,3,3,1,2,3,3,4,4,5,5,3,3,1,1,2,3,3,3,2,2,4,6,1,2,1,2,3,5,2,4,1,1,1,2,1,1,2,3,1,1,1,1,4,5,1,1,3,3,1,3,1,1,1,1,1,2,2,2,1,3,1,1,3,3,2,2,2,2,2,2,2,3,1,1,1,3,2,2,4,4,4,4,4,4,2,2,3,4,3,4,2,2,2,2,4,4,3,3,2,3,2,3,2,2,3,3,2,2,3,3,1,2,2,2,2,2,1,3,2,4,1,2,1,3,1,1,3,3,4,5,1,1,4,4,3,4,2,2,1,1,2,2
"M145682",3,4,7,6,1,1,4,1,2,2,2,3,1,3,1,1,3,3,1,1,2,1,4,4,1,1,1,3,3,1,1,1,1,1,3,1,3,3,4,2,1,1,2,4,4,4,4,1,1,1,2,4,4,1,1,1,3,4,3,4,4,4,3,3,3,3,2,1,2,1,2,1,4,1,2,2,1,3,3,3,4,1,1,1,3,3,4,1,1,1,3,3,4,4,1,3,1,3,3,1,3,1,3,3,1,1,0,0,4,1,3,3,1,1,4,1,1,3,3,3,1,1,4,1,4,4,4,4,3,1,2,2,4,4,1,1,1,1,2,4,2,1,1,3,1,1,4,4,3,4,2,1,2,1,4,4,2,1,4,4,3,3,1,1,2,2,1,1,1,3,1,1,4,1,4,4,1,3,2,3,4,4,2,1,3,1,3,1,1,3,1,3,1,1,1,1,1,1,1,1,1,1,1,2,1,2,1,1,2,2,1,2,1,2,1,2,1,1,1,2,1,1,1,2,2,1,1,2,1,1,1,1,1,1,2,2,1,1,1,1,1,1,1,1,1,1,2,2,1,1,2,2,1,1,1,2,2,1,2,2,2,2,2,3,2,2,3,4,5,5,1,3,2,2,2,2,1,1,2,2,3,3,2,5,1,1,3,3,3,3,1,2,1,5,3,5,3,3,2,3,2,2,1,1,1,1,2,2,2,2,2,2,2,2,3,3,2,2,2,3,3,3,4,4,1,3,5,5,1,1,4,4,2,3,2,2,1,3,5,6,4,5,1,3,4,4,7,7,3,3,3,3,1,2,1,6,3,3,3,3,2,3,1,4,2,3,2,4,2,3,2,2,3,3,4,4,2,3,3,4,1,3,1,2,1,3,2,4,2,4,1,1,1,1,1,5,4,4,1,2,3,3,1,3,2,2,1,3,1,1,4,5,1,1,3,3,1,3,1,1,1,1,1,2,2,3,1,1,1,1,2,3,1,1,2,2,2,2,2,3,1,1,1,3,2,3,4,4,1,4,3,4,2,2,3,3,4,4,2,2,1,2,4,4,1,3,3,3,2,3,3,3,3,3,2,2,3,3,1,1,2,2,2,2,1,3,4,4,1,1,3,4,3,3,3,5,3,5,2,3,4,4,2,4,2,2,1,1,2,2
"M145683",4,4,6,6,3,1,4,1,2,2,2,2,1,1,1,1,3,3,1,4,2,2,4,4,1,1,1,1,3,1,3,3,1,1,3,1,3,4,4,2,2,2,2,4,4,4,1,1,1,1,4,4,4,1,3,1,4,4,4,4,2,2,3,3,1,3,1,1,2,2,2,2,1,1,2,2,1,3,3,1,4,1,1,1,1,3,1,1,1,1,3,3,2,4,3,3,1,3,1,1,3,3,4,4,3,3,2,2,4,1,3,1,1,1,4,4,3,3,3,3,3,1,1,1,2,4,4,4,3,3,2,1,4,4,1,1,1,1,2,4,0,0,1,1,3,1,4,4,3,4,1,1,2,1,4,4,2,1,4,2,3,3,1,4,2,3,1,1,1,3,1,3,4,4,4,4,3,3,3,3,4,4,2,1,3,1,3,3,1,1,1,3,1,2,1,2,1,2,1,2,1,2,1,2,1,1,1,1,1,1,1,1,1,1,1,1,1,1,1,1,1,1,1,2,1,1,1,1,1,1,1,1,1,1,2,2,1,1,1,1,1,1,1,1,1,1,2,2,1,1,2,2,1,1,1,2,2,2,2,2,2,2,1,4,2,2,3,3,5,5,3,3,2,2,2,2,1,2,2,2,3,3,5,5,1,1,3,3,3,3,3,3,5,5,5,5,3,3,2,3,2,2,1,1,1,1,1,5,1,1,2,2,2,2,1,1,2,2,3,3,2,4,4,4,1,2,5,5,1,1,4,4,2,3,2,2,2,3,6,6,4,4,1,2,3,4,1,7,3,3,3,3,1,1,1,2,3,3,3,3,2,3,1,3,2,2,3,4,1,2,2,2,3,3,2,4,2,5,1,3,1,1,3,3,1,3,1,4,6,6,1,2,2,2,3,5,4,4,1,1,1,3,1,3,2,3,3,3,1,1,4,4,1,1,3,3,3,3,3,3,1,2,1,1,2,2,1,2,1,1,3,3,2,2,1,5,2,2,2,3,1,1,1,1,2,3,2,4,4,4,3,3,2,2,3,4,3,4,2,2,2,2,4,4,1,3,2,3,3,3,2,3,2,3,2,3,1,3,1,1,1,2,2,2,1,1,2,4,1,1,1,4,1,2,3,5,4,4,2,2,3,3,3,4,2,2,1,1,2,2
"M145684",4,4,7,6,1,1,4,4,2,2,2,2,1,1,2,2,2,2,1,1,2,2,4,4,1,1,1,1,1,1,3,1,2,2,3,1,3,3,4,2,1,1,2,4,1,4,1,1,1,1,2,4,1,1,1,1,4,4,3,4,2,2,3,4,3,3,2,1,2,2,2,2,1,1,4,2,3,3,3,3,1,1,1,1,1,3,1,1,1,1,1,3,4,4,1,1,1,3,1,1,3,3,4,4,3,1,2,2,4,1,3,1,1,1,4,4,1,3,3,3,3,1,4,1,2,4,4,4,3,3,2,1,4,4,1,1,1,3,4,4,2,2,1,3,3,1,4,2,3,4,2,1,1,1,4,4,1,1,4,4,3,3,1,1,2,2,3,3,1,3,1,3,4,4,4,4,1,3,3,3,4,4,2,2,3,1,3,3,1,3,1,3,1,1,1,1,1,1,1,1,1,1,1,2,1,2,1,1,1,2,1,2,1,1,1,1,1,1,1,1,1,1,1,1,1,1,1,1,1,1,1,1,1,1,1,2,1,1,1,1,1,1,1,1,1,1,2,2,1,1,2,2,1,1,1,2,2,1,2,2,2,2,2,3,2,2,3,3,2,5,3,3,2,2,2,2,1,5,1,1,3,3,2,3,1,1,3,3,1,3,2,3,5,5,3,5,2,3,3,3,2,2,1,1,1,1,1,2,1,1,2,2,2,2,1,1,2,2,2,2,2,2,1,4,1,1,5,5,1,2,3,3,3,3,2,2,3,3,1,5,4,4,1,2,4,4,7,7,3,3,3,3,1,1,6,6,3,3,3,3,2,2,4,4,2,2,4,4,1,2,1,1,1,4,4,4,1,2,3,3,1,3,3,3,2,2,2,7,2,4,1,1,1,2,3,3,3,4,1,2,1,3,1,1,2,3,3,4,1,1,4,4,1,2,3,3,1,3,1,1,1,1,1,2,2,3,1,1,1,1,3,3,1,2,2,2,2,2,2,2,1,1,1,2,2,2,3,4,4,4,3,4,0,0,3,3,4,4,1,2,2,2,4,4,3,4,1,3,3,3,2,2,1,3,2,3,3,3,2,3,2,2,2,2,1,3,4,4,1,2,1,4,1,1,3,5,3,5,1,3,4,5,3,4,2,2,1,1,2,2
"M145685",3,4,6,6,3,1,4,4,2,2,2,2,1,3,2,1,2,3,1,4,2,2,4,4,1,1,1,1,3,1,1,1,1,1,3,1,3,3,2,2,1,1,4,4,4,4,1,1,1,1,4,4,4,1,3,3,4,4,3,3,4,4,4,4,3,3,2,1,2,1,2,2,4,1,2,2,1,1,3,3,4,1,1,1,1,1,4,1,1,1,3,3,4,4,1,1,3,3,1,1,3,3,3,4,1,1,2,2,4,1,3,1,1,1,1,1,1,3,3,3,3,1,1,1,2,4,4,4,3,3,1,1,2,4,1,1,1,3,2,4,1,1,1,3,1,1,4,2,3,4,1,1,2,2,4,4,2,1,4,4,1,1,1,1,2,2,1,1,1,1,1,3,4,4,2,4,3,3,2,2,4,4,2,2,1,1,3,3,1,3,1,3,1,1,1,1,1,1,1,1,1,1,1,2,1,1,1,1,2,2,2,2,1,2,1,2,1,1,1,2,1,1,1,2,2,1,1,2,1,1,1,1,1,1,2,2,1,1,1,1,1,1,1,1,1,1,2,2,1,1,2,2,1,1,1,1,2,2,2,2,2,2,2,2,2,2,3,3,4,5,3,3,2,2,2,2,1,5,2,2,3,3,5,5,1,1,3,3,1,3,2,3,1,1,5,5,2,3,3,3,2,2,1,1,1,3,1,2,1,1,2,5,2,2,1,3,2,2,2,2,2,3,2,4,1,1,5,5,1,2,1,3,3,3,2,2,3,3,5,6,4,4,2,3,3,4,7,7,2,4,3,3,1,2,1,1,3,3,3,3,3,3,1,1,2,2,3,4,2,2,1,2,3,3,4,4,2,5,3,4,3,3,3,3,2,3,4,7,6,6,1,1,1,2,1,3,3,4,1,2,3,3,1,3,3,3,3,3,1,1,4,4,2,2,3,3,3,3,1,3,1,1,1,1,2,3,1,1,1,1,1,1,2,2,2,2,2,2,3,3,1,1,1,3,2,3,4,4,4,4,2,3,2,3,3,3,4,4,2,2,2,2,4,5,1,3,1,3,2,4,2,3,1,3,2,3,3,3,1,4,1,1,2,2,1,3,4,4,1,1,1,4,1,3,1,1,3,3,1,3,4,4,3,4,2,2,1,1,2,2
"M145686",3,3,6,6,0,0,4,4,2,1,2,2,1,3,2,1,2,3,1,1,2,2,4,4,1,4,1,3,1,1,3,1,2,1,3,1,3,4,2,2,1,1,2,2,1,4,1,1,1,1,4,4,4,1,3,1,3,3,3,3,2,4,3,4,3,3,2,1,2,2,2,2,1,1,2,2,1,3,3,3,1,1,1,1,3,3,4,1,1,1,1,3,4,4,3,3,3,3,1,1,3,3,3,4,3,1,2,2,1,1,3,1,2,1,1,1,3,3,3,3,1,1,1,1,4,4,1,4,3,3,2,1,4,4,1,1,1,3,2,2,1,1,1,3,3,3,4,2,3,4,1,1,2,2,4,4,2,1,4,4,3,3,1,1,2,2,1,3,1,1,1,3,4,4,4,4,3,3,3,3,4,4,2,2,1,1,3,1,1,1,3,3,1,1,1,1,1,1,1,1,1,1,1,1,2,2,1,1,1,2,1,1,1,1,1,1,1,1,1,1,1,1,1,1,1,1,1,1,1,1,1,1,1,1,2,2,1,1,1,1,1,1,1,1,1,2,1,2,1,3,3,2,1,1,1,2,2,2,2,2,2,2,2,4,2,2,3,3,4,5,3,3,2,2,2,2,2,2,2,2,3,3,2,3,1,1,3,3,3,3,2,3,1,5,2,5,2,3,1,2,2,2,1,1,1,1,1,1,1,1,2,5,2,2,1,3,2,2,2,3,3,3,4,4,1,3,5,5,1,1,1,3,2,3,2,3,3,3,5,6,4,4,3,3,4,4,7,7,3,3,3,3,1,1,1,4,3,3,1,3,1,2,1,3,2,2,3,4,1,2,1,2,3,3,4,4,2,5,3,4,1,1,3,3,3,3,4,4,2,2,1,1,1,2,3,4,1,4,2,2,1,2,1,1,2,3,3,3,1,1,4,4,1,1,3,5,1,3,1,1,1,1,1,1,1,2,1,1,1,1,1,3,1,1,2,2,2,2,2,4,1,1,3,3,2,3,4,4,4,4,4,4,2,3,3,4,4,4,1,2,2,2,4,4,3,3,1,3,3,3,2,2,3,3,2,3,3,3,1,1,2,2,2,5,1,1,4,4,1,1,1,3,3,3,1,7,3,4,1,1,4,5,4,4,2,2,1,1,2,2
"M145687",4,4,7,6,3,1,4,1,2,2,2,2,1,1,2,1,2,3,1,4,2,1,4,4,1,4,1,1,1,1,3,1,2,1,3,3,3,4,4,4,2,1,2,2,1,4,4,1,1,1,2,2,1,1,3,3,3,4,3,4,4,4,3,4,3,3,2,1,2,2,2,1,1,1,2,2,3,3,3,3,1,1,1,1,1,1,1,1,1,1,3,3,4,4,3,3,3,3,1,1,3,3,3,4,3,1,2,2,4,4,3,1,2,1,4,4,1,3,3,3,1,1,0,0,2,4,4,4,3,1,2,1,2,4,1,1,3,3,2,4,1,1,1,1,3,1,4,4,4,4,2,1,2,1,4,4,1,1,4,4,3,3,1,1,2,3,1,1,1,3,1,3,4,4,4,4,3,3,2,3,4,4,2,2,1,1,3,1,1,1,3,3,1,1,1,1,1,1,1,1,1,1,1,1,1,1,1,1,1,1,1,2,2,2,1,2,1,1,1,2,1,1,2,2,2,1,1,2,1,1,1,1,1,1,2,2,1,1,1,1,1,1,1,1,1,1,2,2,1,1,2,2,1,1,1,2,1,1,2,2,2,2,1,3,2,2,3,3,2,5,3,3,2,2,2,2,2,2,2,2,3,3,3,5,1,1,3,3,3,3,1,2,5,5,2,5,2,3,3,3,2,2,1,1,1,1,2,2,1,2,2,2,2,2,1,3,2,2,2,3,3,3,4,4,1,1,5,5,1,1,4,4,3,3,2,2,1,1,5,5,4,4,1,1,4,4,7,7,2,3,3,3,1,1,1,1,3,3,3,3,2,3,1,3,2,3,3,4,2,3,2,2,1,3,4,4,5,5,3,4,1,3,2,2,2,3,2,4,1,4,1,1,1,1,3,3,2,4,2,2,3,5,1,3,2,3,3,3,1,1,4,4,1,1,3,3,3,3,1,1,1,1,1,2,2,2,1,3,1,1,1,3,2,2,2,2,2,2,2,3,1,1,1,1,2,2,4,4,4,4,2,3,2,2,3,3,2,3,2,2,2,2,4,4,1,3,1,3,3,4,2,3,3,3,2,3,3,3,1,2,2,2,2,2,1,3,4,4,1,2,3,4,3,3,3,5,3,4,1,2,4,4,4,4,2,2,1,1,2,2
"M145688",4,4,6,6,3,3,4,1,2,1,2,2,1,3,1,1,3,3,1,1,2,2,4,4,1,1,1,3,3,1,3,1,2,1,3,1,3,4,4,4,1,1,4,4,4,4,1,1,3,3,2,4,4,4,3,3,4,4,3,4,2,4,3,4,3,3,1,1,2,2,2,1,4,1,4,2,1,3,3,1,1,1,1,3,1,1,4,1,1,1,1,3,4,4,1,3,3,3,1,1,3,3,3,3,3,1,2,1,1,1,3,3,1,1,4,4,1,3,3,3,3,1,4,4,2,4,1,4,3,1,1,1,4,4,1,1,3,3,4,4,1,1,1,3,3,1,4,2,3,4,1,1,2,1,4,4,1,1,4,4,1,3,1,1,2,2,1,3,1,1,1,3,4,4,4,4,3,3,3,3,4,4,2,2,3,3,1,1,1,1,3,3,1,1,1,1,1,1,1,2,1,1,1,2,1,1,1,1,2,2,2,2,2,2,2,2,1,1,2,2,1,1,2,2,2,2,2,2,1,1,1,1,1,1,2,2,1,1,1,1,1,1,1,1,1,1,2,2,1,1,2,2,1,1,2,2,2,2,2,2,2,2,2,2,2,2,3,3,5,5,1,3,2,2,2,2,1,1,2,2,3,3,2,2,1,1,3,3,3,3,1,3,1,5,2,5,3,3,1,3,2,2,1,1,1,1,1,2,1,1,2,2,2,2,1,3,2,2,2,3,2,3,4,4,1,3,5,5,1,1,4,4,2,3,2,2,3,3,5,5,1,4,2,3,4,4,3,7,3,3,3,3,1,1,1,4,3,3,3,3,3,3,2,3,2,2,4,4,2,3,1,2,3,3,4,4,2,5,3,3,3,3,3,3,1,3,5,5,1,6,1,2,2,2,1,1,4,4,1,2,1,3,1,1,2,3,3,3,1,1,4,5,1,1,3,3,3,4,1,1,1,1,2,2,2,2,1,3,1,1,3,3,2,2,2,2,2,2,2,3,1,1,1,1,2,2,4,4,4,4,3,4,2,2,3,4,4,4,2,2,2,2,4,4,3,3,3,3,3,3,3,3,3,3,2,2,3,3,1,2,2,2,2,2,1,1,4,4,1,2,3,4,2,3,3,3,4,4,1,2,4,4,3,4,2,2,1,1,2,2
"M145689",3,4,6,6,1,1,4,4,2,2,2,2,1,1,1,1,3,3,1,1,2,2,4,4,1,1,1,1,1,1,1,1,1,1,3,3,3,4,4,4,2,1,2,4,1,4,4,4,1,1,4,4,4,1,3,1,3,3,3,4,2,4,4,4,3,3,2,1,2,2,2,2,1,1,2,2,1,3,3,1,4,1,1,1,1,3,4,1,2,1,1,3,4,4,3,3,3,3,1,1,3,1,3,4,3,1,2,2,4,1,3,1,2,1,4,4,1,1,2,3,3,1,4,1,2,4,1,4,3,3,1,1,4,4,1,1,3,3,2,4,2,1,1,1,1,1,4,4,4,4,2,1,2,1,4,4,2,1,4,2,1,3,1,1,2,2,3,3,1,3,1,3,4,4,4,4,3,3,2,3,4,4,2,1,3,3,3,3,1,3,3,3,1,1,1,1,1,1,1,1,1,1,2,2,1,2,1,1,2,2,2,2,2,2,2,2,1,1,2,2,1,1,2,2,2,2,2,2,1,1,1,1,1,1,2,2,1,1,1,1,1,1,1,1,1,1,2,2,1,1,2,2,1,1,2,2,2,1,2,2,2,2,2,4,2,2,3,3,1,5,3,3,2,2,2,2,2,6,1,2,3,3,5,5,1,1,3,3,2,3,2,3,1,1,5,5,3,3,3,3,2,2,1,1,1,1,2,4,1,1,2,5,2,2,1,3,2,2,2,2,2,3,4,4,1,1,5,5,1,2,3,4,3,3,2,3,1,3,5,6,4,4,1,1,3,4,7,7,3,3,3,3,1,1,2,2,3,3,1,1,3,3,1,3,2,3,3,4,2,3,1,2,3,3,4,4,2,5,4,4,1,1,2,3,1,3,1,4,6,6,1,1,1,1,1,3,4,4,1,2,3,3,1,1,3,3,1,3,1,1,4,4,1,1,3,3,3,3,1,1,1,1,1,2,2,2,1,3,1,1,1,3,1,2,2,2,2,2,2,2,1,1,1,1,2,2,4,4,4,4,3,4,2,2,3,3,2,4,2,2,2,2,4,4,3,3,1,3,3,3,2,2,3,3,2,2,3,3,1,1,2,2,2,2,1,3,2,4,1,2,3,4,1,3,1,3,4,4,1,3,4,4,3,4,2,2,1,1,2,2
"M145690",4,4,7,6,3,1,1,1,2,1,2,2,1,3,2,1,3,3,1,1,2,2,4,4,1,1,1,3,1,1,3,1,1,1,3,3,3,3,2,2,1,1,2,4,4,4,1,1,1,1,4,4,4,1,3,1,4,4,3,3,2,4,4,4,3,3,1,1,2,2,2,2,1,1,4,2,1,3,3,3,4,1,1,1,1,1,1,1,1,1,3,3,4,4,1,1,3,3,1,1,3,3,3,4,3,1,2,2,4,4,3,3,1,1,4,1,1,3,3,3,1,1,1,1,2,4,4,4,3,3,1,1,4,4,1,1,1,3,4,4,2,1,1,1,1,1,4,2,3,4,1,1,2,1,4,4,1,1,4,2,3,3,1,1,2,2,1,1,1,3,1,3,4,1,4,4,3,3,2,3,2,4,2,2,3,3,3,1,1,1,1,3,1,1,1,1,1,1,1,1,1,1,1,2,1,2,1,1,1,2,1,1,1,2,1,2,1,1,1,2,1,1,1,2,2,1,1,2,1,1,1,1,1,1,1,2,1,1,1,1,1,1,1,1,1,1,2,2,1,1,2,2,1,1,3,2,2,1,2,2,2,2,4,4,2,2,3,3,5,5,3,3,2,2,2,2,1,1,2,2,3,3,2,2,1,1,3,3,3,3,1,3,1,5,5,5,3,3,3,3,2,2,1,2,1,3,1,2,1,1,2,2,2,2,1,1,2,2,2,2,2,3,4,4,1,1,3,5,1,1,4,4,2,3,2,3,3,3,5,5,4,4,3,3,4,4,7,7,2,3,3,3,1,2,1,2,3,3,4,4,3,3,1,4,2,3,2,4,1,3,2,2,1,1,4,4,4,5,3,4,1,1,2,2,1,3,2,7,1,4,1,1,1,1,1,1,4,4,1,2,1,3,1,1,3,3,3,3,1,1,4,4,1,1,4,5,3,3,1,1,1,1,1,2,2,2,1,1,1,1,2,3,2,2,2,2,2,2,2,3,1,3,1,2,2,2,4,4,4,4,3,3,2,2,3,4,3,3,2,2,2,2,4,4,3,5,2,3,3,3,2,3,3,3,2,3,3,3,1,1,2,2,2,2,1,1,2,2,1,1,1,1,1,3,3,5,3,4,2,2,3,5,2,4,2,3,1,1,2,2
"M145691",3,4,6,6,3,1,4,4,2,2,2,3,1,3,1,1,2,3,1,1,2,1,4,4,1,1,1,1,3,1,1,1,2,1,3,3,3,3,4,4,2,1,4,4,1,4,4,1,3,1,4,4,4,4,1,1,3,4,3,3,2,4,3,4,3,3,1,1,2,2,2,2,4,1,4,2,1,3,3,1,4,1,1,1,1,1,4,1,1,1,3,3,4,4,3,3,3,3,3,1,3,3,3,4,3,1,2,2,1,1,3,3,2,2,4,1,1,3,3,3,3,1,1,1,2,4,4,4,1,1,1,1,4,4,1,1,3,3,4,4,2,1,1,1,1,1,4,2,3,4,2,1,2,1,4,4,1,1,4,4,3,3,1,1,2,3,1,1,1,1,1,1,4,1,4,4,3,3,3,3,4,4,2,2,3,3,3,3,1,1,1,1,1,1,1,1,1,1,1,2,1,1,1,2,1,2,1,1,2,2,1,2,1,2,1,2,1,1,1,2,1,1,1,2,2,1,1,2,1,1,1,1,1,1,2,2,1,1,1,1,1,1,1,1,1,1,2,2,1,1,2,2,1,1,1,1,1,1,2,2,2,2,2,4,2,2,3,3,4,4,1,3,2,2,2,2,2,6,1,1,3,3,2,5,1,1,3,3,3,3,1,2,1,1,2,5,3,3,3,3,2,2,1,2,1,1,2,2,1,1,2,4,2,2,3,3,2,2,2,3,2,3,3,4,1,1,5,5,1,1,1,4,2,3,2,2,2,3,5,5,4,4,2,3,3,4,7,7,3,3,3,3,1,1,1,1,3,3,3,3,2,3,1,3,2,2,3,4,2,2,1,2,3,3,4,4,5,5,3,4,1,3,3,3,2,3,4,7,5,6,1,1,1,1,1,3,3,4,2,2,1,3,1,1,3,3,3,3,1,1,1,4,1,1,3,4,3,4,1,1,1,1,2,2,2,2,1,2,1,1,1,2,1,2,2,2,2,2,2,2,1,1,1,2,2,2,4,4,4,4,3,3,2,3,4,4,2,4,2,2,2,2,4,4,3,3,2,3,3,4,2,2,2,3,2,2,3,3,1,2,2,2,2,2,1,1,4,4,1,2,1,4,3,3,1,5,3,4,2,2,4,4,2,4,2,2,1,1,1,2
"M145692",4,4,7,6,3,3,4,4,2,2,2,2,1,3,2,1,2,3,1,1,2,1,4,4,1,1,1,1,3,1,3,1,2,1,3,1,3,3,4,4,1,1,2,2,1,4,1,1,3,1,2,4,4,4,3,3,3,4,3,3,2,4,3,4,3,3,2,1,2,2,2,2,1,1,2,2,3,3,1,1,1,1,1,1,3,3,4,1,1,1,3,3,4,4,3,3,3,3,3,1,3,3,4,4,3,1,2,2,0,0,3,1,2,1,1,1,3,3,2,3,3,1,4,4,4,4,1,4,3,1,2,1,4,4,1,1,3,3,4,4,2,1,1,3,3,1,4,4,3,4,1,1,2,1,4,4,0,0,4,4,1,3,1,1,2,3,1,1,1,3,1,3,4,4,4,4,3,3,3,3,4,4,2,2,3,1,3,1,1,3,3,3,1,1,1,1,1,1,1,2,1,1,1,2,1,1,1,1,1,2,1,2,1,2,2,2,1,1,1,2,1,1,1,2,2,1,1,2,1,1,1,1,1,1,2,2,1,1,1,1,1,1,1,1,1,1,2,2,1,1,2,2,1,1,2,2,2,2,2,2,2,2,1,1,2,2,3,3,5,5,1,3,2,2,2,2,1,1,1,1,3,3,1,2,1,2,3,3,3,3,1,3,1,1,2,5,3,3,1,3,2,2,1,2,1,1,2,5,1,2,2,2,2,2,3,3,2,2,2,2,3,3,4,4,1,1,5,5,2,2,1,4,2,3,3,3,3,3,5,6,4,4,1,3,3,4,7,7,3,3,3,3,1,1,1,1,3,3,3,3,2,3,1,1,2,2,3,4,1,3,1,1,1,3,4,4,2,5,3,4,1,1,3,3,3,3,1,4,4,4,1,2,2,2,1,5,4,4,2,2,1,3,1,3,2,3,3,3,1,1,4,4,1,1,3,3,1,3,1,3,1,1,1,1,2,2,1,1,1,1,3,3,2,2,2,2,2,2,2,3,1,1,1,3,2,2,4,4,4,4,3,4,2,2,3,4,4,4,2,2,2,2,4,4,1,3,2,3,3,3,2,2,3,3,2,2,3,3,2,2,2,2,2,2,1,1,4,4,1,2,1,3,1,1,3,5,4,4,1,2,4,4,2,3,2,2,1,1,2,2
"M145693",4,4,7,6,1,1,4,1,2,2,2,3,1,3,1,1,2,3,1,1,2,1,4,4,1,1,1,1,1,1,1,1,1,1,3,3,3,3,4,2,2,1,4,4,4,4,1,1,3,3,4,4,4,1,3,1,3,4,4,4,2,4,3,4,3,3,2,2,2,2,2,2,1,1,4,2,1,1,3,3,1,1,1,1,1,3,4,4,1,1,3,3,4,4,3,3,1,3,1,1,3,1,3,4,3,1,2,2,4,1,3,3,2,1,1,1,3,3,2,3,1,1,4,1,4,4,1,4,3,1,1,1,2,4,1,1,3,3,4,4,2,1,1,1,3,3,4,4,4,4,2,2,2,1,4,4,1,1,4,4,1,3,1,1,2,2,1,3,1,1,1,3,4,1,4,4,3,3,2,2,4,4,1,1,3,3,3,1,1,1,3,3,1,1,1,1,1,1,1,1,1,1,1,1,1,1,1,1,1,2,1,2,1,2,1,2,1,1,1,2,1,1,1,2,2,1,1,2,1,1,1,1,1,1,2,2,1,1,1,1,1,1,1,1,1,1,2,2,1,1,2,2,1,1,3,2,1,1,2,2,2,2,1,1,2,2,3,3,3,5,3,3,2,2,2,2,2,2,2,2,3,3,2,3,1,1,3,3,3,3,1,3,1,5,3,5,3,3,2,3,2,2,1,1,1,1,1,2,1,1,2,2,2,2,1,3,2,2,3,3,3,4,4,4,1,1,5,5,1,2,4,4,2,3,2,2,3,3,4,5,4,5,1,3,3,4,2,7,3,3,3,3,1,1,1,2,3,3,1,3,2,3,4,4,2,3,4,4,1,2,1,2,3,4,4,4,1,2,3,4,1,1,3,3,3,3,2,4,2,4,1,2,1,1,1,5,4,4,1,1,1,1,1,1,2,3,3,3,1,1,4,5,1,1,3,3,1,3,1,1,1,1,1,2,2,2,1,1,1,1,3,4,2,2,5,5,2,3,3,3,1,2,1,3,2,2,4,4,4,4,2,4,2,2,3,4,4,4,2,2,1,2,4,5,1,3,3,3,3,3,2,2,3,3,2,2,3,3,2,4,1,2,2,2,1,1,2,2,1,2,4,4,2,2,3,3,4,4,2,2,4,4,3,3,2,2,1,1,2,2
"M145694",4,4,6,6,0,0,1,1,2,2,2,2,1,3,2,1,2,3,1,1,2,2,4,4,1,4,1,3,1,1,3,1,2,1,3,1,3,4,2,2,1,1,2,2,4,4,1,1,1,1,2,2,4,1,1,1,3,4,3,4,4,4,4,4,3,3,2,1,2,1,2,1,1,1,4,2,1,3,3,3,4,1,1,1,1,3,4,1,2,1,3,3,4,4,3,3,1,3,1,1,3,1,4,4,3,1,2,2,1,1,3,1,1,1,4,1,1,1,3,3,3,1,1,1,2,2,1,4,3,1,2,1,2,4,1,1,1,3,2,4,1,1,1,3,3,3,4,2,3,3,1,1,2,1,4,4,1,1,4,4,1,3,4,4,2,2,1,3,1,1,1,3,1,1,2,4,3,3,3,3,2,4,2,2,3,1,1,1,1,3,1,1,1,1,1,1,1,1,1,2,1,1,2,2,1,1,1,1,1,2,1,1,1,1,1,1,1,1,1,1,1,1,1,1,1,1,1,1,1,1,1,1,1,1,2,2,1,1,1,1,1,1,1,1,1,1,2,2,1,1,2,2,1,1,3,2,2,1,2,2,2,2,2,4,2,2,3,3,5,5,3,3,2,2,2,2,1,1,1,2,3,4,1,2,1,1,3,3,2,3,1,2,1,5,3,5,2,3,3,3,2,2,1,2,1,1,1,4,1,1,2,2,2,2,1,1,2,2,2,2,2,2,2,4,1,1,5,5,1,2,3,3,3,3,2,3,3,3,5,6,4,4,2,3,4,4,7,7,3,3,3,3,1,1,1,2,3,3,3,3,3,3,3,3,2,2,3,4,1,1,1,2,1,1,4,4,2,4,4,4,3,3,3,3,3,3,5,5,2,6,1,1,1,1,1,1,4,4,2,2,3,3,1,3,2,2,3,3,1,1,1,4,1,2,3,5,1,3,1,3,1,1,2,2,2,2,1,1,1,1,4,4,2,2,2,5,2,2,2,3,1,1,1,1,2,3,4,4,4,4,3,4,2,2,3,3,4,4,1,2,1,2,4,4,1,1,1,3,3,3,3,3,3,3,2,3,3,3,2,2,2,2,2,5,1,1,4,4,1,2,4,4,3,3,3,5,4,4,2,3,3,4,2,2,2,2,1,1,2,2
"M145695",4,4,7,6,3,1,4,1,2,2,2,3,1,3,2,1,2,3,1,4,2,1,4,4,1,1,1,1,3,3,1,1,1,1,1,1,3,3,2,2,2,2,2,2,4,4,4,1,3,3,4,4,4,1,3,1,4,4,3,3,4,4,4,4,3,3,2,1,2,2,2,1,1,1,4,2,1,3,3,3,1,1,1,1,3,3,4,1,2,1,3,3,4,4,1,3,1,3,1,1,3,1,3,4,3,3,2,2,4,1,3,3,2,1,4,1,1,3,2,2,1,1,1,1,2,4,4,4,3,1,2,2,2,2,1,1,1,3,2,4,2,2,1,3,1,1,4,4,3,3,2,1,2,1,4,4,1,1,4,2,1,1,1,1,2,2,1,1,1,1,3,3,4,4,2,2,3,3,3,3,4,4,2,1,1,1,3,1,1,1,1,3,1,1,1,1,1,1,1,2,1,1,1,1,1,1,1,1,1,2,1,2,1,1,1,1,1,1,1,1,1,1,2,2,1,1,1,1,1,1,1,1,1,1,2,2,1,1,1,1,1,1,1,1,1,1,2,2,1,1,2,2,1,1,2,2,2,1,2,2,2,2,2,4,2,2,3,3,3,5,1,3,2,2,2,2,1,7,1,1,3,4,1,5,1,1,3,3,3,3,3,3,1,1,3,5,2,3,1,3,2,2,1,1,1,1,1,2,1,2,2,2,2,2,1,2,2,2,3,3,3,4,2,4,1,1,5,5,1,2,1,3,2,2,3,6,3,3,5,5,4,4,2,3,4,4,7,7,2,3,3,3,1,1,1,1,3,3,3,3,2,3,1,3,2,2,3,4,2,2,2,2,1,3,4,4,2,3,3,4,3,3,2,3,3,3,2,4,2,4,1,2,1,1,1,3,4,4,2,2,1,3,1,1,2,3,3,3,1,1,4,4,1,1,3,3,3,4,1,3,1,1,2,2,2,2,1,1,1,1,1,3,2,2,2,2,2,2,2,4,1,1,1,1,2,3,4,4,4,4,3,3,2,3,3,3,2,4,2,2,1,1,4,4,1,3,1,1,3,3,2,2,3,3,2,2,3,3,2,2,1,1,2,5,1,1,4,4,1,2,1,3,3,3,3,6,4,5,1,3,4,4,3,4,2,3,1,1,2,2
"M145696",4,4,6,6,3,1,4,1,2,2,2,3,1,1,2,2,2,3,1,1,2,2,4,4,1,4,1,1,1,1,1,1,1,1,3,3,3,3,4,2,2,2,2,4,4,4,1,1,3,1,2,2,4,4,3,1,3,3,3,3,2,4,3,4,1,3,1,1,2,2,2,2,1,1,4,2,1,1,3,3,1,1,3,3,3,3,4,1,1,1,1,3,2,4,1,1,1,3,1,1,1,1,3,4,3,1,2,2,4,1,1,1,2,2,1,1,1,1,3,3,1,1,4,1,4,4,1,1,3,3,2,1,4,4,1,1,1,1,4,4,2,1,1,3,3,1,4,4,4,4,1,1,2,1,4,4,1,1,4,4,3,3,1,1,2,3,1,1,1,3,3,3,4,1,4,4,3,3,3,3,4,4,2,1,3,3,3,1,3,3,1,1,1,2,1,2,1,2,1,2,1,2,2,2,1,1,1,1,1,2,1,2,1,1,1,1,1,1,1,1,1,1,1,2,1,1,1,1,1,1,1,1,1,1,2,2,1,1,1,1,1,1,1,1,1,1,2,2,1,1,2,2,1,2,4,2,2,1,2,2,2,2,3,4,2,2,3,4,3,5,1,1,2,2,2,3,1,1,2,2,3,3,2,5,1,1,3,3,3,3,1,2,3,4,4,5,3,3,3,3,2,2,2,2,1,1,1,4,1,2,1,2,2,2,1,1,2,2,2,3,3,3,4,4,1,1,5,5,2,2,3,4,2,3,2,2,3,3,5,5,4,4,3,3,4,4,1,7,2,3,3,3,1,2,1,5,3,3,3,3,2,3,1,4,1,2,3,4,2,2,2,2,3,3,4,4,2,2,1,3,1,3,3,3,3,3,4,4,2,6,1,1,1,1,1,3,4,4,2,2,1,2,1,3,2,2,3,3,1,1,4,4,1,2,3,3,3,4,1,3,1,2,1,1,2,2,1,1,1,2,1,3,2,2,2,3,2,2,3,4,1,3,1,1,2,2,2,4,4,4,4,4,2,2,3,4,3,4,2,2,1,1,4,4,1,1,2,3,3,3,2,3,3,3,2,3,1,3,1,1,2,2,2,5,1,1,4,4,2,2,4,4,1,2,1,3,3,4,1,3,4,4,2,4,2,3,1,1,2,2
"M145697",4,4,7,6,3,1,4,1,2,1,2,2,1,3,1,1,3,3,1,1,2,2,4,4,1,4,1,1,1,1,1,1,1,1,3,1,3,4,4,2,2,2,2,2,4,4,1,1,3,1,4,4,4,1,3,1,4,4,3,3,2,4,4,4,1,3,1,1,2,2,2,2,1,1,2,2,1,3,1,1,4,1,1,1,3,3,4,4,1,1,1,3,2,4,1,3,1,3,3,1,3,1,3,4,3,3,2,2,0,0,3,1,2,1,1,1,3,3,0,0,1,1,4,1,4,4,1,4,3,1,1,1,4,4,1,1,1,3,2,4,2,1,1,1,3,1,4,4,3,3,1,1,1,1,4,4,2,1,4,4,1,3,1,1,2,3,1,1,1,1,1,1,4,4,4,4,3,3,3,3,4,4,1,1,3,1,3,3,1,1,1,1,1,2,1,2,1,2,1,2,1,2,1,2,1,1,1,1,2,2,2,2,1,2,1,2,1,1,1,2,1,1,2,2,2,1,1,2,1,1,1,1,1,1,2,2,1,1,1,1,1,1,1,1,1,1,2,2,1,1,2,2,1,1,2,2,2,1,2,2,2,2,1,3,2,2,3,3,3,5,1,3,2,2,2,2,2,7,1,2,3,3,2,2,1,1,3,3,3,3,3,3,1,1,2,5,3,3,3,3,2,2,1,2,1,1,1,1,1,2,2,5,2,2,1,1,2,2,3,3,3,3,4,4,1,1,5,5,1,2,1,3,2,3,2,3,3,3,5,6,4,5,3,3,4,4,1,7,2,3,3,3,1,2,4,4,3,3,3,3,3,3,3,3,2,3,4,4,2,2,2,2,3,3,2,4,2,2,1,3,1,2,2,3,3,3,1,2,1,4,1,2,2,2,1,1,4,4,1,2,1,3,1,3,3,3,3,3,1,1,1,4,1,2,3,3,3,3,1,1,1,2,1,1,2,2,1,2,1,1,1,3,1,2,1,3,2,2,2,3,1,1,1,3,2,2,2,4,4,4,3,3,2,2,3,4,3,4,2,2,1,1,4,5,3,3,2,3,2,3,2,2,1,3,2,3,1,3,1,1,2,2,2,2,1,3,4,4,1,1,1,1,2,2,3,5,4,4,1,2,4,4,4,4,2,2,1,1,2,2
"M145698",4,4,7,6,3,3,4,1,2,1,2,2,1,3,2,1,2,3,1,1,2,1,4,4,1,1,0,0,1,1,1,1,1,1,3,1,3,3,4,2,1,1,2,4,1,4,4,1,0,0,4,4,4,1,3,3,3,4,3,3,4,4,3,4,3,3,2,2,2,2,2,2,1,1,4,2,1,1,3,1,1,1,1,1,1,3,4,1,2,1,3,3,4,4,3,3,3,3,3,1,3,1,3,4,3,1,2,2,1,1,3,3,2,1,4,1,1,3,2,2,1,1,4,1,2,4,1,4,3,1,2,1,2,4,1,1,3,3,2,4,0,0,3,3,3,1,4,2,3,3,2,1,2,1,4,4,1,1,4,4,3,3,1,1,2,2,1,3,1,1,3,3,4,4,2,4,3,3,2,3,4,4,1,1,3,3,3,1,1,1,1,3,1,1,1,1,1,1,1,1,1,1,2,2,1,1,1,1,1,1,1,1,1,1,1,1,1,1,1,1,1,1,1,1,1,1,1,1,1,1,1,1,1,1,2,2,1,1,1,1,1,1,1,1,1,1,2,2,1,1,2,2,1,1,2,2,1,1,2,2,2,2,2,4,2,2,3,3,5,5,3,3,2,2,2,2,2,7,1,2,3,3,2,2,1,1,3,3,2,3,1,3,1,1,5,5,2,3,1,1,2,2,1,2,1,1,1,2,1,1,3,5,2,2,1,1,2,2,1,2,3,4,2,4,1,1,5,5,1,1,1,3,2,3,2,2,3,3,5,6,4,5,1,2,4,4,7,7,3,4,3,3,1,1,1,5,3,3,1,3,2,2,1,3,2,2,3,4,1,2,2,2,1,3,4,4,1,4,3,4,1,1,2,3,3,4,1,4,1,4,1,1,1,2,3,5,4,4,1,2,1,1,1,1,2,3,3,3,1,1,1,4,1,1,3,3,3,4,1,3,1,1,1,2,2,2,1,1,1,1,1,3,2,2,2,5,2,2,1,2,1,1,1,1,2,2,4,4,4,4,3,4,2,3,3,3,4,6,2,2,2,2,4,5,1,3,1,3,3,3,2,3,3,3,2,2,3,3,1,2,2,2,2,5,1,1,4,4,1,1,1,4,1,3,3,5,4,4,1,2,4,4,4,4,2,2,1,1,2,2
"M145699",3,4,7,6,3,3,4,4,2,1,2,2,1,1,1,1,3,3,1,1,2,1,4,4,1,1,1,3,3,3,1,1,2,1,3,3,3,3,4,2,2,1,4,4,1,4,4,1,0,0,4,4,1,1,3,3,3,4,3,3,2,4,3,4,3,3,2,1,2,1,2,2,1,1,2,2,1,3,3,1,1,1,1,3,1,1,4,1,2,1,3,3,4,4,3,3,3,3,3,1,3,3,4,4,3,1,2,2,4,1,3,3,1,1,4,1,1,1,2,2,1,1,4,1,2,2,1,4,3,1,2,1,4,4,1,1,1,1,2,2,2,2,3,3,3,3,4,4,3,3,1,1,0,0,4,4,1,1,4,2,1,3,1,1,2,2,1,3,1,1,3,3,4,4,2,4,3,3,2,3,4,4,2,1,3,1,3,1,1,3,1,3,1,1,1,1,1,1,1,1,1,1,2,2,1,1,1,1,1,2,1,2,2,2,2,2,1,1,2,2,1,1,2,2,2,2,2,2,1,1,1,1,1,1,2,2,1,1,1,1,1,1,1,1,1,1,2,2,1,1,2,2,1,1,2,2,2,1,2,2,2,2,2,2,2,2,3,3,3,5,3,3,2,2,2,2,1,1,2,2,3,3,3,5,1,1,3,3,3,3,3,3,1,5,5,5,2,3,1,3,2,2,1,2,1,1,1,1,1,1,2,2,2,2,1,3,2,2,1,3,3,3,4,4,1,1,5,5,1,2,3,4,2,3,2,3,3,3,5,6,4,4,1,3,4,4,7,7,3,3,3,3,1,1,4,5,3,3,3,3,2,2,3,4,2,3,4,4,2,3,1,1,1,3,4,4,1,1,3,4,1,3,3,3,1,3,2,4,1,4,1,2,1,1,1,3,4,4,1,1,1,1,1,1,1,3,3,3,1,1,3,5,1,2,3,5,3,4,1,1,1,1,1,1,2,2,1,1,1,1,1,3,2,2,2,3,2,2,1,2,1,1,1,3,2,2,4,4,4,4,3,3,2,2,3,3,4,4,2,2,1,2,4,4,1,3,3,3,3,3,2,3,3,3,2,3,3,3,1,2,2,2,2,2,1,1,2,4,1,2,4,4,2,3,3,5,4,4,1,2,4,4,3,4,2,2,1,1,2,2
"M145700",4,4,7,6,3,3,4,1,2,2,2,2,1,1,2,1,2,2,1,1,2,2,4,4,1,1,1,3,3,1,1,1,2,1,3,1,3,4,2,2,0,0,2,4,4,4,4,1,0,0,4,4,4,1,3,3,3,4,3,3,4,4,3,4,3,3,2,2,2,1,2,2,1,1,2,2,1,1,3,3,1,1,1,1,1,3,1,1,1,1,3,3,4,4,1,3,3,3,3,1,3,1,3,4,3,1,2,2,1,1,3,1,1,1,4,1,1,3,2,2,1,1,1,1,2,2,1,4,1,1,2,1,2,2,1,1,1,1,4,4,2,2,3,3,3,1,4,4,3,4,2,1,2,2,4,4,1,1,4,2,1,1,1,4,2,2,1,1,1,1,3,3,4,4,2,2,3,3,2,3,4,4,2,2,3,1,3,1,1,3,1,1,1,1,1,1,1,1,1,2,1,1,1,2,1,1,1,1,1,1,1,1,1,2,1,2,1,1,1,2,1,1,1,2,2,1,1,2,1,1,1,1,1,1,2,2,1,1,1,1,1,1,1,1,1,1,2,2,1,1,2,2,1,1,2,2,2,1,2,2,2,2,2,4,2,2,3,3,3,5,3,3,2,2,2,2,1,1,2,2,3,4,1,5,1,1,3,3,3,3,2,3,1,5,3,5,2,3,1,1,2,2,1,1,1,1,1,1,1,1,2,2,2,2,1,2,2,2,1,2,3,3,2,4,1,1,5,5,1,1,1,3,2,2,2,3,3,3,5,5,4,4,1,2,4,4,7,7,2,3,3,3,1,1,1,1,3,3,3,3,2,2,1,3,2,2,4,4,2,2,2,2,1,1,4,4,2,5,3,3,3,3,3,3,3,3,2,4,1,4,1,2,1,2,1,3,4,4,1,2,1,3,1,1,3,3,3,3,1,1,4,5,1,1,3,3,4,4,3,3,1,1,1,1,2,2,1,1,1,1,1,3,2,2,2,2,2,2,2,2,1,2,1,3,2,2,4,4,4,4,2,2,2,3,3,3,3,4,2,2,1,2,4,4,1,3,1,3,3,3,2,3,3,3,2,2,3,3,2,2,1,2,2,2,1,1,4,4,1,1,4,4,2,3,3,6,4,4,1,2,4,4,4,4,2,2,1,1,2,2
"M145701",4,4,6,6,3,3,4,1,2,2,2,2,1,1,2,1,3,3,1,1,2,2,4,4,1,1,1,1,3,1,1,1,1,1,3,3,3,3,2,2,1,1,2,4,1,4,1,1,3,1,2,4,4,1,3,1,4,4,3,4,2,2,4,4,1,3,2,1,2,1,2,2,4,4,4,4,1,1,3,1,4,1,1,3,3,3,4,4,1,1,3,3,2,4,1,3,1,3,1,1,3,3,4,4,3,1,2,2,1,1,3,3,1,1,4,1,1,3,2,3,3,1,1,1,2,4,1,4,3,3,2,1,4,4,1,1,1,3,2,4,2,1,3,3,1,1,4,4,3,3,2,1,1,1,4,4,1,1,4,4,1,1,1,1,2,3,1,1,1,1,1,1,4,4,4,4,3,3,2,2,4,4,2,1,1,1,3,3,1,1,1,1,1,2,1,2,1,2,1,2,1,2,1,2,1,1,1,1,1,2,1,2,1,1,1,1,1,1,1,1,1,1,1,2,1,1,1,1,1,1,1,1,1,1,1,2,1,1,1,1,1,1,1,1,1,1,2,2,1,1,2,2,1,1,2,2,2,1,2,2,2,2,2,4,2,2,3,3,5,5,3,3,2,2,2,2,1,2,1,2,3,3,2,3,1,2,3,3,3,3,2,3,1,5,3,5,2,3,3,3,2,2,1,2,1,1,1,2,1,1,2,2,2,2,3,3,2,2,3,3,3,3,2,2,1,1,5,5,1,2,3,3,2,3,3,3,3,3,5,6,4,4,2,3,4,4,7,7,3,3,3,3,1,1,1,1,3,3,1,3,2,2,3,4,2,3,2,4,3,3,2,2,3,3,3,4,2,2,1,3,1,3,3,3,1,3,4,4,2,2,1,1,1,2,3,5,3,4,1,1,3,3,1,1,3,3,1,3,1,1,4,5,1,1,3,3,3,4,1,3,1,3,1,1,2,3,1,1,1,1,3,3,2,2,2,5,2,2,4,4,1,1,1,3,2,2,2,4,4,4,2,3,2,2,3,3,3,4,2,2,1,1,4,4,1,1,3,3,2,3,3,4,3,3,2,3,1,3,1,3,1,2,2,2,1,1,1,4,2,2,4,4,1,2,3,5,3,4,2,3,4,5,3,4,2,2,1,1,2,2
"M145702",4,4,6,6,3,3,4,1,2,1,2,2,1,3,2,1,2,2,1,1,2,2,4,4,1,1,1,3,1,1,3,1,1,1,1,1,3,4,4,2,1,1,2,4,4,4,4,1,0,0,2,4,1,1,3,3,3,4,3,3,4,4,4,4,1,3,2,2,2,2,2,2,1,1,4,2,1,3,3,1,1,1,0,0,1,3,4,1,1,1,3,3,2,4,3,3,3,3,3,3,3,3,4,4,3,3,2,2,4,1,3,1,1,1,4,1,1,3,2,3,1,1,0,0,2,4,1,4,3,1,2,2,2,2,1,1,1,3,2,2,0,0,3,3,3,1,4,2,3,3,1,1,2,1,4,4,1,1,4,2,1,3,1,1,2,3,1,3,1,1,3,3,4,4,2,4,3,3,3,3,4,4,2,1,3,3,3,1,1,3,1,3,1,2,1,2,1,2,1,2,1,2,1,2,1,1,1,1,1,2,1,1,1,2,1,2,1,1,1,2,1,1,1,2,2,1,1,2,1,1,1,1,1,1,2,2,1,1,1,1,1,1,1,1,1,1,2,2,1,1,2,2,1,1,4,2,2,1,2,2,2,2,2,2,2,2,3,3,5,5,3,3,2,2,2,2,1,7,1,2,3,3,2,2,1,1,3,3,3,3,3,3,1,5,2,5,2,3,1,1,2,2,1,1,1,1,1,1,1,1,2,5,2,2,1,1,2,2,1,2,3,3,2,4,1,1,5,5,1,1,3,3,2,3,2,2,3,3,5,5,4,4,1,2,4,4,1,7,3,3,3,3,1,1,1,5,3,3,1,3,2,2,1,3,2,2,3,4,1,2,1,1,3,3,2,4,1,4,3,4,1,1,3,3,3,3,4,4,1,4,1,1,1,2,3,3,4,4,1,1,1,1,1,1,3,3,3,3,1,1,4,5,1,1,3,3,3,4,1,1,1,2,1,2,2,2,1,1,1,1,1,3,2,2,2,5,2,2,1,2,1,1,1,1,2,2,2,4,4,4,2,4,2,2,3,3,4,6,2,2,1,2,4,5,1,3,1,3,3,3,3,3,3,3,2,3,1,3,1,2,2,2,2,5,1,1,2,4,1,1,1,4,1,3,3,5,3,4,2,2,4,4,3,4,2,2,1,1,2,2
"M145703",3,4,6,6,3,3,4,4,2,1,2,3,1,1,2,1,2,2,1,1,2,2,4,4,1,1,1,3,3,3,3,1,2,1,1,1,3,3,2,2,2,1,2,2,1,4,4,4,0,0,4,4,4,4,3,1,3,4,3,3,2,4,4,4,3,3,2,1,2,2,2,1,1,1,2,2,3,3,3,1,4,1,1,1,3,3,4,4,1,1,3,3,4,4,3,3,3,3,3,1,3,3,3,4,3,3,2,2,4,1,1,1,2,1,4,1,1,3,2,3,1,1,1,1,2,4,1,4,3,3,1,1,2,4,1,1,1,1,4,4,1,1,1,3,3,1,4,4,4,4,2,1,2,2,4,4,2,1,4,4,3,3,1,1,2,2,1,1,1,1,3,3,4,4,4,4,3,3,2,3,4,4,2,1,3,1,3,1,1,1,3,3,1,1,1,1,1,1,1,1,1,1,1,2,1,1,1,1,1,1,1,1,1,1,1,1,1,1,1,1,1,1,1,1,1,1,1,1,1,1,1,1,1,1,2,2,1,1,1,1,1,1,1,1,1,1,2,2,1,1,2,2,1,1,4,3,2,1,2,2,2,2,2,4,1,1,3,4,5,5,3,3,2,2,2,2,6,7,1,2,3,3,2,5,1,1,3,3,1,3,3,3,1,1,5,5,2,3,3,3,2,2,1,2,1,1,1,4,1,2,2,2,2,2,1,3,2,2,1,2,3,3,2,4,1,1,5,5,1,2,4,4,2,3,2,6,3,3,5,5,5,5,2,3,4,4,7,7,3,3,3,3,1,2,1,1,3,3,3,3,2,3,1,3,2,2,3,4,2,3,1,2,3,3,4,4,2,2,3,3,3,3,2,3,2,3,4,5,2,6,1,1,1,1,1,3,4,4,1,2,2,3,1,1,2,3,1,3,1,1,1,4,1,1,3,3,3,4,1,3,1,1,2,2,1,2,1,1,1,1,3,3,2,2,2,2,2,2,3,4,1,1,1,1,2,3,4,4,4,4,3,3,2,2,3,4,2,4,2,2,1,2,4,4,1,2,1,1,2,3,3,4,3,3,2,2,3,3,2,2,1,2,2,2,1,1,4,4,1,1,4,4,2,3,3,3,3,4,1,3,4,4,4,4,2,2,1,1,2,2
"M145704",3,4,7,6,3,3,4,4,2,2,2,2,1,3,2,2,2,2,1,1,2,1,4,4,1,1,1,1,3,1,3,1,1,1,3,1,3,3,2,2,2,2,2,4,1,4,1,1,3,3,4,4,4,4,1,1,3,4,3,4,4,4,4,4,3,3,1,1,1,1,2,2,1,1,4,2,1,3,1,1,1,1,1,1,1,3,4,1,1,1,3,3,4,4,1,3,3,3,1,1,1,1,3,4,3,3,2,2,4,1,3,1,1,1,4,1,1,3,3,3,3,1,4,1,4,4,1,4,3,1,2,1,2,4,1,1,1,3,2,2,1,1,3,3,3,1,4,4,3,3,1,1,2,2,2,4,2,1,4,4,3,3,1,1,2,2,1,1,1,1,3,3,4,4,4,4,3,3,3,3,4,4,2,2,3,1,1,1,1,1,1,1,1,1,1,1,1,1,1,1,1,1,1,1,1,1,1,1,2,2,2,2,2,2,2,2,1,1,2,2,1,1,2,2,2,2,2,2,1,1,1,1,1,1,2,2,1,1,1,1,1,1,1,1,1,1,2,2,1,1,2,2,1,1,2,2,2,2,2,2,2,2,1,4,2,2,3,3,5,5,3,3,1,2,2,3,2,6,2,2,3,4,2,2,1,1,3,3,3,3,2,2,1,1,2,5,2,3,3,3,2,2,1,2,1,1,1,2,1,1,2,2,2,2,1,1,2,2,2,3,3,3,4,4,1,1,5,5,1,1,1,4,2,2,2,3,2,3,5,5,4,4,1,3,4,4,7,7,3,3,3,3,2,2,4,5,3,3,1,3,2,3,1,3,2,2,3,3,1,2,1,2,3,4,4,4,4,5,3,3,1,2,3,3,2,3,2,4,4,6,1,2,1,2,3,3,4,4,1,2,1,3,1,1,2,3,3,4,1,1,4,4,1,1,3,3,3,3,1,1,1,1,1,2,1,2,1,1,1,1,3,3,2,2,2,5,2,2,2,2,1,1,1,1,2,2,4,4,4,4,3,3,2,2,3,3,3,4,2,2,1,2,4,4,3,3,1,3,3,3,2,2,3,3,2,2,3,3,1,1,2,2,2,2,1,1,4,4,1,1,3,4,3,3,3,4,3,4,2,2,4,4,4,4,2,2,1,1,2,2
"M145705",4,4,7,6,3,3,4,4,2,1,2,2,1,3,2,1,2,2,1,1,2,2,4,4,1,1,3,3,3,1,3,1,2,1,3,1,3,4,2,2,2,2,2,4,4,4,4,1,1,1,2,4,4,1,3,1,3,3,3,3,4,4,4,4,1,3,2,1,2,1,2,2,4,1,4,4,1,1,3,3,1,1,1,1,1,3,4,1,2,1,3,3,2,4,3,3,3,3,1,1,3,1,4,4,1,1,2,2,4,1,3,1,1,1,4,4,1,3,2,2,1,1,4,1,2,4,1,1,3,1,2,1,2,4,1,1,1,3,2,2,2,2,1,3,3,3,4,2,3,3,2,2,1,1,4,4,1,1,4,4,3,3,1,1,2,3,1,3,1,1,1,3,4,1,2,4,3,3,2,2,4,4,2,1,3,3,3,1,1,1,1,3,1,2,1,2,1,2,1,2,1,2,1,2,1,1,1,1,1,1,1,1,1,1,1,1,1,1,1,1,1,1,1,1,1,1,1,1,1,1,1,1,1,1,2,2,1,1,1,1,1,1,1,1,1,1,2,2,1,1,2,2,1,1,2,2,1,1,2,2,2,2,2,4,2,2,3,4,3,5,3,3,2,2,2,2,1,7,1,2,3,3,3,5,1,1,3,3,2,3,3,3,1,1,5,5,2,3,1,3,2,2,1,1,1,1,1,4,1,2,2,5,2,2,1,1,2,2,2,2,2,3,4,4,1,3,5,5,2,2,3,4,3,3,2,2,3,3,5,6,4,5,1,2,4,4,1,7,3,3,3,3,1,1,1,5,3,3,3,3,2,3,3,3,2,2,4,4,2,3,1,1,1,3,4,4,1,4,2,4,3,3,2,2,3,3,1,2,1,4,1,2,1,2,3,5,4,4,1,2,1,3,1,1,2,3,3,3,1,1,1,4,1,1,3,3,3,3,1,1,1,2,1,1,2,2,1,1,1,1,1,1,2,2,2,2,2,2,1,2,1,1,1,3,2,3,2,4,4,4,3,3,2,2,3,4,4,4,2,2,2,2,4,4,1,5,1,3,3,3,3,3,3,3,2,3,1,3,2,2,2,2,2,2,1,3,2,4,1,1,1,4,2,3,3,5,3,4,2,2,3,4,3,4,2,4,1,1,2,2
"M145706",4,4,6,6,3,3,4,4,2,2,2,3,1,3,1,1,2,2,1,1,2,2,4,4,1,1,1,1,3,1,3,1,2,1,1,1,3,4,2,2,2,1,2,2,4,4,4,1,3,1,2,4,4,1,3,1,4,4,3,3,4,4,4,4,1,3,2,1,2,2,2,2,1,1,2,2,3,3,3,1,1,1,1,1,1,3,4,4,1,1,3,3,2,4,3,3,3,3,1,1,3,1,3,4,3,1,2,2,4,4,3,3,2,1,4,1,3,3,2,2,1,1,4,1,4,4,4,4,3,3,2,2,2,4,1,1,3,3,2,4,2,1,3,3,3,1,4,4,3,3,2,1,1,1,4,4,1,1,4,2,1,3,1,1,2,3,1,3,1,1,3,3,4,4,4,4,3,3,2,3,4,4,2,1,3,1,1,1,1,1,3,3,1,2,1,2,1,2,1,2,1,2,1,2,1,1,1,1,1,2,1,1,1,2,1,2,1,1,1,2,1,1,1,2,2,1,1,2,1,1,1,1,1,1,2,2,1,1,1,1,1,1,1,1,1,1,2,2,1,1,2,2,1,1,4,2,2,1,2,2,2,2,2,4,2,2,3,3,4,5,3,3,2,2,2,2,1,2,1,1,3,4,2,5,1,1,3,3,3,3,3,3,1,1,2,5,2,3,3,3,2,2,1,1,1,1,1,1,1,1,2,2,2,2,1,1,2,2,3,3,3,3,4,4,1,1,5,5,1,2,3,4,2,3,3,6,3,3,4,5,4,5,1,1,4,4,1,7,3,3,3,3,1,2,1,2,3,3,3,4,2,2,1,3,2,2,3,4,2,2,2,2,3,3,2,4,2,3,3,3,1,3,3,3,3,3,4,5,4,6,1,1,1,2,1,3,4,4,1,2,1,2,1,1,3,3,3,3,1,1,3,4,1,1,3,3,3,4,1,3,1,2,1,2,2,2,1,1,1,1,3,3,2,2,2,5,2,2,2,4,1,1,1,1,2,3,2,4,4,4,3,4,2,2,3,4,2,4,2,2,1,2,4,4,3,3,1,1,3,3,3,4,3,3,2,2,1,3,1,2,1,2,5,5,1,1,4,4,1,2,3,4,1,3,3,4,3,5,2,3,4,4,3,3,2,3,1,1,2,2
"M145707",4,4,7,6,3,1,4,1,2,2,2,2,1,1,2,1,2,3,1,4,2,1,4,4,1,1,1,3,3,3,3,1,2,1,3,1,3,4,2,2,2,2,4,4,1,4,4,1,3,3,2,4,4,1,3,1,4,4,3,4,4,4,3,4,3,3,2,2,2,1,2,1,1,1,4,2,1,3,3,1,1,1,1,3,1,3,1,1,2,1,3,3,4,4,1,3,3,3,3,1,3,3,3,4,3,3,2,2,1,1,3,1,1,1,4,1,3,3,2,2,1,1,4,1,2,2,1,4,3,1,2,1,2,4,1,1,3,3,4,4,2,1,3,3,3,1,4,2,3,3,2,1,2,1,4,4,1,1,4,2,1,3,1,4,2,2,1,3,1,1,3,3,4,4,2,4,3,3,3,3,4,4,2,2,3,3,3,1,1,3,1,1,1,1,1,1,1,1,1,2,1,1,1,2,1,1,1,1,1,2,1,2,1,1,1,1,1,1,1,1,1,1,1,2,1,1,1,1,1,1,1,1,1,1,2,2,1,1,1,1,1,1,1,1,1,1,2,2,1,1,2,2,1,1,2,2,2,1,2,2,2,2,2,4,2,2,3,3,3,5,3,3,2,2,2,2,1,2,1,2,3,4,1,5,1,1,3,3,2,3,3,3,1,5,3,5,2,3,1,1,2,2,1,2,1,1,1,2,1,1,2,5,2,2,1,1,2,2,1,2,2,3,2,4,1,1,5,5,1,2,3,3,2,3,2,3,3,3,6,6,4,4,1,3,4,4,7,7,3,3,3,3,1,1,1,1,3,3,3,3,2,2,1,3,2,2,4,4,2,2,1,2,1,3,4,4,1,2,3,3,3,3,3,3,1,3,1,2,1,4,1,2,1,2,1,3,4,4,1,2,1,3,1,1,2,3,1,3,1,1,1,4,1,1,3,3,4,4,1,3,1,1,1,2,2,2,1,1,1,1,1,3,2,2,2,2,2,2,2,2,1,2,1,3,2,2,4,4,4,4,3,3,2,2,3,3,3,4,2,2,1,2,4,4,1,3,1,3,3,3,2,2,3,3,2,2,3,3,2,2,1,2,2,2,1,1,2,4,1,1,1,4,3,3,3,6,3,3,1,2,4,4,3,4,2,2,1,1,2,2
"M145708",4,4,7,6,3,1,4,4,2,1,2,2,1,1,2,1,0,0,1,1,2,1,4,4,1,1,3,3,3,3,3,1,2,1,1,1,3,4,2,2,1,1,2,4,1,1,1,1,0,0,2,4,4,1,3,3,3,4,3,3,4,4,3,4,3,3,2,2,2,2,2,2,4,1,4,2,1,3,3,3,1,1,1,3,3,3,1,1,2,1,3,3,4,4,3,3,1,3,3,1,3,1,3,4,3,1,2,2,1,1,3,1,2,1,4,1,3,3,2,3,1,1,0,0,2,2,1,4,3,1,2,1,4,4,1,1,3,3,4,4,2,2,3,3,3,1,4,2,3,3,2,1,2,1,4,4,1,1,0,0,3,3,1,1,2,3,1,1,1,1,1,3,4,4,2,4,3,3,3,3,4,4,2,2,3,3,3,1,1,1,1,3,1,1,1,1,1,1,1,1,1,1,1,1,1,1,1,1,1,2,1,1,1,1,1,1,1,1,1,1,1,1,1,1,1,1,1,1,1,1,1,1,1,1,2,2,1,1,1,1,1,1,1,1,1,1,2,2,1,1,2,2,1,1,3,2,2,1,2,2,2,2,2,4,1,2,3,3,5,5,3,3,2,2,2,2,2,7,2,2,3,3,2,5,1,1,3,3,2,3,2,3,1,1,5,5,2,2,1,3,2,2,1,2,1,1,1,3,1,1,5,5,2,2,1,3,2,2,1,1,3,3,4,4,1,3,5,5,1,1,3,3,2,3,2,2,3,3,5,5,4,5,1,1,2,4,7,7,3,3,3,3,1,2,1,1,3,3,3,3,0,0,3,3,2,2,4,4,2,3,1,2,1,1,4,4,1,2,3,3,1,3,2,3,1,3,1,4,1,1,1,1,1,1,3,3,4,4,2,2,1,1,1,3,3,3,3,3,1,1,1,4,1,1,3,3,3,4,1,3,1,1,1,2,2,2,1,1,1,1,1,3,2,2,2,2,2,2,1,3,1,3,1,3,2,2,4,4,4,4,3,3,2,2,3,3,2,4,2,2,1,2,4,4,1,3,3,3,3,4,2,3,3,3,2,2,3,3,1,2,2,2,2,2,1,1,4,4,1,2,1,4,2,3,3,3,2,4,2,2,3,4,2,4,2,2,1,1,2,2
"M145709",4,4,7,6,3,3,4,1,2,2,2,3,1,3,2,2,3,3,1,1,2,2,4,4,0,0,1,3,1,1,3,3,2,1,3,1,3,3,4,2,1,1,2,2,1,4,4,1,1,1,2,2,4,1,1,1,3,4,3,4,2,4,3,4,1,3,2,2,2,1,2,1,1,1,4,2,1,3,3,3,1,1,1,1,3,3,4,1,1,1,3,3,2,4,3,3,1,3,1,1,3,1,4,4,1,1,2,2,1,1,3,3,1,1,1,1,1,1,2,3,3,3,1,1,2,4,1,4,3,1,2,1,2,4,1,1,1,3,2,2,1,1,1,3,3,3,4,2,3,3,2,1,1,1,4,4,1,1,4,4,1,3,1,1,2,3,1,1,1,1,1,1,1,1,2,2,3,3,3,3,4,4,2,1,1,1,3,1,1,3,1,3,1,2,1,2,1,2,2,2,1,2,1,1,1,1,1,1,1,2,1,1,1,1,1,1,1,1,1,1,1,1,1,1,1,1,1,1,1,1,1,1,1,1,2,2,1,1,1,1,1,1,1,1,1,1,2,2,1,1,2,2,1,1,4,2,2,1,2,2,2,2,2,4,2,2,3,3,4,5,3,3,2,2,2,2,1,1,2,2,3,4,3,5,1,1,3,3,2,3,2,3,1,1,3,5,2,3,1,3,2,2,1,2,1,3,1,4,1,2,2,2,2,2,1,1,2,2,2,2,2,3,2,4,1,1,5,5,1,1,1,3,2,3,2,3,2,3,5,6,4,4,2,2,4,4,1,7,3,3,3,3,1,1,1,1,3,3,3,3,2,3,3,3,2,2,3,4,3,3,1,2,1,1,4,4,2,4,3,4,1,1,3,3,3,3,2,5,4,6,1,2,1,2,1,5,4,4,2,2,3,3,1,3,2,2,3,3,1,1,1,4,1,2,3,3,3,4,1,3,1,2,2,2,2,2,1,1,1,1,4,4,2,2,2,2,2,2,2,4,1,1,1,1,2,3,2,4,4,4,3,4,2,2,3,3,4,4,2,2,1,2,4,4,1,1,1,3,2,3,3,3,3,3,2,2,1,3,2,2,2,2,2,2,1,3,4,4,2,2,1,4,3,3,3,3,3,3,1,2,3,4,3,4,2,2,1,1,2,2
"M145710",4,4,6,6,3,3,4,4,2,2,2,2,1,3,2,1,2,2,1,1,2,2,4,4,1,1,1,3,1,1,3,1,2,1,3,1,3,3,0,0,2,1,2,4,4,4,1,1,3,1,2,4,4,1,3,1,0,0,3,3,2,4,4,4,3,3,2,1,2,2,2,2,4,1,4,4,1,1,3,3,1,1,1,3,3,3,4,1,2,1,3,3,4,4,3,3,3,3,3,1,3,1,3,4,3,3,2,2,4,1,3,3,1,1,4,4,1,3,2,2,3,1,4,1,2,4,1,1,3,1,2,1,2,4,1,1,1,3,2,2,1,1,3,3,3,3,4,2,3,3,2,2,1,1,4,4,1,1,4,2,1,3,1,1,2,2,1,3,1,1,3,3,4,4,2,4,3,3,2,3,4,4,2,1,3,3,3,3,1,3,1,1,1,1,1,1,1,1,1,1,1,1,1,2,1,1,1,1,1,1,1,1,1,2,1,2,1,1,1,2,1,1,1,2,2,1,1,2,1,1,1,1,1,1,2,2,1,1,1,1,1,1,1,1,1,1,2,2,1,1,2,2,1,1,2,2,1,1,2,2,2,2,1,2,2,2,3,3,3,5,3,3,2,2,2,2,1,7,1,2,3,3,2,5,1,1,3,3,3,3,3,3,1,1,5,5,2,2,1,3,2,2,1,1,1,1,2,2,1,1,2,5,2,2,1,1,2,2,1,2,2,3,2,4,1,3,5,5,1,1,3,4,3,3,2,3,3,3,5,6,4,5,1,2,4,4,7,7,3,3,3,3,1,1,1,5,3,3,3,3,2,2,3,3,2,2,4,4,2,2,1,1,1,3,4,4,1,4,3,4,1,3,2,2,3,3,1,4,1,6,1,1,1,1,3,5,4,4,1,2,1,3,1,1,2,3,3,3,1,1,4,5,1,1,3,3,3,4,1,1,1,1,1,2,2,2,1,1,1,1,1,1,2,2,2,2,2,2,2,2,1,1,1,3,2,3,4,4,4,4,2,3,0,0,3,4,3,4,2,2,2,2,4,4,1,1,1,3,3,3,2,4,3,3,2,3,3,3,2,2,1,2,2,2,1,3,4,4,1,1,4,4,2,3,3,3,3,4,2,2,3,4,3,4,2,2,1,1,2,2
"M145711",4,4,6,6,3,3,1,1,2,2,2,3,1,3,2,2,3,3,1,1,2,2,4,4,1,4,1,3,1,1,3,3,2,1,3,1,3,3,4,2,1,1,4,4,4,4,1,1,1,1,2,2,4,1,1,1,4,4,0,0,4,4,3,4,1,3,2,2,2,1,2,1,1,1,4,2,1,1,3,1,4,1,1,1,1,3,4,1,1,1,3,3,2,4,3,3,1,3,1,1,3,1,3,3,3,1,2,2,4,1,3,3,1,1,1,1,1,1,2,2,3,3,1,1,2,4,4,4,3,1,2,2,2,2,1,1,1,3,4,4,2,1,1,3,3,1,4,4,3,3,1,1,2,1,4,4,1,1,4,4,1,1,1,4,2,3,1,3,1,1,1,3,1,1,2,4,3,3,3,3,4,4,2,2,1,1,3,1,3,3,1,3,1,2,1,2,1,2,1,2,1,2,2,2,1,1,1,1,1,1,1,1,1,2,1,2,1,1,1,2,1,1,1,2,2,1,1,2,1,1,1,1,1,1,2,2,1,1,1,1,1,1,1,1,1,1,2,2,1,1,2,2,1,1,4,2,2,1,2,2,2,2,4,4,2,2,3,3,4,5,3,3,2,2,2,2,1,1,1,2,3,3,3,5,1,1,3,3,3,3,2,2,5,5,5,5,2,3,1,3,2,2,1,2,1,3,1,1,1,1,2,2,2,2,1,1,2,2,2,2,2,2,2,4,1,1,5,5,1,2,1,3,2,3,2,3,2,3,5,6,4,4,2,2,4,4,1,7,3,3,3,3,1,1,1,2,3,3,3,3,2,3,3,3,2,2,3,4,1,1,2,2,3,3,4,4,2,4,3,4,1,1,3,3,3,3,5,5,2,2,1,1,1,2,1,5,4,4,2,2,3,3,1,3,2,2,3,3,1,1,1,4,2,2,3,5,3,4,1,3,1,2,2,2,2,2,1,1,1,1,4,4,2,2,2,5,2,2,2,4,1,1,1,1,2,3,2,4,4,4,3,4,2,2,3,3,4,4,2,2,2,2,4,4,1,1,3,3,2,3,2,2,3,3,2,2,1,3,1,2,2,2,2,5,1,1,4,4,1,2,4,4,3,3,3,5,3,3,1,2,3,3,3,4,2,2,1,1,2,2
"M145712",4,4,7,6,3,1,4,4,2,1,2,2,1,3,1,1,2,2,1,1,2,2,4,4,1,1,3,3,3,1,1,1,2,2,3,1,3,4,2,2,2,2,4,4,1,4,4,1,3,3,2,4,4,1,3,3,3,4,3,4,4,4,4,4,3,3,2,2,2,2,2,2,4,1,2,2,1,3,3,3,1,1,1,3,1,3,1,1,2,1,3,3,4,4,3,3,1,3,1,1,3,1,4,4,1,1,2,2,1,1,3,3,2,1,4,1,1,3,2,3,1,1,1,1,2,2,1,1,3,1,2,1,2,4,1,1,3,3,2,2,2,1,3,3,3,3,4,2,3,4,2,1,2,1,4,4,2,1,4,2,1,3,1,1,2,3,1,1,1,1,1,3,4,1,2,4,3,3,3,3,4,4,2,1,3,3,3,1,1,1,1,3,1,1,1,1,1,1,1,1,1,1,1,1,1,2,1,1,1,2,1,1,1,2,1,2,1,1,1,2,1,1,1,2,2,1,1,2,1,1,1,1,1,1,2,2,1,1,1,1,1,1,1,1,1,1,2,2,1,1,2,2,1,1,1,2,2,1,2,2,2,2,2,4,2,2,3,3,5,5,3,3,2,2,2,2,1,2,2,2,3,3,2,5,1,1,3,3,3,3,2,3,1,1,5,5,2,2,1,3,2,2,1,2,1,1,2,4,1,1,2,5,2,2,1,3,2,2,2,3,3,3,2,4,1,1,5,5,1,1,3,3,2,3,2,2,3,3,5,6,4,5,1,1,4,4,7,7,3,3,3,3,1,2,4,5,3,3,3,3,2,3,3,3,2,2,3,4,2,3,1,1,1,1,4,4,5,5,2,3,1,3,3,3,1,3,1,4,1,4,1,1,1,1,3,3,4,4,1,2,1,1,1,1,3,3,3,3,1,1,1,4,1,1,3,3,1,3,1,3,1,1,1,1,2,2,1,1,1,1,1,3,2,2,2,2,2,2,1,3,1,1,1,3,2,2,4,4,4,5,2,4,2,2,3,3,2,4,2,2,1,2,4,4,3,5,3,3,3,3,2,3,3,3,2,2,3,3,1,2,2,2,2,2,1,1,4,4,1,1,1,4,2,3,3,3,4,4,1,2,4,4,3,4,2,2,1,1,2,2
"M145713",4,4,0,0,3,3,4,4,2,2,2,3,1,3,1,1,2,2,1,1,2,1,4,4,1,1,1,1,3,1,3,1,2,1,3,1,3,3,4,2,2,1,2,2,1,4,4,4,3,1,4,4,4,1,3,3,4,4,3,3,4,4,4,4,3,3,2,1,2,2,2,2,1,1,2,2,1,3,3,1,4,1,1,3,1,3,4,1,1,1,3,3,4,4,1,3,1,3,1,1,3,3,4,4,3,3,2,2,0,0,3,1,2,1,1,1,1,1,2,3,1,1,1,1,2,4,4,4,3,1,2,1,2,4,1,1,1,3,4,4,2,2,1,3,3,3,4,2,3,4,1,1,2,1,4,4,2,1,4,4,1,3,1,1,2,3,1,1,1,1,1,1,4,4,2,4,3,3,3,3,4,4,2,2,3,1,3,1,1,3,1,3,1,1,1,1,1,1,1,1,1,1,1,2,1,1,1,1,1,2,1,2,1,1,1,1,1,1,1,1,1,1,1,2,1,1,1,1,1,1,1,1,1,1,2,2,1,1,1,1,1,1,1,1,1,1,2,2,1,1,2,2,1,1,4,3,2,1,2,2,2,2,2,4,1,1,3,3,4,5,3,3,2,2,2,2,6,7,1,2,3,3,5,5,1,1,3,3,3,3,1,3,1,1,5,5,2,3,3,3,2,2,1,1,1,1,2,4,1,1,2,2,2,2,1,3,2,2,3,3,3,3,2,4,1,1,5,5,1,2,3,4,2,3,2,2,3,3,5,5,4,4,2,2,4,4,7,7,3,3,3,3,1,2,1,2,3,3,3,3,2,2,1,3,2,2,4,4,2,2,2,2,3,3,4,4,3,5,3,4,1,3,3,3,3,3,4,5,6,6,1,1,1,1,3,3,4,4,1,2,1,2,1,1,2,3,1,3,1,1,1,3,1,1,3,3,3,3,1,3,1,1,1,1,2,2,1,1,1,1,3,3,2,2,2,2,2,2,3,4,1,1,1,1,2,3,4,4,4,4,3,3,2,2,3,4,3,4,2,2,1,2,4,4,1,3,1,3,3,4,2,4,3,3,2,2,3,3,2,2,1,2,2,5,1,1,4,4,1,2,1,3,2,3,3,3,3,4,1,3,4,4,4,4,2,3,1,1,2,2
"M145714",4,4,7,6,3,1,4,1,2,2,2,3,3,3,1,1,2,3,1,1,2,2,4,4,1,1,1,3,3,1,3,3,1,1,3,1,4,4,4,2,1,1,2,4,4,4,4,1,3,1,4,4,1,1,3,1,4,4,3,3,4,4,3,4,3,3,2,2,2,2,2,2,4,1,4,2,1,1,3,1,1,1,1,1,1,3,4,4,1,1,3,3,4,4,3,3,3,3,1,1,3,1,4,4,3,3,2,2,4,1,3,1,1,1,4,1,1,3,2,3,1,1,4,1,2,2,1,4,3,1,2,1,2,4,1,1,1,3,2,4,2,1,3,3,1,1,4,2,3,3,1,1,0,0,4,4,1,1,4,4,1,3,1,1,2,2,1,3,1,1,3,3,4,4,2,4,3,3,2,3,4,4,2,1,3,3,1,1,1,1,1,3,1,1,1,1,1,1,1,1,1,1,2,2,1,1,1,1,1,1,1,1,1,1,1,1,1,1,1,1,1,1,1,1,1,1,1,1,1,1,1,1,1,1,2,2,1,1,1,1,1,1,1,1,1,1,2,2,1,1,2,2,1,1,4,2,2,2,2,2,2,2,4,4,2,2,3,3,5,5,3,3,2,2,2,2,2,7,2,2,3,3,2,2,1,1,3,3,3,3,1,3,1,1,5,5,2,3,1,3,2,2,1,2,1,1,1,2,1,1,3,5,2,2,1,1,2,2,2,3,3,3,2,4,1,3,5,5,1,1,1,3,2,3,2,2,3,3,5,6,4,4,1,1,4,4,7,7,3,3,3,3,1,2,1,5,3,3,1,3,2,2,1,3,2,2,4,4,1,2,1,1,3,3,4,4,2,5,2,3,1,1,3,3,3,4,1,4,2,4,1,1,1,2,3,5,4,4,1,2,1,1,1,1,3,3,3,3,1,1,4,5,1,1,3,3,3,4,1,3,1,1,1,2,2,2,1,1,1,1,1,3,2,2,2,4,2,2,1,2,1,1,1,1,2,2,4,4,4,4,2,4,2,3,3,3,4,4,2,2,2,2,4,4,3,5,1,3,3,3,2,3,3,3,2,2,3,3,1,2,2,2,2,2,1,1,2,4,1,1,4,4,1,3,3,5,3,3,2,2,3,4,3,4,2,2,1,1,2,2
"M145715",4,4,7,6,3,3,4,4,2,1,2,3,3,3,2,1,2,2,1,1,2,2,4,4,1,1,1,1,3,3,1,1,2,2,3,3,3,3,2,2,2,2,0,0,1,4,4,4,1,1,4,4,4,1,3,3,4,4,0,0,2,4,4,4,3,3,1,1,2,2,2,1,1,1,2,2,1,3,3,1,4,1,1,1,1,3,4,1,2,1,3,3,4,4,3,3,1,3,3,1,3,3,3,4,3,3,2,2,4,1,3,1,1,1,4,1,1,3,2,3,1,1,1,1,2,4,1,4,3,3,2,1,4,4,1,1,1,3,4,4,2,2,1,3,3,1,4,2,3,3,1,1,2,2,4,4,2,1,4,2,1,3,1,1,2,2,1,1,1,1,3,3,4,1,4,4,3,3,2,3,4,4,2,1,3,1,1,1,1,3,3,3,1,1,1,1,1,1,1,1,1,1,1,2,1,1,1,1,1,2,1,2,1,1,1,1,1,1,1,1,1,1,2,2,1,1,1,1,1,1,1,1,1,1,2,2,1,1,1,1,1,1,1,1,1,1,2,2,1,1,2,2,1,1,4,2,2,2,2,2,2,2,2,4,2,2,3,4,5,5,1,3,2,2,2,2,2,6,1,2,3,3,2,5,1,1,3,3,3,3,1,3,1,1,5,5,2,3,3,3,2,2,1,1,1,1,1,4,1,1,2,5,2,2,1,3,2,2,1,3,4,4,2,4,1,1,5,5,1,2,3,4,2,3,2,6,3,3,4,5,4,4,1,3,4,4,7,7,3,3,3,3,1,2,0,0,3,3,3,3,3,3,1,3,2,2,3,4,2,2,1,2,3,3,4,4,2,2,3,3,3,3,2,3,3,3,2,4,4,6,1,2,1,1,1,3,4,4,1,2,1,1,1,1,2,3,1,3,1,1,1,3,1,1,3,3,3,3,1,3,1,1,2,2,2,2,1,1,1,1,3,3,2,2,2,2,2,2,3,4,1,1,1,1,2,2,4,4,4,4,3,3,2,2,4,4,3,4,2,2,1,2,4,4,2,3,1,3,3,3,4,4,1,3,2,2,3,3,2,2,1,2,2,5,1,1,4,4,1,2,3,4,2,2,3,5,2,3,2,3,3,4,2,3,3,3,1,1,2,2
"M145716",4,4,7,6,3,3,4,1,2,1,2,2,1,1,1,1,3,3,1,1,2,1,0,0,1,1,1,3,1,1,3,3,1,1,3,1,3,3,2,2,1,1,2,4,1,4,1,1,3,3,4,4,1,1,3,1,3,4,3,3,4,4,4,4,1,3,2,2,2,1,2,2,1,1,4,2,3,3,3,1,1,1,1,1,1,1,4,1,2,1,3,3,2,4,1,3,3,3,1,1,3,3,4,4,3,1,2,2,1,1,3,1,1,1,4,1,3,3,2,2,1,1,4,1,2,4,1,4,3,1,2,1,2,4,1,1,1,3,2,4,2,1,3,3,1,1,4,2,3,3,2,1,2,1,4,4,1,1,4,2,1,3,1,1,2,3,1,3,1,1,3,3,4,4,2,4,3,3,2,3,4,4,2,2,3,3,3,1,1,1,1,3,1,2,1,2,1,2,1,2,1,2,1,1,1,1,1,1,1,1,1,1,1,1,1,1,1,1,1,1,1,1,1,1,1,1,1,1,1,1,1,1,1,1,2,2,1,1,1,1,1,1,1,1,1,1,2,2,1,1,2,2,1,1,4,2,2,2,2,2,2,2,4,4,2,2,3,3,5,5,3,3,2,2,2,2,2,7,1,2,3,3,2,5,1,1,3,3,2,3,1,3,1,5,2,5,2,3,1,1,2,2,1,2,1,1,1,1,1,1,2,5,2,2,1,1,2,2,1,3,3,3,4,4,1,3,5,5,1,1,3,3,3,3,2,2,3,3,5,6,4,4,1,2,4,4,1,7,3,3,3,3,1,2,1,1,3,3,1,3,2,2,1,3,2,2,4,4,1,2,2,2,3,3,2,4,1,2,2,3,1,3,3,3,1,3,4,4,1,4,1,1,1,2,3,3,4,4,1,2,1,1,1,1,3,3,3,3,1,1,1,4,1,1,3,3,4,4,1,3,1,2,1,2,2,2,1,1,1,1,1,3,2,2,2,5,2,2,2,2,1,1,1,3,2,2,2,4,4,4,2,4,2,2,3,3,4,4,2,2,1,2,4,5,3,5,1,3,3,3,2,3,3,3,2,2,1,3,1,2,2,2,2,5,1,1,4,4,1,1,1,4,1,3,3,4,3,3,2,2,3,4,3,4,2,2,1,1,2,2
"M145717",4,4,6,6,3,1,4,4,2,1,2,2,1,1,2,1,3,3,1,1,2,2,4,4,1,1,3,3,3,1,1,1,2,1,3,1,4,4,2,2,2,1,2,2,4,4,4,1,1,1,2,4,4,4,3,3,3,3,3,3,2,4,3,4,3,3,2,2,1,1,2,2,4,1,2,2,1,3,3,1,4,1,1,3,3,3,1,1,1,1,3,3,4,4,3,3,1,3,1,1,3,3,3,3,3,1,2,2,1,1,3,1,2,1,4,1,3,3,2,2,1,1,4,1,2,2,4,4,3,3,2,1,4,4,1,1,3,3,4,4,1,1,3,3,3,1,4,2,4,4,2,1,2,1,4,4,2,1,4,4,3,3,1,1,2,2,1,1,3,3,1,1,4,4,4,4,1,3,2,3,4,4,1,1,3,1,3,3,1,1,3,3,1,1,1,1,1,1,1,1,1,1,2,2,1,1,1,1,2,2,1,2,1,2,1,2,1,1,1,2,1,1,1,2,2,1,1,2,1,1,1,1,1,1,2,2,1,1,1,1,1,1,1,1,1,1,2,2,1,1,2,2,1,1,3,3,2,2,2,2,2,2,2,2,2,2,0,0,1,5,2,3,2,2,2,2,2,6,1,2,3,3,3,5,1,1,3,3,2,3,2,3,1,1,5,5,3,3,3,3,2,2,1,2,1,3,3,4,1,1,2,2,2,2,1,3,2,2,1,3,3,3,4,4,1,1,5,5,1,2,4,4,3,3,2,2,3,3,5,5,4,5,1,3,4,4,2,7,1,3,3,3,2,2,6,6,3,3,3,3,3,3,3,3,2,2,3,4,2,3,1,1,3,3,4,4,2,5,3,3,1,3,3,3,1,3,4,4,2,2,1,1,1,1,1,1,4,4,1,2,1,3,3,3,2,3,3,3,1,1,3,4,1,2,3,3,1,3,1,1,1,1,1,1,2,2,1,1,1,1,3,3,2,2,5,5,2,2,2,3,1,3,1,1,2,2,4,4,4,5,3,3,2,2,3,4,4,4,2,2,1,2,4,5,3,3,3,3,3,4,2,2,3,3,3,3,3,3,1,1,2,2,2,2,1,1,2,4,1,2,4,4,1,2,3,3,2,2,1,1,4,4,4,4,2,2,1,1,2,2
"M145718",4,4,7,6,3,1,4,4,2,1,2,2,1,3,1,1,2,2,1,4,2,2,4,4,1,1,1,3,1,1,3,1,2,1,3,3,3,4,2,2,1,1,2,4,4,4,4,1,0,0,4,4,4,1,3,3,3,4,3,3,4,4,4,4,1,3,2,2,2,1,2,2,1,1,4,2,3,3,3,1,1,1,1,1,1,1,4,4,2,1,3,3,2,4,3,3,3,3,1,1,3,1,4,4,3,3,2,2,1,1,3,1,1,1,4,1,3,3,2,2,1,1,4,1,0,0,1,4,3,1,1,1,2,4,1,1,1,1,2,4,2,2,3,3,1,1,4,2,3,3,1,1,1,1,4,4,1,1,4,4,1,3,1,1,2,3,1,3,1,1,3,3,4,4,2,4,3,3,2,3,4,4,2,1,3,3,1,1,1,1,1,1,1,2,1,2,1,2,1,2,1,2,1,2,1,1,1,1,1,2,1,1,1,2,1,2,1,1,1,2,1,1,1,2,2,1,1,2,1,1,1,1,1,1,2,2,1,1,1,1,1,1,1,1,1,1,2,2,1,1,2,2,1,1,4,2,2,1,2,2,2,2,4,4,2,2,3,4,5,5,3,3,2,2,2,2,1,2,1,2,3,3,2,5,1,1,3,3,2,3,3,3,1,5,2,5,2,3,1,1,2,2,1,2,1,1,1,2,1,1,2,5,2,2,1,1,2,2,2,3,3,3,4,4,1,3,5,5,1,2,3,3,2,3,2,3,3,3,6,6,4,5,1,2,4,4,1,7,3,4,3,3,1,2,1,1,3,3,1,3,2,2,1,3,1,2,4,4,1,2,1,1,3,3,2,4,2,5,2,3,1,3,2,3,1,3,4,4,2,4,1,1,1,2,3,3,4,4,1,2,1,1,1,1,2,3,3,3,1,1,4,5,1,1,3,3,3,4,3,3,1,2,1,2,2,2,1,1,1,1,1,3,2,2,2,4,2,2,1,2,1,1,1,3,2,2,2,4,4,4,2,4,2,2,3,3,4,4,2,2,1,2,4,5,3,5,1,3,3,3,2,3,3,3,2,2,1,3,1,2,2,2,2,2,1,1,4,4,1,1,4,4,1,3,3,4,3,4,2,2,3,4,3,4,2,2,1,1,2,2
"M145719",4,4,7,6,3,3,4,4,2,2,2,3,1,3,2,2,2,2,1,1,2,1,4,4,1,1,1,1,3,3,3,1,2,1,1,1,0,0,2,2,2,1,2,4,4,4,4,1,3,3,4,4,4,1,3,1,4,4,3,4,2,4,4,4,3,3,2,2,2,2,2,1,1,1,4,2,1,3,3,3,4,1,1,3,3,3,1,1,1,1,3,3,4,4,1,3,1,3,1,1,3,1,3,4,3,3,2,2,4,1,3,1,2,1,1,1,1,1,2,2,1,1,1,1,2,4,4,4,3,1,2,2,2,2,1,1,1,3,2,2,2,2,3,3,3,1,4,4,4,4,2,1,2,2,4,4,1,1,2,2,1,1,1,1,2,2,1,1,1,1,3,3,4,4,2,4,3,3,2,3,4,4,2,1,1,1,3,3,1,3,3,3,1,1,1,1,1,1,1,1,1,1,1,1,1,1,1,1,1,1,1,1,1,2,1,2,1,1,2,2,1,1,1,2,2,1,1,2,1,1,1,1,1,1,2,2,1,1,1,1,1,1,1,1,1,1,2,2,1,1,2,2,1,1,4,2,2,1,2,2,2,2,2,2,2,2,3,3,3,5,1,3,2,2,2,2,1,2,1,1,3,4,5,5,1,1,3,3,3,3,2,3,1,1,3,5,2,3,1,3,2,2,1,1,1,1,1,2,1,1,2,2,2,2,1,2,2,2,2,2,2,4,2,4,1,1,5,5,1,2,1,3,2,2,2,6,3,3,4,5,4,4,2,2,4,4,7,7,2,3,3,3,1,1,5,5,3,3,3,3,2,3,1,3,2,2,3,3,1,2,1,2,1,3,4,4,2,2,3,4,1,3,3,3,3,3,2,4,4,6,1,2,1,1,1,3,4,4,1,2,1,2,1,1,2,3,3,3,1,1,3,4,1,1,3,3,4,4,1,3,1,1,2,2,2,2,1,1,1,1,3,3,2,2,2,2,2,2,2,4,1,2,1,3,2,2,4,4,4,4,3,3,2,2,3,3,2,3,2,2,1,2,4,4,1,1,1,1,2,3,2,2,3,3,2,2,3,3,1,2,1,2,2,2,1,1,4,4,1,2,1,4,2,2,5,6,3,3,1,1,4,4,3,4,2,3,1,1,2,2
"M145720",4,4,6,6,3,3,4,1,2,2,2,3,1,3,1,1,3,3,1,1,2,2,4,4,1,1,1,3,3,1,1,1,1,1,3,3,3,3,4,4,1,1,4,4,4,4,4,1,0,0,4,4,4,1,3,3,3,3,3,4,4,4,3,4,3,3,2,1,2,2,2,2,1,1,4,2,3,3,3,1,1,1,1,1,3,3,4,4,2,1,3,3,4,4,3,3,1,3,3,1,3,3,4,4,3,1,2,2,1,1,3,3,2,1,4,1,1,3,2,3,1,1,4,1,2,4,1,1,3,1,2,1,2,4,1,1,3,3,2,4,1,1,3,3,3,3,4,4,3,4,1,1,2,2,4,4,2,2,4,2,3,3,1,1,2,2,1,1,1,1,1,3,4,4,2,4,3,3,2,3,4,4,2,1,3,3,3,1,1,3,1,3,1,1,1,1,1,1,1,1,1,1,1,2,1,1,1,1,1,2,1,2,2,2,2,2,1,1,2,2,1,1,2,2,2,2,2,2,1,1,1,1,1,1,2,2,1,1,1,1,1,1,1,1,1,1,2,2,1,1,2,2,1,1,1,2,2,1,2,2,2,2,2,2,2,2,3,3,5,5,3,3,2,2,2,2,2,7,2,2,3,3,2,2,1,1,3,3,3,3,3,3,1,5,3,5,2,3,1,1,2,2,2,2,1,1,1,4,1,1,2,3,2,2,1,3,2,2,2,3,3,3,4,4,1,1,5,5,1,2,1,3,2,3,2,3,3,3,5,5,4,4,1,1,4,4,7,7,3,3,3,3,1,1,1,5,3,3,3,3,2,3,3,3,2,2,4,4,2,3,1,2,3,3,4,4,1,2,2,3,1,1,2,3,3,3,1,4,1,6,1,1,1,1,3,3,4,4,1,2,1,1,1,1,2,3,3,3,1,1,1,4,1,1,3,3,3,3,1,1,1,1,1,1,2,2,1,1,1,1,1,1,2,2,2,4,2,2,2,3,1,1,1,1,2,2,4,4,4,4,3,4,2,2,3,3,4,4,2,2,2,2,4,4,3,5,1,3,3,3,3,3,1,3,2,3,3,3,1,2,2,2,2,2,1,3,2,2,1,1,1,4,3,3,3,5,4,4,1,2,4,4,3,4,2,2,1,1,2,2
"M145721",4,4,7,6,3,3,4,4,2,2,2,2,1,1,1,1,2,2,1,1,2,2,4,4,1,1,1,3,3,3,3,1,2,2,1,1,3,4,4,4,1,1,4,4,4,4,4,4,3,1,2,4,4,1,3,3,3,4,3,4,4,4,3,4,3,3,2,1,2,2,2,2,1,1,4,2,3,3,3,3,1,1,1,1,3,3,4,1,2,1,3,3,4,4,3,3,1,3,1,1,3,3,4,4,3,1,2,2,1,1,3,1,2,1,4,1,1,3,2,2,1,1,4,1,2,2,1,1,3,1,2,1,2,4,1,1,1,1,2,4,2,1,3,3,3,1,4,2,3,3,2,1,1,1,4,4,2,2,2,2,3,3,1,1,2,2,1,1,1,1,1,3,4,1,2,4,3,3,2,3,4,4,2,1,3,3,3,1,1,1,1,1,1,1,1,1,1,1,1,1,1,1,1,1,1,2,1,1,1,1,1,1,1,1,1,1,1,1,1,1,1,1,1,2,1,1,1,1,1,1,1,1,1,1,2,2,1,1,1,1,1,1,1,1,1,1,2,2,1,1,2,2,1,1,1,2,2,2,2,2,2,2,2,4,2,2,3,3,3,5,3,3,2,2,2,2,1,2,2,2,3,3,2,2,1,1,3,3,3,3,3,3,1,1,3,5,2,2,1,3,2,2,2,2,1,1,2,4,1,1,3,5,2,2,1,1,2,2,1,2,3,3,3,4,1,3,5,5,1,2,1,3,2,2,2,2,3,3,5,6,4,4,1,3,2,4,7,7,3,3,3,3,1,1,1,6,3,3,3,3,2,3,3,3,2,2,4,4,2,3,1,1,1,3,4,4,2,5,2,3,1,1,2,3,3,3,1,4,2,4,1,1,1,1,3,3,3,4,2,2,1,1,1,1,2,3,3,3,1,1,1,4,1,1,3,3,3,4,1,3,1,1,1,1,2,2,1,1,1,1,1,4,2,2,2,2,2,2,1,4,1,1,1,1,2,2,4,4,4,4,3,4,2,2,3,3,4,4,2,2,2,2,4,4,3,5,1,3,3,3,2,3,1,3,2,2,3,3,1,2,2,2,2,2,1,1,4,4,1,1,1,1,3,3,3,6,3,4,1,2,3,4,3,4,2,2,1,1,2,2
"M145722",4,4,7,6,3,1,4,1,2,2,2,3,1,1,2,1,2,3,1,1,2,1,4,4,1,1,1,3,3,3,1,1,1,1,3,3,3,3,2,2,2,2,0,0,4,4,4,1,0,0,4,4,4,1,3,1,3,4,3,3,4,4,4,4,3,3,2,1,2,2,2,1,1,1,4,2,1,3,3,3,4,1,1,1,3,3,4,1,2,1,3,3,4,4,1,3,1,3,1,1,3,1,3,4,3,3,2,2,4,1,3,3,1,1,1,1,1,3,2,2,1,1,4,1,2,4,1,4,3,1,2,1,2,4,1,1,1,3,2,4,1,1,3,3,1,1,4,2,3,3,2,1,2,2,4,4,1,1,4,2,1,3,1,1,2,2,1,3,1,1,3,3,4,4,2,4,3,3,3,3,4,4,2,1,1,1,3,1,3,3,1,3,1,1,1,1,1,1,1,1,1,1,1,1,1,1,1,1,1,2,1,2,1,1,1,1,1,1,1,1,1,1,2,2,1,1,1,1,1,1,1,1,1,1,2,2,1,1,1,1,1,1,1,1,1,1,2,2,1,1,2,2,1,1,2,2,1,1,2,2,2,2,2,2,1,2,3,4,3,4,3,3,2,2,2,2,1,7,1,1,3,4,5,5,1,1,3,3,3,3,3,3,1,1,3,5,2,3,1,3,2,2,1,1,1,1,1,4,1,2,2,2,2,2,1,2,2,2,3,3,2,3,2,4,1,1,5,5,1,2,3,3,2,2,3,6,3,3,5,5,4,4,1,3,4,4,7,7,3,3,3,3,1,1,5,5,3,3,3,3,2,3,1,3,2,2,3,4,2,2,1,2,1,3,4,4,2,3,3,4,1,3,2,3,3,3,2,4,4,6,1,2,1,2,1,3,4,4,2,2,2,3,1,1,2,3,1,3,1,1,4,4,1,1,3,3,3,4,1,3,1,1,1,2,2,2,1,1,1,1,1,3,2,2,2,2,2,2,2,4,1,1,1,3,2,3,4,4,4,4,3,3,2,3,3,4,3,3,2,2,1,2,4,4,1,3,1,1,3,3,3,4,3,3,2,2,3,3,2,2,1,2,2,2,1,1,4,4,1,2,4,4,2,3,3,6,3,5,1,3,4,4,3,3,2,3,1,1,2,2
"M145723",4,4,6,6,3,3,4,1,2,2,2,3,1,1,2,1,2,2,1,4,2,2,4,4,1,1,1,3,3,3,1,1,2,1,3,3,3,3,2,2,2,1,2,4,4,4,4,1,0,0,4,4,4,4,3,3,4,4,3,4,2,4,4,4,3,3,2,2,2,2,1,1,1,1,4,2,1,3,3,1,4,1,1,1,3,3,4,1,2,1,3,3,4,4,3,3,3,3,1,1,3,3,3,4,3,3,2,2,4,1,3,3,2,1,4,1,1,3,2,2,1,1,4,1,2,4,4,4,3,3,2,1,2,4,1,1,1,3,2,4,2,2,3,3,1,1,4,4,3,3,2,1,2,2,4,4,2,1,2,2,1,1,1,1,2,2,1,3,1,1,3,3,4,4,4,4,3,3,3,3,4,4,2,2,1,1,3,3,3,3,1,1,1,1,1,1,1,1,1,1,1,1,1,1,1,1,1,1,1,2,0,0,1,1,1,1,1,1,1,1,1,1,1,2,1,1,1,1,1,1,1,1,1,1,2,2,1,1,1,1,1,1,1,1,1,1,2,2,1,1,2,2,0,0,2,2,1,1,2,2,2,2,2,2,2,2,4,4,3,5,1,3,2,2,2,2,1,2,1,1,3,3,5,5,1,1,3,3,3,3,3,3,1,1,3,5,1,2,1,3,2,2,1,2,1,1,1,1,1,1,2,2,2,2,1,1,2,2,3,3,2,3,2,4,1,1,5,5,1,2,3,4,2,2,3,6,3,3,4,5,4,5,2,2,4,4,7,7,3,3,3,3,1,1,1,1,3,3,3,3,2,2,1,3,2,2,3,4,2,2,1,1,3,3,4,4,2,3,3,4,1,3,3,3,3,3,4,4,2,6,1,1,1,2,3,3,4,4,2,2,1,3,1,1,2,3,1,3,1,1,3,4,1,1,3,3,4,4,1,3,1,1,1,1,2,2,1,1,1,1,1,3,2,2,2,2,2,2,2,4,1,1,1,3,2,2,4,4,4,4,2,3,2,2,3,4,3,3,2,2,1,1,4,4,1,1,1,1,3,3,2,2,3,3,2,2,3,3,1,2,1,2,2,2,1,1,4,4,1,2,1,4,2,3,5,6,3,5,1,1,4,4,3,4,2,3,1,1,2,2
"M145724",4,4,6,6,3,3,4,4,2,1,2,2,1,3,2,1,2,2,1,4,2,1,4,4,1,4,1,3,1,1,1,1,2,1,3,1,3,4,4,2,1,1,4,4,1,4,1,1,1,1,2,4,4,1,3,1,3,4,3,3,4,4,3,4,3,3,2,2,2,1,2,1,4,1,4,2,1,3,3,3,1,1,1,3,1,3,1,1,2,1,3,3,4,4,3,3,1,3,3,1,3,3,3,4,3,3,2,2,4,1,3,3,2,1,4,1,1,3,2,2,1,1,1,1,2,4,1,4,1,1,2,2,4,4,1,1,1,1,2,4,2,2,3,3,1,1,4,4,3,3,2,1,2,2,4,4,1,1,0,0,3,3,1,4,2,3,1,1,1,3,1,3,4,1,2,4,3,3,3,3,4,4,2,2,3,3,3,3,1,3,1,3,1,1,1,1,1,1,1,1,1,1,1,1,1,1,1,1,1,2,1,1,1,1,1,1,1,1,1,1,1,1,1,1,1,1,1,1,1,1,1,1,1,1,2,2,1,1,1,1,1,1,1,1,1,1,2,2,1,1,2,2,1,1,2,2,2,1,2,2,2,2,1,4,2,2,3,3,5,5,3,3,2,2,2,2,1,7,2,2,3,3,2,5,1,1,3,3,2,3,3,3,1,5,5,5,2,3,1,3,2,2,1,2,1,1,1,2,1,1,2,5,2,2,1,1,2,2,1,3,3,3,2,4,1,3,5,5,1,2,3,3,3,3,2,3,2,3,5,5,4,4,1,3,4,4,7,7,3,3,3,3,1,2,1,5,3,3,3,3,2,2,3,3,2,3,4,4,2,3,1,2,1,1,4,4,1,2,3,3,1,1,3,3,1,1,1,4,1,1,1,1,1,2,3,3,4,4,2,2,1,3,1,1,2,3,3,3,1,1,1,4,1,1,3,3,4,4,1,3,1,1,1,1,2,2,1,1,1,1,1,1,2,2,2,5,2,2,2,2,1,1,1,3,2,2,4,4,4,4,3,3,2,2,3,3,4,4,2,2,1,2,4,4,1,2,1,3,3,3,2,3,3,3,2,2,3,3,2,2,1,2,2,2,1,1,4,4,1,1,1,4,1,3,3,4,4,4,1,2,3,4,4,4,2,2,1,1,2,2
"M145725",3,4,7,6,3,3,4,4,2,1,2,2,3,3,1,1,2,2,1,1,2,1,4,4,1,1,1,3,3,1,3,1,2,1,3,3,3,4,4,2,2,1,2,4,0,0,4,4,1,1,4,4,4,1,3,1,3,3,3,3,4,4,3,4,3,3,2,2,2,1,2,2,1,1,2,2,3,3,3,1,4,1,1,3,1,3,1,1,2,1,3,3,4,4,3,3,3,3,3,1,3,3,3,4,3,3,2,2,1,1,3,3,2,1,4,1,1,3,2,3,1,1,1,1,2,2,1,1,3,1,2,1,4,4,1,1,1,1,2,4,0,0,1,3,3,3,4,2,3,4,2,1,2,1,4,4,2,1,4,4,1,3,1,1,2,2,1,1,1,1,3,3,4,1,2,4,3,3,3,3,4,4,2,2,3,3,1,1,1,1,1,3,1,1,1,1,1,1,1,1,1,1,2,2,1,1,1,1,1,1,1,1,1,1,1,1,1,1,1,1,1,1,1,1,1,1,1,1,1,1,1,1,1,1,2,2,1,1,1,1,1,1,1,1,1,1,2,2,1,1,2,2,1,1,3,2,2,1,2,2,2,2,2,4,1,2,3,3,5,5,3,3,2,2,2,2,6,7,2,2,3,3,2,2,1,1,3,3,1,2,3,3,1,1,5,5,2,3,1,3,2,2,1,2,1,1,1,4,1,1,2,5,2,2,1,3,2,2,1,3,3,3,2,4,1,1,5,5,1,2,3,3,3,3,2,2,3,3,5,5,4,5,1,2,4,4,7,7,3,3,3,3,1,2,1,1,3,3,3,3,2,2,1,3,2,2,4,4,2,3,1,2,1,3,4,4,1,5,3,4,1,3,3,3,1,2,2,4,2,4,1,2,1,1,1,3,4,4,1,1,1,3,1,1,3,3,1,3,1,1,1,5,1,1,3,3,3,4,3,3,1,1,1,1,1,2,1,1,1,1,1,3,2,2,2,2,2,2,1,3,1,1,1,1,2,2,4,4,4,4,2,3,2,2,3,4,4,4,2,2,2,2,4,4,1,1,1,3,3,4,3,3,3,3,2,3,3,3,2,2,2,2,2,2,1,1,2,4,1,1,4,4,2,3,3,3,3,4,2,3,3,4,4,4,2,2,1,1,2,2
"M145726",4,4,7,6,3,1,4,4,2,2,3,3,1,3,2,2,2,2,1,1,2,2,4,4,1,1,1,1,3,1,3,1,0,0,1,1,3,4,2,2,2,1,2,2,0,0,4,1,3,3,4,4,4,1,3,3,4,4,3,3,2,4,4,4,3,3,2,2,0,0,2,2,1,1,2,2,3,3,3,1,1,1,1,1,1,3,1,1,1,1,3,3,4,4,1,3,3,3,1,1,3,1,3,3,3,1,2,2,4,4,3,1,2,2,1,1,1,1,2,3,1,1,4,1,2,4,1,4,3,3,2,2,2,2,1,1,3,3,2,4,2,2,3,3,3,1,4,4,3,3,2,1,2,2,4,4,1,1,4,2,1,3,1,1,2,2,1,3,1,1,3,3,4,4,4,4,3,3,2,3,4,4,1,1,3,1,1,1,1,1,1,3,1,1,1,1,1,1,1,1,1,1,1,2,1,1,1,1,1,1,1,1,1,1,1,1,1,1,1,1,1,1,1,2,1,1,1,1,1,1,1,1,1,1,2,2,1,1,1,1,1,1,1,1,1,1,2,2,1,1,2,2,1,1,4,2,2,1,2,2,2,2,2,2,1,2,3,3,5,5,1,3,2,2,2,2,2,7,1,2,3,4,2,5,1,1,3,3,3,3,1,3,1,1,5,5,2,3,3,3,2,2,1,2,1,1,1,2,1,2,2,3,2,2,1,1,2,2,2,2,3,4,4,4,1,1,5,5,1,2,1,4,2,2,3,6,3,3,5,6,4,4,1,2,4,4,7,7,3,3,3,3,1,1,1,2,3,3,3,4,2,2,1,3,2,2,3,3,2,2,1,1,3,3,4,4,2,4,3,4,1,3,2,3,3,3,4,5,4,6,1,1,1,2,1,5,4,4,1,2,1,1,1,1,2,3,3,3,1,1,3,4,1,1,3,3,3,4,1,3,1,1,1,2,2,2,1,1,1,1,3,3,2,2,2,5,2,2,2,4,1,1,1,1,2,3,4,4,4,4,3,4,2,2,3,3,2,6,2,2,2,2,4,4,1,3,1,1,2,3,2,3,3,3,2,2,3,3,1,2,1,2,2,5,1,1,4,4,1,1,4,4,1,3,4,5,3,5,2,3,4,4,3,3,2,3,1,1,2,2
"M145727",4,4,6,6,0,0,4,1,2,1,2,2,3,3,2,1,2,2,1,1,2,2,4,4,1,1,0,0,3,1,1,1,1,1,3,1,3,3,4,2,2,1,2,4,4,4,1,1,3,3,4,4,4,4,3,1,3,4,3,3,2,4,3,4,3,3,2,1,1,1,2,2,1,1,4,2,1,1,3,1,1,1,1,1,1,1,1,1,1,1,3,3,4,4,3,3,1,3,1,1,3,3,3,3,3,3,2,2,4,1,3,1,2,1,4,4,1,1,2,3,3,1,4,1,2,4,1,4,3,3,2,1,4,4,1,1,1,3,2,4,1,1,3,3,3,3,4,4,3,3,1,1,2,1,4,4,1,1,4,2,3,3,1,4,2,2,1,1,1,1,1,3,4,4,2,4,3,3,3,3,4,4,2,1,3,3,3,1,1,1,3,3,1,1,1,1,1,1,1,1,1,1,1,1,1,1,1,1,2,2,2,2,1,2,1,2,1,1,2,2,1,1,2,2,2,1,1,2,1,1,1,1,1,1,2,2,1,1,1,1,1,1,1,1,1,1,2,2,1,1,2,2,1,1,2,2,2,2,2,2,2,2,1,1,1,2,3,3,4,4,3,3,2,2,2,2,1,1,2,2,3,3,2,5,1,1,3,3,3,3,2,3,1,5,3,5,2,3,3,3,2,2,1,2,1,1,2,2,1,2,2,2,2,3,1,3,2,2,3,3,3,3,4,4,1,1,5,5,1,1,1,1,3,3,2,3,3,3,5,5,4,4,1,3,4,4,7,7,3,3,3,3,1,2,1,4,3,3,3,3,3,3,1,3,3,3,4,4,1,3,2,2,1,1,4,4,2,5,3,4,1,1,3,3,3,4,1,4,6,6,1,1,1,2,3,3,4,4,2,2,1,3,1,1,2,2,3,3,1,1,4,5,1,1,3,3,3,3,1,1,1,1,1,2,1,2,1,1,1,1,3,3,2,2,1,2,2,2,3,4,1,1,1,1,3,3,4,4,4,4,3,3,2,2,3,3,4,4,2,2,2,2,4,4,1,3,1,3,3,4,2,2,1,1,2,2,3,3,2,2,2,2,2,5,1,1,2,4,1,1,1,3,1,3,1,1,3,3,2,3,4,4,3,4,2,3,1,1,2,2
"M145728",4,4,7,6,3,1,4,4,2,1,2,2,3,3,1,1,0,0,1,1,2,1,4,4,1,1,3,3,3,1,3,1,2,1,3,3,3,4,4,2,2,1,4,4,1,4,1,1,1,1,4,4,4,1,3,1,3,4,3,3,2,4,3,4,1,3,2,1,2,1,2,2,1,1,2,2,1,3,3,1,1,1,1,3,3,3,4,1,2,1,3,3,2,4,3,3,3,3,3,1,3,1,4,4,3,1,2,1,1,1,1,1,1,1,4,1,1,3,2,2,1,1,1,1,2,4,1,4,3,1,2,2,2,4,1,1,3,3,2,4,2,2,3,3,1,1,4,2,3,3,2,2,2,1,4,4,2,1,4,2,1,1,1,1,2,3,1,1,1,1,3,3,4,4,2,4,3,3,3,3,4,4,2,1,3,3,1,1,1,3,1,1,1,2,1,2,1,2,1,2,1,2,1,2,1,2,1,1,1,2,1,1,1,1,1,1,1,1,1,1,1,1,1,1,1,1,1,1,1,1,1,1,1,1,2,2,1,1,1,1,1,1,1,1,1,1,2,2,1,1,2,2,1,2,4,2,2,2,2,2,2,2,2,4,2,2,3,3,4,5,3,3,2,2,2,2,1,3,2,2,3,3,1,2,1,1,3,3,2,2,3,3,1,1,5,5,2,3,1,3,2,2,1,1,1,1,1,1,1,1,2,5,2,2,1,1,2,2,1,3,3,4,4,4,1,3,5,5,1,2,3,3,3,3,2,3,3,3,5,6,4,4,1,1,4,4,1,7,3,3,3,3,1,2,5,6,3,3,3,3,3,3,3,3,2,2,4,4,1,2,2,2,3,3,2,4,1,2,3,3,1,3,3,3,1,2,1,4,1,4,1,1,1,2,1,3,3,4,1,1,1,3,1,1,3,3,1,3,1,1,5,5,1,1,3,3,4,4,1,1,1,3,1,1,2,2,1,1,1,1,1,3,2,2,2,5,2,2,2,2,1,1,1,3,2,2,2,4,4,4,2,3,0,0,3,3,4,4,2,2,2,2,4,4,1,3,3,3,3,3,3,3,1,3,2,3,1,3,2,2,2,2,2,2,1,1,2,4,1,1,4,4,1,3,1,3,2,3,1,2,3,4,3,4,2,2,1,1,2,2
"M145729",4,4,6,6,0,0,4,1,2,2,0,0,1,3,1,1,0,0,1,1,0,0,4,4,1,1,1,1,3,1,0,0,2,1,3,3,3,3,2,2,2,1,2,2,4,4,4,1,0,0,4,4,4,4,3,3,4,4,3,3,2,4,4,4,3,3,2,1,2,2,2,2,1,1,2,2,1,3,3,1,1,1,1,1,1,3,4,4,1,1,3,3,4,4,3,3,3,3,1,1,3,1,4,4,3,3,2,2,4,1,3,3,2,1,1,1,0,0,2,3,1,1,4,1,4,4,4,4,0,0,2,2,4,4,1,1,1,1,2,4,0,0,0,0,3,1,4,4,3,3,1,1,2,1,4,4,1,1,4,2,3,3,1,1,0,0,1,3,1,1,3,3,4,4,4,4,3,3,3,3,4,4,1,1,0,0,0,0,1,3,3,3,1,1,1,1,1,1,1,1,1,1,1,2,1,1,1,1,1,2,1,1,1,2,1,2,1,1,1,2,1,1,2,2,2,1,1,2,1,1,1,1,1,1,2,2,1,1,1,1,1,1,1,1,1,1,2,2,1,1,2,2,1,1,4,4,2,2,2,2,2,2,2,4,1,2,3,3,5,5,3,3,2,2,2,2,2,2,1,1,3,3,2,5,1,1,3,3,3,3,3,3,1,1,5,5,2,3,1,3,2,2,2,2,1,1,1,1,1,2,2,3,2,2,1,1,2,2,3,3,3,4,4,4,1,1,5,5,1,2,1,4,2,3,2,6,3,3,4,6,5,5,1,2,4,4,7,7,3,4,3,3,1,2,1,2,3,3,3,4,2,2,1,3,2,2,4,4,2,2,1,2,3,3,4,4,2,3,3,3,1,3,2,3,3,4,4,5,4,6,1,1,1,2,3,5,4,4,1,2,1,2,1,1,2,3,3,3,1,1,4,4,1,1,3,3,3,4,1,3,1,1,1,2,2,2,1,1,1,1,3,3,2,2,2,4,2,2,2,4,1,1,1,1,2,2,4,4,4,4,3,4,2,3,3,4,3,4,2,2,1,2,4,5,3,3,1,1,3,3,2,3,3,3,2,2,3,3,1,1,1,2,2,5,1,1,4,4,1,1,4,4,1,2,3,4,3,3,2,3,4,4,3,3,2,3,1,1,2,2
"M145730",4,4,0,0,3,1,4,4,2,1,2,2,1,3,1,1,2,3,1,1,2,1,4,4,1,1,3,3,1,1,3,3,2,1,1,1,3,4,2,2,1,1,2,4,1,1,4,1,1,1,4,4,4,1,3,3,3,4,3,3,4,4,3,3,3,3,2,2,2,1,2,1,4,1,2,2,1,3,3,1,1,1,1,1,1,3,1,1,1,1,3,3,4,4,3,3,1,3,1,1,3,3,4,4,3,1,2,2,1,1,1,1,2,1,4,1,1,3,2,3,1,1,1,1,2,2,1,1,3,1,2,1,2,4,1,1,3,3,2,4,2,1,3,3,3,3,4,2,3,4,2,1,2,2,4,4,1,1,2,2,3,3,1,1,2,2,1,1,1,3,1,3,4,4,2,4,3,3,2,3,4,4,2,2,3,1,3,1,1,1,1,3,1,1,1,1,1,1,1,1,1,1,1,2,1,1,1,1,1,1,1,1,1,2,1,2,1,1,1,2,1,1,2,2,2,1,1,2,1,1,1,1,1,1,2,2,1,1,1,1,1,1,1,1,1,1,2,2,1,1,2,2,1,1,3,2,2,2,2,2,2,2,2,4,2,2,3,3,5,5,3,3,2,2,2,2,1,6,2,2,3,3,2,5,1,1,3,3,2,3,3,3,1,5,5,5,2,3,1,3,2,2,1,2,1,1,2,4,1,1,5,5,2,2,1,3,2,2,2,3,3,3,2,4,1,3,5,5,1,2,3,3,2,3,2,2,3,3,5,6,4,5,1,1,2,4,7,7,3,3,3,3,1,2,1,4,3,3,3,3,2,3,3,3,2,2,3,4,2,3,2,2,1,3,4,4,5,5,2,3,1,3,2,3,3,3,4,4,2,2,1,1,1,1,3,5,4,4,1,2,1,1,1,3,3,3,3,3,1,1,4,5,1,1,3,3,1,3,1,1,1,1,1,1,2,2,1,1,1,1,1,3,2,2,2,2,2,2,2,3,1,3,1,3,2,2,4,4,4,5,3,3,2,2,3,3,2,4,2,2,2,2,4,4,3,5,3,3,3,3,2,3,3,3,2,2,3,3,1,2,1,2,2,2,1,1,4,4,1,1,1,4,2,3,3,3,2,3,2,2,3,4,2,4,2,2,1,1,2,2
"M145731",4,4,6,6,3,3,4,4,2,2,2,2,3,3,2,1,2,2,1,1,2,1,4,4,1,1,1,1,3,3,3,1,2,1,3,1,4,4,4,2,2,2,2,4,1,4,4,1,3,1,2,4,4,1,3,1,3,4,3,3,4,4,4,4,1,3,2,1,2,1,2,2,4,1,2,2,1,1,3,1,1,1,3,3,3,3,1,1,1,1,3,3,2,4,3,3,3,3,1,1,3,1,4,4,3,1,2,2,4,1,3,1,1,1,4,4,1,3,2,2,1,1,1,1,2,4,1,1,3,1,2,2,4,4,1,1,1,3,2,2,2,1,1,3,1,1,2,2,3,3,2,1,1,1,4,4,1,1,4,4,1,3,1,1,2,3,1,1,1,1,3,3,4,4,2,4,3,3,3,3,4,4,1,1,3,3,3,3,1,1,1,3,1,2,1,2,1,2,1,2,1,2,1,2,1,1,1,1,1,1,1,1,1,2,1,2,1,1,1,2,1,1,1,2,2,1,1,2,1,1,1,1,1,1,2,2,1,1,1,1,1,1,1,1,1,1,2,2,1,1,2,2,1,1,2,2,1,1,2,2,2,2,2,4,2,2,3,4,3,5,3,3,2,2,2,2,1,7,1,2,3,3,2,3,1,1,3,3,2,2,3,3,1,5,5,5,2,2,1,3,2,2,2,2,1,1,2,4,1,2,2,5,2,2,1,1,2,2,2,2,2,3,4,4,1,3,5,5,1,1,3,4,2,3,2,3,3,3,5,6,4,5,1,3,4,4,1,7,3,3,3,3,1,1,1,5,3,3,3,3,2,3,3,3,2,2,4,4,2,3,1,1,1,3,4,4,2,5,2,3,1,1,2,3,1,3,4,4,2,6,1,1,1,2,3,5,4,4,1,2,1,3,1,1,3,3,3,3,1,1,4,5,1,1,3,3,3,3,1,1,1,2,1,1,2,2,1,1,1,1,1,1,2,2,2,2,2,2,1,2,1,1,1,1,2,3,2,4,4,4,2,3,2,2,3,3,4,4,2,2,2,2,4,4,3,5,1,3,3,4,2,3,3,3,2,3,1,3,2,2,2,2,2,2,1,3,4,4,1,1,1,1,2,3,3,5,3,4,2,2,3,4,3,4,2,4,1,1,2,2
"M145732",4,4,6,6,3,3,4,4,2,1,2,3,1,3,2,1,3,3,1,1,2,1,4,4,1,1,1,1,3,3,1,1,2,1,3,1,3,3,2,2,2,2,2,2,1,4,4,1,0,0,2,4,4,4,3,1,4,4,3,3,2,4,4,4,3,3,2,2,2,2,2,1,1,1,2,2,1,3,3,3,4,1,1,3,1,3,4,1,2,1,3,3,4,4,3,3,3,3,1,1,3,3,3,4,3,3,2,2,4,4,3,3,2,1,1,1,1,1,2,3,1,1,1,1,2,4,1,4,3,1,1,1,2,4,1,1,1,1,2,4,1,1,1,3,3,1,4,2,3,3,1,1,2,1,4,4,2,1,4,2,1,3,1,4,2,2,1,1,1,1,1,3,4,1,2,4,3,3,3,3,4,4,2,2,3,1,3,1,1,1,3,3,1,1,1,1,1,1,1,1,1,1,1,1,1,1,1,1,1,2,1,2,1,1,1,1,1,1,1,1,1,1,2,2,1,1,1,1,1,1,1,1,1,1,2,2,1,1,1,1,1,1,1,1,1,1,2,2,1,1,2,2,1,1,2,2,2,1,2,2,2,2,2,4,2,2,3,4,5,5,3,3,2,2,2,2,2,7,1,2,3,4,2,5,1,1,3,3,3,3,1,3,1,1,5,5,2,3,3,3,2,2,1,1,1,1,2,4,1,1,2,5,2,2,1,3,2,2,2,3,4,4,4,4,1,1,5,5,1,2,3,3,2,3,2,2,3,3,5,5,4,4,2,2,4,4,7,7,3,3,3,3,1,2,0,0,3,3,3,3,3,3,1,3,2,2,4,4,2,2,2,2,3,3,4,4,2,5,3,4,3,3,2,3,3,3,4,4,2,6,1,1,1,1,1,1,4,4,1,2,1,1,1,1,2,3,1,3,1,1,3,4,1,1,3,3,3,4,1,3,1,1,2,2,2,2,1,1,1,1,3,3,2,2,2,2,2,2,3,4,1,1,1,1,2,3,4,4,4,4,3,3,2,2,3,4,2,4,2,2,2,2,4,4,1,1,1,1,2,4,2,4,3,3,2,2,3,3,1,2,1,2,2,2,1,1,4,4,1,2,4,4,2,2,3,6,2,5,2,3,3,4,2,3,3,3,1,1,2,2
"M145733",4,4,7,6,3,3,4,4,2,2,2,2,1,3,2,1,2,2,1,4,2,2,4,4,1,1,1,3,1,1,3,1,1,1,3,1,3,4,2,2,2,1,2,4,4,4,4,1,0,0,2,4,1,1,3,3,3,4,3,3,4,4,3,4,3,3,2,2,2,1,2,2,4,1,2,2,1,3,3,1,1,1,1,3,1,3,1,1,1,1,3,3,4,4,3,3,3,3,1,1,3,1,3,4,3,1,2,2,1,1,3,1,2,1,4,1,1,1,2,3,1,1,4,1,2,4,1,4,3,1,2,2,2,2,1,1,1,3,4,4,2,2,3,3,3,1,4,4,3,3,1,1,2,1,4,4,1,1,4,2,3,3,1,1,2,2,1,3,1,1,3,3,4,4,2,4,3,3,3,3,4,4,1,1,3,3,1,1,1,1,1,1,1,1,1,1,1,1,1,1,1,1,1,2,1,1,1,1,1,2,1,1,1,2,1,2,1,1,1,2,1,1,1,2,2,1,1,2,1,1,1,1,1,1,2,2,1,1,1,1,1,1,1,1,1,1,2,2,1,1,2,2,1,1,2,2,2,1,2,2,2,2,2,4,2,2,3,4,5,5,3,3,2,2,2,2,1,7,1,2,3,3,2,5,1,1,3,3,3,3,3,3,1,5,5,5,2,3,1,3,2,2,1,1,1,1,1,1,1,1,3,5,2,2,1,1,2,2,2,2,3,4,4,4,1,3,5,5,1,1,1,3,2,2,2,3,3,3,5,5,4,4,1,1,4,4,7,7,3,3,3,3,1,1,1,5,3,3,1,3,2,2,1,3,1,2,3,4,1,2,1,1,1,3,4,4,4,5,2,4,1,3,3,3,3,3,1,4,1,4,1,1,1,2,3,5,4,4,2,2,1,1,1,1,3,3,3,3,1,1,4,5,1,1,3,3,3,3,3,3,1,1,1,2,2,2,1,1,1,1,1,3,2,2,2,5,2,2,1,2,1,1,1,3,2,2,4,4,4,4,3,4,2,2,3,3,4,6,2,2,2,2,4,4,3,5,1,3,3,3,3,3,3,3,2,2,3,3,1,2,2,2,2,5,1,1,4,4,1,1,4,4,1,3,3,4,3,4,1,2,3,4,4,4,2,2,1,1,2,2
"M145734",4,4,6,6,3,3,4,4,2,2,2,2,1,3,2,1,2,2,1,1,2,2,4,4,1,4,1,3,3,1,3,1,0,0,3,3,3,4,0,0,2,1,2,4,4,4,4,1,0,0,4,4,4,1,3,1,3,4,3,3,2,4,3,4,3,3,2,1,2,1,2,2,4,1,4,2,1,3,3,1,1,1,1,3,3,3,4,1,2,2,1,3,4,4,3,3,3,3,1,1,3,1,4,4,3,1,2,2,4,1,3,3,1,1,4,4,1,1,2,2,1,1,4,1,2,4,1,1,3,1,2,1,4,4,1,1,1,1,2,4,2,2,3,3,3,1,2,2,3,3,2,2,2,1,4,4,1,1,4,2,1,3,1,1,2,2,1,3,1,1,1,3,4,1,2,2,3,3,2,3,4,4,1,1,3,1,3,3,1,3,1,1,1,1,1,1,1,1,1,1,1,1,1,2,1,1,1,1,1,1,1,1,1,1,1,1,1,1,1,1,1,1,1,1,1,1,1,1,1,1,1,1,1,1,2,2,1,1,1,1,1,1,1,1,1,1,2,2,1,1,2,2,1,1,2,2,2,1,2,2,2,2,1,2,2,2,3,4,5,5,3,3,2,2,2,2,7,7,2,2,3,3,2,5,1,1,3,3,2,3,3,3,1,1,5,5,2,2,1,3,2,2,1,2,1,1,2,4,1,2,2,5,2,2,1,1,2,2,2,2,3,4,2,4,1,3,5,5,1,2,3,4,2,3,2,2,3,3,5,5,4,5,1,2,4,4,7,7,3,3,3,3,1,1,1,5,3,3,3,3,2,3,3,3,2,2,4,4,2,3,1,2,1,3,4,4,4,5,2,4,1,3,2,3,1,3,1,4,2,6,1,1,1,2,3,5,4,4,1,2,1,3,1,1,2,3,1,3,1,1,1,3,1,1,3,3,3,3,1,3,1,1,1,1,2,2,1,1,1,1,1,1,2,2,2,2,2,2,2,2,1,1,1,3,2,3,4,4,4,4,3,3,2,2,3,4,3,4,2,2,2,2,4,4,1,5,3,3,3,3,2,3,3,3,2,3,3,3,2,2,1,2,2,2,1,1,2,4,1,2,4,4,2,3,3,3,3,5,2,3,3,4,3,4,2,4,1,1,2,2
"M145735",4,4,6,6,3,1,4,4,2,2,3,3,1,1,2,2,2,3,1,1,2,2,4,4,1,1,1,1,3,1,1,1,1,1,3,3,3,3,2,2,2,1,2,4,4,4,1,1,3,3,2,4,4,4,1,1,3,4,3,3,2,2,4,4,3,3,2,1,2,2,2,2,1,1,2,2,1,3,3,3,1,1,3,3,3,3,4,4,1,1,3,3,4,4,1,3,1,3,1,1,3,1,3,3,3,1,2,2,4,1,3,1,2,2,4,1,1,3,2,3,1,1,4,1,2,4,1,1,3,3,2,1,4,4,1,1,1,3,2,4,2,1,0,0,3,3,4,4,3,4,1,1,1,1,4,4,1,1,4,2,1,3,1,1,2,2,1,1,1,3,1,3,4,4,4,4,3,3,3,3,4,4,2,1,3,1,3,3,1,3,1,1,1,1,1,1,1,1,1,1,1,1,1,2,1,1,1,1,1,2,1,2,1,1,1,1,1,1,1,1,1,1,1,2,1,1,1,1,1,1,1,1,1,1,2,2,1,1,1,1,1,1,1,1,1,1,2,2,1,1,2,2,1,1,3,2,2,2,2,2,2,2,1,3,2,2,3,3,3,5,1,1,2,2,2,2,1,2,2,2,3,3,3,5,1,2,1,3,3,3,3,3,1,4,5,5,3,3,3,3,2,2,1,2,1,1,1,4,1,2,2,2,2,2,1,3,2,2,2,3,2,3,4,4,1,1,5,5,2,2,3,3,2,2,2,2,3,3,5,5,4,4,1,3,4,4,7,7,3,3,3,3,1,2,1,5,3,3,3,3,2,3,1,4,1,3,3,4,2,2,1,2,3,3,4,4,2,2,1,3,1,3,3,3,3,3,4,4,2,6,1,1,1,2,3,3,4,4,1,2,1,2,1,1,2,3,3,3,1,1,3,4,1,2,3,3,4,4,1,3,1,1,1,1,2,2,1,1,1,1,1,3,2,2,2,5,2,2,4,4,1,1,1,1,2,2,4,4,4,4,3,3,2,2,3,3,3,4,2,2,1,1,4,4,1,3,3,3,3,3,2,3,3,3,2,3,3,3,1,2,1,2,2,2,1,1,2,4,2,2,3,4,1,3,4,5,3,4,1,1,4,4,4,4,2,2,1,1,2,2
"M145736",4,4,7,6,3,3,4,1,2,1,2,3,1,1,1,1,2,3,1,1,2,1,4,4,1,1,1,1,1,1,3,3,1,1,3,3,3,4,4,2,1,1,2,4,1,4,4,1,3,3,4,4,0,0,3,3,3,4,3,3,4,4,3,4,1,3,2,2,2,1,2,2,4,1,4,2,1,1,3,1,1,1,1,3,1,3,4,4,2,1,3,3,2,4,1,3,3,3,3,3,0,0,3,4,3,1,2,2,1,1,3,1,2,1,4,1,3,3,2,3,1,1,4,1,2,2,1,4,3,1,2,1,2,4,1,1,1,1,4,4,2,2,3,3,3,1,4,2,3,3,1,1,2,1,4,4,1,1,4,4,3,3,1,1,2,3,1,3,1,1,3,3,4,4,2,4,3,3,3,3,4,4,2,1,3,3,3,1,1,3,1,3,1,2,1,2,1,2,1,2,1,2,2,2,1,1,1,1,1,2,1,1,2,2,2,2,1,1,2,2,1,1,2,2,2,2,2,2,1,1,1,1,1,1,2,2,1,1,1,1,1,1,1,1,1,1,2,2,1,1,2,2,1,1,4,2,2,1,2,2,2,2,2,4,2,2,3,3,5,5,3,3,2,2,2,2,2,7,2,2,3,3,2,2,1,1,3,3,3,3,3,3,1,5,2,5,2,3,1,3,2,2,1,2,1,1,1,1,1,1,3,5,2,2,1,1,2,2,1,3,3,3,4,4,1,3,5,5,1,1,1,3,3,3,2,2,3,3,5,6,4,5,1,1,4,4,1,7,3,4,3,3,1,2,1,1,3,3,1,3,2,2,1,3,2,2,4,4,1,2,1,2,1,3,2,4,1,2,3,3,1,1,2,3,3,4,4,4,1,4,1,1,1,2,3,3,4,4,2,2,1,1,1,1,2,3,3,3,1,1,4,5,1,1,3,3,4,4,1,3,1,2,1,2,2,2,1,1,1,1,1,3,2,2,2,4,2,2,1,2,1,1,1,1,2,2,2,4,4,4,3,4,3,3,3,3,4,4,2,2,1,2,4,4,1,3,1,3,3,3,2,3,3,3,2,3,1,3,1,2,2,2,2,5,1,1,2,4,1,1,4,4,1,3,3,4,3,4,2,2,3,4,3,4,2,2,1,1,2,2
"M145737",4,4,6,6,3,1,4,4,2,1,2,2,1,3,1,1,2,2,1,4,2,2,4,4,1,1,3,3,3,1,1,1,2,1,3,1,3,4,0,0,2,2,2,4,4,4,4,1,1,1,2,4,4,1,3,3,3,4,3,3,4,4,3,3,3,3,2,2,2,2,2,1,4,1,4,2,1,1,3,1,1,1,1,3,1,1,4,4,1,1,3,3,4,4,3,3,3,3,3,1,3,3,4,4,3,1,2,2,1,1,3,1,1,1,4,4,1,3,2,3,1,1,0,0,2,4,1,1,3,1,2,1,4,4,1,1,1,1,2,4,1,1,3,3,3,3,4,2,3,4,2,1,2,1,4,4,1,1,4,2,3,3,1,1,2,2,1,3,1,1,1,3,0,0,2,4,1,3,3,3,4,4,1,1,3,3,3,3,1,1,1,1,1,1,1,1,1,1,1,1,1,1,1,2,1,1,1,1,1,2,1,1,1,2,1,2,1,1,1,2,1,1,1,2,2,1,1,2,1,1,1,1,1,1,2,2,1,1,1,1,1,1,1,1,1,1,2,2,1,1,2,2,1,1,2,2,1,1,2,2,2,2,2,4,2,2,3,3,5,5,2,3,2,2,2,2,2,7,2,2,3,3,2,5,1,1,3,3,3,3,2,3,1,5,3,5,2,2,1,3,2,2,1,1,1,1,1,1,1,1,5,5,2,2,1,3,2,2,2,3,3,4,4,4,1,1,5,5,1,2,3,3,2,2,2,2,1,3,5,5,4,5,1,1,4,4,7,7,1,3,3,3,1,2,1,4,3,3,3,3,2,3,3,3,2,3,4,4,1,2,1,1,1,3,4,4,2,5,2,3,3,3,2,3,1,3,1,4,2,2,1,1,1,1,3,3,3,4,1,2,1,1,1,1,3,3,3,3,1,1,1,4,1,2,3,3,3,3,1,3,1,1,1,1,2,2,1,1,1,1,1,4,2,2,2,2,2,2,1,3,1,1,1,3,2,2,4,4,4,4,3,3,2,2,3,3,4,4,2,2,2,2,4,4,3,5,3,3,3,3,2,2,3,3,2,3,3,3,1,2,2,2,2,2,1,1,2,4,1,2,1,1,1,3,3,5,4,4,2,2,4,4,2,4,2,2,1,1,2,2
"M145738",4,4,6,6,3,3,4,4,2,1,2,3,1,3,2,1,3,3,1,1,2,1,4,4,1,1,1,3,1,1,1,1,2,1,3,3,3,4,4,2,1,1,2,4,1,4,1,1,3,3,2,4,4,1,3,1,4,4,3,3,4,4,3,4,1,3,2,2,2,1,2,2,1,1,4,2,1,1,3,1,1,1,1,1,1,1,4,1,1,1,3,3,2,4,1,3,3,3,3,1,3,3,4,4,3,1,2,2,4,1,3,1,1,1,4,1,1,3,2,2,1,1,4,1,2,2,1,4,3,1,1,1,4,4,1,1,1,1,2,2,1,1,3,3,1,1,4,2,3,3,1,1,2,1,4,4,1,1,4,2,3,3,1,1,2,3,1,3,1,1,3,3,4,4,2,4,3,3,2,3,4,4,2,1,3,3,1,1,1,3,1,3,1,2,1,2,1,2,1,2,1,2,1,2,1,1,1,1,1,2,1,1,1,2,1,2,1,1,1,2,1,1,1,2,2,1,1,2,1,1,1,1,1,1,2,2,1,1,1,1,1,1,1,1,1,1,2,2,1,1,2,2,1,1,2,2,1,1,2,2,2,2,2,4,2,2,3,3,5,5,3,3,2,2,2,2,1,7,2,2,3,3,2,2,1,1,3,3,3,3,3,3,1,5,2,5,2,3,1,3,2,2,1,2,1,1,1,2,1,1,3,5,2,2,1,1,2,2,2,2,3,4,2,4,1,3,5,5,1,1,1,3,2,2,2,3,3,3,5,5,4,5,1,1,4,4,1,7,3,4,3,3,1,2,1,1,3,3,1,3,2,2,1,3,2,2,3,4,1,2,1,2,1,3,2,4,4,5,2,4,1,1,3,3,1,4,4,4,2,4,1,1,1,2,3,3,4,4,1,1,1,1,1,1,2,3,3,3,1,1,4,5,1,1,3,3,3,3,1,3,1,2,1,2,2,2,1,1,1,1,1,3,2,2,2,4,2,2,2,2,1,1,1,3,2,2,2,4,4,4,3,4,3,3,3,3,4,4,2,2,1,2,4,4,3,5,1,3,3,3,2,3,3,3,2,3,1,3,1,2,2,2,2,2,1,1,4,4,1,1,1,4,1,3,3,5,4,4,1,2,3,4,4,4,2,2,1,1,2,2
"M145739",3,4,6,6,3,3,4,4,2,1,2,3,1,3,1,1,2,3,1,1,2,1,4,4,1,1,1,3,3,1,3,1,2,1,3,1,3,3,0,0,2,2,2,4,1,4,4,1,1,1,4,4,4,1,3,3,4,4,3,4,2,4,3,4,3,3,2,2,2,1,2,2,1,1,4,2,1,1,3,3,1,1,1,1,1,3,4,4,1,1,3,3,4,4,3,3,3,3,3,1,3,3,4,4,3,3,2,2,1,1,1,1,1,1,4,1,3,3,2,2,1,1,1,1,2,4,1,1,1,1,2,1,2,4,1,1,3,3,2,4,2,1,1,3,3,1,2,2,3,4,2,1,2,1,4,4,2,2,4,2,1,3,1,1,2,3,1,1,1,1,1,3,4,4,2,4,3,3,2,3,4,4,2,1,3,3,1,1,1,3,1,1,1,1,1,1,1,1,1,1,1,1,1,2,1,2,1,1,1,2,1,1,2,2,2,2,1,1,2,2,1,1,2,2,2,2,2,2,1,1,1,1,1,1,2,2,1,1,1,1,1,1,1,1,1,1,2,2,1,1,2,2,1,2,4,2,2,2,2,2,2,2,2,4,2,2,3,3,4,5,3,3,2,2,2,2,1,3,1,2,3,3,2,5,1,1,3,3,3,3,3,3,1,5,5,5,2,3,1,3,2,2,1,2,1,1,2,2,1,1,2,2,2,2,1,1,2,2,1,3,3,4,4,4,1,1,5,5,1,2,3,3,3,3,2,2,1,3,5,6,4,4,1,1,4,4,7,7,3,3,3,3,1,1,1,1,3,3,3,3,2,3,3,3,2,2,4,4,1,2,2,2,1,1,4,4,1,2,3,3,1,3,3,3,3,4,4,4,2,6,1,1,1,2,1,3,3,4,1,1,1,3,1,1,3,3,1,3,1,1,5,5,1,1,3,3,4,4,1,1,1,1,1,1,2,2,1,1,1,1,1,3,2,2,2,5,2,2,2,2,1,1,1,3,2,2,4,4,4,4,3,3,3,3,3,3,4,4,2,2,2,2,4,4,1,3,3,3,3,3,2,2,1,3,2,3,3,3,2,2,2,2,2,2,1,1,2,4,1,1,4,4,1,3,1,3,2,3,1,2,4,4,3,4,2,2,1,1,2,2
"M145740",4,4,7,6,3,1,4,4,2,1,2,2,1,1,2,1,2,2,1,4,2,1,4,4,1,1,1,1,3,3,1,1,1,1,3,1,3,4,2,2,1,1,2,4,1,4,4,1,3,3,4,4,4,1,3,3,3,4,3,3,4,4,3,4,3,3,2,2,2,1,2,2,4,1,2,2,1,3,3,3,4,1,3,3,1,3,1,1,2,2,3,3,4,4,3,3,3,3,1,1,3,1,4,4,3,3,2,2,1,1,3,3,1,1,4,1,1,3,2,2,1,1,1,1,2,2,1,4,1,1,2,1,2,4,1,1,1,1,2,4,2,2,3,3,3,1,2,2,3,3,2,1,1,1,4,4,2,1,2,2,1,1,1,1,2,2,1,1,1,1,3,3,4,4,2,4,3,3,3,3,4,4,2,1,3,1,1,1,1,3,1,1,1,1,1,1,1,1,1,1,1,1,1,1,1,1,1,1,1,2,1,2,1,1,1,1,1,1,1,1,1,1,1,2,1,1,1,1,1,1,1,1,1,1,2,2,1,1,1,1,1,1,1,1,1,1,2,2,1,1,2,2,1,1,2,2,2,1,2,2,2,2,2,4,2,2,3,3,3,5,3,3,2,2,2,2,1,7,2,2,3,3,5,5,1,1,3,3,2,3,3,3,1,1,3,5,2,3,1,1,2,2,1,2,1,1,2,4,1,1,2,5,2,2,1,2,2,2,2,2,2,3,2,4,1,3,5,5,1,1,3,3,2,2,2,2,3,3,5,5,4,4,1,3,4,4,7,7,2,3,3,3,1,1,1,1,3,3,3,3,2,2,1,3,2,2,3,4,2,2,1,1,1,1,4,4,2,5,2,3,1,3,3,3,1,3,1,2,1,4,1,2,1,2,3,3,4,4,2,2,1,3,1,1,3,3,1,3,1,1,4,5,1,1,3,3,3,4,3,3,1,1,1,1,2,2,1,1,1,1,1,3,2,2,2,2,2,2,1,2,1,2,3,3,2,2,4,4,4,4,2,2,3,3,3,3,3,4,2,2,1,2,4,4,3,5,1,3,3,3,2,3,3,3,2,2,3,3,2,2,2,2,2,2,1,1,2,4,1,1,4,4,3,3,3,6,3,3,1,2,3,4,3,4,2,2,1,1,2,2
"M145741",4,4,7,6,3,1,4,4,2,2,2,3,1,3,2,2,3,3,1,1,2,1,4,4,1,1,1,1,3,3,3,1,2,1,3,1,3,3,2,2,2,1,2,2,4,4,4,1,3,1,2,4,4,4,3,3,4,4,3,3,4,4,4,4,3,3,2,2,2,2,2,1,1,1,4,2,1,3,3,1,1,1,1,3,3,3,4,1,1,1,3,3,4,4,3,3,3,3,1,1,3,3,3,4,3,3,2,2,4,1,3,1,2,1,1,1,1,1,2,2,1,1,1,1,2,4,4,4,3,1,2,2,2,4,1,1,1,1,2,4,2,2,1,3,3,1,4,4,4,4,2,2,2,1,4,4,2,1,2,2,1,3,1,4,2,2,1,1,1,1,1,3,4,4,4,4,3,3,3,3,4,4,2,1,3,1,3,1,1,1,1,1,1,1,1,1,1,1,1,2,1,1,1,1,1,1,1,1,1,2,1,2,1,1,1,1,1,1,1,1,1,1,1,2,1,1,1,1,1,1,1,1,1,1,2,2,1,1,1,1,1,1,1,1,1,1,2,2,1,1,2,2,1,1,4,2,2,1,2,2,2,2,2,4,2,2,3,3,3,4,3,3,2,2,2,2,2,2,1,1,4,4,1,5,1,1,3,3,3,3,3,3,1,1,3,5,2,3,1,3,2,2,1,1,1,1,1,1,1,1,2,2,2,2,1,1,2,2,2,3,2,3,4,4,1,1,5,5,1,2,3,4,2,2,2,2,3,3,4,6,4,5,2,3,4,4,7,7,2,3,3,3,1,1,2,5,3,3,3,3,2,2,1,3,2,2,3,4,2,2,1,2,3,3,4,4,2,2,3,4,3,3,3,3,3,3,2,4,4,6,1,2,1,2,1,1,4,4,1,1,2,3,1,1,3,3,1,3,1,1,4,4,1,1,3,3,4,4,1,1,1,1,1,2,2,2,1,1,1,1,1,3,2,2,2,2,2,2,2,4,1,1,1,1,2,2,4,4,4,4,2,3,2,3,3,4,2,4,2,2,1,2,4,4,1,1,1,1,2,3,2,2,3,3,2,2,3,3,2,2,1,1,2,5,1,1,2,4,1,2,1,3,2,3,1,3,3,3,1,1,4,4,3,4,2,2,1,1,2,2
"M145742",4,4,6,6,3,1,4,4,2,1,2,3,3,3,2,1,2,3,1,4,2,2,4,4,1,1,1,1,1,1,3,1,1,1,3,1,3,4,2,2,1,1,2,4,4,4,1,1,3,3,4,4,4,1,3,3,4,4,3,3,4,4,3,4,1,3,2,2,2,2,2,2,4,1,4,2,3,3,3,1,1,1,1,3,1,3,1,1,2,1,3,3,2,4,1,3,3,3,1,1,3,3,4,4,3,3,2,2,1,1,3,3,1,1,4,1,1,3,2,2,0,0,4,1,2,2,1,4,3,1,2,1,2,4,1,1,1,3,2,2,2,2,3,3,1,1,4,4,3,3,2,1,1,1,4,4,1,1,4,2,3,3,1,1,2,3,1,3,1,1,3,3,4,4,2,4,3,3,3,3,4,4,2,2,3,3,3,1,1,1,1,1,1,2,1,2,1,2,1,2,1,2,1,2,1,1,1,1,1,1,1,1,1,2,1,2,1,1,1,2,1,1,1,2,2,1,1,2,1,1,1,1,1,1,2,2,1,1,1,1,1,1,1,1,1,1,2,2,1,1,2,2,1,1,2,2,2,1,2,2,2,2,4,4,2,2,3,4,5,5,3,3,2,2,2,2,2,7,2,2,3,3,2,5,1,1,3,3,2,3,1,3,1,5,2,5,2,3,1,3,2,2,1,2,1,1,1,1,1,1,2,5,2,2,1,1,2,2,2,2,3,4,4,4,1,3,5,5,1,1,3,3,2,3,2,3,3,3,5,6,4,5,1,1,4,4,1,7,3,4,3,3,1,2,1,5,3,3,3,4,2,2,1,3,1,2,3,4,2,2,1,2,3,3,2,4,1,4,2,3,1,3,3,3,1,3,4,4,1,4,1,1,1,2,3,3,4,4,1,1,1,1,1,1,2,3,3,3,1,1,4,5,1,1,3,3,3,4,1,3,1,2,1,2,2,2,1,1,1,1,1,3,2,2,2,5,2,2,1,2,1,1,1,3,2,2,2,4,4,4,3,4,2,2,3,3,4,4,2,2,1,2,4,4,3,5,1,3,3,3,3,3,3,3,2,2,1,3,1,2,2,2,2,5,1,1,2,4,1,1,4,4,1,3,3,4,3,4,1,2,3,4,4,4,2,2,1,1,2,2
"M145743",4,4,6,6,3,1,4,4,2,1,2,2,1,3,2,1,3,3,1,1,2,2,4,4,1,1,1,3,1,1,1,1,2,2,3,1,3,3,2,2,2,1,2,4,1,4,4,1,1,1,2,2,4,4,1,1,3,3,3,3,2,4,3,4,3,3,2,1,2,2,2,2,1,1,2,2,1,3,1,1,4,1,1,3,1,3,1,1,2,1,1,3,4,4,1,3,1,3,3,1,3,3,3,4,3,1,2,2,4,4,3,3,2,1,4,1,1,3,2,3,1,1,1,1,2,4,1,1,3,1,1,1,4,4,1,1,1,1,2,4,1,1,3,3,3,3,4,2,3,3,1,1,2,2,4,4,2,2,4,4,3,3,1,4,2,2,1,3,1,1,1,3,4,1,4,4,3,3,3,3,4,4,2,2,3,3,1,1,1,3,3,3,1,1,1,1,1,1,1,1,1,1,1,2,1,1,1,1,2,2,2,2,1,1,1,1,1,1,1,1,1,1,2,2,1,1,1,1,1,1,1,1,1,1,2,2,1,1,1,1,1,1,1,1,1,1,2,2,1,1,2,2,1,1,3,2,2,1,2,2,2,2,1,2,2,2,3,3,5,5,3,3,2,2,2,2,1,2,1,2,3,3,2,3,1,1,3,3,1,3,1,1,1,4,5,5,3,3,3,3,2,2,1,1,1,1,1,4,1,1,2,5,2,2,1,3,2,2,2,3,3,4,4,4,1,1,5,5,1,1,1,3,2,3,2,3,3,3,5,5,4,4,3,3,4,4,7,7,3,3,3,3,1,1,1,1,3,3,3,3,2,3,1,1,2,2,3,4,3,3,2,2,1,3,4,4,2,5,3,4,2,3,3,3,3,3,2,4,6,6,1,1,1,2,1,3,4,4,1,1,3,5,1,1,3,3,1,3,1,1,3,4,1,1,3,3,3,4,1,3,1,1,1,1,1,2,1,1,1,1,1,3,1,2,2,5,2,2,2,3,1,1,1,1,2,2,4,4,4,4,3,3,2,2,3,4,4,4,1,2,1,2,4,4,1,1,3,3,2,4,3,3,1,3,2,2,3,3,1,1,2,2,2,2,1,1,4,4,1,1,1,4,1,2,4,6,2,4,1,2,3,3,2,4,2,3,1,1,2,2
"M145744",4,4,7,6,3,3,4,1,2,2,2,2,1,3,2,1,3,3,1,1,2,1,4,4,1,1,1,3,3,1,3,1,2,1,0,0,4,4,2,2,1,1,2,4,1,4,4,1,3,3,4,4,4,1,3,1,4,4,3,3,4,4,4,4,1,3,2,2,2,2,2,2,1,1,4,2,3,3,3,1,1,1,1,3,1,1,4,1,2,1,3,3,2,4,1,3,3,3,3,1,3,3,3,4,3,1,2,2,4,1,3,3,2,1,4,1,1,3,2,3,1,1,4,1,2,4,1,4,3,1,2,2,2,4,1,1,1,1,2,2,2,1,3,3,3,1,4,2,3,3,2,1,2,1,4,4,1,1,4,4,3,3,1,1,2,3,1,3,1,1,3,3,4,4,2,4,3,3,3,3,4,4,2,2,3,3,3,1,1,1,1,1,1,2,1,2,1,2,1,2,1,2,1,2,1,1,1,1,1,1,1,1,1,2,1,2,1,1,1,2,1,1,1,2,2,1,1,2,1,1,1,1,1,1,2,2,1,1,1,1,1,1,1,1,1,1,2,2,1,1,2,2,1,1,4,2,2,1,2,2,2,2,2,4,2,2,3,3,5,5,3,3,2,2,2,2,1,2,1,2,3,3,2,5,1,1,3,3,3,3,1,3,1,1,2,5,2,3,1,3,2,2,1,2,1,1,1,2,1,1,2,2,2,2,1,1,2,2,2,2,3,3,2,4,1,1,5,5,1,2,3,3,2,3,2,2,3,3,6,6,4,5,1,1,4,4,1,7,3,4,3,3,1,1,1,1,3,3,1,3,2,2,1,3,2,2,3,4,1,2,1,2,3,3,2,4,1,4,2,4,1,3,2,3,1,3,1,4,1,1,1,1,1,2,3,3,4,4,1,1,1,1,1,1,2,3,3,3,1,1,1,4,1,1,3,3,3,3,1,1,1,2,1,2,2,2,1,1,1,1,1,3,2,2,2,4,2,2,1,2,1,1,1,3,2,2,2,4,4,4,3,4,3,3,3,3,4,6,2,2,1,2,4,4,3,5,1,3,3,3,2,3,3,3,2,2,1,3,1,2,2,2,2,2,1,1,2,4,1,1,1,4,1,3,3,5,3,4,2,2,4,4,3,4,2,2,1,1,2,2
"M145745",4,4,6,6,3,3,4,1,2,2,3,3,1,3,1,1,2,3,1,4,2,1,4,4,1,1,1,1,3,1,3,3,2,1,3,1,3,4,2,2,0,0,2,2,4,4,4,1,3,1,2,4,4,1,3,3,4,4,3,3,2,4,4,4,1,3,2,1,2,2,2,1,1,1,2,2,3,3,3,1,1,1,1,1,1,3,4,1,1,1,3,3,2,4,1,3,0,0,1,1,3,3,3,4,3,3,2,2,4,4,3,1,2,1,4,1,3,3,2,3,1,1,4,1,2,4,1,4,3,1,2,2,2,2,1,1,1,3,4,4,2,1,3,3,1,1,4,4,3,4,1,1,2,2,4,4,1,1,0,0,3,3,1,1,2,3,1,3,1,1,3,3,4,4,4,4,3,3,3,3,4,4,1,1,3,1,1,1,1,3,1,1,1,2,1,2,1,2,1,2,1,2,1,2,1,1,1,1,1,1,1,1,1,1,1,1,1,1,1,1,1,1,1,2,1,1,1,1,1,1,1,1,1,1,2,2,1,1,1,1,1,1,1,1,1,1,2,2,1,1,2,2,1,1,4,4,2,2,2,2,2,2,2,2,1,2,3,4,5,5,1,3,2,2,2,2,1,2,1,2,3,3,2,5,1,1,3,3,3,3,1,3,1,1,2,5,2,3,3,3,2,2,1,2,1,1,1,2,1,2,2,2,2,2,1,1,2,2,3,3,3,3,2,4,1,1,5,5,1,2,3,4,2,3,2,6,3,3,4,5,4,5,1,1,4,4,1,7,3,4,3,3,1,1,1,1,3,3,1,3,2,2,1,3,1,2,3,4,1,2,1,1,3,3,2,4,2,3,3,3,1,3,2,3,3,3,4,4,2,4,1,1,1,2,3,3,4,4,2,2,1,1,1,1,2,2,3,3,1,1,4,4,1,1,3,3,3,4,1,1,1,2,2,2,2,2,1,1,1,1,3,3,2,2,2,4,2,2,2,4,1,1,1,1,2,2,2,4,4,4,3,4,2,2,3,3,3,6,2,2,1,1,4,4,3,3,1,1,3,3,2,3,3,3,2,2,1,3,1,1,1,2,2,5,1,1,4,4,1,1,3,4,1,3,3,5,3,3,1,2,4,4,3,4,2,3,1,1,2,2
"M145746",4,4,6,6,3,1,4,4,2,2,2,3,1,1,2,2,2,3,1,1,2,2,4,4,1,1,1,1,3,1,1,1,2,2,3,1,3,3,2,2,1,1,2,4,4,4,4,1,1,1,2,4,4,4,3,1,3,4,3,3,2,4,4,4,1,3,2,2,2,2,1,1,1,1,2,2,1,3,3,3,1,1,1,1,3,3,1,1,1,1,3,3,2,4,3,3,1,3,1,1,3,3,4,4,3,3,2,2,4,4,3,3,2,1,4,1,1,3,2,2,1,1,1,1,4,4,4,4,3,1,1,1,4,4,1,1,1,3,2,4,2,2,3,3,1,1,4,4,3,4,1,1,2,1,4,4,1,1,4,4,3,3,1,1,2,3,1,3,1,3,3,3,4,1,4,4,3,3,2,2,4,4,2,2,3,1,3,3,1,1,1,1,1,2,1,2,1,2,1,2,1,2,1,2,1,1,1,1,1,2,1,1,1,1,1,1,1,1,1,1,1,1,1,2,1,1,1,1,1,1,1,1,1,1,2,2,1,1,1,1,1,1,1,1,1,1,2,2,1,1,2,2,1,1,2,2,2,1,2,2,2,2,1,2,2,2,3,3,4,5,3,3,2,2,2,2,1,2,1,2,3,4,1,5,1,1,3,3,3,3,3,3,1,5,5,5,2,3,3,3,2,2,1,2,1,1,1,2,1,2,2,2,2,2,1,1,2,2,2,3,3,4,2,4,1,1,5,5,2,2,4,4,2,3,2,6,2,3,4,5,1,4,2,2,4,4,1,7,3,3,3,3,1,1,1,1,3,3,3,3,2,3,3,4,2,2,4,4,2,3,1,2,3,3,4,4,2,2,3,3,3,3,3,3,1,3,4,5,1,6,1,1,1,1,1,3,4,4,1,1,2,3,1,1,2,3,3,3,1,1,4,4,1,1,3,3,4,4,1,1,1,2,1,2,2,2,1,1,1,1,1,3,2,2,2,2,2,2,2,4,1,1,1,1,2,2,2,4,4,4,3,3,2,2,3,4,2,3,2,2,2,2,4,4,1,2,1,3,2,3,2,3,3,3,2,2,1,3,1,2,1,2,2,2,1,1,4,4,1,2,1,4,2,3,4,5,4,5,1,3,4,4,3,4,2,2,1,1,2,2
"M145747",4,4,6,6,1,1,4,1,2,2,3,3,1,3,2,2,3,3,1,1,2,2,4,4,1,4,1,1,3,1,1,1,2,1,3,3,3,3,4,2,2,1,2,4,4,4,1,1,1,1,2,2,4,4,3,1,3,3,3,3,2,2,3,4,1,3,2,1,2,2,2,2,1,1,4,4,1,1,3,1,1,1,1,3,3,3,1,1,1,1,3,3,2,4,1,3,1,1,1,1,3,1,3,4,3,1,2,2,4,1,1,1,2,2,1,1,1,1,3,3,1,1,4,1,2,2,1,1,3,3,2,2,2,4,1,1,1,3,4,4,2,1,1,3,3,1,4,4,3,4,1,1,2,1,4,4,1,1,4,4,1,3,1,1,2,3,1,1,1,3,3,3,4,1,4,4,3,3,3,3,4,4,2,1,3,3,1,1,1,1,1,1,1,2,1,2,1,2,1,2,1,2,1,1,1,1,1,1,1,2,2,2,1,1,1,1,1,1,1,1,1,1,1,2,1,1,1,1,1,1,1,1,1,1,2,2,1,1,1,1,1,1,1,1,1,1,2,2,1,1,2,2,1,1,4,3,2,1,2,2,2,2,4,4,2,2,3,4,3,5,1,3,2,2,2,3,1,1,2,2,3,3,2,5,1,2,3,3,3,3,2,3,3,4,4,5,3,3,1,3,2,2,1,2,1,1,4,4,1,1,1,2,2,2,1,3,2,2,2,2,2,4,4,4,1,1,5,5,1,2,3,4,3,3,2,2,3,3,5,5,4,4,3,3,4,4,1,7,3,3,3,3,1,1,1,1,3,3,3,3,2,2,4,4,1,2,3,4,1,1,2,2,3,3,4,4,2,5,3,4,1,3,3,3,3,3,4,4,2,6,1,1,1,2,3,3,4,4,1,2,1,3,1,3,1,2,3,3,1,1,4,5,1,2,3,3,3,3,1,3,1,2,1,1,2,2,1,1,1,2,1,3,2,2,2,2,2,2,3,4,1,3,1,1,2,2,2,4,4,4,3,3,2,2,3,3,4,4,2,2,1,1,4,4,1,5,2,3,3,4,2,3,3,3,2,2,1,3,1,1,2,2,5,5,1,1,4,4,2,2,1,4,2,2,1,3,3,4,1,1,4,4,2,4,2,2,1,1,2,2
"M145748",4,4,6,6,3,1,4,1,2,2,2,2,1,3,1,1,2,2,1,4,2,1,4,4,1,1,1,1,3,1,3,3,2,1,3,1,3,4,4,2,1,1,2,4,1,4,4,1,3,3,4,4,1,1,3,3,3,4,3,3,4,4,3,4,1,3,2,2,2,1,2,2,1,1,4,2,0,0,3,1,1,1,1,1,1,1,4,1,1,1,3,3,2,4,1,3,3,3,3,3,3,3,3,4,1,1,2,2,4,1,3,3,2,1,4,1,3,3,2,2,1,1,0,0,2,4,1,4,3,1,2,2,2,2,1,1,1,3,2,4,2,2,3,3,1,1,4,2,3,3,2,1,2,1,4,4,1,1,4,4,3,3,1,1,2,3,1,3,1,1,3,3,4,4,2,4,3,3,2,3,4,4,2,1,3,3,3,1,1,3,1,1,1,2,1,2,1,2,1,2,1,2,1,1,1,1,1,1,1,1,1,1,1,1,1,1,1,1,1,1,1,1,1,1,1,1,1,1,1,1,1,1,1,1,2,2,0,0,1,1,1,1,1,1,0,0,2,2,1,1,2,2,1,1,2,2,2,2,2,2,2,2,2,2,2,2,3,4,5,5,3,3,2,2,2,2,1,2,1,2,3,3,2,2,1,1,3,3,3,3,1,3,0,0,2,5,3,3,1,1,2,2,1,1,1,1,1,2,1,1,2,3,2,2,1,1,2,2,3,3,3,3,4,4,1,1,5,5,1,2,3,3,3,3,2,2,3,3,6,6,4,4,1,2,4,4,0,0,3,3,3,3,1,1,1,1,3,3,3,4,0,0,1,3,1,2,4,4,2,2,2,2,3,3,2,4,1,2,3,3,1,1,2,3,3,3,4,4,0,0,1,1,1,2,3,3,4,4,1,2,1,1,1,1,3,3,3,3,1,1,1,4,1,1,0,0,4,4,3,3,1,2,2,2,2,2,1,1,1,1,1,3,2,2,2,4,2,2,2,2,1,1,1,1,2,2,2,4,0,0,3,4,2,2,3,3,4,6,2,2,1,2,4,5,1,3,1,3,3,3,2,3,3,3,2,3,1,3,1,2,2,2,2,2,1,1,4,4,1,1,0,0,1,3,3,4,3,3,2,2,4,4,4,4,2,2,1,1,2,2
"M145749",4,4,6,6,3,3,4,1,2,2,2,3,1,3,2,1,3,3,1,4,0,0,4,4,1,1,1,3,3,3,3,1,1,1,3,1,3,3,2,2,2,1,2,2,4,4,4,1,3,3,0,0,4,4,3,3,4,4,3,3,2,4,4,4,3,3,2,2,2,2,2,1,1,1,2,2,1,3,3,3,4,1,1,1,3,3,4,1,1,1,3,3,4,4,1,3,3,3,1,1,3,1,3,3,3,3,2,2,4,1,3,3,2,1,1,1,3,3,2,2,1,1,4,1,2,4,4,4,1,1,2,2,2,4,1,1,3,3,2,4,2,1,3,3,1,1,4,4,3,4,2,1,2,1,4,4,1,1,4,2,1,3,1,4,2,2,1,3,1,1,1,3,4,4,2,4,3,3,2,3,4,4,2,2,3,1,3,1,1,3,1,1,1,1,1,1,1,1,1,1,1,1,1,1,1,1,1,1,1,1,1,1,1,2,1,2,1,1,1,2,1,1,2,2,2,1,1,2,1,1,1,1,1,1,2,2,1,1,1,1,1,1,1,1,1,1,2,2,1,1,2,2,1,1,4,2,2,1,2,2,2,2,2,2,1,2,3,3,3,4,3,3,2,2,2,2,2,7,1,2,3,4,5,5,1,1,3,3,3,3,2,3,1,1,3,5,1,2,1,3,2,2,1,1,1,1,1,2,1,2,2,2,2,2,1,2,2,2,2,3,2,3,2,4,1,1,5,5,1,2,3,3,2,2,2,3,3,3,5,6,4,5,1,3,4,4,7,7,3,3,3,3,1,1,2,5,3,3,3,3,2,2,1,3,2,2,4,4,1,2,1,1,1,3,4,4,2,3,3,3,1,3,3,3,3,3,4,5,2,6,1,1,1,1,1,3,4,4,1,1,2,2,1,1,2,3,1,3,1,1,4,4,1,1,3,3,4,4,1,3,1,1,1,1,2,2,1,1,1,1,1,3,2,2,2,2,2,2,2,4,1,1,1,3,2,3,4,4,4,4,2,3,2,3,3,4,2,3,2,2,1,2,4,4,1,3,1,1,3,3,2,2,3,3,2,2,3,3,1,2,1,2,2,5,1,1,4,4,1,2,1,4,2,3,3,6,3,3,1,1,4,4,3,4,2,3,1,1,2,2
"M145750",4,4,6,6,3,1,4,4,2,2,2,2,3,3,1,1,2,3,1,1,2,1,4,4,1,1,1,3,1,1,3,1,1,1,3,3,4,4,4,2,2,1,2,4,1,4,1,1,3,1,4,4,4,1,3,3,4,4,3,3,4,4,4,4,1,3,2,2,2,2,2,2,1,1,2,2,1,3,3,1,1,1,1,1,1,1,4,1,1,1,3,3,2,4,3,3,3,3,1,1,3,3,4,4,3,1,2,2,4,1,3,1,1,1,4,1,1,3,2,3,1,1,4,1,2,4,1,4,3,1,2,1,2,4,1,1,1,1,2,4,2,2,3,3,1,1,4,2,3,3,1,1,2,2,4,4,1,1,4,2,3,3,1,1,2,3,1,3,1,1,3,3,4,4,2,4,3,3,2,3,4,4,2,1,3,3,1,1,1,1,1,3,1,2,1,2,1,2,1,2,1,2,1,1,1,1,1,1,1,2,1,1,2,2,2,2,1,1,2,2,1,1,2,2,2,2,2,2,1,1,1,1,1,1,2,2,1,1,1,1,1,1,1,1,1,1,2,2,1,1,2,2,1,1,2,2,2,1,2,2,2,2,2,4,2,2,3,3,5,5,3,3,2,2,2,2,2,7,1,2,3,3,2,5,1,1,3,3,2,3,3,3,1,1,2,5,2,3,1,3,2,2,2,2,1,1,1,2,1,1,2,5,2,2,1,1,2,2,2,3,3,4,2,4,1,3,5,5,1,2,3,3,2,3,2,3,3,3,5,6,4,5,1,1,4,4,1,7,3,4,3,3,1,1,1,5,3,3,1,3,2,2,1,3,2,2,4,4,1,2,1,2,3,3,2,4,2,5,2,3,1,1,3,3,3,4,1,4,1,4,1,1,1,2,3,3,4,4,1,2,1,1,1,1,2,3,3,3,1,1,1,4,1,1,3,3,3,4,1,3,1,2,1,2,2,2,1,1,1,1,1,3,2,2,2,4,2,2,2,2,1,1,1,3,2,2,2,4,4,4,3,4,2,3,3,3,4,6,2,2,1,2,4,4,3,5,1,3,3,3,2,3,3,3,2,2,1,3,1,2,2,2,2,2,1,1,4,4,1,1,4,4,1,3,3,5,3,4,1,2,3,4,4,4,2,2,1,1,2,2
"M145751",4,4,6,6,3,3,4,4,2,1,2,2,3,3,1,1,2,2,1,4,2,1,4,4,1,1,1,3,1,1,1,1,0,0,3,1,4,4,4,2,2,1,2,4,4,4,4,1,1,1,4,4,4,1,3,3,3,4,3,3,2,4,3,3,1,3,2,1,2,1,2,2,4,1,2,2,1,3,3,3,4,1,0,0,1,3,1,1,2,1,3,3,2,4,3,3,3,3,1,1,3,1,3,4,3,3,2,2,1,1,3,1,1,1,4,1,1,1,2,3,1,1,4,1,2,2,1,4,1,1,2,2,4,4,1,1,1,3,4,4,2,1,1,3,3,3,4,2,3,3,1,1,2,1,4,4,2,1,4,2,3,3,1,4,2,3,1,1,1,1,3,3,4,4,2,4,3,3,3,3,4,4,2,2,3,3,1,1,1,3,1,3,1,2,1,2,1,2,1,2,1,2,1,2,1,1,1,1,1,1,1,1,1,1,1,1,1,1,1,1,1,1,1,1,1,1,1,1,1,1,1,1,1,1,2,2,1,1,1,1,1,1,1,1,1,2,1,2,1,3,3,2,1,1,4,2,2,1,2,2,2,2,1,2,2,2,3,3,5,5,3,3,2,2,2,2,1,7,2,2,3,3,2,5,1,1,3,3,2,3,2,3,5,5,5,5,2,3,1,3,2,2,2,2,1,1,1,1,1,2,2,5,2,2,1,1,2,2,1,2,3,3,4,4,3,3,5,5,1,1,3,3,2,3,2,2,3,3,5,5,4,4,1,3,4,4,1,7,3,3,3,3,1,2,1,1,3,3,3,3,2,2,3,3,2,2,3,4,2,2,1,1,1,1,4,4,2,5,2,4,1,1,3,3,1,3,4,5,2,2,1,1,1,1,3,3,3,4,2,2,1,3,1,3,3,3,3,3,1,1,1,4,1,1,3,5,3,3,1,1,1,3,1,2,2,2,1,1,1,1,1,2,2,2,2,3,2,2,1,3,1,2,1,3,2,2,2,4,4,4,3,3,2,2,3,3,4,4,1,2,2,2,4,6,3,5,3,3,3,3,2,2,1,3,2,3,1,3,1,2,2,2,2,2,1,1,4,4,1,1,4,4,3,3,3,5,4,5,1,2,3,4,4,4,2,3,1,1,2,2
"M145752",4,4,6,6,3,1,4,4,2,2,2,2,1,1,2,1,2,2,1,1,2,1,4,4,1,1,3,3,1,1,1,1,2,1,3,3,3,4,4,2,2,1,4,4,1,4,4,1,1,1,4,4,4,1,3,1,3,4,3,3,4,4,4,4,3,3,2,2,2,1,2,2,1,1,4,2,1,1,3,3,1,1,1,3,1,3,4,1,2,1,3,3,4,4,3,3,1,3,1,1,3,3,3,4,1,1,2,2,4,1,3,1,2,1,4,1,1,3,2,2,3,1,1,1,2,4,1,4,1,1,2,1,2,4,1,1,1,1,2,4,2,2,3,3,3,3,4,4,3,3,1,1,2,1,4,4,1,1,4,4,1,3,1,4,2,3,1,1,1,3,1,3,4,1,2,4,3,3,3,3,4,4,2,2,3,3,3,1,1,3,1,1,1,1,1,1,1,1,1,1,1,1,1,1,1,1,1,1,1,1,1,1,1,1,1,1,1,1,1,1,1,1,1,1,1,1,1,1,1,1,1,1,1,1,2,2,1,1,1,1,1,1,1,1,1,1,2,2,1,1,2,2,1,1,4,2,2,1,2,2,2,2,1,4,2,2,3,3,4,5,1,3,2,2,2,2,1,2,2,2,3,3,2,5,1,1,3,3,3,3,1,3,1,5,5,5,2,3,1,3,2,2,1,1,1,1,1,2,1,1,2,2,2,2,1,1,2,2,2,3,3,3,2,4,1,1,5,5,1,1,3,3,2,3,2,3,2,3,5,6,4,4,1,3,4,4,7,7,3,3,3,3,1,2,1,1,3,3,3,3,2,3,3,3,2,2,4,4,2,2,1,1,1,3,4,4,2,5,2,3,1,1,3,3,1,3,1,4,1,2,1,1,1,1,3,3,4,4,2,2,1,3,1,1,2,3,3,3,1,1,4,5,1,1,3,3,3,4,1,1,1,1,1,1,2,2,1,1,1,1,1,1,2,2,2,2,2,2,1,2,1,1,1,3,2,2,4,4,4,4,2,3,2,2,3,3,4,4,2,2,1,2,4,4,2,5,1,3,3,3,2,2,3,3,2,2,3,3,2,2,1,2,2,2,1,1,2,4,1,1,1,4,2,3,3,4,3,4,2,2,4,4,4,4,2,2,1,1,2,2
"M145753",4,4,7,6,3,3,4,4,2,1,2,2,3,3,2,1,2,2,1,1,2,1,4,4,1,4,1,3,3,1,1,1,2,2,3,3,4,4,4,4,2,1,2,4,1,4,4,1,3,3,2,4,4,1,3,1,3,3,3,3,2,4,3,4,3,3,2,1,2,1,2,2,1,1,4,2,1,3,3,3,1,1,1,3,1,3,4,1,2,1,3,3,4,4,3,3,3,3,1,1,3,1,3,4,3,3,2,2,4,1,3,3,1,1,4,4,1,1,2,2,3,1,1,1,2,4,1,1,3,1,2,2,4,4,1,1,1,3,2,4,2,2,3,3,3,1,4,2,3,3,2,1,1,1,4,4,1,1,2,2,3,3,1,1,2,2,1,1,1,1,3,3,4,1,2,4,3,3,2,3,4,4,1,1,3,3,3,3,1,3,1,1,1,1,1,1,1,1,1,1,1,1,1,1,1,1,1,1,1,2,1,2,1,1,1,1,1,1,1,1,1,1,1,2,1,1,1,1,1,1,1,1,1,1,2,2,1,1,1,1,1,1,1,1,1,1,2,2,1,1,2,2,1,1,2,2,1,1,2,2,2,2,1,2,2,2,3,3,3,5,3,3,2,2,2,2,1,1,1,2,3,3,2,2,1,1,3,3,2,2,2,3,1,1,5,5,2,3,1,3,2,2,2,2,1,1,2,2,1,1,2,5,2,2,1,1,2,2,2,2,3,4,2,4,1,3,5,5,1,2,3,4,2,3,2,3,3,3,6,6,4,5,1,3,4,4,7,7,3,3,3,3,1,1,1,1,3,3,3,3,2,2,3,3,2,2,4,4,2,2,1,1,1,3,4,4,4,5,2,4,1,1,3,3,1,3,1,2,1,4,1,2,1,1,3,5,4,4,2,2,1,3,1,1,3,3,3,3,1,1,1,4,1,1,3,3,3,3,1,1,1,1,1,2,2,2,1,1,1,1,1,1,2,2,2,2,2,2,1,2,1,1,1,1,2,3,4,4,4,4,3,3,2,2,3,3,3,4,2,2,2,2,4,4,1,5,1,3,3,3,2,4,3,3,2,3,3,3,2,2,1,2,2,2,1,3,4,4,1,1,1,4,3,3,3,3,4,5,2,3,3,4,3,4,2,2,1,1,2,2
"M145754",3,4,6,6,1,1,4,4,2,2,2,3,1,1,2,1,2,3,1,1,2,2,4,4,1,4,1,3,1,1,1,1,2,1,3,3,3,4,2,2,2,1,4,4,4,4,1,1,3,1,2,4,4,1,3,1,3,4,4,4,4,4,3,3,3,3,2,1,2,1,2,2,4,1,2,2,1,1,3,3,1,1,1,1,1,3,4,1,1,1,3,3,4,4,3,3,3,3,1,1,3,3,3,4,1,1,2,2,4,1,3,3,2,2,4,1,3,3,2,3,1,1,4,4,2,4,1,4,3,3,2,1,2,2,1,1,3,3,2,4,1,1,1,3,3,3,4,2,4,4,2,1,2,1,4,4,1,1,4,2,3,3,1,1,2,2,1,3,1,1,1,1,4,4,4,4,3,3,2,3,4,4,2,1,3,3,3,3,1,1,3,3,1,1,1,1,1,1,1,1,1,1,1,1,1,2,1,1,1,2,1,2,1,2,1,2,1,1,2,2,1,1,2,2,2,1,1,2,1,1,1,1,1,1,2,2,1,1,1,1,1,1,1,1,1,1,2,2,1,1,2,2,1,1,3,3,2,1,2,2,2,2,1,2,2,2,0,0,1,5,2,3,2,2,2,2,2,7,2,2,3,3,3,5,1,1,3,3,3,3,3,3,4,5,3,5,3,3,2,3,2,2,1,1,1,1,1,3,1,1,2,2,2,2,3,3,2,2,1,3,3,4,4,4,1,1,5,5,2,2,4,4,2,2,2,2,3,3,5,5,4,5,1,1,4,4,2,2,3,5,3,3,1,2,1,6,3,3,3,3,2,3,3,4,2,3,3,4,2,3,1,2,1,4,4,4,2,2,3,3,1,1,3,3,3,3,4,4,2,2,1,1,1,1,1,1,4,4,1,2,1,1,1,1,3,3,1,3,1,1,4,4,1,2,3,3,3,4,1,1,1,1,1,2,2,2,1,1,1,1,3,3,2,2,5,5,2,3,3,3,1,1,1,3,2,2,4,4,4,4,3,4,2,2,3,3,4,4,2,2,1,2,4,4,1,1,3,3,3,3,2,2,3,3,2,3,3,3,1,2,2,2,2,2,1,1,2,4,1,1,4,4,1,2,3,3,2,4,1,2,4,4,3,4,2,2,1,1,2,2
"M145755",4,4,7,6,0,0,4,1,2,1,2,3,1,3,1,1,2,2,1,4,2,2,4,4,1,1,1,3,1,1,3,3,2,1,3,3,0,0,2,2,1,1,2,4,4,4,1,1,1,1,2,4,4,1,3,3,3,4,3,3,4,4,4,4,3,3,2,2,2,2,2,2,4,1,4,2,1,3,3,1,1,1,1,1,1,3,4,1,2,1,3,3,4,4,1,3,3,3,3,1,3,3,4,4,3,1,2,2,1,1,3,3,1,1,4,1,3,3,2,3,1,1,4,1,2,2,1,4,3,1,2,2,2,4,1,1,1,3,4,4,2,2,3,3,1,1,4,2,3,3,1,1,2,2,4,4,1,1,4,2,1,3,1,1,2,2,1,3,1,1,3,3,4,4,2,4,3,3,2,3,4,4,1,1,3,3,1,1,1,1,1,1,1,1,1,1,1,1,1,1,1,1,2,2,1,1,1,1,1,1,1,1,1,1,1,1,1,1,1,1,1,1,1,1,1,1,1,1,1,1,1,1,1,1,2,2,1,1,1,1,1,1,1,1,1,1,2,2,1,1,2,2,1,1,4,2,2,2,2,2,2,2,2,4,2,2,3,4,5,5,3,3,2,2,2,2,1,1,2,2,3,3,2,5,1,1,3,3,2,3,1,3,1,1,5,5,2,3,1,3,2,2,2,2,1,1,1,2,1,1,2,5,2,2,1,1,2,2,2,3,3,3,4,4,1,3,5,5,1,2,3,3,2,3,2,2,3,3,5,6,4,5,1,1,4,4,7,7,3,4,3,3,1,1,1,5,3,3,3,4,2,2,1,3,1,2,4,4,2,2,2,2,3,3,4,4,2,5,2,3,1,3,3,3,3,4,1,4,2,4,1,1,1,2,3,5,4,4,2,2,1,1,1,1,2,3,3,3,1,1,4,5,1,1,3,3,3,4,3,3,1,1,1,2,2,2,1,1,1,1,1,3,2,2,2,4,2,2,2,2,1,1,1,3,2,2,4,4,4,4,2,4,2,3,3,3,4,6,2,2,2,2,4,4,3,5,1,3,3,3,2,3,3,3,2,2,3,3,1,2,2,2,2,2,1,1,2,4,1,1,4,4,1,3,3,4,3,3,2,2,3,4,3,4,2,2,1,1,2,2
"M145756",4,4,7,6,3,3,4,4,2,1,2,2,1,3,2,1,2,2,1,1,2,1,4,4,1,1,3,3,3,1,3,3,2,1,3,3,3,3,2,2,0,0,2,4,1,4,4,1,1,1,2,4,4,1,3,1,3,3,3,3,4,4,3,4,1,3,2,1,2,1,2,2,4,1,4,2,1,1,3,1,1,1,1,3,3,3,4,1,1,1,3,3,2,4,3,3,3,3,3,1,3,1,3,4,3,1,2,2,4,1,3,1,1,1,4,4,1,1,2,2,1,1,4,1,2,4,1,1,3,1,2,1,4,4,1,1,1,1,2,2,0,0,1,3,3,1,4,2,3,3,2,1,1,1,4,4,1,1,4,2,1,1,1,1,2,3,1,3,1,1,3,3,4,1,2,4,3,3,2,3,4,4,1,1,3,3,3,1,1,1,1,3,1,2,1,2,1,2,1,2,1,2,1,2,1,1,1,1,1,1,1,1,1,1,1,1,1,1,1,1,1,1,1,1,1,1,1,1,1,1,1,1,1,1,2,2,1,1,1,1,1,1,1,1,1,1,2,2,1,1,2,2,1,1,2,2,2,1,2,2,2,2,2,4,2,2,3,3,5,5,3,3,2,2,2,2,1,7,2,2,3,3,3,5,1,1,3,3,2,2,3,3,1,1,5,5,2,3,1,3,2,2,1,2,1,1,2,2,1,2,2,2,2,2,1,1,2,2,1,2,2,3,2,4,1,1,5,5,1,2,3,4,3,3,2,3,3,3,5,6,4,5,1,2,4,4,7,7,3,3,3,3,1,1,1,5,3,3,3,3,2,2,3,3,2,2,4,4,2,3,1,1,1,3,4,4,1,4,3,4,3,3,2,3,1,3,1,2,1,4,1,2,1,2,3,5,4,4,1,2,1,1,1,1,2,3,3,3,1,1,3,5,1,1,3,3,3,4,1,1,1,2,1,1,2,2,1,1,1,1,1,1,2,2,2,2,2,2,1,2,1,1,1,3,2,3,2,4,4,4,2,3,2,2,3,3,4,4,2,2,2,2,4,4,1,1,3,3,3,3,2,4,3,3,2,3,1,3,2,2,2,2,2,2,1,3,2,4,1,1,1,4,3,3,3,3,3,3,2,2,4,4,3,4,2,4,1,1,2,2
"M145757",4,4,7,6,3,3,4,4,2,1,2,2,3,3,1,1,3,3,1,1,2,2,4,4,1,1,1,3,3,3,3,1,1,1,3,1,3,4,2,2,1,1,2,4,4,4,4,1,3,3,2,4,1,1,3,3,4,4,3,3,4,4,4,4,3,3,2,1,2,2,2,2,4,1,4,2,1,3,3,3,1,1,3,3,1,3,4,4,2,1,3,3,4,4,3,3,3,3,1,1,3,1,4,4,3,3,2,2,4,1,3,3,1,1,4,1,1,3,2,2,1,1,4,1,2,4,1,4,3,1,2,1,4,4,1,1,1,3,2,2,2,2,3,3,3,3,4,2,3,3,1,1,2,2,4,4,1,1,4,4,1,1,1,1,2,2,1,3,1,1,3,3,4,4,2,4,3,3,3,3,4,4,2,2,3,3,3,1,1,1,1,1,1,1,1,1,1,1,1,1,1,1,2,2,1,1,1,1,1,2,1,2,2,2,2,2,1,1,2,2,1,1,2,2,2,2,2,2,1,1,1,1,1,1,2,2,1,1,1,1,1,1,1,1,1,1,2,2,1,1,2,2,1,1,2,2,2,2,2,2,2,2,1,4,2,2,3,3,5,5,3,3,2,2,2,2,2,7,2,2,3,3,2,5,1,1,3,3,2,3,3,3,1,5,3,5,2,3,1,3,2,2,1,2,1,1,1,2,1,1,2,2,2,2,1,1,2,2,2,3,3,3,4,4,1,1,5,5,1,1,3,3,2,2,2,3,3,3,5,5,4,4,1,3,4,4,7,7,3,3,3,3,1,1,1,5,3,3,3,3,2,2,3,4,2,3,4,4,2,3,2,2,1,3,4,4,2,5,2,3,1,3,3,3,1,3,2,4,1,4,1,2,1,1,3,3,4,4,1,1,1,1,1,1,1,3,3,3,1,1,3,5,1,2,3,5,3,3,1,1,1,1,1,1,2,2,1,1,1,1,1,1,2,2,2,5,2,2,2,4,1,1,3,3,2,2,4,4,4,4,2,3,2,2,3,3,4,4,2,2,2,2,4,4,3,5,3,3,3,3,2,2,3,3,2,3,3,3,1,2,1,2,2,2,1,1,4,4,1,1,4,4,2,3,3,5,3,4,1,2,3,4,3,4,2,2,1,1,2,2
"M145758",4,4,6,6,3,1,4,1,2,2,2,3,1,3,1,1,2,2,1,4,2,1,4,4,1,1,1,1,1,1,3,1,2,1,1,1,3,3,2,2,2,1,2,4,1,4,4,1,0,0,2,4,1,1,3,3,4,4,3,3,4,4,3,4,3,3,2,2,2,1,2,2,1,1,4,2,3,3,3,1,1,1,1,1,1,1,4,4,1,1,3,3,4,4,0,0,3,3,3,1,3,1,4,4,3,3,2,2,4,1,3,3,1,1,4,1,3,3,2,3,1,1,4,1,2,2,1,4,3,1,1,1,2,2,1,1,3,3,2,4,2,2,3,3,1,1,4,4,3,3,2,1,2,2,4,4,1,1,4,4,3,3,1,1,2,2,1,3,1,1,3,3,4,4,2,4,3,3,2,3,4,4,2,1,3,3,3,1,1,3,1,1,1,1,1,1,1,1,1,1,1,1,2,2,1,1,1,1,1,1,1,1,1,2,1,2,1,1,1,2,1,1,1,2,2,1,1,2,1,1,1,1,1,1,2,2,1,1,1,1,1,1,1,1,1,1,2,2,1,1,2,2,1,1,2,2,2,1,2,2,2,2,2,2,2,2,3,4,5,5,3,3,2,2,2,2,1,1,2,2,3,3,2,5,1,1,3,3,3,3,1,3,1,5,5,5,2,3,1,1,2,2,1,1,1,1,1,1,1,1,2,3,2,2,1,1,2,2,2,3,3,4,4,4,1,1,5,5,1,1,1,3,2,3,2,2,3,3,5,6,4,4,1,2,4,4,7,7,3,3,3,3,1,1,1,1,3,3,3,4,2,2,1,3,1,2,4,4,2,2,1,2,3,3,4,4,2,5,3,3,1,3,2,3,1,3,4,4,1,4,1,1,1,2,3,5,4,4,1,2,1,1,1,1,3,3,3,3,1,1,1,4,1,1,3,3,4,4,1,3,1,1,1,2,2,2,1,1,1,1,1,3,2,2,2,5,2,2,2,2,1,1,1,1,2,2,4,4,4,4,3,4,2,2,3,3,4,6,2,2,2,2,4,5,1,3,1,3,3,3,3,3,3,3,2,3,3,3,1,2,2,2,2,5,1,1,4,4,1,1,1,4,1,3,3,4,3,4,1,2,4,4,4,4,2,2,1,1,2,2
"M145759",4,4,7,6,3,1,4,1,2,2,2,3,1,1,2,1,3,3,1,4,2,2,4,4,1,1,1,3,3,3,3,1,1,1,3,1,3,3,2,2,2,1,2,2,4,4,4,1,3,1,2,4,4,4,3,3,3,4,3,3,2,4,4,4,3,3,2,1,2,2,2,2,1,1,2,2,1,3,3,3,4,1,1,1,3,3,4,1,2,1,3,3,4,4,1,3,3,3,1,1,3,1,4,4,3,3,2,2,4,1,3,3,2,1,1,1,3,3,2,2,1,1,4,1,2,4,4,4,3,3,2,1,2,4,1,1,1,1,2,4,2,1,3,3,3,1,4,2,3,4,1,1,2,2,4,4,1,1,2,2,1,3,1,1,2,2,1,3,1,1,1,3,4,4,4,4,3,3,3,3,4,4,2,1,3,1,1,1,3,3,1,1,1,1,1,1,1,1,1,2,1,1,1,1,1,1,1,1,1,1,1,1,1,2,1,2,1,1,1,2,1,1,1,2,2,1,1,2,1,1,1,1,1,1,2,2,1,1,1,1,1,1,1,1,1,1,2,2,1,1,2,2,1,1,4,2,2,2,2,2,2,2,2,2,2,2,3,3,3,5,3,3,2,2,2,2,2,7,1,1,4,4,1,5,1,1,3,3,3,3,2,3,1,1,3,5,2,3,1,3,2,2,1,2,1,1,2,4,1,1,2,2,2,2,1,2,2,2,2,3,3,3,2,4,1,1,5,5,1,2,3,4,2,2,2,3,3,3,5,6,4,4,2,2,4,4,7,7,3,3,3,3,1,1,5,5,3,3,3,3,2,2,1,3,2,2,4,4,1,2,1,2,1,3,4,4,2,3,3,3,3,3,2,3,3,3,2,5,2,4,1,2,1,1,1,1,4,4,2,2,2,2,1,1,2,2,1,3,1,1,4,4,1,1,3,3,3,4,1,3,1,1,2,2,2,2,1,1,1,1,1,3,2,2,2,2,2,2,2,4,1,1,1,1,2,3,4,4,4,4,2,3,2,3,3,4,2,3,2,2,1,2,4,4,3,3,1,1,3,3,2,3,3,3,2,2,3,3,1,2,1,1,2,5,1,1,4,4,1,2,3,4,3,3,5,6,3,4,1,1,4,4,4,4,2,3,1,1,2,2
"M145760",4,4,6,6,3,1,4,1,2,1,2,3,1,3,1,1,0,0,1,4,2,1,4,4,1,1,1,3,3,1,3,1,2,1,1,1,3,4,4,2,2,1,2,4,1,4,1,1,3,3,2,4,1,1,3,3,3,4,3,3,4,4,4,4,3,3,2,2,2,1,2,2,4,1,2,2,1,1,3,1,1,1,1,1,1,1,4,1,1,1,3,3,4,4,3,3,3,3,3,1,3,1,3,4,1,1,2,2,1,1,3,1,2,1,4,1,1,1,2,3,1,1,4,1,2,2,1,4,3,1,2,1,4,4,1,1,3,3,2,2,2,2,3,3,1,1,4,2,3,3,2,1,2,1,4,4,1,1,4,4,3,3,1,1,2,2,1,3,1,1,3,3,4,4,2,4,3,3,2,3,4,4,2,1,3,3,3,1,1,1,1,1,1,1,1,1,1,1,1,1,1,1,2,2,1,1,1,1,1,2,0,0,2,2,2,2,1,1,2,2,1,1,2,2,2,2,2,2,1,1,1,1,1,1,2,2,1,1,1,1,1,1,1,1,1,1,2,2,1,1,2,2,1,1,2,2,0,0,2,2,2,2,4,4,2,2,3,4,5,5,3,3,2,2,2,2,1,1,2,2,3,3,2,2,1,1,3,3,2,3,3,3,1,1,5,5,2,3,1,3,2,2,2,2,1,1,1,1,1,1,2,5,2,2,1,1,2,2,2,2,3,4,2,4,1,3,5,5,1,1,3,3,2,3,2,2,3,3,5,6,4,4,1,1,4,4,7,7,3,3,3,3,1,2,1,5,3,3,1,3,2,2,1,3,1,2,4,4,1,2,1,2,3,3,4,4,2,5,3,3,1,1,2,3,1,4,4,4,2,4,1,1,1,2,0,0,4,4,1,1,1,1,1,1,3,3,3,3,1,1,4,5,1,1,3,3,3,4,1,1,1,1,1,2,2,2,1,1,1,1,1,3,2,2,2,5,2,2,1,2,1,1,1,1,2,2,4,4,4,4,2,4,3,3,3,3,4,4,2,2,2,2,4,4,1,3,1,3,3,3,2,3,3,3,2,2,3,3,1,2,2,2,2,2,1,1,2,4,1,1,1,1,1,3,3,5,3,4,1,1,3,4,4,4,2,2,1,1,2,2
"M145761",4,4,7,6,3,1,4,1,2,1,0,0,1,3,1,1,3,3,1,1,2,2,4,4,1,1,1,1,1,1,1,1,2,1,3,3,3,4,4,2,2,2,2,2,4,4,1,1,3,1,4,4,4,1,3,3,3,4,3,3,2,4,3,4,1,3,2,1,2,2,2,2,1,1,2,2,1,3,1,1,4,1,1,1,3,3,4,4,1,1,1,3,2,4,3,3,1,3,3,1,3,1,4,4,3,3,0,0,0,0,1,1,2,2,1,1,3,3,2,2,1,1,4,1,4,4,1,4,3,1,1,1,4,4,1,1,1,3,2,2,2,1,1,1,1,1,4,4,3,3,2,1,2,1,4,4,1,1,4,4,1,3,1,1,2,3,1,1,1,1,1,3,4,4,2,4,3,3,3,3,4,4,1,1,1,1,3,3,1,1,1,1,1,2,1,2,1,2,1,2,1,2,1,1,1,1,1,1,2,2,2,2,1,2,1,2,1,1,1,2,1,1,2,2,2,1,1,2,1,1,1,1,1,1,2,2,1,1,1,1,1,1,1,1,1,1,2,2,1,1,2,2,1,1,2,2,2,1,2,2,2,2,1,3,2,2,3,3,3,5,1,3,2,2,2,2,1,1,1,1,3,3,2,5,1,1,3,3,3,3,3,3,1,1,2,5,2,3,3,3,2,2,1,2,1,1,1,2,1,2,2,5,2,2,1,3,2,2,3,3,3,3,4,4,1,1,5,5,1,2,1,3,2,3,2,2,3,3,5,5,4,4,3,3,4,4,1,7,2,3,3,3,1,2,4,4,3,3,3,3,3,3,3,3,2,3,3,4,2,2,1,2,1,3,2,4,2,4,1,3,1,1,3,3,2,3,2,4,4,6,1,2,2,2,1,1,4,4,2,2,1,3,1,3,3,3,3,3,1,1,1,4,1,2,3,3,3,3,1,1,1,2,1,1,2,3,1,1,1,1,3,3,1,2,3,5,2,2,3,4,1,1,1,1,2,3,2,4,4,4,3,3,2,2,3,3,3,4,2,2,1,2,4,5,1,3,3,3,2,3,2,2,1,3,2,3,1,3,1,1,1,2,2,2,1,1,4,4,1,1,1,1,2,2,5,5,4,4,1,2,4,4,4,4,2,2,1,1,2,2
"M145762",4,4,6,6,3,1,4,4,2,2,2,2,1,1,2,1,2,2,1,1,2,1,4,4,1,1,1,3,3,1,1,1,1,1,3,3,3,4,4,2,2,1,4,4,1,4,1,1,3,3,4,4,4,1,3,3,3,4,3,4,4,4,4,4,3,3,2,2,2,1,2,2,4,1,4,2,1,1,3,3,4,1,1,3,3,3,4,1,2,1,3,3,4,4,3,3,3,3,3,1,3,1,4,4,3,1,2,2,1,1,3,1,1,1,4,1,3,3,2,2,1,1,4,1,2,2,1,4,1,1,2,1,2,2,1,1,3,3,2,4,2,2,3,3,1,1,2,2,3,4,1,1,2,2,4,4,2,2,4,2,1,3,1,1,2,2,1,3,1,1,3,3,4,4,2,2,3,3,2,3,4,4,2,1,3,1,1,1,1,3,1,1,1,1,1,1,1,1,1,1,1,1,1,2,1,1,1,1,1,2,1,2,1,2,1,2,1,1,1,2,1,1,2,2,2,1,1,2,1,1,1,1,1,1,2,2,1,1,1,1,1,1,1,1,1,1,2,2,1,1,2,2,1,1,2,2,1,1,2,2,2,2,2,4,2,2,3,3,3,5,3,3,2,2,2,2,1,7,2,2,3,3,2,5,1,1,3,3,3,3,3,3,1,1,3,5,1,2,1,1,2,2,1,1,1,1,2,4,1,1,2,2,2,2,1,2,2,2,1,2,2,3,4,4,1,1,5,5,1,1,1,3,2,3,2,2,3,3,5,5,4,4,1,2,4,4,7,7,3,3,3,3,1,1,5,5,3,3,3,3,2,2,1,3,2,2,3,4,1,2,2,2,1,1,4,4,1,2,3,3,1,1,2,3,3,3,4,4,2,6,1,1,1,1,3,3,4,4,2,2,1,2,1,1,2,3,3,3,1,1,1,4,1,1,3,3,4,4,1,1,1,1,1,2,2,2,1,1,1,1,1,3,2,2,2,2,2,2,2,2,1,2,1,3,2,2,4,4,4,4,2,3,2,3,3,3,3,4,2,2,1,2,4,4,1,3,1,3,3,3,2,3,3,3,2,2,3,3,2,2,2,2,2,2,1,1,2,2,1,1,4,4,3,3,1,3,3,4,1,2,4,4,3,4,2,2,1,1,2,2
"M145763",4,4,7,6,3,1,4,4,2,2,2,2,1,1,1,1,2,2,1,4,2,2,4,4,1,1,1,3,1,1,3,1,1,1,3,1,3,4,2,2,2,1,2,4,1,4,0,0,3,1,2,4,1,1,3,1,4,4,3,3,4,4,3,4,1,3,2,2,2,1,2,2,4,1,0,0,1,1,3,1,1,1,1,3,1,3,4,1,2,1,3,3,2,4,3,3,3,3,1,1,3,1,3,4,3,1,2,2,1,1,3,3,2,1,4,1,3,3,2,3,1,1,4,1,2,4,1,4,3,1,2,1,4,4,1,1,1,3,2,4,2,1,3,3,1,1,4,4,3,3,2,1,2,2,4,4,1,1,4,2,3,3,1,1,2,3,1,3,1,1,3,3,4,4,2,4,3,3,3,3,4,4,2,2,3,3,1,1,1,3,1,1,1,2,1,2,1,2,1,2,1,2,1,1,1,1,1,1,1,2,1,1,1,2,1,2,1,1,1,2,1,1,1,2,2,1,1,2,1,1,1,1,1,1,2,2,1,1,1,1,1,1,1,1,1,1,2,2,1,1,2,2,1,1,4,2,2,1,2,2,2,2,2,2,2,2,3,4,5,5,3,3,2,2,2,2,1,7,1,2,3,3,2,5,1,1,3,3,2,3,3,3,1,1,2,5,2,3,1,1,2,2,1,2,1,1,1,2,1,1,2,3,2,2,1,1,2,2,2,3,3,3,4,4,1,1,5,5,1,2,1,3,3,3,2,3,3,3,5,5,4,4,1,2,4,4,1,7,3,3,3,3,1,1,1,5,3,3,3,4,2,2,1,3,1,2,4,4,2,2,1,2,1,3,2,4,1,2,2,3,1,3,2,3,1,4,1,4,1,4,1,1,1,2,3,3,4,4,1,2,1,1,1,1,3,3,3,3,1,1,4,5,1,1,3,3,3,4,1,3,1,2,1,2,2,2,1,1,1,1,1,3,2,2,2,4,2,2,2,2,1,1,1,3,2,2,2,4,4,4,3,4,2,3,3,3,4,6,2,2,1,2,4,5,3,5,1,3,3,3,3,3,3,3,2,3,1,3,1,2,2,2,2,5,1,1,2,4,1,1,4,4,1,3,3,4,3,4,2,2,4,4,3,4,2,2,1,1,2,2
"M145764",4,4,7,6,3,1,4,4,2,2,2,3,1,3,2,1,2,2,1,4,2,1,4,4,1,1,1,1,3,1,3,3,1,1,3,1,3,3,2,2,2,1,2,2,4,4,4,1,1,1,2,4,4,1,3,3,4,4,3,3,4,4,4,4,1,3,2,2,2,2,2,1,1,1,2,2,3,3,3,1,1,1,1,1,1,3,4,1,1,1,3,3,2,4,3,3,1,3,3,1,3,1,3,3,3,1,2,2,4,4,3,3,2,2,4,1,1,3,2,2,1,1,0,0,4,4,1,4,3,1,2,2,2,2,1,1,1,3,2,4,2,1,3,3,1,1,4,4,3,4,2,1,1,1,4,4,1,1,4,2,3,3,1,1,2,3,1,3,1,1,3,3,4,4,4,4,3,3,2,3,4,4,1,1,3,1,1,1,1,1,1,1,1,2,1,2,1,2,1,2,1,2,1,2,1,1,1,1,1,1,1,1,1,1,1,1,1,1,1,1,1,1,1,1,1,1,1,1,1,1,1,1,1,1,2,2,1,1,1,1,1,1,1,1,1,1,2,2,1,1,2,2,1,1,4,4,2,2,2,2,2,2,2,2,2,2,3,4,5,5,1,3,2,2,2,2,1,7,1,1,3,3,2,5,1,1,3,3,3,3,1,3,1,1,2,5,2,3,1,3,2,2,1,2,1,1,1,2,1,1,2,3,2,2,1,1,2,2,2,3,3,3,4,4,1,1,5,5,1,2,1,4,2,3,3,6,3,3,5,5,4,5,2,2,4,4,1,1,3,4,3,3,1,1,1,2,3,3,3,4,2,2,1,3,1,2,3,4,2,2,1,2,3,3,2,4,2,2,3,3,1,3,3,3,3,3,4,4,4,6,1,1,1,2,3,3,4,4,1,2,1,1,1,1,2,3,3,3,1,1,4,4,1,1,3,3,4,4,1,3,1,2,1,2,2,2,1,1,1,1,3,3,2,2,2,5,2,2,2,4,1,1,1,1,2,3,2,4,4,4,3,4,2,2,3,3,2,6,2,2,1,1,4,5,1,3,1,1,2,3,2,3,3,3,2,2,1,3,1,2,1,2,2,5,1,1,4,4,1,2,3,4,1,3,3,4,3,3,1,2,4,4,3,4,2,3,1,1,2,2
"M145765",4,4,6,6,3,1,4,1,2,2,2,3,1,1,2,2,2,3,1,1,2,2,4,4,1,4,3,3,3,1,3,3,2,1,1,1,3,4,2,2,1,1,4,4,4,4,1,1,1,1,2,2,4,4,3,1,3,4,4,4,2,4,4,4,3,3,2,2,2,2,2,1,1,1,4,2,1,1,3,3,4,1,1,1,3,3,4,1,2,1,3,3,4,4,3,3,3,3,1,1,3,1,3,4,3,1,2,2,4,4,3,1,1,1,4,1,1,1,2,2,3,1,1,1,4,4,1,4,3,3,2,2,2,2,1,1,1,3,2,2,2,1,1,3,3,3,4,2,3,3,2,1,2,2,4,4,1,1,4,4,1,3,1,4,2,2,1,1,1,1,1,3,4,1,4,4,3,3,3,3,2,4,2,1,3,1,3,1,1,3,1,3,1,1,1,1,1,1,1,1,1,1,1,1,1,1,1,1,1,2,1,1,1,1,1,1,1,1,1,1,1,1,1,1,1,1,1,1,1,1,1,1,1,1,2,2,1,1,1,1,1,1,1,1,1,1,2,2,1,1,2,2,1,1,4,2,2,1,2,2,2,2,2,4,2,2,3,3,4,5,3,3,2,2,2,3,1,1,1,2,3,3,2,5,1,1,3,3,3,3,2,2,1,5,5,5,2,3,3,3,2,2,1,2,1,1,1,4,1,2,2,2,2,2,1,1,2,2,2,2,2,3,4,4,1,1,5,5,1,2,3,3,2,3,2,2,2,3,6,6,4,4,2,3,4,4,7,7,3,3,3,3,1,1,1,1,3,3,3,3,2,3,3,3,2,2,3,4,3,3,2,2,1,3,4,4,2,4,3,4,3,3,3,3,3,3,5,5,2,6,1,1,2,2,1,1,4,4,2,2,3,3,1,3,2,2,3,3,1,1,4,5,2,2,3,3,3,4,3,3,1,1,2,2,2,2,1,1,1,1,3,4,2,2,2,2,2,2,2,3,1,1,1,1,2,3,4,4,4,4,3,4,2,2,3,3,4,4,1,2,2,2,4,4,1,1,3,3,2,3,2,3,3,3,2,3,3,3,2,2,2,2,2,2,1,3,4,4,1,2,1,4,2,3,5,5,3,3,1,2,3,3,3,4,2,2,1,1,2,2
"M145766",3,4,7,6,3,1,4,4,2,1,0,0,3,3,2,1,3,3,1,1,2,2,4,4,1,4,1,3,3,1,1,1,1,1,3,3,3,4,4,2,1,1,4,4,1,4,4,1,0,0,4,4,4,1,1,1,4,4,3,4,2,4,4,4,0,0,2,2,2,2,1,1,1,1,4,2,1,1,3,3,4,1,0,0,1,3,4,1,1,1,3,3,4,4,1,3,1,3,1,1,3,3,3,3,3,1,2,2,4,4,1,1,2,1,4,1,1,1,3,3,3,1,4,1,2,2,4,4,3,3,2,2,2,2,1,1,1,3,2,4,1,1,3,3,3,1,4,4,3,3,1,1,2,1,4,4,1,1,4,4,3,3,1,4,2,3,1,3,1,1,1,3,4,4,2,4,3,3,2,3,2,4,2,2,3,3,3,1,1,3,1,1,1,1,1,1,1,1,1,2,1,1,1,2,1,1,1,1,2,2,1,2,1,2,1,2,1,1,1,2,1,1,1,2,2,1,1,2,1,1,1,1,1,1,2,2,1,1,1,1,1,1,1,1,1,1,2,2,1,1,2,2,1,1,2,2,1,1,2,2,2,2,2,4,2,2,3,3,3,4,3,3,2,2,2,3,1,7,2,2,3,4,2,5,1,1,3,3,3,3,2,3,1,1,3,3,2,3,1,3,2,2,1,2,1,3,1,1,1,1,2,2,2,2,1,1,2,2,2,3,2,2,2,4,1,1,5,5,1,1,3,3,2,3,3,3,3,3,5,5,4,4,2,3,4,4,2,7,3,3,3,3,1,1,1,1,3,3,3,3,2,3,3,4,2,3,3,4,1,3,2,2,3,3,4,4,2,2,3,3,1,1,2,3,3,3,4,5,2,4,1,1,1,2,1,1,4,4,1,2,1,3,1,3,2,2,3,3,1,1,5,5,1,1,3,3,3,4,3,3,1,1,1,2,2,2,1,1,1,1,1,4,2,2,2,2,2,2,3,4,1,1,1,3,2,2,4,4,4,4,3,4,2,2,3,3,4,4,1,2,1,1,4,4,1,1,1,3,2,3,2,2,3,3,2,3,3,3,1,1,2,2,2,2,1,1,4,4,1,2,3,4,1,3,5,5,4,4,2,2,4,4,2,4,2,2,1,1,2,2
"M145767",3,4,7,6,3,1,4,4,2,1,2,3,1,3,2,2,2,2,1,4,2,2,4,4,1,4,3,3,3,1,3,3,2,1,3,3,3,3,2,2,2,1,2,4,4,4,1,1,0,0,2,4,4,1,3,3,3,4,3,3,4,4,3,4,3,3,2,2,2,2,2,1,1,1,4,2,1,1,3,1,4,1,1,1,1,3,4,1,1,1,1,3,4,4,3,3,1,1,1,1,3,3,3,3,3,1,2,2,1,1,3,1,2,1,1,1,0,0,2,3,3,1,4,4,4,4,1,4,3,1,2,1,4,4,1,1,1,3,2,4,1,1,3,3,3,3,4,4,3,3,2,1,2,1,4,4,1,1,4,4,1,3,1,4,2,2,1,3,1,3,3,3,4,4,4,4,3,3,3,3,2,4,2,1,3,3,3,1,3,3,3,3,1,1,1,1,1,1,1,1,1,1,1,1,1,1,1,1,2,2,1,1,1,1,1,1,1,1,1,1,1,1,1,1,1,1,1,1,1,1,1,1,1,1,2,2,1,1,1,1,1,1,1,1,1,1,2,2,1,1,2,2,1,1,3,3,2,2,2,2,2,2,4,4,2,2,3,3,4,5,3,3,2,2,2,2,1,2,2,2,3,3,2,5,1,1,3,3,1,3,2,2,5,5,2,5,3,3,3,3,2,2,2,2,1,3,1,4,1,2,2,2,2,2,1,1,2,2,2,2,2,2,2,4,1,1,5,5,1,1,3,3,3,3,3,3,3,3,5,5,4,4,1,1,3,3,7,7,3,3,3,3,1,2,1,4,3,3,3,3,0,0,2,3,2,3,3,4,1,2,2,2,1,3,4,4,2,2,3,3,1,1,3,3,1,3,2,4,1,1,2,2,2,2,1,3,4,4,1,2,5,5,1,1,2,3,3,3,1,1,3,4,1,1,3,3,3,3,1,1,1,1,1,2,2,2,1,1,1,1,1,1,2,2,2,2,2,2,2,4,1,1,1,1,2,2,4,4,4,4,3,3,0,0,3,3,4,4,2,2,1,2,4,4,1,1,3,3,3,3,2,3,3,3,2,2,3,3,1,1,1,1,2,2,1,1,2,2,1,2,3,3,1,3,5,6,4,4,1,1,4,4,2,4,2,2,1,1,2,2
"M145768",4,4,6,6,3,1,4,1,2,2,3,3,1,3,2,1,2,2,1,1,2,2,4,4,1,1,1,1,3,1,3,1,1,1,3,1,3,4,2,2,2,1,2,2,4,4,4,1,3,1,2,4,1,1,3,3,4,4,3,3,4,4,4,4,3,3,2,1,2,2,2,2,1,1,2,2,3,3,3,1,1,1,1,1,1,3,4,1,1,1,3,3,4,4,3,3,1,3,3,1,3,3,3,3,3,1,2,2,4,1,3,1,2,1,4,1,1,3,2,2,1,1,4,1,2,4,1,4,3,3,1,1,2,2,1,1,1,3,2,4,1,1,3,3,3,1,4,4,3,4,1,1,2,1,4,4,1,1,4,2,3,3,1,1,2,2,1,3,1,1,3,3,4,4,4,4,3,3,3,3,4,4,2,2,3,1,3,1,1,3,1,3,1,1,1,1,1,1,1,1,1,1,1,1,1,1,1,1,1,1,1,1,1,1,1,1,1,1,1,1,1,1,1,1,1,1,1,1,1,1,1,1,1,1,2,2,1,1,1,1,1,1,1,1,1,1,2,2,1,1,2,2,1,1,4,2,2,1,2,2,2,2,2,4,2,2,3,3,5,5,1,3,2,2,2,2,1,7,1,2,3,3,2,5,1,1,3,3,3,3,1,3,1,1,5,5,2,3,3,3,2,2,1,2,1,1,1,1,1,1,2,2,2,2,1,1,2,2,2,3,3,3,2,4,1,1,5,5,1,2,3,4,2,3,2,6,3,3,5,5,4,4,1,2,4,4,7,7,3,3,3,3,1,2,1,1,3,3,3,4,2,2,1,3,2,2,3,4,2,2,1,1,3,3,4,4,2,2,3,3,1,3,3,3,3,3,4,5,2,4,1,1,1,2,3,5,4,4,1,2,1,1,1,1,2,3,3,3,1,1,4,4,1,1,3,3,4,4,1,1,1,1,2,2,2,2,1,1,1,1,3,3,2,2,2,4,2,2,2,4,1,1,1,1,2,3,4,4,4,4,3,4,2,2,3,3,3,4,2,2,1,2,4,4,1,3,1,1,2,3,3,4,3,3,2,2,3,3,1,1,1,2,2,5,1,1,4,4,1,1,4,4,1,2,3,5,3,5,1,2,4,4,3,4,2,3,1,1,2,2
"M145769",4,4,6,6,3,3,4,1,0,0,2,3,1,3,1,1,2,3,1,4,2,2,4,4,1,1,1,3,3,1,1,1,0,0,0,0,0,0,4,2,0,0,2,4,1,4,0,0,3,3,0,0,0,0,3,3,0,0,3,3,2,2,0,0,3,3,2,1,0,0,2,2,1,1,2,2,1,1,3,1,1,1,1,1,1,3,4,1,2,1,3,3,4,4,3,3,1,3,3,1,3,1,3,4,3,3,2,2,4,1,3,3,2,1,4,1,1,3,3,3,3,1,4,1,4,4,4,4,3,3,1,1,0,0,1,1,1,1,2,4,2,1,1,3,1,1,4,2,3,4,1,1,2,2,4,4,2,1,0,0,1,3,1,4,2,2,1,1,1,1,1,3,4,4,2,4,3,3,2,3,4,4,1,1,3,3,3,1,1,1,0,0,1,1,1,1,1,1,1,1,1,1,1,2,1,1,1,1,2,2,1,2,1,1,1,1,1,1,1,1,1,1,1,2,1,1,1,1,1,1,1,1,1,1,2,2,1,1,1,1,1,1,1,1,1,1,2,2,1,1,2,2,1,1,4,2,2,2,2,2,2,2,2,4,2,2,3,3,4,5,3,3,2,2,2,3,1,2,1,2,3,3,2,5,1,1,3,3,3,3,1,1,1,5,5,5,2,3,3,3,2,2,1,2,1,1,1,2,1,2,2,2,2,3,1,2,2,2,2,3,3,3,3,4,1,3,5,5,1,1,1,1,2,3,2,3,3,3,5,6,4,4,1,3,3,4,7,7,3,3,3,3,1,1,5,5,1,3,3,3,2,3,3,3,1,2,4,4,1,2,1,2,1,3,4,4,2,4,3,3,1,3,3,3,3,3,4,4,6,6,1,1,1,1,3,5,4,4,2,2,1,3,1,1,2,3,3,3,1,1,1,3,1,1,3,3,1,1,1,1,1,1,1,2,2,2,1,1,1,1,1,3,2,2,2,2,2,2,2,3,1,1,1,1,2,3,4,4,4,4,3,3,2,3,3,4,4,4,2,2,2,2,4,4,3,3,1,3,3,3,3,4,1,3,2,3,3,3,1,2,1,2,2,5,1,1,2,4,1,1,1,4,1,3,1,6,3,4,2,3,4,4,3,4,2,2,1,1,2,2
"M145770",4,4,7,6,3,3,4,4,2,2,2,2,1,3,2,1,2,2,1,1,2,1,4,4,1,1,1,3,3,1,1,1,1,1,3,1,3,3,4,4,2,2,2,4,4,4,1,1,1,1,4,4,4,1,3,1,3,4,3,3,2,4,3,4,3,3,2,1,2,2,2,2,4,1,4,2,1,1,3,3,1,1,0,0,3,3,4,1,1,1,1,3,4,4,3,3,3,3,3,1,3,1,3,4,3,3,2,2,4,1,3,1,1,1,4,4,3,3,2,2,3,1,4,1,2,4,1,1,3,1,1,1,4,4,1,1,1,1,4,4,2,2,3,3,3,1,4,4,3,3,2,1,1,1,4,4,1,1,4,2,3,3,1,1,2,2,1,3,1,1,1,3,4,4,2,4,3,3,2,2,4,4,1,1,3,1,3,3,1,3,1,1,1,1,1,1,1,1,1,1,1,1,1,2,1,1,1,1,1,1,1,1,1,2,1,2,1,1,1,2,1,1,1,2,2,1,1,2,1,1,1,1,1,1,2,2,1,1,1,1,1,1,1,1,1,1,2,2,1,1,2,2,1,1,2,2,1,1,2,2,2,2,1,2,2,2,3,3,5,5,3,3,2,2,2,2,7,7,2,2,3,3,2,5,1,1,3,3,2,3,3,3,1,5,5,5,2,3,1,3,2,2,1,2,1,1,1,2,1,2,2,5,2,2,1,1,2,2,1,2,3,4,4,4,1,3,5,5,2,2,3,4,3,3,2,2,3,3,5,5,4,5,1,2,4,4,7,7,3,3,3,3,1,1,1,5,3,3,3,3,2,2,3,3,2,2,4,4,2,3,1,1,1,3,4,4,1,2,3,3,1,3,2,3,1,3,2,4,2,4,1,2,1,2,3,5,4,4,2,2,1,3,1,1,2,3,3,3,1,1,1,4,1,1,3,3,3,4,1,1,1,1,1,2,2,2,1,1,1,1,1,1,2,2,2,2,2,2,1,2,1,1,1,3,2,3,4,4,4,4,3,3,2,2,3,3,3,4,2,2,2,2,4,4,1,3,1,3,3,4,3,4,3,3,2,3,3,3,2,2,1,2,2,2,1,1,2,4,1,1,1,4,2,3,3,5,4,5,2,3,3,4,3,4,2,4,1,1,2,2
"M145771",4,4,7,6,3,3,4,4,2,1,2,2,1,1,2,1,2,2,1,4,2,1,4,4,1,4,1,1,1,1,1,1,2,2,3,1,3,3,4,2,1,1,4,4,1,4,4,1,0,0,2,4,4,1,3,1,3,3,3,3,4,4,3,4,1,3,2,2,2,2,2,1,1,1,0,0,1,3,3,3,1,1,1,3,3,3,1,1,1,1,3,3,2,4,3,3,1,3,3,1,3,3,4,4,3,3,2,2,4,1,3,3,1,1,4,1,1,1,2,2,3,1,1,1,2,4,1,4,1,1,2,1,4,4,1,1,1,3,4,4,2,2,3,3,3,1,4,4,3,3,2,1,2,1,4,4,1,1,4,4,3,3,1,1,2,3,1,3,1,1,3,3,4,1,2,4,3,3,2,3,4,4,2,2,3,3,3,3,1,3,1,3,1,2,1,2,1,2,1,2,1,2,1,2,1,1,1,1,1,2,1,1,1,1,1,1,1,1,1,1,1,1,1,1,1,1,1,1,1,1,1,1,1,1,2,2,1,1,1,1,1,1,1,1,1,1,2,2,1,1,2,2,1,1,2,2,2,1,2,2,2,2,1,2,2,2,3,3,4,5,3,3,2,2,2,2,1,7,2,2,3,3,1,2,1,1,3,3,2,3,3,3,1,5,5,5,2,3,1,3,2,2,1,2,1,1,1,1,1,1,2,5,2,2,1,1,2,2,1,3,3,3,2,4,1,3,5,5,1,2,3,4,2,3,2,2,2,3,5,5,1,4,1,2,4,4,1,7,3,3,3,3,1,1,1,1,3,3,3,3,2,2,3,4,2,3,4,4,2,3,1,2,1,1,4,4,2,5,3,3,1,3,2,3,1,1,4,4,1,4,1,1,1,2,3,3,4,4,1,2,1,3,1,1,3,3,3,3,1,1,1,4,1,1,3,3,4,4,1,3,1,2,1,1,2,2,1,1,1,1,1,1,2,2,2,5,2,2,1,2,1,1,1,1,2,2,2,4,4,4,3,3,2,2,3,3,3,4,2,2,2,2,4,4,1,2,3,3,3,3,3,3,3,3,2,3,1,3,1,2,2,2,2,2,1,1,2,4,1,1,1,1,1,3,3,3,4,4,1,2,3,4,4,4,2,2,1,1,2,2
"M145772",4,4,7,6,0,0,0,0,2,2,2,3,0,0,2,1,2,3,0,0,2,2,4,4,1,1,0,0,3,1,3,1,1,1,0,0,3,3,0,0,0,0,0,0,0,0,4,1,3,1,2,4,4,1,3,1,3,4,3,3,2,4,0,0,0,0,2,1,2,2,2,2,1,1,2,2,0,0,3,1,1,1,1,1,1,3,4,1,2,1,0,0,2,4,0,0,1,3,3,1,3,1,0,0,3,3,2,2,4,1,3,3,2,1,4,1,1,3,0,0,0,0,4,1,4,4,4,4,3,3,2,1,4,4,1,1,1,3,2,4,2,1,0,0,3,1,4,4,3,4,2,1,2,1,4,4,0,0,0,0,1,3,0,0,2,3,0,0,1,1,1,3,4,4,2,4,3,3,2,3,4,4,1,1,3,1,3,1,1,1,1,3,1,2,1,1,1,1,1,2,1,1,1,2,1,1,1,1,1,2,1,1,1,2,1,2,1,1,1,2,1,1,1,2,2,1,1,2,1,1,1,1,1,1,2,2,1,1,1,1,1,1,1,1,1,1,2,2,1,1,2,2,1,1,4,4,2,2,2,2,2,2,2,4,2,2,3,3,4,5,1,3,2,2,2,2,1,7,1,2,3,3,2,5,1,1,3,3,3,3,1,3,1,5,2,5,2,3,1,3,2,2,1,2,1,1,1,2,1,2,2,3,2,3,1,1,2,2,2,3,3,3,2,4,1,1,5,5,1,2,1,3,2,3,2,3,3,3,5,6,4,5,1,2,3,4,1,7,3,4,3,3,1,2,1,5,1,3,3,4,2,2,1,3,2,2,3,4,1,2,1,2,1,3,2,4,3,4,3,4,1,3,3,3,3,4,4,4,2,4,1,1,1,2,3,5,4,4,2,2,1,3,1,1,2,3,3,3,1,1,3,4,1,1,3,3,1,3,1,1,1,1,1,2,2,2,1,1,1,1,1,3,2,2,2,4,2,2,2,4,1,1,1,1,2,3,2,4,4,4,3,4,2,3,3,4,2,4,2,2,1,2,4,5,3,3,1,3,3,3,2,3,3,3,2,3,1,3,1,2,1,2,2,5,1,1,2,4,1,2,3,4,1,3,3,5,3,4,1,2,4,4,3,4,2,3,1,1,2,2
"M145773",3,3,7,6,3,1,4,4,2,2,2,2,1,3,2,1,2,3,1,1,2,2,4,4,1,1,1,3,3,1,1,1,1,1,1,1,3,3,4,2,0,0,2,2,4,4,1,1,1,1,4,4,4,4,1,1,3,3,3,3,4,4,3,4,3,3,2,1,0,0,2,1,1,1,2,2,0,0,3,1,4,4,1,1,3,3,1,1,1,1,3,3,4,4,1,3,3,3,1,1,3,3,3,3,3,3,2,2,4,4,3,3,1,1,1,1,1,1,3,3,3,1,4,1,2,4,1,4,3,3,2,1,4,4,1,1,1,3,4,4,1,1,1,3,3,1,4,4,3,4,1,1,2,2,2,4,1,1,4,4,3,3,1,1,2,2,1,3,1,1,1,3,4,4,4,4,3,3,3,3,4,4,2,2,3,1,1,1,1,1,1,1,1,1,1,1,1,1,1,2,1,1,1,2,1,1,1,1,1,2,1,1,1,2,1,2,1,1,1,2,1,1,1,2,2,1,1,2,1,1,1,1,1,1,2,2,1,1,1,1,1,1,1,1,1,1,2,2,1,1,2,2,1,1,3,2,2,1,2,2,2,2,4,4,1,2,3,3,4,5,1,1,1,2,2,2,1,2,2,2,3,3,1,5,1,1,3,3,1,3,2,3,1,5,5,5,2,2,1,3,2,2,1,2,1,1,4,4,1,1,2,5,2,2,1,3,2,2,1,1,3,3,2,4,3,3,5,5,1,2,1,4,2,3,2,3,3,3,5,5,4,4,1,3,4,4,7,7,1,3,3,3,1,1,1,1,3,3,3,3,3,3,1,3,1,3,4,4,2,3,2,2,3,3,4,4,2,5,3,4,1,1,3,3,2,3,4,4,2,4,1,1,1,2,1,3,4,4,2,2,3,3,1,1,1,2,3,4,1,1,4,4,1,1,3,3,3,4,1,1,1,1,1,1,2,2,1,1,1,1,3,3,1,2,2,2,2,2,2,4,1,1,1,1,2,2,4,4,4,4,3,3,2,4,3,4,4,4,2,2,2,2,4,4,1,1,3,3,3,3,2,3,3,3,1,2,3,3,2,3,1,2,2,2,1,1,4,4,1,2,1,1,1,3,1,3,4,4,1,2,4,4,2,4,2,2,1,2,2,2
"M145774",4,4,0,0,3,3,4,1,2,1,2,2,1,3,1,1,2,2,1,1,2,1,4,4,1,1,1,1,1,1,1,1,2,1,3,3,4,4,2,2,1,1,2,4,1,4,4,1,3,3,4,4,1,1,0,0,3,4,3,3,4,4,3,4,1,3,2,2,2,1,2,2,1,1,2,2,1,3,3,1,1,1,0,0,1,3,4,1,1,1,3,3,2,4,3,3,3,3,3,1,3,3,4,4,3,3,2,2,4,1,3,1,1,1,4,1,1,3,2,3,1,1,4,1,2,4,1,4,3,1,2,2,4,4,1,1,1,3,2,2,0,0,3,3,1,1,4,4,3,3,2,1,2,2,4,4,1,1,4,2,1,3,1,1,2,3,1,3,1,1,3,3,4,4,2,4,3,3,2,3,4,4,2,2,3,3,3,1,1,1,1,3,1,2,1,2,1,2,1,2,1,2,1,2,1,1,1,1,1,1,1,1,1,1,1,1,1,1,1,1,1,1,1,1,1,1,1,1,1,1,1,1,1,1,2,2,1,1,1,1,1,1,1,1,1,1,2,2,1,1,2,2,1,1,2,2,1,1,2,2,2,2,2,4,2,2,3,3,5,5,3,3,2,2,2,2,1,2,1,2,3,3,2,5,1,1,3,3,2,3,1,3,1,5,2,5,2,3,1,3,2,2,2,2,1,1,1,1,1,1,2,3,2,2,1,1,2,2,2,3,3,4,4,4,1,1,5,5,1,1,1,3,2,3,2,2,3,3,6,6,4,4,1,1,4,4,1,7,3,3,3,3,1,1,1,1,3,3,1,3,2,2,1,3,2,2,4,4,1,2,1,2,3,3,2,4,2,5,2,3,1,3,2,3,1,4,4,4,2,4,1,1,1,2,3,3,4,4,1,1,1,1,1,1,3,3,3,3,1,1,1,4,1,1,3,3,3,4,1,3,1,2,1,2,2,2,1,1,1,1,1,3,2,2,2,4,2,2,2,2,1,1,1,3,2,2,2,4,4,4,2,4,2,2,3,3,4,6,2,2,1,2,4,4,3,5,1,3,3,3,3,3,3,3,2,2,1,3,1,2,2,2,2,5,1,1,2,4,1,1,1,4,1,3,3,4,4,4,1,2,4,4,4,4,2,2,1,1,2,2
"M145775",3,4,7,6,3,1,4,1,2,2,2,2,1,3,1,1,0,0,1,1,2,2,4,4,1,4,1,1,3,3,1,1,2,1,3,1,3,4,4,2,2,2,2,4,4,4,1,1,1,1,4,4,4,1,3,3,3,4,3,4,2,4,3,4,3,3,2,1,2,2,2,1,1,1,2,2,1,3,3,1,1,1,1,1,3,3,4,4,1,1,1,3,4,4,3,3,1,3,3,1,3,3,3,4,3,3,2,2,0,0,1,1,2,1,1,1,3,3,2,2,1,1,4,1,4,4,1,4,3,1,2,1,4,4,1,1,1,3,2,4,2,1,1,1,3,1,4,4,3,3,1,1,2,1,4,4,2,1,4,4,3,3,1,1,2,2,1,1,1,1,1,3,0,0,4,4,3,3,3,3,4,4,1,1,1,1,3,3,1,1,1,1,1,1,1,1,1,1,1,1,1,1,1,2,1,1,1,1,2,2,1,2,2,2,2,2,1,1,2,2,1,1,2,2,2,2,2,2,1,1,1,1,1,1,2,2,1,1,1,1,1,1,1,1,1,1,2,2,1,1,2,2,1,1,2,2,2,1,2,2,2,2,1,3,2,2,3,3,3,5,3,3,2,2,2,3,1,1,1,2,3,3,2,2,1,1,3,3,3,3,3,3,1,3,5,5,2,3,3,3,2,2,1,1,1,1,1,1,1,1,2,2,2,2,1,1,2,2,3,3,3,3,4,4,1,1,5,5,1,2,3,3,2,3,2,2,3,3,5,5,4,4,3,3,4,4,7,7,2,3,3,3,1,2,1,1,3,3,3,3,2,3,3,3,2,2,3,4,2,2,1,2,3,3,4,4,2,4,1,3,2,3,3,3,2,3,1,2,1,4,1,2,2,2,1,1,4,4,1,2,1,3,1,1,3,3,3,3,1,1,1,4,1,1,3,3,3,3,1,1,1,1,1,2,2,3,1,2,1,1,3,3,1,1,3,5,2,2,3,4,1,1,1,3,2,3,4,4,4,4,3,3,2,2,1,4,3,4,2,2,1,2,4,5,1,3,2,3,2,3,2,3,1,3,2,3,3,3,1,1,2,2,2,2,1,1,4,4,1,1,1,4,1,2,3,5,4,5,1,1,4,5,3,4,2,2,1,3,2,2
"M145776",4,4,7,6,3,1,4,1,2,1,2,3,3,3,1,1,0,0,1,4,2,1,4,4,1,1,1,3,1,1,1,1,2,1,1,1,3,3,2,2,2,1,2,4,1,4,1,1,3,1,4,4,4,1,3,1,4,4,3,3,4,4,3,4,3,3,2,2,2,1,2,2,1,1,2,2,1,1,3,1,1,1,1,3,1,1,4,4,1,1,3,3,4,4,3,3,3,3,1,1,3,1,4,4,3,1,2,2,1,1,3,3,1,1,4,1,1,3,2,2,1,1,4,1,2,2,1,4,3,1,2,1,4,4,1,1,3,3,2,4,2,1,3,3,1,1,4,4,3,3,2,1,2,1,4,4,1,1,4,4,3,3,1,1,2,2,1,3,1,1,3,3,4,4,2,4,3,3,3,3,4,4,2,2,3,3,1,1,1,1,1,1,1,1,1,1,1,1,1,1,1,1,1,1,1,1,1,1,1,2,1,1,2,2,2,2,1,1,2,2,1,1,2,2,2,2,2,2,1,1,1,1,1,1,2,2,1,1,1,1,1,1,1,1,1,1,2,2,1,1,2,2,1,1,2,2,1,1,2,2,2,2,2,4,2,2,3,4,5,5,3,3,2,2,2,2,1,2,2,2,3,3,2,5,1,1,3,3,2,3,3,3,1,5,5,5,2,3,1,1,2,2,1,2,1,1,1,2,1,1,2,3,2,2,1,1,2,2,2,3,3,4,4,4,1,1,5,5,1,2,1,3,2,3,2,2,3,3,6,6,4,5,1,2,4,4,7,7,3,4,3,3,1,1,1,5,3,3,3,4,2,2,1,3,1,2,4,4,2,2,2,2,1,3,4,4,2,5,2,3,1,3,3,3,1,4,4,4,2,4,1,1,1,2,3,5,4,4,1,2,1,1,1,1,2,3,3,3,1,1,4,5,1,1,3,3,3,4,3,3,1,1,1,2,2,2,1,1,1,1,1,3,2,2,2,5,2,2,2,2,1,1,1,3,2,2,4,4,4,4,3,4,3,3,3,3,4,6,2,2,2,2,4,5,3,5,1,3,3,3,3,3,3,3,2,2,3,3,1,2,2,2,2,2,1,1,4,4,1,1,4,4,1,3,3,4,4,4,1,2,4,4,4,4,2,2,1,1,2,2
"M145777",4,4,7,6,1,1,4,1,2,2,2,3,1,1,2,1,3,3,1,4,2,2,4,4,1,1,1,3,0,0,1,1,2,1,3,3,3,3,4,2,1,1,0,0,4,4,4,1,3,1,4,4,4,4,3,3,3,4,3,4,4,4,3,4,3,3,2,1,2,1,2,2,4,1,4,2,1,3,3,3,1,1,1,1,1,3,4,1,1,1,3,3,4,4,3,3,1,3,1,1,3,3,3,3,3,1,2,2,1,1,3,1,2,2,1,1,3,3,2,3,1,1,4,1,2,4,1,4,3,3,2,1,2,4,1,1,3,3,2,4,2,2,1,3,3,1,4,4,4,4,2,1,2,2,4,4,1,1,4,2,1,3,1,1,2,2,1,3,1,1,1,3,4,4,4,4,1,3,2,3,4,4,1,1,3,1,3,1,1,1,1,1,1,1,1,1,1,1,1,1,1,1,1,1,1,1,1,1,1,2,1,2,1,2,1,2,1,1,1,2,1,1,2,2,2,1,1,2,1,1,1,1,1,1,2,2,1,1,1,1,1,1,1,1,1,1,2,2,1,1,2,2,1,1,3,2,2,1,2,2,2,2,1,2,2,2,3,3,1,5,2,3,2,2,2,2,2,7,1,2,3,3,2,3,1,1,3,3,3,3,2,3,1,4,3,3,3,3,3,3,2,2,1,2,1,1,1,4,1,1,2,3,2,2,1,3,2,2,1,3,3,4,4,4,1,1,5,5,1,1,1,4,2,3,2,2,3,3,4,5,5,5,3,3,3,4,2,7,3,5,3,3,1,2,1,6,3,3,1,3,3,3,3,4,2,3,4,4,1,3,1,2,3,4,4,4,1,2,3,4,1,1,3,3,3,3,2,4,2,4,1,2,1,1,1,3,4,4,1,2,1,1,1,3,2,3,1,3,1,1,4,5,1,2,3,3,1,4,1,1,1,1,1,2,2,2,1,1,1,1,3,3,2,2,5,5,2,3,2,2,1,3,1,3,2,2,4,4,4,5,2,3,2,2,3,3,4,4,2,2,1,2,4,5,1,3,1,3,3,3,2,3,3,3,2,3,3,3,1,2,2,2,2,2,1,1,2,2,1,1,4,4,1,2,3,5,4,4,1,2,4,4,3,4,2,2,1,1,2,2
"M145778",3,4,7,6,3,3,4,4,2,2,2,3,3,3,2,1,2,2,1,1,2,1,4,4,1,4,1,1,3,1,3,1,2,1,3,3,3,4,4,4,2,1,2,4,1,4,4,4,3,1,4,4,4,1,3,1,3,4,3,3,4,4,3,4,1,3,2,1,2,1,2,2,1,1,4,2,1,3,3,1,1,1,1,1,1,3,4,1,1,1,3,3,2,4,3,3,1,3,1,1,3,1,4,4,1,1,2,2,1,1,3,1,1,1,4,1,0,0,2,3,1,1,4,1,2,2,1,4,3,1,2,2,2,4,1,1,1,1,2,2,2,2,3,3,3,1,2,2,3,3,2,2,2,2,4,4,1,1,4,4,1,3,1,4,2,3,1,1,1,1,1,3,4,1,2,4,3,3,2,3,4,4,2,2,3,3,3,1,1,3,1,3,1,2,1,2,1,2,1,2,1,2,1,2,1,1,1,1,1,2,1,2,2,2,2,2,1,1,2,2,1,1,2,2,2,2,2,2,1,1,1,1,1,1,2,2,1,1,1,1,1,1,1,1,1,1,2,2,1,1,2,2,1,1,2,2,2,1,2,2,2,2,1,2,2,2,3,3,5,5,3,3,2,2,2,2,1,2,2,2,2,3,2,2,1,1,3,3,2,3,2,3,1,5,5,5,2,3,1,3,2,2,2,2,1,1,2,4,1,1,2,2,2,2,1,3,2,2,2,2,3,3,4,4,1,1,5,5,1,2,3,3,2,2,2,3,3,3,5,6,4,4,1,3,3,4,7,7,3,3,3,3,1,1,5,5,3,3,3,3,2,3,1,3,2,2,4,4,2,2,2,2,1,1,4,4,1,5,2,3,1,1,3,3,1,3,4,4,2,4,1,1,1,2,3,5,4,4,1,2,1,1,1,1,3,3,3,3,1,1,4,5,1,1,3,3,3,3,1,1,1,2,1,1,2,2,1,1,1,1,1,3,2,2,2,5,2,2,2,2,1,1,1,1,2,2,2,4,4,4,2,4,2,2,3,3,4,4,1,2,2,2,4,4,1,5,3,3,3,3,2,3,3,3,2,3,1,3,1,2,2,2,2,5,1,3,2,3,1,1,1,4,1,3,3,3,4,4,1,2,4,4,4,4,2,2,1,1,2,2
"M145779",4,4,6,6,3,3,4,4,2,1,2,2,1,3,2,1,2,2,1,1,2,1,4,4,1,4,1,1,3,1,3,3,2,2,3,1,4,4,4,4,2,2,2,4,1,4,1,1,0,0,2,4,4,1,3,1,3,3,3,3,2,4,4,4,3,3,2,1,2,1,2,2,1,1,2,2,1,3,3,1,1,1,1,1,1,3,1,1,1,1,1,3,4,4,3,3,3,3,3,1,3,1,4,4,1,1,2,2,4,1,3,3,1,1,4,4,1,3,2,2,1,1,1,1,2,4,1,1,3,1,2,1,4,4,1,1,1,3,4,4,2,2,3,3,1,1,2,2,3,3,2,1,2,1,0,0,1,1,4,2,1,1,1,1,2,2,1,1,1,1,1,3,4,4,2,4,3,3,2,2,4,4,1,1,3,3,3,1,1,1,1,1,1,1,1,1,1,1,1,1,1,1,1,1,1,1,1,1,1,1,1,1,1,2,1,2,1,1,1,2,1,1,1,2,2,1,1,2,1,1,1,1,1,1,2,2,1,1,1,1,1,1,1,1,1,1,2,2,1,1,2,2,1,1,2,2,2,1,2,2,2,2,1,4,2,2,3,3,3,5,3,3,2,2,2,2,1,1,1,2,3,3,2,2,1,1,3,3,2,2,3,3,1,5,5,5,2,2,1,3,2,2,2,2,1,1,2,4,1,2,2,5,2,2,1,1,2,2,1,2,2,3,4,4,1,3,5,5,1,2,3,4,2,3,2,2,3,3,6,6,4,5,1,3,4,4,7,7,3,3,3,3,1,1,1,1,3,3,3,3,2,2,3,3,2,2,4,4,2,3,1,2,1,3,4,4,2,5,3,3,1,1,3,3,1,3,4,4,1,6,1,1,1,2,3,5,4,4,2,2,1,3,1,1,3,3,3,3,1,1,3,5,1,1,3,3,3,4,1,1,1,1,1,1,2,2,1,1,1,1,1,1,2,2,2,2,2,2,2,2,1,1,1,1,2,3,4,4,4,4,2,3,2,2,3,3,3,4,2,2,2,2,4,4,1,3,3,3,3,4,2,3,3,3,2,2,3,3,2,2,1,2,2,2,1,1,4,4,1,1,1,4,3,3,3,5,3,3,2,2,3,4,3,4,2,4,1,1,2,2
"M145780",3,4,7,6,3,1,4,4,2,1,2,2,1,1,2,2,2,2,1,1,2,2,4,4,1,4,3,3,3,1,3,1,2,1,3,1,4,4,2,2,2,1,2,4,1,4,1,1,0,0,4,4,4,4,1,1,3,4,3,4,4,4,3,4,1,3,2,1,2,2,2,2,4,1,2,2,1,3,1,1,1,1,1,3,3,3,4,1,1,1,3,3,2,4,3,3,3,3,1,1,1,1,3,4,1,1,2,2,4,1,3,3,1,1,4,1,3,3,2,3,3,1,4,4,4,4,1,1,3,3,1,1,4,4,1,1,1,1,2,4,2,1,3,3,1,1,4,2,3,3,2,1,1,1,4,4,1,1,4,2,1,3,1,1,3,3,1,3,1,3,1,1,4,4,2,4,3,3,2,2,4,4,1,1,1,1,3,3,1,1,1,1,1,2,1,2,1,2,1,2,1,2,1,2,1,1,1,1,1,1,1,1,1,2,1,2,1,1,1,2,1,1,1,2,2,1,1,2,1,1,1,1,1,1,2,2,1,1,1,1,1,1,1,1,1,1,2,2,1,1,2,2,1,1,2,2,2,1,2,2,2,2,1,4,2,2,3,3,3,3,3,3,2,2,2,2,7,7,1,2,3,3,2,3,1,1,3,3,2,3,2,3,1,1,5,5,3,3,3,3,2,2,1,2,1,1,1,4,1,1,2,2,2,2,1,1,2,2,1,2,2,3,2,4,1,1,5,5,1,2,1,4,3,3,2,2,3,3,5,5,4,5,1,3,4,4,1,7,3,5,3,3,1,2,1,1,3,3,3,3,2,2,3,3,2,2,4,4,2,2,1,1,3,3,4,4,2,2,3,3,1,1,3,3,2,3,2,4,2,4,1,2,1,1,3,5,4,4,1,2,1,3,1,1,2,3,1,3,1,1,4,4,1,1,3,3,3,3,1,3,1,2,2,2,2,2,1,1,1,1,1,3,1,2,2,5,2,2,2,3,1,1,1,1,2,3,2,4,4,4,3,3,2,2,1,3,3,3,2,2,1,2,4,4,3,3,3,3,4,4,2,3,3,3,2,2,1,3,1,2,2,2,2,2,1,3,4,4,1,2,1,1,1,3,5,5,3,4,1,2,4,4,3,3,2,2,1,3,2,2
"M145781",4,4,7,6,3,3,4,4,2,1,2,2,1,3,2,1,2,2,1,1,2,2,4,4,1,1,3,3,3,1,3,1,1,1,3,1,3,4,2,2,1,1,2,4,4,4,1,1,1,1,4,4,4,1,3,1,3,3,3,3,4,4,4,4,1,3,2,1,2,1,2,2,4,1,4,4,1,1,3,1,1,1,1,3,3,3,4,4,2,2,3,3,2,4,3,3,3,3,3,1,3,1,3,4,3,1,2,2,4,1,3,3,1,1,4,4,1,3,2,2,3,1,4,1,2,4,1,1,3,1,2,1,4,4,1,1,1,3,2,2,1,1,1,3,1,1,4,2,3,3,2,1,1,1,4,4,1,1,2,2,3,3,1,1,2,3,1,3,1,1,3,3,4,4,2,4,3,3,2,3,4,4,1,1,3,1,3,1,1,3,1,3,1,2,1,2,1,2,1,2,1,2,1,2,1,1,1,1,1,1,1,1,1,2,1,2,1,1,1,2,1,1,1,2,2,1,1,2,1,1,1,1,1,1,2,2,1,1,1,1,1,1,1,1,1,1,2,2,1,1,2,2,1,1,2,2,1,1,2,2,2,2,2,2,2,2,3,3,5,5,3,3,2,2,2,2,7,7,2,2,3,3,3,5,1,1,3,3,2,3,3,3,1,1,5,5,2,3,1,3,2,2,1,1,1,1,1,2,1,1,2,5,2,2,1,1,2,2,1,2,2,3,2,4,1,1,5,5,1,1,3,4,3,3,2,3,3,3,5,5,4,5,1,3,4,4,1,7,3,3,3,3,1,1,1,1,3,3,3,3,2,2,3,3,2,2,4,4,2,2,1,1,1,3,4,4,1,4,3,4,3,3,2,3,1,3,1,2,2,4,1,2,1,1,3,5,4,4,1,2,1,3,1,1,2,3,3,3,1,1,1,4,1,1,3,3,3,4,1,1,1,2,1,2,2,2,1,1,1,1,1,1,2,2,2,2,2,2,1,2,1,1,1,3,2,3,2,4,4,4,3,3,0,0,3,4,4,4,2,2,2,2,4,4,1,1,1,3,3,3,3,4,3,3,3,3,1,3,2,2,2,2,2,2,1,3,2,4,1,2,1,4,2,3,3,3,3,4,2,2,3,4,3,4,2,2,1,1,2,2
"M145782",4,4,7,6,3,1,4,1,2,2,2,3,1,1,2,1,0,0,1,4,2,1,4,4,1,1,1,1,3,3,1,1,2,1,3,3,3,3,2,2,1,1,2,4,4,4,4,1,1,1,4,4,4,1,3,1,4,4,3,4,4,4,4,4,3,3,2,1,2,2,2,1,1,1,4,2,1,3,3,3,1,1,1,1,3,3,1,1,2,1,3,3,4,4,3,3,3,3,1,1,3,1,3,3,3,3,2,2,4,1,3,3,2,1,1,1,1,3,2,2,1,1,1,1,2,4,1,4,1,1,2,1,2,4,1,1,1,3,2,4,2,1,3,3,1,1,4,4,3,4,1,1,2,2,4,4,2,1,2,2,1,1,1,1,2,2,1,1,1,1,3,3,4,4,4,4,3,3,2,3,4,4,2,2,1,1,3,1,3,3,1,1,1,1,1,1,1,1,1,1,1,1,1,1,1,1,1,1,1,2,1,2,1,1,1,1,1,1,1,1,1,1,2,2,1,1,1,1,1,1,1,1,1,1,2,2,1,1,1,1,1,1,1,1,1,1,2,2,1,1,2,2,1,1,2,2,1,1,2,2,2,2,2,2,1,2,4,4,3,4,1,3,2,2,2,2,1,2,1,2,3,3,5,5,1,1,3,3,3,3,3,3,1,1,3,5,2,3,1,3,2,2,1,1,1,1,1,2,1,1,2,2,2,2,1,2,2,2,3,3,2,3,2,4,1,1,5,5,1,2,3,4,2,2,3,6,3,3,4,5,4,5,2,2,4,4,7,7,2,3,3,3,1,1,5,5,3,3,3,3,2,2,1,3,2,2,3,3,1,2,1,2,1,3,4,4,2,3,3,4,1,3,3,3,3,3,2,5,4,6,1,2,1,1,3,3,4,4,2,2,1,2,1,1,3,3,1,3,1,1,3,4,1,1,3,3,3,4,1,3,1,1,2,2,2,2,1,1,1,1,1,3,2,2,2,2,2,2,2,4,1,1,1,3,2,2,4,4,4,4,3,3,2,2,3,4,3,3,2,2,1,1,4,4,1,3,1,1,3,3,2,2,3,3,2,2,3,3,1,2,1,2,2,5,1,1,4,4,1,1,1,3,2,3,5,6,3,5,1,1,4,4,3,4,2,2,1,1,2,2
"M145783",4,4,6,6,3,1,4,1,2,1,2,3,1,3,1,1,2,2,1,4,2,1,4,4,1,1,1,3,1,1,1,1,2,1,3,1,4,4,2,2,2,1,2,4,4,4,4,1,0,0,4,4,0,0,3,1,4,4,3,3,4,4,4,4,1,3,2,2,2,2,2,2,1,1,4,2,1,3,3,1,1,1,1,1,1,3,4,1,1,1,3,3,2,4,1,3,3,3,1,1,3,3,4,4,3,1,2,2,1,1,3,3,1,1,4,1,1,3,2,2,1,1,4,1,2,2,1,4,3,1,1,1,2,2,1,1,1,3,2,4,0,0,3,3,1,1,4,2,3,3,2,1,1,1,4,4,1,1,4,2,1,3,1,1,2,3,1,3,1,1,3,3,4,4,2,4,3,3,2,3,4,4,2,2,3,3,1,1,1,3,1,1,1,2,1,2,1,2,1,2,1,2,1,1,1,1,1,1,1,1,1,1,1,2,1,2,1,1,1,2,1,1,1,2,2,1,1,2,1,1,1,1,1,1,2,2,1,1,1,1,1,1,1,1,1,1,2,2,1,1,2,2,1,1,2,2,1,1,2,2,2,2,2,4,2,2,3,4,5,5,3,3,2,2,2,2,1,2,2,2,3,3,2,5,1,1,3,3,3,3,1,3,1,1,2,5,2,3,1,3,2,2,1,1,1,1,1,2,1,1,2,5,2,2,1,1,2,2,2,3,3,4,2,4,1,3,5,5,1,2,3,3,2,3,2,2,3,3,6,6,4,4,1,1,4,4,1,7,3,3,3,3,1,2,1,5,3,3,3,4,2,2,1,3,1,2,4,4,2,2,1,1,1,3,2,4,2,5,2,3,1,3,2,3,3,3,1,4,1,4,1,1,1,2,3,3,4,4,1,2,1,1,1,1,3,3,3,3,1,1,4,5,1,1,3,3,3,4,1,1,1,2,1,2,2,2,1,1,1,1,1,3,2,2,2,4,2,2,1,2,1,1,1,1,2,2,2,4,4,4,2,4,2,2,3,3,4,4,2,2,1,2,4,4,3,5,1,3,3,3,2,3,3,3,2,3,1,3,1,2,2,2,2,5,1,1,2,4,1,1,1,4,1,3,3,5,4,4,1,2,3,4,4,4,2,2,1,1,2,2
"M145784",4,4,7,6,3,3,4,1,2,2,2,2,1,3,2,1,3,3,1,1,2,2,4,4,1,1,1,1,1,1,1,1,1,1,3,3,3,3,4,2,2,2,2,2,4,4,1,1,0,0,4,4,4,4,3,1,3,4,3,3,2,4,4,4,1,3,2,1,2,2,2,1,1,1,2,2,1,3,3,1,1,1,1,1,3,3,4,4,1,1,1,3,2,4,3,3,1,3,3,1,3,3,4,4,3,3,2,2,1,1,1,1,2,2,1,1,3,3,2,2,1,1,4,1,2,4,1,4,3,3,1,1,4,4,1,1,1,3,2,4,2,1,1,3,1,1,4,4,3,3,1,1,1,1,4,4,2,1,4,4,3,3,1,1,2,3,1,1,1,1,1,3,4,4,4,4,3,3,3,3,4,4,1,1,3,1,3,3,1,1,1,3,1,2,1,2,1,2,1,2,1,2,1,2,1,1,1,1,2,2,1,2,1,2,1,2,1,1,1,2,1,1,2,2,2,1,1,2,1,1,1,1,1,1,2,2,1,1,1,1,1,1,1,1,1,1,2,2,1,1,2,2,1,1,2,2,2,1,2,2,2,2,1,3,2,2,3,3,3,5,1,3,2,2,2,2,2,7,2,2,3,3,2,5,1,1,3,3,3,3,3,3,1,3,2,5,2,3,1,3,2,2,1,2,1,1,1,2,1,2,2,2,2,2,1,3,2,2,2,3,3,3,4,4,1,1,5,5,1,2,3,4,2,2,2,2,3,3,5,6,4,4,2,3,4,4,1,7,3,3,3,3,1,2,1,1,3,3,3,3,2,3,3,3,2,2,3,4,2,2,2,2,1,3,2,4,2,2,3,3,1,1,2,3,3,3,1,2,1,4,1,2,2,2,1,1,4,4,1,2,1,3,1,3,3,3,3,3,1,1,1,4,1,2,3,3,3,4,1,1,1,2,1,1,2,2,1,1,1,1,1,3,1,2,1,3,2,2,2,3,1,1,1,1,2,2,2,4,4,4,3,3,2,2,3,4,3,4,2,2,1,2,4,4,3,3,2,3,3,3,2,2,1,3,2,3,1,3,1,1,1,2,2,2,1,1,4,4,1,1,1,4,1,2,5,5,4,4,1,2,4,5,2,3,2,2,1,1,2,2
"M145785",4,4,6,6,1,1,4,1,2,2,2,2,1,3,1,1,3,3,1,4,2,1,4,4,1,4,1,3,1,1,1,1,2,1,3,3,3,3,4,4,1,1,4,4,4,4,1,1,3,3,4,4,4,1,3,3,3,3,3,4,2,2,3,4,3,3,2,1,2,2,2,2,4,1,4,2,1,3,3,3,1,1,1,1,3,3,4,1,1,1,3,3,4,4,3,3,3,3,1,1,3,3,3,4,3,3,2,2,1,1,3,1,2,1,4,1,0,0,2,3,1,1,4,4,2,4,4,4,3,1,2,1,4,4,1,1,3,3,2,4,2,1,1,3,3,3,4,4,4,4,2,1,2,2,4,4,1,1,4,2,1,3,1,1,2,2,1,1,1,1,1,3,4,1,4,4,1,3,2,3,4,4,2,1,3,1,3,1,1,1,3,3,1,1,1,1,1,1,1,1,1,1,1,1,1,2,1,1,1,2,1,1,1,1,1,1,1,1,1,1,1,1,1,1,1,1,1,1,1,1,1,1,1,1,2,2,1,1,1,1,1,1,1,1,1,1,2,2,1,1,2,2,1,1,3,2,2,1,2,2,2,2,1,3,2,2,0,0,3,5,3,3,2,2,2,2,2,7,2,2,3,3,2,2,1,1,3,3,3,3,1,2,4,5,3,5,3,3,2,3,2,2,1,2,1,3,2,4,1,1,2,2,2,2,3,3,2,2,1,3,3,3,4,4,1,1,5,5,1,2,4,4,3,3,2,2,3,3,4,5,4,5,1,3,3,4,2,7,1,3,3,3,1,2,2,6,3,3,1,3,2,3,3,4,2,3,3,4,1,3,1,2,1,4,4,4,1,5,3,4,1,1,3,3,3,3,4,4,2,6,1,1,1,1,3,5,4,4,1,2,1,1,1,3,3,3,1,3,1,1,4,5,1,2,3,3,1,4,1,1,1,1,1,2,2,2,1,1,1,1,3,4,2,2,5,5,2,2,3,3,2,3,1,1,2,2,4,4,4,5,2,3,2,2,3,4,4,6,2,2,2,2,4,4,1,3,3,3,3,3,2,3,3,3,2,2,3,3,1,2,1,2,2,2,1,1,2,2,1,1,4,4,1,2,3,5,2,4,1,2,4,4,4,4,2,2,1,1,2,2
"M145786",4,4,6,6,3,3,4,4,2,1,2,3,1,1,1,1,3,3,1,1,2,2,4,4,1,1,1,1,3,3,1,1,2,1,3,1,3,3,2,2,2,1,2,2,1,4,4,1,3,1,2,4,4,1,3,1,3,4,3,3,4,4,4,4,3,3,2,2,2,2,2,1,1,1,2,2,1,3,3,3,4,1,1,1,1,3,1,1,1,1,3,3,4,4,3,3,1,3,1,1,3,3,3,3,3,3,2,2,4,1,3,1,2,1,1,1,1,3,2,3,1,1,1,1,2,4,1,4,3,3,1,1,4,4,1,1,1,3,2,2,1,1,3,3,3,3,4,4,4,4,1,1,2,1,4,4,2,1,4,4,3,3,1,4,2,2,1,1,1,1,1,3,4,4,2,4,3,3,2,3,4,4,2,2,3,1,3,1,1,3,1,3,1,1,1,1,1,1,1,1,1,1,1,1,1,1,1,1,1,1,1,1,1,1,1,1,1,1,1,1,1,1,1,1,1,1,1,1,1,1,1,1,1,1,2,2,1,1,1,1,1,1,1,1,1,1,2,2,1,1,2,2,1,1,2,2,2,1,2,2,2,2,2,2,1,2,3,4,4,5,3,3,2,2,2,2,2,7,1,2,3,4,2,5,1,1,3,3,3,3,3,3,1,1,5,5,2,3,3,3,2,2,1,1,1,1,1,4,1,1,2,5,2,2,1,3,2,2,2,3,3,4,4,4,1,1,5,5,1,2,3,3,2,3,2,2,3,3,5,5,4,4,1,3,4,4,7,7,3,3,3,3,1,1,1,1,3,3,3,3,2,2,1,3,2,2,4,4,2,3,2,2,3,3,4,4,3,5,3,4,3,3,2,3,3,3,4,5,6,6,1,1,1,1,1,1,4,4,1,1,2,3,1,1,2,3,1,3,1,1,1,4,1,1,3,3,3,4,1,3,1,1,1,2,1,2,1,1,1,1,3,3,2,2,2,2,2,2,3,4,1,1,1,1,2,3,4,4,4,4,3,3,2,2,4,4,3,4,2,2,2,2,4,4,1,1,1,3,3,4,3,4,3,3,2,2,3,3,1,1,1,2,2,2,1,1,4,4,1,2,4,4,2,3,3,6,2,5,2,3,3,4,2,3,2,2,1,1,2,2
"M145787",4,4,7,6,3,3,4,4,2,2,2,3,1,3,1,1,2,3,1,4,2,2,4,4,1,1,1,3,1,1,1,1,1,1,3,3,3,4,4,2,1,1,2,4,4,4,4,1,3,3,4,4,4,1,3,3,4,4,3,3,2,4,3,4,1,3,2,1,2,2,2,2,4,1,4,2,1,3,3,3,4,1,1,3,1,3,4,1,2,1,3,3,2,4,3,3,3,3,1,1,3,3,3,4,3,3,2,2,4,1,3,3,1,1,4,1,1,1,2,3,1,1,4,1,2,4,1,4,3,1,2,1,4,4,1,1,1,1,2,4,2,1,1,3,3,3,4,4,3,3,1,1,2,2,4,4,0,0,4,2,3,3,1,1,2,3,1,1,1,1,1,3,4,1,2,4,3,3,3,3,4,4,2,2,3,1,3,3,1,1,1,3,1,2,1,2,1,2,1,2,1,2,1,1,1,1,1,1,1,1,1,1,2,2,2,2,1,1,2,2,1,1,2,2,2,2,2,2,1,1,1,1,1,1,2,2,1,1,1,1,1,1,1,1,1,1,2,2,1,1,2,2,1,1,2,2,1,1,2,2,2,2,1,4,2,2,3,3,5,5,3,3,2,2,2,2,1,7,1,2,3,3,2,5,1,1,3,3,2,3,1,3,1,5,5,5,2,3,1,3,2,2,2,2,1,1,1,2,1,2,2,5,2,2,1,3,2,2,1,2,3,3,4,4,1,1,5,5,1,2,3,3,2,3,2,2,3,3,5,6,4,4,1,3,4,4,1,7,3,3,3,3,1,2,1,5,3,3,3,3,2,2,3,3,2,2,3,4,2,2,1,2,3,3,4,4,2,5,2,4,1,1,2,3,1,3,4,4,2,4,1,1,1,1,3,3,3,4,1,2,1,3,1,1,3,3,3,3,1,1,1,4,1,1,3,5,3,3,3,3,1,3,1,2,2,2,1,1,1,1,1,4,2,2,2,3,2,2,2,3,1,1,1,3,2,2,2,4,4,4,3,4,2,2,3,3,4,4,1,2,2,2,4,6,3,5,3,3,3,3,2,2,1,3,2,2,1,3,2,2,2,2,2,2,1,3,2,4,1,1,1,1,3,3,3,5,3,4,2,2,3,4,2,4,2,3,1,1,2,2
"M145788",3,3,6,6,1,1,4,4,2,2,2,2,1,1,1,1,2,3,1,1,2,2,4,4,1,4,1,3,1,1,1,1,2,1,3,1,3,3,4,4,1,1,2,4,4,4,4,1,3,3,2,2,4,4,3,1,3,4,3,3,2,4,3,3,3,3,1,1,2,2,2,1,4,4,4,2,1,1,3,1,4,1,1,3,3,3,4,1,1,1,3,3,4,4,3,3,3,3,3,1,3,1,3,3,3,3,2,2,1,1,3,3,1,1,1,1,3,3,2,3,1,1,4,4,4,4,1,1,3,1,2,2,4,4,1,1,3,3,2,2,0,0,1,3,3,1,4,4,3,4,2,2,2,1,2,4,1,1,4,4,3,3,1,1,2,2,1,1,1,1,1,1,4,1,4,4,1,3,3,3,4,4,2,1,3,3,3,1,1,3,1,1,1,1,1,1,1,1,1,1,1,1,1,2,1,1,1,1,1,2,2,2,1,2,1,1,1,1,1,2,1,1,2,2,2,1,1,2,1,1,1,1,1,1,2,2,1,1,1,1,1,1,1,1,1,1,2,2,1,1,2,2,0,0,2,2,1,1,2,2,2,2,1,4,2,2,3,3,5,5,3,3,1,2,2,2,1,1,2,2,3,3,1,5,1,1,2,3,3,3,3,3,1,1,2,5,3,3,3,3,2,2,1,2,1,3,1,2,1,1,2,2,2,2,1,3,2,2,2,2,4,4,3,4,1,1,5,5,1,1,1,1,2,3,2,3,3,3,5,5,4,4,1,3,2,4,7,7,3,3,3,3,1,1,1,1,3,3,3,3,3,3,3,3,2,3,4,4,2,2,2,2,3,3,4,4,2,5,3,4,1,1,3,3,3,3,1,7,1,6,1,1,2,2,1,4,4,4,2,2,2,3,1,1,3,3,3,3,1,1,4,4,1,1,3,3,1,3,1,1,1,1,1,1,2,2,1,1,1,1,3,3,2,2,2,3,2,2,3,3,1,2,1,1,2,2,4,4,4,4,3,3,2,2,3,4,2,3,2,2,2,2,4,4,3,3,3,3,3,3,2,4,1,1,2,2,3,3,1,1,1,1,2,5,1,1,2,4,1,1,4,4,3,3,3,5,2,4,2,3,3,3,3,3,2,2,1,1,2,2
"M145789",3,4,7,6,1,1,1,1,2,2,2,3,1,1,1,1,3,3,1,1,2,2,4,4,1,1,1,1,3,1,1,1,2,1,3,1,3,4,4,4,1,1,2,2,1,4,1,1,3,1,2,2,4,4,3,1,3,4,3,3,2,2,4,4,1,3,2,1,2,2,2,1,4,4,4,2,3,3,3,1,4,1,1,1,1,3,4,1,2,2,3,3,2,4,1,3,1,3,3,1,3,1,4,4,3,3,2,2,1,1,1,1,1,1,1,1,1,1,2,3,1,1,4,4,2,2,1,1,3,3,1,1,4,4,1,1,1,3,2,4,0,0,1,3,3,1,4,4,3,4,2,2,2,2,2,4,0,0,4,2,1,3,1,1,2,2,1,1,1,3,3,3,4,1,4,4,1,3,3,3,4,4,2,2,3,1,3,1,1,1,3,3,1,2,1,2,1,2,1,2,1,2,1,2,1,2,1,1,1,2,1,1,1,1,1,2,1,1,1,2,1,1,1,2,2,1,1,2,1,1,1,1,1,1,2,2,1,1,1,1,1,1,1,1,1,1,2,2,1,1,2,2,1,2,3,2,2,1,2,2,2,2,2,4,2,2,3,4,2,5,3,3,1,2,2,2,1,7,2,2,3,3,2,5,1,1,3,3,1,3,2,3,1,5,2,2,3,3,3,3,2,2,2,2,1,1,1,2,1,1,2,5,2,2,1,3,2,2,2,3,4,4,3,4,1,1,5,5,1,2,4,4,3,3,2,2,3,3,5,5,4,4,1,3,2,3,1,7,3,3,3,3,1,2,6,6,3,3,3,4,3,3,1,3,1,3,4,4,2,2,1,1,1,1,4,4,4,5,3,3,1,1,3,3,2,3,4,5,1,4,1,2,1,1,1,3,3,4,1,2,1,1,1,1,3,3,3,3,1,1,3,4,1,2,3,3,3,3,1,1,1,2,2,2,2,2,1,1,1,1,3,3,1,2,2,2,2,2,2,3,1,1,1,2,2,2,2,4,4,4,2,3,2,2,3,3,3,3,2,2,2,2,4,4,3,3,2,3,3,3,2,3,3,3,2,2,1,3,1,3,2,2,2,2,1,1,1,4,2,2,1,3,3,3,5,5,3,4,2,2,4,4,2,2,2,2,1,1,2,2
"M145790",4,4,7,6,3,1,4,4,2,2,2,3,1,1,1,1,0,0,4,4,2,2,4,4,1,1,3,3,3,1,1,1,2,1,3,1,3,3,4,2,2,2,2,4,4,4,1,1,1,1,2,2,4,4,3,1,3,3,3,3,2,4,3,4,3,3,2,1,2,2,1,1,4,1,2,2,1,3,1,1,1,1,1,1,3,3,4,1,2,1,3,3,4,4,3,3,1,3,3,1,3,3,3,4,3,1,2,2,4,1,3,1,2,1,1,1,1,3,2,2,3,1,4,1,2,4,1,4,3,3,0,0,4,4,1,1,1,3,2,4,2,1,3,3,1,1,4,2,3,3,2,2,1,1,2,4,2,1,4,4,1,3,1,1,2,2,1,3,1,3,1,3,4,4,4,4,3,3,3,3,2,4,2,2,3,1,3,1,1,1,3,3,1,1,1,1,1,1,1,1,1,1,1,2,1,1,1,1,1,2,1,2,1,1,1,1,1,1,1,1,1,1,1,2,1,1,1,1,1,1,1,1,1,1,2,2,1,1,1,1,1,1,1,1,1,1,2,2,1,1,2,2,1,1,2,2,2,1,2,2,2,2,1,3,2,2,3,3,5,5,3,3,1,2,2,2,1,1,1,2,3,3,1,3,1,1,3,3,1,3,3,3,1,1,2,5,3,3,1,3,2,2,1,2,1,1,2,2,1,2,2,2,2,2,1,3,2,2,2,2,2,3,3,4,1,1,5,5,1,1,1,4,2,2,2,2,1,1,5,6,4,4,1,2,4,4,7,7,3,3,3,3,1,2,1,6,3,3,3,3,3,3,1,4,2,3,4,4,2,2,1,2,1,3,4,4,2,2,3,3,1,1,3,3,2,3,1,4,4,4,1,1,1,2,3,4,4,4,1,2,1,1,1,3,3,3,3,3,1,1,2,3,1,1,3,3,1,3,1,1,1,1,1,2,2,2,1,1,1,1,3,3,1,2,2,2,2,2,2,3,1,1,2,3,2,2,4,4,4,4,3,4,2,2,3,3,4,4,2,2,2,2,4,4,3,4,3,3,3,3,2,3,1,3,2,2,3,3,1,4,1,1,2,2,1,1,4,4,1,2,4,4,2,3,5,5,4,4,1,3,3,4,3,3,2,2,1,1,2,2
"M145791",4,4,7,6,3,3,4,4,2,2,2,3,1,1,2,1,3,3,1,1,2,2,4,4,1,1,1,1,3,1,3,1,1,1,3,1,3,3,4,2,2,2,4,4,4,4,1,1,0,0,2,4,4,1,1,1,3,4,3,3,2,4,4,4,3,3,1,1,2,2,1,1,4,1,2,2,1,3,3,1,4,1,1,1,3,3,4,1,2,1,3,3,4,4,1,3,3,3,3,1,3,3,4,4,3,3,2,2,1,1,3,1,2,1,1,1,3,3,2,2,1,1,4,4,4,4,1,4,3,3,1,1,4,4,1,1,3,3,2,4,2,2,3,3,1,1,4,4,4,4,2,1,1,1,4,4,1,1,4,4,3,3,1,1,2,2,1,3,1,1,3,3,1,1,4,4,3,3,2,3,2,4,2,1,3,1,1,1,1,1,3,3,1,1,1,1,1,1,1,1,1,1,1,2,1,1,1,1,1,2,1,1,1,2,1,2,1,1,1,2,1,1,1,2,2,1,1,2,1,1,1,1,1,1,2,2,1,1,1,1,1,1,1,1,1,1,2,2,1,1,2,2,1,1,3,2,2,2,2,2,2,2,1,4,2,2,3,4,5,5,3,3,2,2,2,2,1,1,1,2,3,3,1,5,1,1,3,3,3,3,2,3,1,5,2,3,2,3,2,3,2,2,1,1,1,1,1,2,1,1,1,2,2,2,3,3,2,2,2,2,4,4,2,3,1,1,5,5,1,1,1,3,3,3,2,2,3,3,5,5,4,4,1,1,4,4,7,7,3,3,3,3,1,2,1,5,3,3,3,3,3,3,1,4,2,3,2,4,2,2,1,2,1,3,4,4,2,2,3,3,1,1,3,3,1,2,2,4,1,4,1,1,1,2,1,1,3,4,1,2,2,3,3,3,3,3,1,3,1,1,1,4,1,1,3,3,3,3,1,1,1,1,1,2,2,2,1,1,1,1,3,3,1,2,2,2,2,2,1,3,1,1,1,2,2,3,4,4,4,4,3,4,2,2,3,3,3,4,2,2,2,2,4,4,1,3,1,3,2,3,3,3,1,3,2,2,3,3,1,2,2,2,2,2,1,1,2,4,1,2,2,2,3,3,3,5,4,4,2,2,4,5,2,4,2,3,1,1,2,2
"M145792",3,4,7,6,1,1,4,1,2,1,2,3,1,3,2,1,3,3,1,1,2,1,4,4,1,4,1,1,3,1,1,1,1,1,3,1,3,3,4,4,1,1,4,4,4,4,1,1,1,1,2,2,4,4,3,1,3,4,3,3,2,4,4,4,3,3,2,1,2,2,1,1,4,1,4,2,1,3,3,3,4,4,1,1,1,3,1,1,1,1,3,3,4,4,1,3,1,3,3,1,3,3,3,4,3,3,2,2,4,4,3,1,1,1,4,1,3,3,2,2,1,1,4,4,2,4,1,4,3,1,1,1,4,4,1,1,1,3,2,4,2,2,1,1,1,1,4,4,3,3,2,2,1,1,4,4,1,1,4,2,1,3,1,1,2,3,1,3,1,3,3,3,4,1,2,4,3,3,3,3,2,2,2,2,3,1,3,1,1,1,3,3,1,1,1,1,1,1,1,1,1,1,1,1,2,2,1,1,1,2,2,2,1,2,1,1,1,1,1,2,1,1,2,2,2,1,1,2,1,1,1,1,1,1,2,2,1,1,1,1,1,1,1,1,1,1,2,2,1,1,2,2,1,1,3,2,2,1,2,2,2,2,2,3,2,2,3,4,4,5,3,3,2,2,2,2,2,7,2,2,3,3,3,5,1,1,3,3,3,3,2,3,1,5,2,5,2,3,1,3,2,2,1,2,1,1,2,2,1,2,2,5,2,2,3,3,2,2,2,3,2,4,3,4,1,1,5,5,1,2,3,3,2,3,2,3,3,3,5,6,4,5,1,3,2,2,7,7,2,3,3,3,1,2,4,6,3,3,3,3,3,3,1,4,2,2,4,4,2,2,2,2,0,0,4,4,1,2,3,4,1,1,3,3,2,3,4,5,4,4,1,1,1,2,1,3,4,4,1,2,1,3,1,1,3,3,3,3,1,1,4,4,1,1,3,3,1,5,1,1,1,1,1,2,2,2,1,1,1,1,3,3,1,2,2,2,2,2,3,3,1,1,1,3,2,2,4,4,4,4,3,4,2,2,3,4,4,4,2,2,2,2,4,4,1,4,3,3,3,3,3,4,3,3,2,3,3,3,1,4,1,2,2,2,1,1,4,4,1,1,4,4,2,2,5,5,3,4,2,3,4,4,3,4,2,2,1,1,2,2
"M145793",4,4,7,6,3,1,4,1,2,1,2,3,1,3,2,1,2,3,1,4,2,2,4,4,1,4,1,1,3,3,3,3,2,1,3,1,3,3,4,2,2,2,4,4,4,4,4,1,1,1,2,2,4,1,3,3,3,4,3,3,2,4,4,4,1,3,1,1,2,2,2,1,4,4,4,2,1,3,3,1,4,4,1,1,3,3,1,1,1,1,3,3,2,4,1,1,3,3,3,3,3,1,4,4,3,3,2,2,4,4,3,3,1,1,1,1,3,3,2,3,3,1,4,1,2,2,1,4,3,1,1,1,4,4,1,1,1,1,2,2,1,1,1,3,3,1,4,4,3,3,2,2,1,1,4,4,1,1,4,2,3,3,1,1,2,2,1,1,1,1,1,1,4,1,4,4,3,3,3,3,4,4,2,2,3,1,1,1,1,1,1,3,1,2,1,2,1,2,1,2,1,2,1,1,1,2,1,1,1,2,2,2,1,1,1,1,1,1,1,1,1,1,1,2,1,1,1,1,1,1,1,1,1,1,2,2,1,1,1,1,1,1,1,1,1,1,2,2,1,1,2,2,1,1,2,2,2,2,2,2,2,2,1,3,2,2,3,3,5,5,3,3,2,2,2,3,2,2,2,2,3,3,2,5,1,1,3,3,3,3,2,2,1,1,2,5,3,3,3,3,2,2,1,1,1,1,2,4,1,2,2,2,2,2,1,1,2,2,2,3,4,4,4,4,1,1,5,5,1,2,4,4,2,3,2,3,1,3,5,5,4,4,1,1,2,4,1,7,3,3,3,3,1,1,6,6,3,3,3,3,2,3,1,3,2,2,3,4,2,3,2,2,3,3,4,4,1,5,4,4,1,1,3,3,1,3,4,4,4,6,1,2,1,1,3,3,4,4,1,2,1,1,1,1,3,3,4,4,1,1,2,4,1,1,3,3,3,5,1,1,1,2,1,1,2,2,1,1,1,1,3,3,1,1,2,2,2,2,3,3,1,2,1,3,2,2,2,4,1,4,3,4,2,2,4,4,4,4,2,2,2,2,4,5,4,4,3,3,2,3,3,3,1,3,2,3,1,3,3,4,1,2,2,2,1,1,4,4,1,2,1,4,1,1,5,5,4,4,1,2,4,4,4,4,2,3,1,1,2,2
"M145794",4,4,7,6,1,1,4,4,1,1,2,3,1,1,2,2,3,3,1,1,2,2,4,4,1,1,1,1,3,1,3,3,2,1,3,3,3,3,4,2,1,1,4,4,4,4,4,1,1,1,2,2,4,1,3,3,3,3,3,4,2,2,4,4,3,3,1,1,2,2,1,1,4,4,2,2,1,3,3,1,4,1,1,1,3,3,1,1,1,1,3,3,4,4,1,1,3,3,3,3,3,1,3,4,3,3,2,2,4,1,3,1,1,1,1,1,3,3,2,3,1,1,4,4,2,4,4,4,3,1,1,1,4,4,1,1,1,3,2,4,1,1,3,3,1,1,4,4,3,3,2,2,1,1,4,4,1,1,4,4,3,3,1,1,2,2,1,3,1,1,1,3,4,4,2,4,3,3,3,3,2,4,2,2,1,1,1,1,1,1,3,3,1,1,1,1,1,1,1,1,1,1,1,1,2,2,1,1,1,1,2,2,1,1,1,1,1,1,1,1,1,1,2,2,1,1,1,1,1,1,1,1,1,1,2,2,1,1,1,1,1,1,1,1,1,1,2,2,1,1,2,2,1,1,2,2,2,2,2,2,2,2,1,1,2,2,3,4,5,5,3,3,2,2,1,2,1,2,2,2,3,3,2,5,1,1,3,3,3,3,2,2,1,1,5,5,3,3,1,3,2,2,1,2,1,1,4,4,1,2,5,5,2,2,1,3,2,2,3,3,2,4,4,4,1,1,5,5,1,2,3,4,2,2,2,3,3,3,5,5,4,5,1,1,4,4,7,7,3,3,3,3,1,1,6,6,3,3,3,3,2,3,1,3,2,2,4,4,1,2,2,2,3,3,4,4,1,1,4,4,1,1,3,3,2,2,4,4,4,6,1,2,1,2,3,4,4,4,1,2,1,1,1,1,1,3,3,3,1,1,4,4,1,1,3,3,5,5,1,1,1,1,1,2,2,2,1,1,1,1,3,3,1,2,2,2,2,2,3,3,1,1,3,3,2,2,4,4,4,5,3,3,2,2,1,3,4,4,2,2,2,2,4,5,4,4,3,3,3,3,3,3,3,3,2,2,3,3,3,4,1,2,2,2,1,1,4,4,1,1,4,4,2,2,5,5,4,4,2,2,4,4,4,4,2,2,1,1,1,2
"M145795",4,4,7,6,1,1,4,1,1,1,2,3,1,3,1,1,3,3,1,4,2,2,4,4,1,1,1,1,3,1,3,3,2,2,3,3,3,3,4,4,2,1,2,4,4,4,4,1,1,1,2,4,4,4,3,3,3,3,3,3,2,4,4,4,1,3,2,1,2,2,2,1,1,1,4,2,1,1,1,1,1,1,1,3,3,3,4,1,1,1,3,3,2,4,1,1,1,3,3,1,1,1,3,3,3,3,2,2,4,4,3,3,1,1,4,1,3,3,2,3,1,1,4,4,2,4,1,1,3,3,1,1,4,4,1,1,3,3,4,4,1,1,1,3,3,1,4,4,3,3,2,2,2,1,4,4,1,1,4,4,1,3,1,1,2,2,1,1,1,1,1,3,4,4,4,4,3,3,2,3,4,4,2,2,1,1,3,3,1,3,1,3,1,2,1,2,1,2,1,2,1,2,1,2,1,2,1,1,1,2,1,1,1,1,1,1,1,1,1,1,1,1,1,1,1,1,1,1,1,1,1,1,1,1,2,2,1,1,1,1,1,1,1,1,1,1,2,2,1,1,2,2,1,1,2,2,2,2,2,2,2,2,1,2,2,2,3,3,4,5,3,3,2,2,2,2,1,7,1,2,3,3,1,5,1,1,3,3,3,3,3,3,1,1,2,5,2,3,1,3,2,2,1,2,1,1,2,4,1,2,2,2,2,2,1,2,2,2,2,2,3,4,3,4,1,1,5,5,1,2,3,4,3,3,2,3,3,3,5,5,4,4,1,1,4,4,1,7,3,3,3,3,1,1,6,6,3,3,3,3,3,3,1,3,2,3,4,4,2,2,1,2,3,3,4,4,1,2,3,4,1,1,3,3,1,3,4,4,4,6,1,1,1,2,4,4,4,4,1,2,1,3,1,1,2,3,3,4,1,1,4,4,1,1,3,3,1,5,1,1,1,2,1,1,2,2,1,1,1,2,3,3,1,1,2,2,2,2,3,4,1,1,1,1,2,2,2,4,1,4,3,4,2,2,3,4,4,4,2,2,2,2,4,4,4,4,3,3,2,4,4,4,3,3,2,2,1,3,1,4,1,2,2,2,1,1,4,4,1,1,1,4,1,2,5,5,4,4,1,2,4,4,4,4,2,2,1,1,1,2
"M145796",3,3,6,6,1,1,4,1,2,2,2,2,1,1,1,1,0,0,1,1,2,1,4,4,1,1,1,1,1,1,1,1,2,1,3,1,3,3,4,2,2,1,2,2,4,4,1,1,3,3,2,4,4,1,3,1,3,3,3,3,2,2,3,4,1,3,1,1,2,2,1,1,1,1,4,2,1,3,3,1,1,1,1,3,3,3,4,1,2,1,3,3,2,4,3,3,3,3,3,1,3,3,3,4,3,3,2,2,4,4,3,1,1,1,4,1,1,3,2,2,1,1,4,1,4,4,1,1,3,1,1,1,4,4,1,1,1,3,2,4,1,1,1,3,3,3,4,4,4,4,2,2,2,2,4,4,2,1,4,4,3,3,1,1,2,2,1,3,1,1,1,3,4,1,4,4,3,3,3,3,4,4,2,2,3,1,3,1,1,3,3,3,1,2,1,2,1,2,1,2,1,2,1,1,1,1,1,1,1,2,0,0,1,2,1,2,1,1,1,2,1,1,1,2,2,1,1,2,1,1,1,1,1,1,2,2,1,1,1,1,1,1,1,1,1,1,2,2,1,1,2,2,1,1,3,2,2,2,2,2,2,2,1,3,2,2,3,4,4,5,3,3,2,2,2,2,1,7,1,2,3,5,5,5,1,1,3,3,1,3,2,3,1,1,2,2,2,3,2,2,2,2,1,2,1,1,2,4,1,1,2,3,2,2,1,1,2,2,2,2,3,4,3,4,1,1,5,5,1,2,4,4,2,3,1,3,3,3,5,6,1,4,1,1,2,4,1,2,2,3,3,3,1,1,1,6,3,3,3,3,3,3,1,3,2,2,4,4,2,2,2,2,1,1,2,4,2,2,3,3,1,1,3,3,3,3,1,7,4,6,1,1,1,1,3,3,4,4,1,1,1,2,1,1,2,3,3,4,1,1,4,4,1,1,3,3,3,3,1,1,1,2,2,2,2,2,1,1,1,1,3,3,2,2,2,3,2,2,2,3,1,1,1,3,2,2,2,4,4,4,3,4,2,3,3,4,2,5,2,2,2,2,4,5,3,3,3,3,2,3,2,2,1,3,2,2,1,3,1,1,1,2,2,5,1,3,4,4,1,2,3,4,2,3,3,5,4,4,2,3,4,4,3,4,2,2,1,1,2,2
"M145797",3,3,7,6,3,1,4,1,2,2,2,2,1,1,1,1,2,3,1,1,2,2,4,4,1,4,1,1,1,1,1,1,2,1,3,1,3,3,4,2,2,1,2,4,4,4,1,1,3,1,2,4,4,4,3,1,3,3,3,3,2,2,4,4,1,3,1,1,2,2,1,1,1,1,4,2,1,1,3,1,1,1,1,3,3,3,4,1,1,1,3,3,2,4,1,3,3,3,3,1,3,3,3,4,3,3,2,2,4,4,3,1,1,1,4,1,1,3,2,2,1,1,4,4,4,4,1,1,3,3,2,2,4,4,1,1,1,3,2,4,1,1,1,3,3,3,4,4,4,4,2,2,2,1,4,4,1,1,4,2,3,3,1,1,2,2,1,3,1,3,1,1,4,1,4,4,3,3,3,3,2,4,2,2,3,3,3,1,1,3,1,1,1,2,1,2,1,2,1,2,1,2,1,1,1,1,1,1,1,2,1,2,1,2,2,2,1,1,1,2,1,1,1,2,2,1,1,2,1,1,1,1,1,1,2,2,1,1,1,1,1,1,1,1,1,1,2,2,1,1,2,2,1,1,3,2,1,1,2,2,2,2,1,3,2,2,3,4,5,5,3,3,2,2,2,2,2,7,1,2,3,5,5,5,1,1,3,3,3,3,2,3,1,5,2,2,3,3,3,3,2,2,1,2,1,1,2,4,1,1,2,3,2,2,1,3,2,2,2,2,3,4,3,4,1,3,5,5,1,1,1,4,3,3,2,3,3,3,4,5,4,4,1,1,2,4,1,2,2,3,3,3,1,1,1,1,3,3,3,3,2,3,1,1,2,3,4,4,2,2,2,2,1,1,2,4,2,2,3,3,1,1,3,3,1,3,4,5,4,4,1,2,1,2,3,3,4,4,1,1,1,3,1,1,3,3,3,3,1,1,4,4,1,2,2,3,3,3,1,1,1,2,1,1,2,2,1,1,1,1,3,3,2,2,2,2,2,2,3,3,1,1,1,3,2,2,2,4,4,4,3,4,2,2,3,4,2,5,2,2,2,2,4,4,3,3,3,3,2,3,2,2,3,3,2,2,1,3,1,1,1,2,2,5,1,3,4,4,1,1,4,4,3,3,3,5,3,4,3,3,4,4,3,3,2,2,1,1,2,2
"M145798",3,4,7,6,1,1,4,4,2,1,2,3,1,3,2,1,2,3,1,4,2,2,4,4,1,4,1,1,3,1,3,1,2,1,3,1,3,3,4,4,2,2,4,4,4,4,4,1,3,1,2,4,4,4,3,3,3,4,3,3,2,4,4,4,1,1,2,1,2,2,1,1,4,4,4,2,1,3,3,1,1,1,1,1,1,3,1,1,1,1,3,3,2,2,1,1,1,3,1,1,3,1,3,4,3,3,2,2,4,4,3,3,1,1,1,1,3,3,2,2,1,1,4,4,2,4,1,4,3,3,1,1,4,4,1,1,1,3,2,4,2,1,3,3,1,1,4,4,3,3,2,2,1,1,4,4,2,1,4,2,3,3,1,4,2,2,1,1,1,3,1,3,4,4,4,4,3,3,3,3,2,4,2,2,3,1,3,3,1,1,3,3,2,2,2,2,2,2,2,2,2,2,1,1,1,2,1,1,1,1,1,2,1,1,1,1,1,1,1,1,1,1,1,2,1,1,1,1,1,1,1,1,1,1,2,2,1,1,1,1,1,1,1,1,1,1,2,2,1,1,2,2,1,1,3,2,2,1,2,2,2,2,1,1,2,2,3,3,5,5,3,3,2,2,2,2,1,2,1,2,3,3,5,5,1,1,3,3,3,3,2,3,1,5,2,2,2,3,1,3,2,2,1,2,1,1,2,2,1,2,2,5,2,2,1,3,2,2,2,2,4,4,2,3,1,1,5,5,1,2,3,3,2,3,3,3,3,3,5,5,4,4,1,1,4,4,1,1,2,3,3,3,1,1,4,6,3,3,3,3,3,3,1,4,2,2,4,4,2,2,2,2,3,3,2,4,1,2,3,3,1,1,3,3,3,3,4,5,4,4,1,1,1,1,3,4,4,4,2,2,1,1,1,1,3,3,3,4,1,1,4,4,1,1,3,3,1,3,1,1,2,2,1,2,2,2,1,1,1,1,3,3,1,2,2,2,2,2,3,3,1,1,1,3,2,2,2,2,1,4,3,3,2,2,3,4,4,4,2,2,2,2,4,4,1,3,3,3,3,3,3,4,3,3,2,2,1,1,1,1,2,2,2,2,1,1,4,4,1,2,1,4,1,2,3,3,3,4,2,3,4,4,3,4,2,2,1,1,2,2
"M145799",3,4,6,6,3,1,4,1,2,2,2,2,1,1,2,2,2,3,1,1,2,2,4,4,1,4,1,1,3,3,1,1,1,1,1,1,3,4,4,2,2,1,2,4,4,4,1,1,1,1,2,4,4,4,3,3,3,4,3,3,2,2,3,3,1,3,1,1,2,2,1,1,4,1,2,2,1,1,3,1,4,4,1,1,3,3,4,1,1,1,3,3,2,4,1,3,3,3,3,1,3,3,3,4,3,3,2,2,1,1,3,1,1,1,1,1,1,3,2,2,3,1,4,1,2,4,1,4,3,3,1,1,2,4,1,1,3,3,2,2,2,2,1,3,3,1,4,4,3,4,2,2,2,1,2,2,0,0,4,2,1,3,1,1,2,3,1,3,1,3,1,1,4,1,4,4,3,3,3,3,2,2,1,1,3,3,3,1,1,1,1,3,1,2,1,2,1,2,1,2,1,2,1,2,1,1,1,1,1,1,1,2,1,1,1,1,1,1,1,1,1,1,1,2,1,1,1,1,1,1,1,1,1,1,2,2,1,1,1,1,1,1,1,1,1,1,2,2,1,1,2,2,1,1,1,2,2,1,2,2,2,2,2,2,2,2,4,4,5,5,3,3,1,1,2,2,7,7,2,2,3,3,1,5,1,1,3,3,3,3,1,2,1,1,2,3,2,2,1,3,2,2,1,1,1,3,1,4,1,2,1,2,2,2,3,3,2,2,2,3,4,4,3,4,1,1,5,5,1,2,1,1,3,3,2,3,1,3,5,5,4,4,1,1,4,4,1,7,3,3,3,3,1,1,6,6,3,3,3,3,3,3,3,4,1,3,2,4,2,2,1,2,3,4,2,4,2,2,3,3,1,1,3,3,1,1,4,4,4,5,1,1,2,2,1,1,1,4,2,2,1,1,1,3,3,3,1,3,1,1,1,3,1,1,3,3,3,3,1,1,1,2,1,2,2,3,1,1,1,1,1,3,1,2,2,2,2,2,1,3,1,1,1,3,2,2,1,4,4,4,3,3,2,2,3,4,2,4,2,2,2,2,4,4,3,3,3,3,3,3,2,2,1,3,2,3,1,3,1,2,2,2,2,5,1,1,4,4,1,1,4,4,2,3,5,6,4,5,2,2,3,4,2,3,2,3,1,1,2,2
"M145800",4,4,6,6,1,1,4,1,2,1,3,3,3,3,1,1,3,3,4,4,2,2,4,4,1,1,1,1,3,1,1,1,2,2,3,1,3,3,4,2,2,1,2,2,1,4,1,1,1,1,2,2,4,1,3,1,3,3,3,3,4,4,4,4,1,1,1,1,2,1,1,1,1,1,4,4,1,1,3,1,4,1,1,3,3,3,1,1,1,1,3,3,2,2,1,1,3,3,1,1,3,3,3,3,3,3,2,2,4,4,3,3,1,1,1,1,3,3,2,2,3,1,4,4,4,4,4,4,3,3,1,1,4,4,1,1,3,3,2,4,1,1,1,3,1,1,4,2,3,3,2,2,1,1,4,4,1,1,2,2,3,3,1,1,2,2,1,3,1,1,1,3,4,4,4,4,3,3,2,3,2,2,2,2,3,1,1,1,1,1,1,3,2,2,2,2,2,2,2,2,2,2,1,1,1,2,1,1,2,2,2,2,1,1,2,2,1,1,2,2,1,1,1,2,2,1,1,2,1,1,1,1,1,1,2,2,1,1,1,1,1,1,1,1,1,1,2,2,1,1,2,2,1,1,2,2,2,1,2,2,2,2,1,2,2,2,3,4,5,5,3,3,2,2,2,2,1,1,1,2,3,3,5,5,1,1,3,3,3,3,1,3,1,1,2,2,2,3,1,3,2,2,2,2,1,1,2,2,2,2,2,5,2,2,3,3,2,2,2,2,3,4,3,4,1,1,5,5,2,2,1,3,3,3,3,3,3,3,5,5,4,5,1,1,2,2,1,1,3,3,3,3,1,2,6,6,3,3,3,3,3,3,1,3,2,2,4,4,2,2,2,2,3,3,4,4,2,2,3,3,1,1,3,3,3,3,4,4,4,4,1,1,1,1,1,4,4,4,1,2,1,1,1,1,1,3,3,3,1,1,4,4,1,1,3,3,3,3,1,1,2,2,1,2,2,2,1,1,1,1,3,3,1,2,2,2,2,2,3,3,1,1,1,1,2,2,2,2,4,5,3,4,2,2,4,4,4,4,2,2,2,2,4,4,3,3,3,3,2,3,3,3,1,3,2,2,1,1,1,4,2,2,2,2,1,3,4,4,1,1,4,4,2,2,5,5,4,4,2,2,4,4,4,4,2,2,1,1,2,2
"M145801",4,4,7,6,1,1,4,4,2,1,3,3,1,3,1,1,3,3,1,1,2,2,4,4,1,1,1,1,3,1,1,1,1,1,3,3,3,3,4,2,1,1,4,4,4,4,1,1,1,1,2,2,4,4,3,3,3,3,3,3,2,4,4,4,3,3,2,1,2,2,2,1,4,1,2,2,1,3,3,1,4,4,1,3,3,3,4,1,2,1,3,3,4,4,1,3,1,3,1,1,3,1,3,3,3,3,2,2,4,4,3,1,1,1,1,1,3,3,2,2,3,3,4,4,2,4,4,4,3,3,1,1,4,4,1,1,3,3,2,4,1,1,3,3,3,1,4,4,3,4,2,2,2,1,4,4,1,1,4,2,1,3,1,1,2,2,1,1,1,1,3,3,4,4,4,4,3,3,2,3,2,4,2,2,3,1,3,3,1,3,1,3,1,1,1,1,1,1,1,1,1,1,1,2,1,1,1,1,2,2,2,2,1,2,2,2,1,1,1,2,1,1,1,2,2,1,1,2,1,1,1,1,1,1,2,2,1,1,1,1,1,1,1,1,1,1,2,2,1,1,2,2,1,1,3,2,2,1,2,2,2,2,1,2,2,2,3,4,5,5,3,3,2,2,1,2,2,7,1,2,3,3,1,5,1,1,3,3,3,3,2,2,1,1,2,5,2,3,1,3,2,2,1,1,1,1,4,4,2,2,2,2,2,2,2,3,2,2,2,2,2,3,4,4,1,1,5,5,1,2,3,4,3,3,2,3,3,3,5,6,4,4,1,3,2,4,2,7,3,3,3,3,1,1,6,6,3,3,3,3,3,3,1,3,1,2,4,4,2,2,2,2,1,1,4,4,1,2,3,3,1,1,3,3,1,3,4,4,4,6,1,1,1,2,4,4,4,4,1,2,1,3,1,1,2,3,3,4,1,1,4,4,1,1,3,3,1,3,1,1,1,1,1,2,2,2,1,1,1,2,1,3,1,1,2,2,2,2,2,3,1,1,3,3,2,2,4,4,1,4,3,4,2,2,3,4,4,4,2,2,2,2,4,4,3,4,3,3,2,4,4,4,3,3,2,2,3,3,1,1,1,2,2,2,1,1,4,4,1,2,1,4,1,3,2,5,3,4,2,3,4,4,2,4,2,2,1,1,2,2
"M145802",4,4,7,6,3,1,1,1,2,1,2,3,1,1,1,1,2,3,4,4,2,2,4,4,1,1,3,3,3,1,1,1,2,1,3,3,3,3,2,2,2,2,2,4,4,4,1,1,1,1,2,2,4,4,3,1,3,3,3,3,2,2,3,3,3,3,1,1,2,2,2,2,4,1,2,2,1,3,3,1,1,1,1,1,3,3,4,1,1,1,1,3,4,4,3,3,1,3,3,1,3,1,4,4,1,1,2,2,4,1,3,1,2,1,4,1,1,1,2,2,3,1,4,4,2,4,1,1,3,3,0,0,4,4,1,1,3,3,2,4,2,2,3,3,1,1,4,4,3,3,2,1,1,1,4,4,2,2,4,4,3,3,1,1,2,2,1,3,1,3,1,3,4,4,2,4,3,3,2,3,4,4,2,2,3,1,3,1,1,1,1,3,1,1,1,1,1,1,1,1,1,1,1,1,1,1,1,1,1,2,0,0,1,1,1,1,1,1,1,1,1,1,1,2,1,1,1,1,1,1,1,1,1,1,2,2,1,1,1,1,1,1,1,1,1,1,2,2,1,1,2,2,1,1,4,2,1,1,2,2,2,2,1,4,2,2,3,3,5,5,3,3,2,2,1,2,1,2,1,2,3,3,2,3,1,1,3,3,1,3,3,3,1,1,2,5,3,3,3,3,2,2,2,2,1,1,2,2,1,1,5,5,2,2,1,1,2,2,2,2,2,4,3,4,1,1,5,5,1,2,1,4,2,2,2,3,3,3,5,6,4,4,1,2,2,4,7,7,3,3,3,3,1,2,1,6,3,3,3,3,3,3,1,4,3,3,4,4,2,2,2,2,3,3,4,4,2,2,3,3,1,1,3,3,1,3,1,4,1,4,1,1,1,2,3,4,4,4,2,2,1,1,1,3,3,3,3,3,1,1,2,4,2,2,3,3,1,3,1,1,1,1,1,2,2,2,1,1,1,1,3,3,1,2,2,2,2,2,2,3,1,2,2,3,2,2,4,4,4,4,3,3,2,2,3,4,3,4,2,2,2,2,4,4,3,4,3,3,3,3,2,2,3,3,2,2,3,3,1,1,1,1,2,2,1,1,4,4,1,2,4,4,2,3,3,5,4,4,1,3,4,4,3,3,2,2,1,1,2,2
"M145803",3,4,7,6,1,1,1,1,2,1,2,3,3,3,2,1,3,3,1,4,2,2,4,4,1,1,1,1,3,1,3,1,1,1,3,3,3,3,4,2,2,1,2,4,4,4,4,1,1,1,2,4,4,4,3,1,3,3,3,3,2,4,4,4,1,3,2,1,2,2,2,1,4,4,2,2,1,1,1,1,1,1,1,1,1,3,1,1,1,1,3,3,2,4,1,3,1,3,3,1,3,1,3,3,3,3,2,2,4,4,3,1,1,1,1,1,1,3,2,2,1,1,4,4,2,4,1,1,3,3,1,1,4,4,1,1,3,3,2,4,2,1,3,3,1,1,4,4,3,4,2,2,1,1,4,4,2,1,4,2,3,3,1,1,2,2,1,1,1,1,1,1,4,1,4,4,3,3,3,3,2,4,2,1,3,1,3,3,1,3,3,3,1,2,1,2,1,2,1,2,1,2,1,1,1,2,1,1,1,2,1,1,1,2,2,2,1,1,1,2,1,1,1,2,2,1,1,2,1,1,1,1,1,1,2,2,1,1,1,1,1,1,1,1,1,1,2,2,1,1,2,2,1,1,2,2,2,1,2,2,2,2,1,3,2,2,3,3,4,5,3,3,2,2,2,2,1,2,1,2,3,3,5,5,1,1,3,3,3,3,2,3,1,2,2,3,3,3,3,3,2,2,1,2,1,1,2,4,1,2,2,5,2,2,1,3,2,2,2,3,3,4,2,4,1,1,5,5,2,2,3,4,2,2,3,3,1,3,5,5,4,5,1,3,2,4,1,7,2,3,3,3,1,1,4,4,3,3,3,3,3,3,1,4,1,2,4,4,2,2,2,2,1,3,4,4,1,2,3,4,1,1,3,3,2,3,4,7,4,6,1,1,1,1,1,3,4,4,2,2,1,3,1,1,3,3,3,3,1,1,4,4,1,2,2,3,1,5,1,1,1,2,1,2,2,2,1,1,1,1,3,3,2,2,2,2,2,2,3,3,1,1,1,3,2,2,2,4,1,4,3,4,2,2,3,4,4,5,2,2,2,2,4,4,1,4,3,3,3,3,2,4,3,3,2,2,1,3,1,3,1,2,2,2,1,1,4,4,1,2,4,4,2,2,3,3,4,4,2,2,4,4,4,4,2,2,1,1,1,2
"M145804",3,4,6,6,1,1,4,4,2,1,2,2,1,1,2,1,2,3,1,1,2,1,4,4,1,1,1,1,3,1,1,1,2,1,3,3,3,3,4,4,2,1,2,2,4,4,4,4,3,1,2,4,4,1,3,1,4,4,3,3,2,4,3,4,1,1,1,1,2,2,2,1,4,4,2,2,1,1,3,1,4,1,1,1,3,3,1,1,1,1,3,3,2,2,1,3,3,3,3,3,3,1,3,3,3,3,2,2,4,1,1,1,1,1,1,1,1,3,2,2,1,1,4,4,4,4,1,4,3,1,2,2,2,4,1,1,1,1,2,2,2,2,1,3,3,1,4,2,4,4,2,2,2,1,4,4,2,1,4,2,3,3,1,1,2,3,1,3,1,1,1,3,4,4,4,4,3,3,3,3,4,4,2,2,3,3,3,1,1,1,1,1,2,2,2,2,2,2,2,2,2,2,1,1,1,1,1,1,1,2,1,2,1,1,1,1,1,1,1,1,1,1,1,1,1,1,1,1,1,1,1,1,1,1,2,2,1,1,1,1,1,1,1,1,1,1,2,2,1,1,2,2,1,1,2,2,1,1,2,2,2,2,2,4,2,2,3,4,5,5,3,3,2,2,2,2,2,7,1,2,3,3,5,5,1,1,3,3,3,3,2,3,1,1,2,2,2,2,3,3,2,2,1,1,1,3,1,2,1,2,2,5,2,2,1,3,2,2,2,2,2,4,3,3,1,1,5,5,1,1,1,3,3,3,2,3,3,3,5,6,4,4,1,3,2,4,1,1,2,3,3,3,1,1,1,6,3,3,3,3,3,3,3,3,2,2,4,4,2,2,2,2,1,1,2,4,2,2,4,4,1,1,3,3,1,1,4,4,4,5,1,1,2,2,1,3,4,4,1,2,1,1,1,1,3,3,3,3,1,1,3,4,1,2,3,3,1,1,1,1,2,2,1,1,2,2,1,1,1,1,3,3,1,2,3,3,2,2,3,3,1,1,1,3,2,2,1,2,4,4,4,4,2,2,3,4,2,4,2,2,2,2,4,4,3,3,3,3,3,3,2,3,3,3,2,3,1,1,1,1,2,2,5,5,1,1,4,4,1,1,1,4,3,3,5,5,4,5,2,2,3,4,3,3,2,2,1,1,2,2
"M145805",3,3,7,6,1,1,4,1,2,1,2,2,1,1,1,1,2,3,1,1,2,2,4,4,1,4,1,3,3,1,0,0,2,2,3,1,3,3,4,4,1,1,4,4,1,4,4,1,1,1,2,4,4,1,3,1,3,4,3,3,2,4,3,4,1,3,1,1,2,2,2,1,4,1,4,2,1,1,3,1,4,1,1,1,3,3,4,1,1,1,3,3,2,4,1,3,3,3,1,1,3,3,3,3,3,1,2,2,1,1,3,3,1,1,1,1,3,3,2,3,1,1,4,1,2,4,1,4,3,3,1,1,2,4,1,1,3,3,2,2,1,1,1,3,3,1,4,4,3,4,2,2,2,1,4,4,2,1,4,4,3,3,1,1,2,3,1,1,1,3,1,3,4,1,4,4,3,3,3,3,4,4,2,2,3,1,3,1,1,3,1,1,1,2,1,2,1,2,1,2,1,2,1,2,1,1,1,1,1,1,1,2,1,2,1,2,1,1,1,2,1,1,2,2,2,1,1,2,1,1,1,1,1,1,2,2,1,1,1,1,1,1,1,1,1,1,2,2,1,1,2,2,1,1,3,2,1,1,2,2,2,2,1,4,2,2,3,4,5,5,3,3,2,2,2,2,1,1,1,1,3,3,1,3,1,1,3,3,3,3,3,3,1,5,2,5,3,3,2,3,2,2,1,2,1,1,2,4,1,1,2,2,2,2,3,3,2,2,2,3,3,4,4,4,1,1,5,5,2,2,1,3,3,3,1,2,3,3,5,5,1,4,1,1,4,4,1,7,3,3,3,3,1,1,6,6,3,3,3,3,3,3,3,3,2,2,4,4,2,2,2,2,3,3,2,4,2,5,3,4,1,1,3,3,1,3,1,5,1,4,1,1,2,2,3,4,4,4,2,2,1,3,1,1,3,3,3,3,1,1,3,4,1,1,3,3,1,3,1,1,1,2,1,2,2,3,1,1,1,1,3,3,2,2,2,3,2,2,3,3,1,2,1,3,2,2,1,4,4,4,3,4,2,2,3,4,2,3,2,2,2,2,4,4,3,3,3,3,3,3,2,2,1,3,2,2,1,3,1,2,1,2,2,2,1,1,4,4,1,1,4,4,2,3,6,6,3,4,2,3,3,4,3,3,2,2,1,1,2,2
"M145806",3,3,7,6,1,1,4,4,2,2,2,2,1,1,1,1,2,3,1,1,2,2,4,4,1,1,1,3,3,1,1,1,2,2,3,1,3,3,4,2,1,1,2,4,1,4,4,1,1,1,2,4,4,1,3,1,3,4,3,3,2,2,4,4,3,3,1,1,2,2,2,1,4,1,4,2,1,1,3,3,4,1,1,1,3,3,4,1,1,1,3,3,4,4,3,3,3,3,3,3,3,1,3,3,3,3,2,2,1,1,3,3,1,1,1,1,3,3,2,2,1,1,4,1,2,4,1,4,3,1,2,1,4,4,1,1,3,3,2,2,2,1,1,3,3,3,4,4,4,4,2,2,2,2,2,4,1,1,4,4,3,3,1,1,2,2,1,1,1,3,1,1,4,1,4,4,3,3,3,3,4,4,2,2,3,1,3,1,1,1,1,3,1,1,1,1,1,1,1,1,1,1,1,2,1,1,1,1,1,2,1,2,1,2,1,1,1,1,1,2,1,1,1,2,2,1,1,2,1,1,1,1,1,1,2,2,1,1,1,1,1,1,1,1,1,1,2,2,1,1,2,2,1,1,2,2,1,1,2,2,2,2,1,2,2,2,3,3,4,5,3,3,1,2,2,2,1,1,1,2,3,3,2,3,1,2,3,3,3,3,3,3,1,5,2,2,3,3,3,3,2,2,1,1,1,1,2,4,1,1,2,2,2,2,1,1,2,2,2,3,2,4,3,3,1,1,5,5,1,1,3,4,3,3,2,3,1,3,5,5,1,4,1,3,4,4,2,7,3,3,3,3,1,1,1,1,3,3,3,3,2,3,3,3,3,3,4,4,2,2,2,2,1,1,4,4,2,5,3,4,1,1,3,3,3,3,1,5,1,4,1,1,1,2,3,3,4,4,2,2,2,2,1,1,3,3,3,4,1,1,4,4,1,1,3,3,1,3,1,1,1,1,1,2,2,2,1,1,1,1,3,3,2,2,2,3,2,2,3,3,1,1,1,1,2,2,3,4,4,4,3,3,2,2,3,4,2,4,2,2,2,2,4,4,3,3,3,3,2,3,2,4,1,3,2,3,3,3,1,2,1,1,2,2,1,3,4,4,1,1,4,4,2,3,5,5,2,4,3,3,4,4,1,3,2,2,1,1,2,2
"M145807",4,4,7,6,3,1,1,1,2,1,2,2,1,1,1,1,2,3,1,4,2,1,4,4,1,4,1,1,3,1,1,1,2,2,1,1,3,4,4,2,1,1,2,4,4,4,1,1,1,1,4,4,4,1,3,1,3,3,3,3,2,4,3,4,1,3,2,1,2,2,1,1,4,1,4,2,1,1,3,3,4,1,1,1,3,3,1,1,1,1,3,3,2,4,1,3,3,3,1,1,3,3,3,4,3,3,2,2,4,1,3,3,1,1,4,1,1,1,2,2,3,1,4,1,2,4,4,4,1,1,1,1,4,4,1,1,1,3,2,4,1,1,1,3,1,1,4,4,3,4,2,2,2,2,2,4,1,1,4,4,3,3,1,1,2,3,1,1,1,1,1,1,1,1,4,4,3,3,3,3,4,4,2,2,3,3,3,1,1,1,3,3,1,2,1,2,1,2,1,2,1,2,1,2,1,2,1,1,1,2,0,0,1,2,1,2,1,1,1,2,1,1,1,2,2,1,1,2,1,1,1,1,1,1,2,2,1,1,1,1,1,1,1,1,1,1,2,2,1,1,2,2,1,1,1,3,2,1,2,2,2,2,3,4,2,2,3,3,5,5,3,3,1,2,2,2,1,2,1,2,3,3,1,5,1,1,3,3,3,3,2,3,1,4,3,5,2,3,2,3,2,2,1,1,1,1,2,2,1,1,1,5,2,2,3,3,2,2,2,2,3,4,3,4,1,1,5,5,1,2,1,3,3,3,2,3,3,3,5,5,4,4,1,3,2,4,1,5,2,3,3,3,1,1,1,4,3,3,1,3,3,3,3,4,2,3,4,4,2,2,1,2,3,3,4,4,1,5,3,4,1,1,3,3,1,1,4,4,4,6,1,1,1,1,1,1,1,4,1,2,1,1,1,3,3,3,1,3,1,1,4,5,1,1,3,3,3,3,1,1,1,2,1,1,2,2,1,1,1,1,1,3,1,1,2,2,2,2,1,2,1,1,3,3,2,2,2,4,4,4,3,4,2,2,3,3,2,4,2,2,2,2,4,4,3,3,3,3,3,3,3,3,3,3,2,2,1,3,3,4,1,2,2,5,1,1,4,4,1,2,4,4,3,3,5,5,4,5,2,2,4,4,2,4,2,3,1,1,2,2
"M145808",4,4,6,6,3,1,1,1,2,2,2,3,1,1,1,1,0,0,4,4,2,2,4,4,1,1,1,3,3,1,1,1,2,1,3,1,3,4,2,2,2,1,2,4,4,4,1,1,1,1,2,4,4,4,3,1,3,3,3,3,2,4,3,4,3,3,1,1,2,2,2,2,4,1,4,2,1,3,1,1,1,1,1,1,3,3,4,1,1,1,1,3,4,4,3,3,3,3,3,1,3,1,3,3,3,1,2,2,4,1,3,3,2,1,1,1,1,3,2,2,3,1,4,1,2,4,1,1,3,3,2,1,4,4,1,1,1,3,2,4,2,1,3,3,3,1,4,2,3,4,2,2,1,1,4,4,2,1,4,4,3,3,1,1,2,2,1,3,1,1,1,3,4,4,2,4,3,3,2,3,4,4,2,2,3,1,3,3,1,1,3,3,1,1,1,1,1,1,1,1,1,1,1,1,1,1,1,1,1,2,0,0,1,1,1,1,1,1,1,1,1,1,1,2,1,1,1,1,1,1,1,1,1,1,2,2,1,1,1,1,1,1,1,1,1,1,2,2,1,1,2,2,1,1,2,2,2,1,2,2,2,2,1,4,2,2,3,3,5,5,3,3,2,2,1,2,1,2,1,1,3,3,2,3,1,1,3,3,1,3,2,3,1,1,2,5,3,3,1,3,2,2,1,2,1,1,2,2,1,1,5,5,2,2,1,1,2,2,2,3,3,4,3,3,1,1,5,5,1,2,1,4,2,3,2,3,1,3,5,6,4,4,1,3,2,4,7,7,3,3,3,3,1,2,2,2,3,3,3,3,3,3,4,4,3,3,3,4,2,2,1,2,1,3,4,4,2,2,3,3,1,1,3,3,2,3,4,4,4,6,1,2,2,2,3,4,4,4,2,2,1,3,1,1,3,3,3,3,1,1,2,3,1,2,3,3,1,3,1,1,1,1,1,2,2,2,1,1,1,1,3,3,1,2,2,2,2,2,2,3,1,1,2,3,2,2,4,4,4,4,3,3,2,3,3,3,3,4,2,2,2,2,4,4,3,3,3,3,3,3,2,3,1,3,2,2,3,3,1,1,1,1,2,2,1,1,4,4,1,1,4,4,2,3,3,6,3,4,2,2,4,4,2,4,2,2,1,1,2,2
"M145809",4,4,6,6,3,1,4,1,2,2,2,2,1,1,2,1,3,3,4,4,2,2,4,4,1,1,1,3,3,1,1,1,2,1,3,1,3,4,4,4,2,2,2,4,4,4,1,1,1,1,2,4,4,4,1,1,3,3,3,3,4,4,4,4,3,3,1,1,2,2,2,1,4,1,2,2,1,1,1,1,1,1,1,1,1,3,4,1,2,1,1,3,4,4,3,3,1,1,1,1,3,3,4,4,1,1,2,2,4,1,3,3,2,1,1,1,1,3,2,2,3,1,4,4,2,4,1,1,3,3,2,1,4,4,1,1,1,3,2,4,2,2,1,3,3,1,4,4,3,4,2,1,1,1,4,4,2,1,4,4,1,3,1,1,2,2,1,1,1,1,1,3,4,4,2,4,3,3,3,3,4,4,2,2,3,1,3,1,1,1,3,3,1,1,1,1,1,1,1,1,1,1,1,1,1,1,1,1,1,2,1,2,1,1,1,1,1,1,1,1,1,1,1,2,1,1,1,1,1,1,1,1,1,1,2,2,1,1,1,1,1,1,1,1,1,1,2,2,1,1,2,2,1,1,2,2,2,1,2,2,2,2,2,4,2,2,3,3,5,5,3,3,2,2,1,2,1,2,1,2,3,3,1,5,1,1,3,3,1,3,3,3,1,1,5,5,3,3,1,3,2,2,1,2,1,1,2,2,1,2,5,5,2,2,1,3,2,2,2,2,2,4,3,3,1,1,5,5,1,2,1,4,2,3,2,2,1,1,5,6,4,4,1,3,2,4,2,7,3,3,3,3,1,1,1,2,3,3,3,3,3,3,1,1,3,3,4,4,2,2,2,2,1,3,4,4,2,2,3,3,1,3,3,3,1,3,1,4,1,6,1,2,1,2,3,3,4,4,2,2,1,3,1,3,3,3,3,3,1,1,2,3,2,2,3,3,1,4,1,1,1,1,1,2,2,2,1,1,1,1,3,3,1,2,2,2,2,2,2,3,1,2,3,3,2,2,4,4,4,4,3,4,2,2,3,4,3,3,2,2,2,2,4,4,3,4,3,3,3,3,2,2,1,3,2,2,3,3,1,1,1,2,2,2,1,1,4,4,1,1,4,4,2,2,6,6,4,4,1,2,4,4,2,2,2,2,1,1,2,2
"M145810",4,4,0,0,1,1,4,1,2,2,3,3,1,3,2,1,3,3,1,4,2,2,4,4,1,1,1,1,3,3,3,3,2,1,3,3,3,3,4,4,2,1,2,4,4,4,4,1,1,1,2,4,4,4,3,1,3,4,3,3,2,4,3,4,3,3,2,1,2,2,2,1,4,1,2,2,1,1,3,1,4,4,1,3,3,3,4,1,2,1,3,3,4,4,1,3,3,3,3,1,3,1,3,4,3,3,2,2,4,4,3,3,1,1,1,1,0,0,2,3,3,3,4,4,2,4,4,4,3,3,1,1,4,4,1,1,3,3,2,4,2,1,3,3,3,1,4,4,3,4,2,2,2,1,4,4,1,1,2,2,3,3,1,1,2,2,1,3,1,1,1,3,4,4,4,4,1,3,3,3,4,4,2,2,1,1,3,1,1,3,1,3,1,1,1,1,1,1,1,1,1,1,1,1,1,1,1,1,1,2,1,2,1,1,1,1,1,1,1,1,1,1,1,1,1,1,1,1,1,1,1,1,1,1,2,2,1,1,1,1,1,1,1,1,1,1,2,2,1,1,2,2,1,1,2,2,2,2,2,2,2,2,1,2,2,2,3,3,4,5,3,3,2,2,2,2,2,7,1,2,3,3,1,5,1,1,3,3,3,3,3,3,1,1,5,5,3,3,3,3,2,2,1,2,1,1,2,4,1,1,2,2,2,2,2,3,2,2,2,3,3,4,4,4,1,1,5,5,2,2,3,4,2,3,3,3,3,3,5,5,4,5,1,3,4,4,7,7,3,3,3,3,1,1,6,6,3,3,3,3,3,3,1,3,2,3,4,4,2,2,1,2,1,1,4,4,1,1,3,4,1,1,3,3,1,3,4,7,4,6,1,1,1,2,4,4,4,4,1,2,1,3,1,1,3,3,3,4,1,1,4,4,1,1,2,3,1,5,1,1,1,1,1,2,2,2,1,1,1,1,3,3,1,1,2,2,2,2,3,4,1,1,1,3,2,2,4,4,4,4,3,4,2,2,3,4,4,4,2,2,2,2,4,4,4,4,3,3,3,4,3,4,1,3,2,2,3,3,1,1,1,2,2,2,1,1,4,4,1,1,4,4,2,2,2,5,4,4,1,2,4,4,4,4,2,2,1,1,2,2
"M145811",4,4,6,6,3,1,1,1,2,1,2,2,1,1,2,1,3,3,4,4,2,2,4,4,1,1,3,3,3,1,1,1,2,1,3,1,3,4,2,2,2,1,4,4,4,4,1,1,1,1,2,2,4,4,1,1,3,4,3,3,2,2,4,4,3,3,1,1,2,2,2,1,4,1,4,2,1,1,1,1,1,1,1,1,3,3,1,1,1,1,3,3,4,4,3,3,1,3,1,1,3,1,3,4,3,3,2,2,4,1,3,1,1,1,4,1,1,3,2,2,3,1,4,4,2,4,1,4,3,3,2,1,4,4,1,1,1,3,2,4,2,2,1,3,3,1,4,2,3,3,2,1,1,1,2,4,2,2,4,4,1,3,1,1,2,2,1,3,1,1,1,3,4,4,4,4,3,3,2,3,2,4,2,2,3,1,3,3,1,1,1,3,1,1,1,1,1,1,1,1,1,1,1,2,1,1,1,1,2,2,1,2,1,1,1,1,1,1,1,1,1,1,1,2,1,1,1,1,1,1,1,1,1,1,2,2,1,1,1,1,1,1,1,1,1,1,2,2,1,1,2,2,1,1,4,2,1,1,2,2,2,2,1,3,2,2,3,3,5,5,3,3,1,2,2,2,1,2,1,2,3,3,2,3,1,1,3,3,1,3,2,3,1,1,2,5,3,3,1,3,2,2,1,1,1,1,1,2,1,1,2,5,2,2,1,1,2,2,2,3,2,3,3,4,1,1,5,5,1,2,1,4,3,3,2,3,1,1,5,6,4,4,1,3,2,4,7,7,3,3,3,3,1,2,2,2,3,3,3,3,3,3,1,4,3,3,3,4,2,2,1,2,1,3,4,4,2,2,3,3,1,1,3,3,2,3,1,4,1,6,1,2,1,2,3,4,4,4,2,2,1,1,3,3,3,3,3,3,1,1,2,3,2,2,3,3,1,4,1,1,1,1,2,2,2,2,1,1,1,1,3,3,1,2,2,2,2,2,3,4,1,2,2,3,2,2,4,4,4,4,3,4,2,3,3,3,4,4,2,2,2,2,4,4,3,3,3,3,3,3,2,3,3,3,2,2,3,3,1,4,1,1,2,2,1,1,4,4,1,2,4,4,2,3,3,5,4,4,1,3,4,4,3,3,2,2,1,1,2,2
"M145812",4,4,7,6,3,1,1,1,2,2,0,0,1,3,1,1,2,3,4,4,2,2,4,4,1,1,1,1,1,1,1,1,2,2,3,3,3,3,4,2,1,1,2,4,1,4,1,1,0,0,2,2,4,1,3,1,3,4,3,3,4,4,3,4,1,1,1,1,2,1,1,1,4,1,4,2,1,3,0,0,4,1,1,1,3,3,4,1,1,1,3,3,2,2,1,1,3,3,0,0,3,3,3,4,3,3,2,2,4,1,3,3,1,1,1,1,1,3,2,2,3,1,4,4,4,4,4,4,3,3,1,1,4,4,1,1,0,0,4,4,2,2,1,3,1,1,4,2,3,3,2,2,1,1,4,4,0,0,4,2,3,3,1,1,2,2,1,3,1,1,1,1,4,4,4,4,3,3,3,3,2,4,2,2,3,1,3,1,1,1,3,3,2,2,2,2,2,2,2,2,2,2,1,1,2,2,1,1,1,2,2,2,1,1,1,2,1,1,1,2,1,1,2,2,2,1,1,2,1,1,1,1,1,1,2,2,1,1,1,1,1,1,1,1,1,1,2,2,1,1,2,2,1,1,2,2,2,1,2,2,2,2,1,2,2,2,3,3,5,5,3,3,2,2,1,2,1,1,1,2,3,3,5,5,1,1,3,3,3,3,1,2,1,1,2,2,3,3,3,3,2,2,1,2,1,1,2,2,2,2,2,2,2,2,3,3,2,2,2,2,2,3,2,3,1,1,5,5,2,2,1,4,2,3,3,3,3,3,5,5,4,5,1,3,2,4,1,1,3,3,3,3,1,2,6,6,3,3,3,3,3,3,1,3,2,2,4,4,2,2,2,2,1,1,4,4,2,2,3,4,1,1,3,3,3,3,4,4,4,4,1,2,1,1,1,3,4,4,2,2,1,1,1,1,1,3,3,3,1,1,4,4,1,1,3,3,3,3,1,1,2,2,1,2,2,2,1,1,1,1,3,3,2,2,2,2,2,2,3,3,1,1,1,1,2,2,2,2,4,5,3,4,2,2,4,4,4,4,2,2,2,2,4,4,3,3,3,3,2,3,3,3,3,3,2,2,1,1,1,4,2,2,2,2,1,1,4,4,1,2,1,4,1,1,3,3,4,4,2,2,4,4,4,4,2,2,1,1,1,2
"M145813",4,4,6,6,3,1,4,1,2,2,2,2,1,1,1,1,0,0,4,4,2,2,4,4,1,1,1,3,3,1,1,1,2,1,3,1,3,3,4,4,2,2,4,4,4,4,1,1,1,1,2,2,4,4,1,1,3,3,3,3,4,4,3,4,3,3,2,1,2,2,2,2,4,1,2,2,1,1,3,1,1,1,1,1,3,3,4,1,1,1,3,3,4,4,3,3,3,3,3,1,3,1,3,3,3,3,2,2,4,1,3,1,2,1,1,1,1,3,2,2,3,1,4,1,2,4,1,1,3,3,0,0,4,4,1,1,1,3,2,4,2,2,3,3,1,1,4,2,3,3,2,1,1,1,4,4,2,1,4,4,3,3,1,1,2,2,1,3,1,1,1,3,4,4,2,4,3,3,3,3,4,4,2,2,3,1,3,1,1,1,3,3,1,1,1,1,1,1,1,1,1,1,1,2,1,1,1,1,1,2,2,2,1,1,1,1,1,1,1,1,1,1,1,2,1,1,1,1,1,1,1,1,1,1,2,2,1,1,1,1,1,1,1,1,1,1,2,2,1,1,2,2,1,1,2,2,2,1,2,2,2,2,1,4,2,2,3,3,5,5,3,3,2,2,1,2,1,2,2,2,3,3,1,5,1,1,3,3,1,3,2,3,1,1,5,5,3,3,1,3,2,2,1,1,1,1,2,2,1,2,2,5,2,2,1,1,2,2,2,2,2,4,3,4,1,1,5,5,1,2,1,4,2,2,2,2,1,3,5,6,4,4,1,2,2,4,2,7,3,3,3,3,1,2,6,6,3,3,3,3,3,3,4,4,3,3,4,4,2,2,2,2,3,3,4,4,2,2,3,3,1,3,3,3,2,3,4,4,4,6,1,2,2,2,3,3,4,4,1,2,1,3,1,3,3,3,3,3,1,1,2,4,2,2,3,3,1,3,1,1,1,1,1,2,2,2,1,1,1,1,3,3,1,2,2,2,2,2,2,3,1,1,3,3,2,2,4,4,4,4,3,3,2,2,3,3,3,4,2,2,2,2,4,4,3,4,3,3,3,3,2,3,1,3,2,2,3,3,1,4,1,2,2,2,1,1,4,4,1,2,4,4,2,3,5,5,4,4,1,2,3,4,2,2,2,2,1,1,2,2
"M145814",4,4,7,6,3,1,4,1,2,2,2,3,1,1,1,1,2,3,4,4,2,2,4,4,1,1,3,3,1,1,1,1,2,1,3,3,3,4,2,2,2,1,2,4,4,4,1,1,1,1,2,2,4,4,1,1,3,4,3,3,2,4,3,4,3,3,2,1,2,2,2,1,4,1,4,2,1,3,1,1,1,1,1,1,3,3,4,1,1,1,3,3,4,4,3,3,1,3,3,1,3,1,3,3,3,3,2,2,4,1,3,1,1,1,1,1,3,3,2,2,3,1,4,1,2,4,1,1,3,3,2,1,4,4,1,1,3,3,2,4,2,2,1,3,3,1,4,2,3,4,2,2,1,1,2,4,2,1,4,4,3,3,1,1,2,2,1,3,1,3,1,3,4,4,4,4,3,3,2,3,2,4,2,2,3,1,3,3,1,1,1,3,1,1,1,1,1,1,1,1,1,1,1,2,1,1,1,1,2,2,1,1,1,1,1,1,1,1,1,1,1,1,1,2,1,1,1,1,1,1,1,1,1,1,2,2,1,1,1,1,1,1,1,1,1,1,2,2,1,1,2,2,1,1,2,2,2,1,2,2,2,2,2,4,2,2,3,3,5,5,3,3,1,2,1,2,1,2,1,2,3,3,2,3,1,1,3,3,1,3,3,3,1,1,2,5,3,3,1,3,2,2,1,2,1,1,1,2,1,1,2,2,2,2,1,1,2,2,2,3,3,3,3,3,1,1,5,5,1,1,1,4,2,3,2,3,1,1,5,6,4,4,1,3,4,4,7,7,3,3,3,3,1,1,2,2,3,3,3,3,3,3,1,4,3,3,3,4,2,2,2,2,1,3,4,4,2,2,3,3,1,1,3,3,2,3,1,1,1,4,1,1,1,2,3,4,4,4,1,2,1,1,1,1,3,3,3,3,1,1,2,3,1,1,3,3,1,3,1,1,1,1,1,2,2,2,1,1,1,1,3,3,1,2,2,2,2,2,2,3,1,2,2,3,2,2,4,4,4,4,3,3,2,3,3,3,3,3,2,2,2,2,4,4,3,3,3,3,3,3,2,3,3,3,2,2,3,3,1,4,1,1,2,2,1,1,4,4,1,1,4,4,2,3,5,5,3,4,2,3,3,4,3,4,2,2,1,1,2,2
"M145815",3,4,6,6,3,1,4,1,2,2,2,2,1,1,1,1,3,3,4,4,2,2,4,4,1,1,3,3,3,1,1,1,2,1,3,1,3,3,4,2,2,2,4,4,4,4,1,1,1,1,2,2,4,4,1,1,3,4,3,3,2,4,3,4,3,3,2,1,2,2,1,1,4,1,2,2,1,1,3,1,1,1,1,1,3,3,1,1,2,1,1,3,4,4,3,3,1,3,3,1,3,3,3,4,1,1,2,2,4,1,3,3,2,1,1,1,1,1,2,2,3,1,4,4,2,4,1,1,3,3,0,0,4,4,1,1,1,3,2,4,2,2,3,3,1,1,4,4,3,4,2,2,1,1,2,4,2,1,4,4,3,3,1,1,2,2,1,3,1,1,1,3,4,4,4,4,3,3,2,3,2,4,2,2,3,1,3,3,1,1,1,3,1,1,1,1,1,1,1,1,1,1,1,1,1,1,1,1,2,2,2,2,1,1,1,1,1,1,1,1,1,1,1,2,1,1,1,1,1,1,1,1,1,1,2,2,1,1,1,1,1,1,1,1,1,1,2,2,1,1,2,2,1,1,4,2,1,1,2,2,2,2,1,4,2,2,3,3,5,5,3,3,1,2,1,2,1,2,1,1,3,3,2,5,1,1,3,3,3,3,2,3,1,1,5,5,3,3,3,3,2,2,1,1,1,1,2,2,1,1,2,2,2,2,1,3,2,2,2,2,3,3,3,3,1,1,5,5,1,1,1,4,2,2,2,3,1,3,5,6,4,4,1,2,2,4,2,7,3,3,3,3,1,2,1,6,3,3,3,3,3,3,1,4,3,3,4,4,2,2,2,2,3,3,4,4,2,2,3,3,1,3,3,3,2,3,4,4,4,6,1,2,2,2,3,3,4,4,2,2,1,3,1,3,3,3,3,3,1,1,2,3,1,1,3,3,1,3,1,1,1,1,1,2,2,2,1,1,1,1,3,3,1,2,2,2,2,2,3,4,1,2,3,3,2,2,4,4,4,4,3,3,2,2,3,3,3,4,2,2,2,2,4,4,3,4,3,3,3,3,2,2,1,3,2,2,3,3,1,4,1,2,2,2,1,1,4,4,1,1,4,4,3,3,5,5,3,4,2,3,3,4,3,4,2,2,1,1,2,2
"M145816",4,4,6,6,3,1,4,4,2,1,2,3,1,1,1,1,3,3,4,4,2,2,4,4,1,1,1,3,3,1,1,1,2,1,3,1,3,4,4,4,2,2,4,4,4,4,1,1,1,1,2,2,4,4,3,1,3,4,3,3,2,4,4,4,3,3,2,1,2,2,1,1,4,1,2,2,1,1,3,1,1,1,1,1,3,3,4,1,1,1,1,3,4,4,3,3,3,3,3,1,3,3,3,4,3,1,2,2,4,1,3,1,1,1,4,1,1,1,2,2,3,1,4,1,2,4,1,4,3,3,2,1,4,4,1,1,1,3,2,4,2,1,3,3,1,1,4,2,3,3,2,2,1,1,2,4,2,2,4,4,1,3,1,1,2,2,1,3,1,1,1,3,4,4,2,4,3,3,3,3,2,4,2,2,3,1,3,3,1,1,3,3,1,1,1,1,1,1,1,1,1,1,1,1,1,1,1,1,1,2,0,0,1,1,1,1,1,1,1,1,1,1,1,2,1,1,1,1,1,1,1,1,1,1,2,2,1,1,1,1,1,1,1,1,1,1,2,2,1,1,2,2,0,0,2,2,0,0,2,2,2,2,1,4,2,2,3,3,5,5,3,3,1,2,2,2,1,2,1,1,3,3,1,5,1,1,3,3,1,3,2,3,1,1,5,5,3,3,1,3,2,2,1,1,1,1,1,2,1,2,5,5,2,2,1,3,2,2,2,2,2,4,3,4,1,1,5,5,1,1,1,4,2,3,2,2,1,1,5,6,4,4,1,3,4,4,2,7,3,3,3,3,1,2,1,2,3,3,3,3,3,3,4,4,2,3,4,4,2,2,1,2,3,3,4,4,2,2,3,3,1,3,3,3,2,3,1,4,1,6,1,2,1,1,3,3,4,4,1,2,1,3,3,3,3,3,3,3,1,1,2,3,1,1,3,3,1,3,1,1,1,1,1,2,2,2,1,1,1,1,3,3,1,2,2,2,2,2,2,3,1,1,3,3,2,2,4,4,4,4,3,4,2,3,3,3,3,4,2,2,2,2,4,4,3,4,3,3,3,3,2,3,1,3,2,2,3,3,0,0,1,2,2,2,1,1,4,4,1,2,4,4,3,3,5,5,4,4,1,2,4,4,2,2,2,2,1,1,2,2
"M145817",4,4,7,6,1,1,4,4,2,1,2,3,1,3,1,1,2,3,1,4,2,2,4,4,1,4,1,1,3,3,3,1,2,1,3,1,3,3,4,2,1,1,2,4,4,4,4,1,1,1,2,2,4,1,3,1,3,4,3,4,2,2,3,4,1,3,1,1,2,2,2,1,4,4,4,2,1,1,1,1,4,1,1,1,3,3,1,1,1,1,1,3,2,4,1,3,3,3,3,1,3,1,3,3,3,1,2,2,4,1,3,1,2,1,1,1,3,3,2,3,3,1,4,4,2,2,1,4,3,1,1,1,4,4,1,1,1,1,2,4,2,2,3,3,3,1,4,2,3,3,2,2,1,1,4,4,2,1,4,2,3,3,1,1,2,2,1,3,1,1,1,3,4,4,2,4,3,3,3,3,4,4,2,1,3,1,3,1,1,1,1,1,1,2,1,2,1,2,1,2,1,2,1,2,1,1,1,1,1,2,2,2,1,1,1,1,1,1,1,1,1,1,2,2,1,1,1,1,1,1,1,1,1,1,2,2,1,1,1,1,1,1,1,1,1,1,2,2,1,1,2,2,1,1,2,2,2,2,2,2,2,2,1,1,2,2,3,3,5,5,3,3,2,2,2,3,2,2,2,2,3,3,2,5,1,1,3,3,3,3,2,3,1,1,2,5,3,3,1,1,2,2,2,2,1,1,2,2,1,2,5,5,2,2,1,1,2,2,2,2,2,4,4,4,1,1,5,5,1,2,4,4,3,3,2,3,1,3,5,5,4,5,1,1,4,4,1,7,3,3,3,3,1,1,6,6,3,3,3,3,3,3,1,3,2,3,3,4,1,2,1,2,3,3,4,4,2,5,3,4,1,1,3,3,2,3,4,4,4,6,1,2,1,2,3,3,4,4,2,2,1,1,1,1,1,3,3,4,1,1,4,4,1,1,3,3,3,3,1,1,1,2,1,1,2,2,1,1,1,1,3,3,1,1,2,2,2,2,3,3,1,1,1,3,2,2,2,4,4,5,3,3,2,2,1,4,4,4,2,2,2,2,4,4,3,4,3,3,2,2,3,3,1,3,2,2,1,3,3,4,1,2,2,2,1,1,4,4,1,1,1,4,2,2,5,5,4,4,2,2,4,4,4,4,2,2,1,1,2,2
"M145818",3,4,6,6,3,1,4,1,2,2,2,3,1,1,2,1,3,3,1,1,2,2,4,4,1,4,1,1,3,1,1,1,2,1,3,1,3,3,2,2,1,1,4,4,4,4,1,1,3,1,4,4,4,4,3,1,3,4,3,4,4,4,4,4,3,3,1,1,2,2,2,1,4,1,4,2,1,1,3,1,4,1,1,3,3,3,4,1,2,2,3,3,4,4,1,3,1,3,3,1,3,1,3,3,3,3,2,2,4,1,3,1,1,1,1,1,1,3,3,3,1,1,4,4,2,4,1,1,3,3,1,1,4,4,2,1,3,3,2,4,1,1,1,3,3,1,4,4,4,4,2,1,2,1,4,4,1,1,4,2,1,3,1,1,2,3,1,1,1,1,1,3,4,1,4,4,3,3,3,3,4,4,2,2,3,1,3,1,1,3,3,3,1,1,1,1,1,1,1,1,1,1,1,1,1,1,1,1,1,2,1,2,1,2,1,2,1,1,1,2,1,1,1,2,2,1,1,2,1,1,1,1,1,1,2,2,1,1,1,1,1,1,1,1,1,1,2,2,1,1,2,2,1,1,3,2,1,1,2,2,2,2,2,2,2,2,3,3,5,5,3,3,2,2,2,3,1,7,1,2,3,3,1,2,1,1,3,3,2,3,2,3,1,1,2,3,3,3,3,3,2,2,1,2,1,1,1,2,2,2,2,2,2,2,2,3,2,2,2,2,2,3,4,4,1,1,5,5,1,2,1,1,1,2,3,3,3,3,5,5,4,4,1,1,4,4,2,5,3,3,3,3,1,2,4,6,3,3,3,3,2,3,3,4,1,2,4,4,2,2,1,1,1,1,4,4,2,2,3,4,1,1,3,3,1,1,4,7,4,6,1,1,1,2,3,4,1,4,1,2,3,3,1,3,2,3,3,4,1,1,4,4,1,1,3,3,3,4,1,1,1,1,1,2,2,2,1,1,1,1,1,2,1,1,2,2,2,2,2,4,1,2,3,3,2,3,4,4,4,4,3,4,2,2,3,4,2,4,2,2,2,2,4,4,3,3,1,3,3,3,2,4,3,3,2,2,3,3,1,4,1,2,2,5,1,1,4,4,1,1,1,4,3,3,2,5,2,3,3,3,4,4,2,3,2,2,1,1,2,2
"M145819",4,4,7,6,1,1,4,1,2,1,2,3,1,3,2,1,3,3,1,1,2,2,4,4,1,1,1,1,3,1,1,1,2,2,3,3,3,3,4,4,2,2,2,4,4,4,1,1,1,1,2,4,4,4,3,1,3,3,3,3,2,2,4,4,3,3,1,1,2,2,1,1,1,1,4,2,1,1,1,1,4,4,1,3,3,3,1,1,2,1,3,3,4,4,1,3,1,3,1,1,3,3,3,4,3,3,2,2,4,4,3,1,1,1,1,1,1,3,2,2,3,1,4,4,2,2,1,1,3,3,1,1,4,4,1,1,3,3,4,4,2,1,3,3,3,1,4,4,3,4,2,2,2,1,4,4,1,1,4,2,1,3,1,1,2,2,1,1,1,1,1,3,4,4,4,4,3,3,2,3,2,4,2,2,1,1,3,1,1,3,1,1,1,1,1,1,1,1,1,1,1,1,1,2,1,2,1,1,1,1,0,0,1,1,1,1,1,1,1,1,1,1,1,2,1,1,1,1,1,1,1,1,1,1,2,2,1,1,1,1,1,1,1,1,1,1,2,2,1,1,2,2,1,1,3,2,2,1,2,2,2,2,1,2,2,2,3,4,4,5,3,3,2,2,1,2,1,7,1,2,3,3,1,5,1,1,3,3,3,3,2,3,1,1,5,5,2,3,1,3,2,2,1,2,1,1,2,4,1,1,2,2,2,2,1,3,2,2,2,3,2,3,2,4,1,1,5,5,1,2,1,4,2,2,2,3,1,3,5,5,4,4,1,1,2,4,7,7,3,3,3,3,1,1,6,6,3,3,3,3,3,3,1,3,2,3,4,4,2,2,2,2,1,3,4,4,1,2,3,3,1,1,3,3,1,3,4,4,4,4,1,1,1,2,4,4,4,4,1,2,1,3,1,1,2,3,3,3,1,1,4,4,1,1,2,3,3,5,1,1,1,1,1,2,2,2,1,1,1,2,1,3,1,1,2,2,2,2,2,3,1,1,1,3,2,2,4,4,1,4,4,4,2,2,3,4,4,4,2,2,2,2,4,4,3,4,3,3,3,3,4,4,1,3,2,2,3,3,1,4,1,2,2,2,1,1,4,4,1,2,4,4,1,3,2,5,3,4,2,3,4,4,2,4,2,2,1,1,1,2
"M145820",4,4,7,6,1,1,4,4,2,1,3,3,1,3,2,1,2,2,1,4,2,2,4,4,1,4,1,1,3,1,3,1,2,2,3,1,3,3,4,2,1,1,2,2,1,4,4,4,3,1,2,2,4,1,3,3,3,4,3,3,2,4,4,4,1,3,1,1,2,1,1,1,1,1,2,2,1,1,3,1,4,1,1,3,3,3,0,0,1,1,3,3,2,4,1,1,3,3,3,3,3,1,3,4,3,3,2,2,4,1,3,3,1,1,1,1,1,3,2,2,3,1,4,4,2,4,1,4,3,3,1,1,4,4,1,1,3,3,4,4,1,1,1,1,1,1,4,4,3,4,2,2,1,1,4,4,1,1,4,2,3,3,1,1,2,2,1,1,1,1,3,3,4,4,4,4,3,3,2,3,4,4,2,2,3,1,3,3,1,1,1,3,1,2,1,2,1,2,1,2,1,2,1,1,2,2,1,1,1,2,0,0,1,1,1,1,1,1,1,1,1,1,1,1,1,1,1,1,1,1,1,1,1,1,2,2,1,1,1,1,1,1,1,1,1,1,2,2,1,1,2,2,1,1,2,2,2,1,2,2,2,2,2,2,2,2,3,4,5,5,3,3,2,2,2,2,1,1,1,2,3,3,5,5,1,1,3,3,3,3,3,3,1,1,2,5,3,3,1,1,2,2,2,2,1,1,2,4,1,2,2,2,2,2,1,3,2,2,2,3,3,4,2,4,1,1,5,5,2,2,1,4,2,2,3,3,1,3,5,5,4,4,1,3,4,4,1,7,3,3,3,3,2,2,6,6,3,3,3,3,3,3,1,3,2,2,4,4,2,2,2,2,3,3,4,4,1,2,3,4,1,1,3,3,2,3,4,4,4,6,1,2,1,1,1,3,1,4,2,2,1,1,1,1,1,3,3,4,1,1,4,4,1,1,3,3,3,5,1,1,1,2,1,1,2,2,1,1,1,1,3,3,1,2,2,2,2,2,3,3,1,1,1,3,2,2,2,4,1,5,3,4,2,2,3,4,4,4,2,2,2,2,4,4,3,4,3,3,3,3,3,4,1,3,2,2,1,3,1,4,2,2,2,2,1,1,4,4,1,2,1,1,1,2,3,5,4,4,2,2,4,4,4,4,2,2,1,1,1,2
"M145821",3,4,7,6,3,1,4,1,2,2,2,2,1,1,2,1,3,3,4,4,2,2,4,4,1,1,3,3,3,1,1,1,2,1,3,3,3,4,2,2,2,1,4,4,4,4,1,1,1,1,2,4,4,4,1,1,3,4,3,3,2,2,3,4,3,3,2,1,2,2,2,1,4,1,2,2,1,1,1,1,1,1,1,1,3,3,1,1,1,1,3,3,4,4,3,3,1,3,1,1,3,1,3,3,3,1,2,2,4,1,3,3,1,1,1,1,1,1,2,2,1,1,4,1,2,4,1,1,3,3,0,0,4,4,1,1,3,3,2,4,2,2,3,3,3,1,4,2,3,4,2,1,1,1,2,4,2,1,4,4,3,3,1,1,2,2,1,3,1,3,1,3,4,4,4,4,3,3,3,3,2,4,2,2,3,1,3,3,1,1,1,3,1,1,1,1,1,1,1,1,1,1,1,2,1,1,1,1,2,2,0,0,1,1,1,1,1,1,1,1,1,1,1,2,1,1,1,1,1,1,1,1,1,1,2,2,1,1,1,1,1,1,1,1,1,1,2,2,1,1,2,2,1,1,2,2,2,1,2,2,2,2,1,4,2,2,3,3,5,5,3,3,1,2,1,2,2,2,1,2,3,3,2,3,1,1,3,3,3,3,2,3,1,1,2,5,3,3,3,3,2,2,1,2,1,1,1,2,1,2,2,2,2,2,1,1,2,2,2,2,2,3,3,3,1,1,5,5,1,2,1,4,2,3,2,2,1,1,5,6,4,4,1,3,2,4,7,7,3,3,3,3,1,2,6,6,3,3,3,3,3,3,1,4,3,3,4,4,2,2,1,2,1,3,4,4,2,2,3,3,1,1,3,3,1,3,1,4,4,4,1,1,1,2,3,4,4,4,1,2,3,3,1,3,3,3,3,3,1,1,2,3,2,2,3,3,1,4,1,1,1,1,2,2,2,2,1,1,1,1,3,3,1,2,2,2,2,2,3,4,1,1,2,3,2,2,4,4,4,4,3,3,2,3,3,4,3,4,2,2,2,2,4,4,3,4,3,3,3,3,2,3,1,3,2,2,3,3,1,4,1,1,2,2,1,1,4,4,1,1,4,4,2,3,3,5,4,4,1,3,3,4,3,3,2,2,1,1,2,2
"M145822",4,4,6,6,3,1,1,1,2,1,2,2,1,1,1,1,3,3,4,4,2,2,4,4,1,1,1,1,1,1,1,1,2,1,3,1,3,4,4,2,2,1,4,4,4,4,1,1,1,1,2,4,4,4,3,1,3,4,3,3,2,4,3,3,3,3,2,1,2,2,1,1,4,1,2,2,1,1,1,1,1,1,1,1,1,3,1,1,2,1,1,3,4,4,3,3,1,3,3,1,3,3,3,4,3,1,2,2,4,1,3,3,1,1,4,1,1,3,2,2,3,1,4,4,2,4,1,4,3,3,0,0,4,4,1,1,1,3,2,4,2,2,3,3,3,1,4,2,3,4,2,1,1,1,4,4,2,2,4,4,3,3,1,1,2,2,1,1,1,1,1,3,4,4,4,4,3,3,2,3,2,4,2,2,3,1,3,3,1,1,3,3,1,1,1,1,1,1,1,1,1,1,1,1,1,1,1,1,2,2,1,1,1,1,1,1,1,1,1,1,1,1,1,2,1,1,1,1,1,1,1,1,1,1,2,2,1,1,1,1,1,1,1,1,1,1,2,2,1,1,2,2,1,1,2,2,2,1,2,2,2,2,1,4,2,2,3,3,5,5,3,3,2,2,2,2,1,2,1,2,3,3,2,5,1,1,3,3,1,3,2,3,1,1,5,5,3,3,1,3,2,2,1,1,1,1,1,2,1,1,2,5,2,2,1,3,2,2,2,2,3,4,3,4,1,1,5,5,1,2,1,4,2,2,2,3,1,1,5,6,4,4,1,3,2,4,2,7,3,3,3,3,1,2,1,6,3,3,3,3,3,3,1,4,2,3,4,4,2,2,1,2,1,3,4,4,2,2,3,3,1,3,3,3,2,3,4,4,4,6,1,2,1,2,3,3,4,4,1,2,1,1,1,1,3,3,3,3,1,1,2,4,1,2,3,3,1,3,1,1,1,1,1,2,2,2,1,1,1,1,3,3,1,2,2,2,2,2,3,4,1,2,3,3,2,2,4,4,4,4,3,3,2,2,3,3,3,4,2,2,2,2,4,4,3,4,3,3,3,3,2,3,1,3,2,2,3,3,1,1,1,2,2,2,1,1,4,4,1,1,4,4,2,2,3,5,3,4,2,2,4,4,2,4,2,2,1,1,2,2
"M145823",3,4,7,6,3,1,4,1,2,1,3,3,1,1,1,1,2,3,1,1,2,2,4,4,1,1,1,1,3,1,1,1,2,2,3,1,3,4,4,4,1,1,2,2,1,4,1,1,3,1,0,0,4,1,3,1,3,4,3,4,4,4,3,4,3,3,1,1,2,2,2,1,4,1,2,2,1,3,3,1,4,1,1,1,3,3,4,1,2,1,1,3,4,4,1,3,3,3,3,1,3,1,4,4,3,1,2,2,4,1,3,3,1,1,4,1,1,3,2,3,1,1,4,1,4,4,1,1,3,1,1,1,4,4,1,1,1,3,2,4,1,1,1,3,3,3,4,4,3,4,2,2,2,1,2,4,0,0,4,2,1,3,1,1,2,2,1,1,1,1,3,3,4,4,2,4,3,3,3,3,4,4,2,2,3,3,3,3,1,3,3,3,1,1,1,1,1,1,1,1,1,1,2,2,1,1,1,1,1,2,2,2,1,2,1,2,1,1,1,2,1,1,1,2,2,1,1,2,1,1,1,1,1,1,2,2,1,1,1,1,1,1,1,1,1,1,2,2,1,1,2,2,1,1,3,2,2,2,2,2,2,2,1,2,2,2,3,4,5,5,3,3,1,2,2,2,2,7,1,1,3,3,2,3,1,1,2,3,3,3,2,3,1,1,2,5,2,3,2,3,2,2,1,1,1,1,1,2,1,1,2,2,2,2,1,3,2,2,3,3,3,4,4,4,1,1,5,5,1,2,1,4,2,3,2,2,1,3,5,5,5,5,1,3,2,3,7,7,3,3,3,3,1,2,6,6,3,3,3,4,3,3,3,4,1,3,4,4,2,2,2,2,1,3,4,4,4,5,3,3,1,3,2,3,1,2,4,4,1,4,1,1,1,1,1,5,3,4,1,2,1,1,1,1,3,3,3,3,1,1,4,4,1,2,3,3,3,3,1,1,1,1,1,1,2,2,1,1,1,2,3,3,1,1,2,2,2,2,3,3,1,2,3,3,2,2,4,4,4,5,3,4,2,2,3,4,4,4,2,2,2,2,4,4,3,3,1,3,3,3,2,3,3,3,2,2,3,3,1,1,2,2,2,2,1,1,2,4,2,2,1,4,3,3,3,5,4,5,1,2,4,4,2,4,2,3,1,1,2,2
"M145824",4,4,7,6,3,1,4,1,2,1,2,2,1,1,1,1,3,3,4,4,2,2,4,4,1,1,1,1,3,1,1,1,2,1,3,1,3,3,4,2,2,1,4,4,4,4,1,1,1,1,2,2,4,4,1,1,3,4,3,3,2,2,4,4,3,3,2,1,2,2,1,1,4,1,2,2,1,1,3,1,1,1,1,1,1,3,1,1,2,1,1,3,4,4,3,3,1,3,1,1,3,3,3,4,3,1,2,2,4,1,3,1,1,1,4,1,1,3,2,2,1,1,4,4,2,4,1,1,3,3,0,0,4,4,1,1,1,3,2,4,2,2,1,3,1,1,4,4,3,4,2,2,1,1,4,4,2,2,4,4,1,3,1,1,2,2,1,1,1,3,1,3,4,4,2,4,3,3,2,3,2,4,2,2,3,1,3,1,1,1,3,3,1,1,1,1,1,1,1,1,1,1,1,1,1,1,1,1,2,2,1,2,1,1,1,1,1,1,1,1,1,1,1,2,1,1,1,1,1,1,1,1,1,1,2,2,1,1,1,1,1,1,1,1,1,1,2,2,1,1,2,2,1,1,4,2,1,1,2,2,2,2,1,3,2,2,3,3,5,5,3,3,2,2,2,2,2,2,2,2,3,3,1,3,1,1,3,3,1,3,2,3,1,1,2,5,3,3,3,3,2,2,1,2,1,1,1,2,1,1,5,5,2,2,1,3,2,2,2,2,2,3,3,4,1,1,5,5,1,1,1,4,2,2,2,3,1,3,5,6,4,4,1,2,2,4,7,7,3,3,3,3,1,2,6,6,3,3,3,3,3,3,1,4,2,3,4,4,2,2,1,2,3,3,4,4,2,2,3,3,1,1,3,3,1,3,1,4,4,4,1,1,1,2,3,4,4,4,1,2,1,1,1,3,3,3,3,3,1,1,2,3,2,2,3,3,1,4,1,1,1,1,2,2,2,2,1,1,1,1,3,3,1,2,2,2,2,2,2,3,1,2,2,3,2,2,4,4,4,4,3,4,2,3,3,4,4,4,2,2,2,2,4,4,3,4,3,3,3,3,2,2,1,3,2,2,3,3,1,4,1,1,2,2,1,1,4,4,1,1,4,4,2,2,3,5,4,4,1,3,4,4,3,3,2,2,1,1,2,2
"M145825",4,4,7,6,3,1,4,4,2,2,2,2,1,1,2,1,3,3,4,4,2,2,4,4,1,1,1,3,3,1,1,1,2,1,3,3,3,3,4,4,2,1,2,4,4,4,1,1,0,0,2,4,4,4,3,1,3,4,3,3,4,4,3,3,3,3,1,1,2,2,2,1,4,1,4,2,1,3,1,1,1,1,1,1,3,3,4,1,2,1,1,3,4,4,3,3,3,3,1,1,3,3,3,3,3,1,2,2,4,1,3,3,1,1,1,1,3,3,2,2,3,1,4,1,2,4,1,1,3,3,0,0,4,4,1,1,3,3,2,4,0,0,1,3,1,1,4,2,3,4,2,2,1,1,2,4,2,1,4,4,3,3,1,1,2,2,1,3,1,3,1,3,4,4,2,4,3,3,3,3,4,4,2,2,3,1,3,1,1,1,3,3,1,1,1,1,1,1,1,1,1,1,1,1,1,1,1,1,1,2,1,2,1,1,1,1,1,1,1,1,1,1,1,2,1,1,1,1,1,1,1,1,1,1,2,2,1,1,1,1,1,1,1,1,1,1,2,2,1,1,2,2,1,1,2,2,2,1,2,2,2,2,1,4,2,2,3,3,5,5,3,3,1,2,1,2,1,2,2,2,3,3,2,5,1,1,3,3,1,3,3,3,1,1,5,5,3,3,1,3,2,2,2,2,1,1,1,2,1,2,5,5,2,2,1,3,2,2,2,3,2,4,3,4,1,1,5,5,1,1,1,4,3,3,2,2,1,3,5,6,4,4,1,2,4,4,2,7,3,3,3,3,1,2,6,6,3,3,3,3,3,3,4,4,3,3,3,4,2,2,1,2,1,3,4,4,2,2,3,3,1,3,3,3,1,3,1,1,1,4,1,1,1,2,3,3,4,4,2,2,3,3,1,1,3,3,3,3,1,1,2,4,1,1,3,3,1,4,1,1,1,1,1,2,2,2,1,1,1,1,3,3,1,2,2,2,2,2,2,3,1,2,3,3,2,2,4,4,4,4,3,3,2,3,3,4,3,4,2,2,2,2,4,4,3,3,3,3,3,3,2,3,1,3,2,2,3,3,1,4,1,2,2,2,1,1,4,4,1,1,4,4,2,3,3,5,4,4,1,2,4,4,2,2,2,2,1,1,2,2
"M145826",4,4,7,6,3,1,4,4,2,1,2,3,1,3,2,1,0,0,1,4,2,1,4,4,1,4,1,1,3,3,3,3,2,1,3,1,3,3,4,2,1,1,4,4,4,4,4,1,3,3,2,4,4,1,3,1,3,3,3,3,2,4,4,4,1,1,1,1,2,2,1,1,4,1,2,2,1,3,3,1,1,1,1,3,3,3,4,1,1,1,3,3,2,2,1,1,3,3,3,3,3,1,3,4,3,3,2,2,4,4,3,3,1,1,1,1,1,3,2,2,1,1,4,4,2,4,4,4,3,1,1,1,4,4,1,1,1,3,2,4,2,1,1,1,1,1,4,2,3,4,2,2,1,1,4,4,1,1,4,2,3,3,1,1,2,2,1,1,1,1,3,3,4,4,4,4,3,3,2,3,2,4,2,2,3,1,3,1,1,1,1,1,2,2,2,2,2,2,2,2,2,2,1,1,1,2,1,1,2,2,2,2,1,2,2,2,1,1,1,2,1,1,1,2,2,1,1,2,1,1,1,1,1,1,2,2,1,1,1,1,1,1,1,1,1,1,2,2,1,1,2,2,1,1,2,2,2,2,2,2,2,2,2,2,2,2,3,4,2,5,3,3,2,2,2,2,1,1,2,2,3,3,5,5,1,1,3,3,3,3,1,3,1,1,2,2,3,3,1,3,2,2,1,2,1,1,2,4,1,2,2,2,2,2,1,3,2,2,2,3,2,3,2,3,1,1,5,5,2,2,1,4,2,2,3,3,1,3,5,5,4,4,1,1,2,4,1,1,3,3,3,3,2,2,6,6,3,3,3,3,3,3,1,3,2,2,4,4,2,2,2,2,3,3,4,4,1,2,3,4,1,1,3,3,2,2,4,4,4,4,1,2,1,1,1,4,4,4,1,2,1,1,1,1,1,3,3,4,1,1,4,4,1,1,3,3,3,5,1,1,2,2,1,1,2,2,1,1,1,1,3,3,2,2,2,2,2,2,3,3,1,1,1,1,2,3,2,2,1,5,3,4,2,2,3,3,4,4,2,2,2,2,4,4,3,4,3,3,3,3,3,3,1,1,2,2,1,1,1,1,2,2,2,2,1,3,4,4,1,2,1,4,1,2,3,3,4,4,1,2,4,4,4,4,2,2,1,1,1,2
"M145827",4,4,6,6,1,1,4,4,2,1,3,3,1,3,1,1,3,3,1,1,1,1,4,4,1,4,1,1,3,3,3,1,2,1,3,3,3,4,4,2,1,1,2,4,4,4,1,1,0,0,2,2,4,1,3,1,3,3,3,3,4,4,4,4,3,3,1,1,2,2,2,2,1,1,2,2,3,3,3,1,1,1,1,1,3,3,4,1,1,1,3,3,4,4,1,1,1,3,3,3,3,3,3,4,3,3,2,2,4,1,3,3,1,1,1,1,3,3,2,3,1,1,4,4,2,4,4,4,1,1,1,1,2,4,1,1,1,1,2,4,0,0,3,3,3,1,4,4,3,3,2,2,1,1,4,4,1,1,4,4,3,3,1,1,2,3,1,1,1,3,3,3,4,1,4,4,3,3,3,3,4,4,2,2,1,1,3,1,1,1,3,3,1,1,1,1,1,1,1,1,1,1,2,2,1,1,1,1,1,2,0,0,1,1,1,1,1,1,1,1,1,1,1,1,1,1,1,1,1,1,1,1,1,1,2,2,1,1,1,1,1,1,1,1,1,1,2,2,1,1,2,2,1,1,2,2,2,1,2,2,2,2,1,3,2,2,4,4,5,5,3,3,2,2,2,2,2,2,2,2,3,3,1,1,1,1,3,3,3,3,2,2,1,1,3,3,2,3,2,3,2,2,1,1,1,1,1,4,1,2,2,2,2,2,3,3,2,2,2,2,3,4,3,3,1,1,5,5,1,2,1,4,3,3,2,3,1,3,5,5,4,4,1,1,2,4,5,7,2,2,3,3,1,1,5,5,3,3,3,3,3,3,1,3,2,3,4,4,2,2,2,2,1,3,4,4,1,2,3,3,1,1,3,3,1,3,1,4,4,6,1,1,1,1,1,1,4,4,1,2,1,1,1,3,3,3,3,4,1,1,1,4,1,1,3,3,1,3,1,1,1,1,2,2,2,2,1,1,1,1,3,3,1,2,2,2,2,2,1,3,1,1,1,3,2,2,4,4,4,4,3,4,2,2,4,4,4,4,2,2,2,2,4,5,1,3,3,3,2,3,2,3,1,3,2,3,3,3,1,1,2,2,2,5,1,1,4,4,1,1,1,4,3,3,3,3,4,5,1,3,4,4,1,1,2,2,1,1,2,2
"M145828",4,4,6,6,3,1,1,1,2,1,2,3,3,3,1,1,3,3,1,1,2,1,4,4,1,4,1,1,3,3,1,1,2,1,3,1,3,3,4,4,2,1,2,2,1,4,1,1,1,1,2,2,4,4,3,3,3,4,3,3,4,4,4,4,1,1,1,1,2,1,2,1,1,1,2,2,1,1,3,1,1,1,1,1,3,3,4,1,1,1,3,3,2,2,1,1,3,3,3,1,3,3,3,3,3,3,2,2,4,1,1,1,1,1,1,1,1,3,2,2,1,1,1,1,4,4,4,4,3,1,1,1,4,4,1,1,1,3,4,4,1,1,3,3,1,1,4,2,3,4,2,2,1,1,4,4,1,1,2,2,3,3,1,1,2,2,1,3,1,1,1,1,4,4,4,4,1,3,3,3,2,4,2,2,3,1,3,3,1,1,1,1,2,2,2,2,2,2,2,2,2,2,1,2,1,1,1,1,2,2,2,2,1,2,1,2,1,1,1,2,1,1,1,2,2,1,1,2,1,1,1,1,1,1,2,2,1,1,1,1,1,1,1,1,1,1,2,2,1,1,2,2,1,1,2,2,2,1,2,2,2,2,2,4,2,2,4,4,5,5,3,3,2,2,2,2,1,2,2,2,3,3,5,5,1,1,3,3,3,3,2,2,1,1,2,2,2,3,3,3,2,2,2,2,1,1,1,2,1,2,2,2,2,2,3,3,2,2,2,2,2,3,4,4,1,1,5,5,1,2,3,4,3,3,3,3,3,3,4,5,5,5,1,2,2,2,1,1,3,3,3,3,1,1,6,6,3,3,3,3,3,3,1,1,2,2,4,4,2,2,2,2,1,1,4,4,2,2,3,4,1,1,3,3,1,3,4,4,4,4,1,1,1,2,1,3,4,4,2,2,1,1,1,1,3,3,3,3,1,1,4,4,1,1,2,3,1,3,1,1,2,2,2,2,2,2,1,1,1,1,3,3,1,2,2,2,2,2,3,3,1,1,1,1,2,2,2,2,1,4,3,4,2,2,3,4,2,2,2,2,2,2,4,4,3,3,3,3,2,3,3,4,1,3,2,2,1,1,4,4,2,2,2,5,1,1,4,4,1,1,1,1,3,3,5,5,4,4,2,2,4,4,3,4,2,2,1,1,2,2
"M145829",3,4,6,6,3,1,4,1,2,1,3,3,1,1,1,1,3,3,1,1,2,2,4,4,1,1,1,1,3,1,1,1,1,1,3,1,3,4,4,4,1,1,2,2,1,4,1,1,3,1,2,4,4,1,3,3,3,4,3,3,2,4,4,4,3,3,2,1,2,2,2,1,4,1,2,2,1,1,3,1,1,1,1,3,3,3,4,4,2,1,3,3,4,4,1,3,3,3,3,1,3,3,4,4,3,3,2,2,1,1,3,1,1,1,1,1,1,1,2,3,1,1,4,4,2,2,1,4,3,3,1,1,4,4,1,1,1,3,2,4,1,1,3,3,3,1,4,4,3,4,2,2,2,1,4,4,0,0,4,4,3,3,1,1,2,2,1,3,1,1,3,3,4,4,4,4,1,3,3,3,4,4,2,2,3,3,3,3,1,1,1,1,1,1,1,1,1,1,1,1,1,1,1,1,1,2,1,1,1,1,1,1,1,1,1,1,1,1,1,1,1,1,1,1,1,1,1,1,1,1,1,1,1,1,2,2,1,1,1,1,1,1,1,1,1,1,2,2,1,1,2,2,1,2,3,2,2,1,2,2,2,2,1,4,2,2,3,4,2,5,3,3,2,2,2,2,1,1,2,2,3,3,2,5,1,1,3,3,3,3,3,3,1,1,2,5,3,3,3,3,2,2,1,2,1,1,2,4,1,1,2,6,2,2,1,3,2,2,2,3,3,3,2,4,1,1,5,5,2,2,3,4,2,3,2,3,1,3,5,5,4,4,1,3,2,3,7,7,2,3,3,3,1,1,6,6,3,3,3,4,3,3,3,3,2,3,4,4,2,2,2,2,1,1,4,4,2,4,3,3,1,3,3,3,1,2,1,4,1,4,1,2,1,1,1,3,3,4,2,2,1,1,1,1,3,3,3,3,1,1,4,4,1,2,3,3,3,3,1,1,1,1,2,2,2,2,1,1,1,1,3,3,1,1,2,2,2,2,3,3,1,1,1,3,2,3,4,4,4,5,3,3,2,2,3,3,3,4,2,2,2,2,4,4,3,3,2,3,3,3,2,4,3,3,2,2,3,3,1,1,2,2,2,2,1,3,4,4,1,2,1,3,1,3,3,5,3,4,1,2,4,5,2,4,2,2,1,1,2,2
"M145830",3,4,6,6,1,1,4,1,2,2,2,3,1,1,2,1,3,3,1,1,2,1,4,4,1,4,1,1,3,1,3,1,2,2,3,1,3,3,4,4,2,2,2,2,4,4,1,1,3,3,4,4,4,1,3,1,3,4,3,3,4,4,3,4,3,3,2,1,2,2,1,1,1,1,2,2,1,1,3,3,4,1,1,1,1,3,4,4,2,1,3,3,4,4,1,3,1,3,3,3,3,3,3,4,3,3,2,2,4,1,3,3,1,1,1,1,1,3,2,2,1,1,4,4,2,4,1,4,3,1,1,1,4,4,1,1,1,3,2,4,2,2,3,3,3,1,4,4,3,3,2,2,2,1,4,4,1,1,4,4,3,3,1,4,2,2,1,3,1,1,1,3,4,1,4,4,3,3,3,3,4,4,2,2,3,3,1,1,1,3,3,3,1,1,1,1,1,1,1,1,1,1,1,1,1,1,1,1,2,2,2,2,1,2,2,2,1,1,1,2,1,1,1,2,2,1,1,2,1,1,1,1,1,1,2,2,1,1,1,1,1,1,1,1,1,1,2,2,1,1,2,2,1,1,3,2,2,2,2,2,2,2,1,1,2,2,3,4,2,4,3,3,2,2,2,2,2,2,2,2,3,3,1,1,1,1,3,3,2,3,3,3,1,1,5,5,3,3,2,2,2,2,1,1,1,1,1,2,1,1,2,2,2,2,1,3,2,2,2,2,4,4,2,2,1,3,5,5,2,2,1,4,3,3,2,3,1,3,5,5,4,4,1,1,2,4,7,7,2,3,3,3,1,2,6,6,3,3,3,3,3,3,1,3,1,1,4,4,2,2,1,2,1,3,4,4,2,2,3,4,1,1,3,3,1,1,4,7,1,6,1,1,1,2,1,4,4,4,1,2,3,3,3,3,3,3,3,3,1,1,4,4,1,1,3,3,3,3,1,1,1,1,2,2,2,2,1,1,1,1,1,3,2,2,2,2,2,2,1,3,1,1,1,3,2,2,4,4,1,4,3,3,2,2,3,3,2,4,2,2,2,2,4,5,3,3,3,3,2,3,2,4,3,3,2,2,3,3,1,4,1,2,2,5,1,1,4,4,1,1,1,4,3,3,3,5,3,4,2,3,4,4,3,4,2,2,1,1,2,2
"M145831",3,4,0,0,3,1,4,4,2,2,2,3,1,1,1,1,3,3,4,4,2,2,4,4,1,1,1,3,1,1,1,1,2,1,3,1,3,3,4,2,2,2,4,4,4,4,1,1,1,1,2,4,4,4,3,1,3,3,3,3,2,4,3,4,3,3,2,1,2,2,2,1,4,1,2,2,1,1,3,1,1,1,1,1,1,3,1,1,2,1,1,3,4,4,3,3,1,1,3,1,3,1,3,4,1,1,2,2,4,1,3,3,2,1,1,1,1,3,2,2,3,1,4,1,2,4,1,1,3,3,2,1,4,4,1,1,1,3,2,4,2,1,3,3,3,1,4,4,3,4,2,1,1,1,4,4,2,1,4,4,1,3,1,1,2,2,1,1,1,1,1,3,4,4,4,4,3,3,3,3,2,4,2,2,3,1,3,1,1,1,3,3,1,1,1,1,1,1,1,1,1,1,1,1,1,1,1,1,2,2,1,1,1,1,1,1,1,1,1,1,1,1,1,2,1,1,1,1,1,1,1,1,1,1,2,2,1,1,1,1,1,1,1,1,1,1,2,2,1,1,2,2,1,1,2,2,2,1,2,2,2,2,1,4,2,2,3,3,5,5,3,3,2,2,2,2,2,2,1,1,3,3,1,3,1,1,3,3,3,3,2,3,1,1,2,5,3,3,1,3,2,2,1,1,1,1,2,2,1,1,2,5,2,2,1,1,2,2,2,2,2,3,3,4,1,1,5,5,1,1,1,4,2,2,2,2,1,1,5,6,4,4,1,2,2,4,7,7,3,3,3,3,1,2,1,2,3,3,3,3,3,3,1,1,2,3,4,4,2,2,1,2,3,3,4,4,2,2,3,3,1,1,3,3,2,3,1,4,4,6,1,2,1,2,3,4,4,4,2,2,1,1,3,3,3,3,3,3,1,1,2,4,1,2,3,3,1,3,1,1,1,1,1,2,2,2,1,1,1,1,3,3,1,2,2,2,2,2,2,3,1,2,2,3,2,2,4,4,4,4,3,4,2,3,3,3,3,4,2,2,2,2,4,4,3,4,3,3,3,3,2,2,3,3,2,2,3,3,1,4,1,1,2,2,1,1,4,4,1,1,4,4,2,2,3,5,4,4,1,2,4,4,2,2,2,2,1,1,2,2
"M145832",4,4,6,6,1,1,4,4,2,2,2,2,1,1,1,1,2,3,1,4,2,2,4,4,1,4,1,1,1,1,1,1,2,1,3,1,3,3,2,2,2,2,2,2,4,4,1,1,1,1,2,4,4,1,1,1,3,3,3,3,2,4,3,4,1,3,2,1,2,2,1,1,1,1,2,2,1,1,3,1,1,1,1,3,3,3,4,1,1,1,3,3,2,4,1,3,3,3,1,1,3,3,3,4,3,1,2,2,4,4,3,1,1,1,1,1,1,1,2,3,1,1,4,1,2,4,1,1,3,3,2,2,4,4,1,1,1,3,2,2,1,1,1,3,1,1,4,4,4,4,2,1,2,1,4,4,1,1,4,4,3,3,1,1,2,2,1,3,1,1,1,1,4,1,2,4,3,3,3,3,2,4,2,2,3,3,3,1,1,1,1,1,1,2,1,2,1,2,1,2,1,2,1,1,1,1,1,1,1,2,1,2,1,2,1,1,1,1,1,2,1,1,1,2,2,1,1,2,1,1,1,1,1,1,2,2,1,1,1,1,1,1,1,1,1,1,2,2,1,1,2,2,1,1,2,2,1,1,2,2,2,2,1,4,2,2,3,4,4,5,3,3,2,2,2,2,1,7,1,1,3,3,5,5,1,2,2,3,2,3,2,3,1,1,2,3,3,3,2,3,2,2,1,1,1,1,2,4,1,1,2,3,2,2,3,3,2,2,2,2,3,4,4,4,1,1,5,5,1,1,1,4,2,2,2,6,3,3,5,6,1,4,1,1,2,4,1,7,3,3,3,3,1,1,1,4,3,3,3,3,3,3,1,3,2,3,4,4,2,2,1,2,3,3,2,4,2,2,3,3,1,1,3,3,1,3,1,7,4,6,1,1,1,1,1,3,4,4,1,2,1,2,1,1,2,3,1,4,1,1,4,4,1,2,3,3,1,3,1,1,1,2,2,2,2,2,1,1,1,1,3,3,2,2,2,2,2,2,2,3,1,1,3,3,2,2,2,4,4,4,3,4,2,2,2,4,2,2,2,2,2,2,4,4,1,3,3,3,3,3,2,2,1,3,2,2,1,3,1,1,1,2,5,5,1,3,2,4,1,2,1,4,3,3,3,3,2,4,3,3,4,4,3,3,2,2,1,1,2,2
"M145833",4,4,7,6,1,1,4,1,2,1,3,3,1,3,2,1,3,3,1,1,2,2,4,4,1,1,1,1,3,3,3,3,2,1,3,3,3,3,4,4,2,2,4,4,4,4,1,1,1,1,2,4,4,4,3,1,3,3,3,3,2,2,3,4,3,3,1,1,2,2,2,1,4,1,4,4,1,1,3,1,4,4,1,3,3,3,1,1,2,1,3,3,4,4,1,3,3,3,3,1,3,1,3,4,3,3,2,2,4,4,3,1,1,1,1,1,1,3,2,2,3,1,4,4,2,4,1,1,3,3,1,1,4,4,1,1,3,3,4,4,2,1,3,3,3,1,4,4,3,4,2,2,2,1,4,4,1,1,2,2,3,3,1,1,2,2,1,3,1,1,1,3,4,4,4,4,1,3,3,3,2,4,2,2,1,1,3,3,1,3,3,3,1,1,1,1,1,1,1,1,1,1,1,2,1,1,1,1,1,1,1,2,1,1,1,1,1,1,1,1,1,1,1,2,1,1,1,1,1,1,1,1,1,1,2,2,1,1,1,1,1,1,1,1,1,1,2,2,1,1,2,2,1,1,2,2,2,2,2,2,2,2,1,2,2,2,3,4,5,5,3,3,2,2,2,2,2,7,1,2,3,3,1,5,1,1,3,3,3,3,2,3,1,1,5,5,2,3,3,3,2,2,1,2,1,1,2,4,1,2,2,2,2,2,2,3,2,2,2,3,2,3,3,4,1,1,5,5,2,2,1,4,2,2,3,3,3,3,5,5,4,4,1,3,2,4,7,7,3,3,3,3,1,1,6,6,3,3,3,3,3,3,1,3,1,2,4,4,2,2,2,2,1,1,4,4,1,2,3,4,1,1,3,3,1,2,4,4,4,4,1,1,1,2,4,4,4,4,1,2,1,3,1,1,3,3,3,4,1,1,4,4,1,1,2,3,3,5,1,1,1,1,1,2,2,2,1,1,1,1,1,3,1,2,2,2,2,2,2,3,1,1,1,3,2,2,4,4,4,4,3,4,2,2,3,3,4,4,2,2,2,2,4,4,3,4,3,3,3,3,4,4,3,3,2,2,3,3,1,4,1,2,2,2,1,1,4,4,1,1,1,4,2,3,5,5,4,4,1,2,4,4,4,4,2,2,1,1,2,2
"M145834",3,4,6,6,1,1,4,1,2,2,2,3,3,3,1,1,2,2,1,1,2,2,4,4,1,4,1,1,1,1,3,1,2,2,1,1,3,3,4,2,2,1,2,4,1,4,1,1,3,1,2,2,4,4,3,1,3,4,3,3,2,4,4,4,1,3,2,1,2,2,2,1,1,1,4,2,1,1,3,1,1,1,1,1,1,3,1,1,2,1,3,3,2,4,1,1,1,3,1,1,3,1,3,4,3,3,2,2,4,4,3,3,1,1,1,1,1,3,2,3,3,1,4,4,2,4,1,4,3,3,1,1,4,4,1,1,1,1,2,4,2,1,1,1,1,1,4,4,3,4,2,2,2,1,4,4,1,1,2,2,3,3,1,1,2,2,1,3,1,1,1,3,4,4,2,4,3,3,3,3,2,4,2,1,1,1,3,1,1,1,1,1,1,2,1,2,1,2,1,2,1,2,1,1,1,2,1,1,1,2,1,2,1,2,2,2,1,1,1,2,1,1,1,2,2,1,1,2,1,1,1,1,1,1,2,2,1,1,1,1,1,1,1,1,1,1,2,2,1,1,2,2,1,1,2,2,2,1,2,2,2,2,2,3,2,2,4,4,5,5,3,3,2,2,1,2,1,1,1,2,3,3,5,5,1,1,3,3,3,3,2,3,1,1,3,5,2,3,1,3,2,2,1,2,1,1,2,2,1,2,2,5,2,2,3,3,2,2,2,2,3,4,3,4,1,1,5,5,2,2,3,3,2,3,1,3,3,3,5,5,4,5,1,1,2,4,1,7,2,3,3,3,1,2,4,6,3,3,3,3,3,3,1,4,2,2,4,4,2,2,1,2,3,3,4,4,2,2,3,3,1,1,3,3,3,3,4,7,4,6,1,1,1,1,1,4,4,4,2,2,1,3,1,1,3,3,3,3,1,1,4,4,1,2,2,3,1,3,1,1,1,2,1,2,2,2,1,1,1,1,3,3,1,2,2,2,2,2,3,4,1,1,1,3,2,2,2,4,4,4,3,4,2,2,4,4,4,4,2,2,2,2,4,4,1,3,3,3,2,3,2,3,1,1,2,3,1,3,1,4,1,2,2,2,1,1,4,4,1,1,1,4,1,2,3,5,4,4,2,2,4,4,4,4,2,2,1,1,2,2
"M145835",3,3,6,6,3,1,4,4,2,2,2,3,1,1,2,1,2,3,1,1,2,2,4,4,1,1,1,1,1,1,1,1,2,1,3,3,4,4,4,2,2,1,4,4,1,4,1,1,1,1,2,4,4,4,1,1,4,4,3,3,2,4,3,4,3,3,1,1,2,2,2,2,4,1,4,2,1,3,3,1,4,1,1,3,3,3,1,1,2,1,3,3,4,4,1,1,3,3,1,1,3,3,3,4,3,1,2,2,1,1,3,1,1,1,1,1,3,3,2,3,1,1,4,4,2,4,1,4,3,3,1,1,4,4,1,1,3,3,2,2,2,1,1,3,3,1,4,4,3,4,2,2,1,1,2,4,2,1,4,2,1,3,1,1,2,2,1,3,1,1,1,3,4,4,4,4,3,3,2,3,4,4,2,1,3,3,3,3,1,1,3,3,1,1,1,1,1,1,1,1,1,1,1,2,1,1,1,1,2,2,2,2,1,2,1,1,1,1,1,2,1,1,2,2,2,1,1,2,1,1,1,1,1,1,2,2,1,1,1,1,1,1,1,1,1,1,2,2,1,1,2,2,1,1,2,2,1,1,2,2,2,2,1,3,2,2,3,3,4,5,3,3,1,2,1,2,2,7,1,2,3,5,1,5,1,1,3,3,3,3,3,3,1,1,2,2,2,3,1,3,2,2,1,2,1,1,1,2,1,1,2,2,2,2,1,3,2,2,2,2,3,4,3,3,1,1,5,5,1,1,1,4,3,3,2,6,3,3,5,6,1,4,1,2,4,4,2,7,2,3,3,3,1,2,1,6,3,3,3,3,3,3,1,1,1,3,2,4,2,3,2,2,3,3,4,4,2,2,3,4,1,1,3,3,1,3,1,4,1,4,1,1,1,2,3,4,4,4,1,2,1,3,1,3,2,3,3,3,1,1,1,4,1,2,3,5,1,3,1,1,1,1,1,1,2,2,1,1,1,2,3,3,2,2,2,2,2,2,3,3,1,1,1,3,2,2,4,4,4,4,3,4,2,3,3,3,2,2,2,2,2,2,4,4,1,3,2,3,3,3,2,4,3,3,2,2,3,3,1,1,1,1,2,2,1,1,4,4,1,1,1,4,2,3,5,5,2,4,2,3,3,4,3,4,2,3,1,1,2,2
"M145836",4,4,7,6,3,1,4,4,2,2,2,3,1,3,2,1,2,3,1,1,2,1,4,4,1,4,1,1,1,1,1,1,2,1,3,1,3,3,4,2,2,2,2,4,4,4,4,4,1,1,2,2,4,4,3,1,3,3,3,3,2,4,3,4,1,3,1,1,2,2,1,1,4,1,4,2,1,3,3,1,1,1,1,3,3,3,4,1,1,1,3,3,2,4,1,1,3,3,3,3,1,1,3,4,3,3,2,2,4,4,3,3,1,1,1,1,1,3,2,2,3,1,4,4,4,4,1,4,3,1,1,1,4,4,1,1,1,3,4,4,2,2,3,3,1,1,4,2,3,3,2,2,1,1,4,4,1,1,4,2,3,3,1,1,2,2,1,3,1,1,3,3,4,4,4,4,3,3,2,3,4,4,2,2,3,1,1,1,1,1,1,1,1,2,1,2,1,2,1,2,1,2,1,1,2,2,1,1,1,2,1,2,1,1,1,1,1,1,1,1,1,1,1,1,1,1,1,1,1,1,1,1,1,1,2,2,1,1,1,1,1,1,1,1,1,1,2,2,1,1,2,2,1,1,2,2,2,1,2,2,2,2,1,1,2,2,4,4,2,5,3,3,2,2,1,2,1,2,2,2,3,3,5,5,1,1,3,3,3,3,2,3,1,1,2,5,3,3,1,1,2,2,1,2,1,1,2,4,1,2,2,2,2,2,1,3,2,2,2,3,2,3,2,4,1,1,5,5,2,2,4,4,2,2,3,3,3,3,5,5,4,5,1,3,4,4,1,7,3,3,3,3,1,1,6,6,3,3,3,3,3,3,1,1,2,2,4,4,2,2,2,2,3,3,4,4,1,2,3,4,1,1,3,3,2,3,4,4,4,4,1,2,1,1,1,4,4,4,2,2,1,1,1,1,3,3,4,4,1,1,4,4,1,1,3,3,3,5,1,1,1,2,1,2,2,2,1,1,1,1,3,3,2,2,2,2,2,2,3,3,1,1,1,3,2,2,2,4,4,4,4,4,2,2,3,4,4,4,2,2,2,2,4,4,3,4,3,3,3,3,3,4,1,1,2,2,1,3,1,4,2,2,2,2,1,1,4,4,1,1,4,4,1,1,3,5,4,4,2,2,4,4,4,4,2,2,1,1,1,2
"M145837",4,4,7,6,3,1,4,1,2,2,3,3,1,1,2,1,3,3,1,4,2,2,4,4,1,1,1,1,3,1,1,1,1,1,3,3,3,3,4,2,2,2,2,4,4,4,1,1,1,1,2,4,4,4,3,3,4,4,3,3,2,4,3,4,1,3,1,1,2,2,2,1,4,4,2,2,1,1,3,1,1,1,1,1,3,3,4,1,2,1,3,3,2,4,1,3,3,3,3,3,3,3,3,4,3,3,2,2,4,4,3,3,2,1,1,1,1,3,2,2,3,1,4,1,2,4,1,1,3,3,1,1,4,4,1,1,3,3,2,2,1,1,3,3,1,1,4,4,3,4,2,2,2,1,4,4,2,1,2,2,3,3,1,1,2,2,1,1,1,3,1,3,4,4,4,4,3,3,3,3,2,4,2,2,3,1,3,3,1,3,3,3,1,2,1,2,1,2,1,2,1,2,1,2,1,1,1,1,1,2,2,2,1,2,1,2,1,1,1,2,1,1,2,2,2,1,1,2,1,1,1,1,1,1,2,2,1,1,1,1,1,1,1,1,1,1,2,2,1,1,2,2,1,1,2,2,2,1,2,2,2,2,2,2,2,2,3,3,2,5,3,3,2,2,2,2,1,2,2,2,3,3,5,5,1,1,2,3,3,3,2,3,1,5,2,3,2,3,1,3,2,2,1,2,1,1,2,2,2,2,2,2,2,2,1,1,2,2,2,3,2,3,2,4,1,1,5,5,2,2,4,4,2,2,1,3,3,3,5,5,4,4,1,1,2,2,1,7,3,3,3,3,1,1,6,6,3,3,3,3,2,3,1,1,1,2,4,4,2,2,1,2,3,3,4,4,1,2,4,4,1,1,3,3,1,3,4,5,4,6,1,1,1,2,1,3,4,4,2,2,1,1,1,1,3,3,4,4,1,1,2,4,1,1,3,3,3,5,1,1,1,2,1,1,2,2,1,1,1,1,3,3,1,1,2,2,2,2,3,4,1,2,1,3,2,2,2,4,1,4,3,4,2,2,4,4,4,4,2,2,2,2,4,4,3,4,3,3,3,3,3,4,3,3,2,2,1,3,1,1,1,2,2,2,1,1,2,4,1,1,1,4,1,3,3,3,3,4,2,2,4,4,4,4,2,2,1,1,2,2
"M145838",4,4,7,6,1,1,4,4,2,1,2,3,1,1,2,1,3,3,1,1,2,2,4,4,1,1,1,1,3,1,3,1,2,1,3,1,3,4,2,2,2,1,2,4,1,4,1,1,0,0,4,4,4,4,3,1,3,3,3,3,2,2,3,4,1,3,2,1,2,2,2,2,1,1,2,2,1,3,3,1,1,1,1,1,3,3,4,1,2,1,3,3,2,4,1,1,1,3,1,1,3,1,4,4,3,3,2,2,4,1,3,1,1,1,4,1,1,3,2,2,3,3,4,4,2,2,4,4,3,3,2,1,4,4,1,1,3,3,4,4,2,2,1,3,1,1,4,2,3,3,1,1,2,2,4,4,2,2,4,2,3,3,1,1,2,3,1,1,1,3,1,1,4,4,4,4,1,1,3,3,4,4,2,1,3,3,3,1,1,1,3,3,3,1,1,2,1,2,2,2,1,2,1,2,1,1,1,1,1,2,1,1,1,2,1,2,1,1,1,2,1,1,1,2,2,1,1,2,1,1,1,1,1,1,2,2,1,1,1,1,1,1,1,1,1,1,2,2,1,1,2,2,1,1,4,3,2,2,2,2,2,2,1,3,2,2,3,3,4,4,2,3,2,2,2,3,1,1,1,2,3,4,2,5,1,1,3,3,3,3,2,3,1,1,2,5,3,3,1,3,2,2,2,2,1,1,4,4,1,1,2,2,2,2,1,1,2,2,1,3,3,3,2,2,1,1,3,6,1,1,1,1,2,3,2,2,3,3,5,5,4,4,3,3,3,4,1,7,3,3,3,3,1,1,1,1,3,3,1,3,3,3,1,3,1,2,4,4,2,2,2,2,1,1,4,6,2,5,4,4,1,1,3,3,2,4,2,4,1,4,1,2,1,1,1,5,4,4,1,2,1,1,1,3,3,3,3,3,1,1,4,4,1,1,3,3,3,4,1,1,1,3,1,2,1,2,1,1,1,1,2,3,2,2,2,2,2,2,2,2,1,1,1,1,2,2,1,4,4,4,3,3,2,2,4,4,3,4,2,2,1,2,4,4,1,1,1,3,3,3,2,3,3,3,2,2,1,3,2,2,1,2,2,5,1,1,2,4,1,2,1,3,2,3,1,1,4,5,1,2,3,5,2,3,2,2,1,1,2,2
"M145839",4,4,6,6,3,3,4,4,2,1,2,2,3,3,2,1,0,0,1,1,2,1,4,4,1,4,1,3,3,1,1,1,2,1,3,3,3,3,2,2,1,1,2,4,1,4,4,1,3,3,4,4,4,1,3,1,3,3,3,3,4,4,3,4,1,3,2,1,2,1,2,2,4,1,4,4,1,1,3,1,1,1,1,1,3,3,4,1,1,1,1,3,2,4,3,3,3,3,3,1,3,1,4,4,1,1,2,2,4,1,3,3,1,1,4,4,1,3,2,2,3,1,1,1,2,4,1,1,3,1,2,2,4,4,1,1,1,1,2,4,2,1,3,3,3,1,2,2,3,3,2,1,2,1,4,4,1,1,4,2,3,3,1,1,2,3,1,1,1,1,1,3,4,4,2,4,3,3,2,2,4,4,1,1,3,1,3,3,1,1,1,1,1,2,1,2,1,2,1,2,1,2,1,2,1,1,1,1,1,2,1,2,1,2,1,2,1,1,1,2,1,1,2,2,2,1,1,2,1,1,1,1,1,1,2,2,1,1,1,1,1,1,1,1,1,1,2,2,1,1,2,2,1,1,2,2,1,1,2,2,2,2,1,4,2,2,3,3,5,5,3,3,2,2,2,2,1,7,2,2,3,3,2,3,1,1,3,3,3,3,2,3,1,5,5,5,2,2,1,3,2,2,1,1,1,1,1,4,1,2,2,2,2,2,1,1,2,2,1,2,3,4,4,4,1,1,5,5,2,2,3,4,3,3,2,2,3,3,5,6,4,5,1,2,4,4,1,7,3,3,3,3,1,1,1,5,3,3,3,3,2,2,3,3,2,2,4,4,2,3,1,2,1,3,4,4,1,4,3,4,1,1,3,3,1,3,1,4,1,6,1,1,1,2,3,5,4,4,1,2,1,3,1,1,3,3,3,3,1,1,4,5,1,1,3,3,3,4,1,1,1,2,1,2,2,2,1,1,1,1,1,1,2,2,2,2,2,2,2,2,1,1,1,1,2,3,2,4,4,4,3,3,0,0,3,4,3,4,2,2,2,2,4,4,1,1,3,3,3,3,2,3,3,3,2,2,1,3,2,2,2,2,2,2,1,1,2,4,1,1,4,4,2,3,3,5,4,5,2,3,4,4,3,4,2,4,1,1,2,2
"M145840",3,4,6,6,3,1,4,1,2,2,2,3,1,1,2,1,3,3,1,1,2,2,4,4,1,1,1,3,1,1,1,1,1,1,3,3,3,3,2,2,1,1,2,2,1,4,4,1,3,1,2,4,4,4,3,3,3,3,3,3,4,4,3,4,1,3,2,2,2,2,2,1,1,1,2,2,1,1,3,3,1,1,1,1,3,3,4,4,2,1,3,3,2,4,3,3,3,3,1,1,3,3,3,3,3,1,2,2,4,1,3,1,2,2,4,1,1,3,2,3,1,1,4,4,4,4,4,4,3,1,1,1,4,4,1,1,1,3,4,4,2,2,1,1,3,1,4,4,4,4,1,1,2,1,4,4,1,1,4,2,3,3,1,1,2,3,1,1,1,3,1,3,4,4,4,4,1,3,2,3,4,4,2,1,3,3,3,3,1,1,1,3,3,1,1,2,1,2,1,2,1,2,1,1,1,1,1,1,1,2,1,2,1,1,1,1,1,1,1,1,1,1,1,2,1,1,1,1,1,1,1,1,1,1,1,2,1,1,1,1,1,1,1,1,1,1,2,2,1,1,2,2,1,1,2,2,1,1,2,2,2,2,3,4,2,3,3,3,5,5,3,3,2,2,2,2,1,1,1,2,2,3,1,5,1,1,3,3,3,3,1,2,1,5,2,5,3,3,1,3,2,2,1,1,1,1,1,2,1,1,2,2,2,2,1,2,2,2,2,3,4,4,2,4,1,1,5,5,1,2,4,4,2,3,2,2,3,3,5,5,4,4,3,3,4,4,1,7,3,3,3,3,1,2,1,6,3,3,3,3,3,3,1,1,2,3,3,3,1,2,1,1,3,3,2,4,1,4,3,4,1,1,3,3,1,3,4,4,6,6,1,1,1,2,1,3,4,4,1,2,3,3,1,3,2,3,3,4,1,1,4,5,1,2,3,3,3,4,1,1,1,3,1,2,2,2,1,1,1,1,1,2,1,2,3,3,2,3,2,3,1,1,1,1,2,2,2,4,4,4,3,3,2,3,3,3,3,4,1,2,2,2,4,4,1,3,3,3,3,3,2,2,3,3,2,2,1,3,1,1,2,2,2,2,1,1,3,4,1,2,1,1,1,3,3,3,4,5,2,3,4,4,3,4,2,2,1,1,2,2
"M145841",4,4,6,6,1,1,1,1,2,2,2,2,1,3,2,1,3,3,1,1,2,1,4,4,1,4,1,1,1,1,1,1,1,1,3,3,3,3,4,2,2,2,4,4,4,4,1,1,1,1,2,4,4,1,3,1,3,3,3,3,2,2,3,4,1,1,1,1,2,2,2,2,1,1,4,2,1,1,3,3,1,1,3,3,3,3,1,1,1,1,1,3,2,2,1,3,3,3,1,1,3,3,3,3,3,3,2,2,4,1,3,1,1,1,1,1,1,3,3,3,1,1,4,1,2,4,1,4,3,1,2,2,4,4,1,1,1,1,2,4,2,1,1,3,3,1,4,2,4,4,1,1,2,1,4,4,1,1,4,2,3,3,1,1,3,3,1,1,1,3,1,3,4,1,4,4,3,3,3,3,4,4,2,2,3,3,3,1,1,1,1,1,2,2,2,2,2,2,2,2,2,2,2,2,1,1,1,1,2,2,2,2,1,1,1,1,1,1,1,1,1,1,2,2,1,1,1,1,1,1,1,1,1,1,2,2,1,1,1,1,1,1,1,1,1,1,2,2,1,1,2,2,1,1,4,3,1,1,2,2,2,2,4,4,2,2,3,3,5,5,1,3,2,2,2,3,1,2,1,2,3,3,2,2,1,1,3,3,1,3,2,3,5,5,4,5,3,3,1,1,2,2,1,1,1,3,2,4,1,1,2,2,2,2,3,3,2,2,2,2,3,4,4,4,1,1,5,5,1,2,3,4,2,3,2,2,3,3,5,6,4,4,1,3,4,4,1,1,2,3,3,3,1,1,1,5,3,3,3,3,2,3,1,1,2,3,3,4,1,2,2,2,3,3,4,4,2,5,3,4,1,1,3,3,1,3,1,4,2,4,1,1,1,2,1,1,4,4,2,2,1,1,1,1,1,2,3,3,1,1,4,4,1,1,3,3,3,3,3,3,2,2,1,2,2,2,1,1,1,1,1,4,2,2,2,3,2,2,2,4,2,2,1,1,1,2,2,2,4,4,3,4,2,2,3,4,3,4,2,2,1,2,4,4,1,3,3,3,3,3,3,3,3,3,1,2,1,1,1,1,2,2,2,5,1,3,4,4,1,2,1,4,1,1,1,5,3,4,1,2,4,4,2,3,2,2,1,1,2,2
"M145842",4,4,6,6,3,1,4,4,2,2,2,2,1,1,2,1,3,3,1,1,2,2,4,4,1,4,1,3,1,1,1,1,2,2,3,3,3,4,2,2,2,2,2,4,1,1,4,1,1,1,4,4,4,4,3,1,3,3,3,4,2,4,4,4,3,3,2,2,2,2,2,2,1,1,4,2,1,3,3,3,4,1,1,1,3,3,4,4,1,1,3,3,4,4,3,3,1,3,3,1,3,1,3,3,3,3,2,2,4,4,3,3,2,1,1,1,1,3,2,3,1,1,4,1,4,4,1,4,3,3,1,1,4,4,2,1,3,3,4,4,1,1,1,3,1,1,4,2,4,4,1,1,2,2,4,4,1,1,4,2,3,3,1,1,2,3,1,1,1,3,1,1,4,4,4,4,3,3,3,3,4,4,2,2,3,3,3,3,1,1,3,3,1,1,1,1,1,1,1,1,1,1,1,1,1,1,1,1,2,2,1,1,1,1,1,1,1,1,1,1,1,1,1,1,1,1,1,1,1,1,1,1,1,1,1,2,1,1,1,1,1,1,1,1,1,1,2,2,1,1,2,2,1,1,1,2,1,1,2,2,2,2,3,3,2,2,3,3,1,5,3,3,2,2,2,2,2,7,2,2,3,3,1,2,1,1,3,3,3,3,3,3,1,5,5,5,3,3,1,3,2,2,1,2,1,1,2,3,1,1,2,2,2,2,1,1,2,2,2,3,2,3,3,4,1,3,5,5,1,1,1,1,2,3,2,2,3,3,5,6,3,4,1,1,4,4,7,7,3,3,3,3,2,2,1,4,3,3,3,3,3,3,1,3,1,2,3,4,2,3,1,2,3,3,4,4,1,2,3,4,1,1,3,3,1,3,4,4,6,6,1,1,1,2,3,5,4,4,2,2,1,1,1,3,2,3,3,4,1,1,4,4,1,2,3,3,3,4,1,1,1,1,1,2,2,2,1,2,1,1,2,2,2,2,4,4,2,2,2,3,1,1,1,1,2,2,4,4,4,4,3,3,2,3,3,3,3,3,2,2,2,2,4,4,1,3,3,3,3,3,2,3,1,3,2,2,3,3,1,2,1,2,2,2,1,1,4,4,1,2,1,3,1,3,3,6,3,4,1,2,4,4,2,4,2,2,1,1,2,2
"M145843",4,4,6,6,3,1,4,1,2,2,2,2,1,3,2,1,3,3,1,1,2,2,4,4,1,4,1,1,1,1,1,1,2,1,3,3,3,3,4,2,2,2,4,4,4,4,1,1,3,3,2,4,4,4,3,1,3,3,3,4,2,4,3,4,1,3,1,1,2,2,2,2,1,1,4,2,1,3,3,3,1,1,1,3,3,3,1,1,1,1,1,3,2,4,3,3,1,3,1,1,3,3,3,4,3,3,2,2,4,4,3,3,2,2,1,1,1,3,2,3,1,1,4,1,2,4,1,4,3,3,2,1,4,4,1,1,1,3,2,4,1,1,3,3,3,3,4,2,4,4,1,1,2,2,4,4,1,1,4,4,3,3,1,1,3,3,1,1,1,3,1,3,4,4,4,4,3,3,3,3,4,4,2,1,3,3,1,1,1,3,1,3,1,2,1,2,1,2,1,2,1,2,1,2,1,2,1,1,2,2,1,1,1,1,1,1,1,1,1,1,1,1,1,2,1,1,1,1,1,1,1,1,1,1,2,2,1,1,1,1,1,1,1,1,1,1,2,2,1,1,2,2,1,1,1,4,2,1,2,2,2,2,3,4,2,2,3,3,3,5,1,2,2,2,2,3,1,7,2,2,3,3,2,3,1,1,3,3,3,3,1,3,5,5,3,4,3,3,3,3,2,2,1,2,1,1,1,3,1,1,2,3,2,2,3,3,2,2,1,2,3,4,3,4,1,1,5,5,2,2,1,3,2,3,2,2,3,3,5,5,3,4,1,3,4,4,1,7,3,3,3,3,1,2,1,1,3,3,1,3,2,3,1,4,2,2,3,4,1,2,1,2,3,3,4,4,2,4,3,3,1,1,3,3,3,3,4,4,2,6,1,1,1,2,1,1,4,4,2,2,1,3,1,3,1,3,3,3,1,1,4,4,1,2,3,5,3,4,1,3,1,2,1,1,1,2,1,1,1,1,1,2,2,2,2,2,2,2,2,3,1,2,1,3,2,2,2,4,4,4,3,4,2,2,3,3,3,3,2,2,1,1,4,4,1,3,1,3,3,3,2,3,1,3,2,3,1,3,1,1,2,2,2,5,1,1,4,4,1,2,4,4,2,3,5,6,4,4,1,1,4,4,2,3,2,2,1,1,2,2
"M145844",3,4,7,6,3,1,4,1,2,2,2,3,1,3,1,1,2,3,1,1,2,2,4,4,1,4,1,3,1,1,1,1,2,1,3,3,3,3,4,2,2,1,2,4,4,4,4,1,3,1,4,4,4,4,3,1,3,3,3,3,4,4,3,4,1,3,1,1,2,2,2,2,1,1,4,2,1,1,3,1,1,1,1,3,3,3,1,1,1,1,3,3,2,4,3,3,1,3,1,1,3,1,3,4,3,3,2,2,4,1,3,1,2,1,1,1,3,3,2,3,1,1,4,1,2,4,1,4,3,3,2,1,4,4,1,1,3,3,4,4,1,1,3,3,1,1,2,2,4,4,1,1,2,2,4,4,1,1,4,4,3,3,1,1,3,3,1,1,1,3,1,3,4,4,4,4,3,3,3,3,4,4,2,1,3,3,1,1,1,3,0,0,1,2,1,2,1,2,1,2,1,2,1,1,1,1,1,1,2,2,0,0,1,1,1,1,1,1,1,1,1,1,1,2,1,1,1,1,1,1,1,1,1,1,2,2,1,1,1,1,1,1,1,1,1,1,2,2,1,1,2,2,1,1,1,4,2,1,2,2,2,2,3,4,2,2,3,4,3,5,1,2,2,2,1,2,1,7,2,2,3,3,3,3,1,1,3,3,3,3,2,3,1,5,3,5,2,3,3,3,2,2,1,1,1,1,3,4,1,1,1,3,2,2,1,1,2,2,1,1,3,4,3,4,1,1,5,5,2,2,1,4,2,2,2,2,3,3,5,5,4,4,3,3,4,4,1,1,2,3,3,3,1,2,1,1,3,3,1,3,3,3,1,3,2,2,3,4,2,2,1,1,3,3,4,4,2,4,3,3,1,1,3,3,3,3,4,4,4,6,1,1,1,2,1,3,4,4,1,2,1,3,1,1,2,2,3,3,1,1,4,5,1,2,5,5,3,4,1,3,1,2,1,1,1,2,1,1,1,1,1,2,2,2,2,2,2,2,2,3,1,1,1,3,2,2,2,4,4,4,3,4,2,3,3,3,3,3,2,2,1,1,4,4,3,3,1,2,3,3,2,3,1,3,2,3,1,3,1,1,2,2,2,5,1,1,4,4,1,2,4,4,1,3,1,6,4,4,1,1,4,4,2,3,2,3,1,1,2,2
"M145845",3,4,6,6,3,3,4,4,2,2,2,2,1,1,2,1,2,2,1,1,2,2,4,4,1,1,1,3,1,1,1,1,1,1,3,3,3,3,4,2,2,1,2,4,1,4,4,1,3,3,4,4,4,4,3,3,4,4,3,3,2,4,3,4,3,3,1,1,2,2,2,2,4,1,2,2,1,3,3,1,4,1,1,3,3,3,4,4,1,1,3,3,4,4,1,3,1,1,3,1,3,3,3,3,3,1,2,2,1,1,3,1,1,1,1,1,1,3,2,3,1,1,4,1,2,4,1,4,3,3,2,2,4,4,1,1,1,1,4,4,1,1,3,3,3,1,4,4,3,4,1,1,2,2,4,4,2,1,4,4,1,3,1,1,2,2,1,1,1,1,1,3,4,1,2,4,3,3,3,3,2,4,2,1,3,3,3,1,1,1,3,3,1,1,1,1,1,1,1,1,1,1,2,2,1,1,1,1,2,2,1,2,1,1,1,1,1,1,1,1,1,1,1,2,1,1,1,1,1,1,1,1,1,1,2,2,1,1,1,1,1,1,1,1,1,1,2,2,1,1,2,2,1,1,2,2,1,1,2,2,2,2,2,2,1,1,3,3,3,5,1,3,2,2,1,2,2,7,2,2,3,3,1,5,1,1,3,3,3,3,3,3,1,5,5,5,2,3,3,3,2,2,1,1,1,1,1,4,1,1,2,2,2,2,1,3,2,2,1,3,3,3,2,4,1,1,5,5,1,2,3,4,3,3,2,6,3,3,6,6,3,4,1,2,4,4,7,7,3,3,3,3,1,2,1,1,3,3,3,3,2,2,1,3,2,2,2,4,2,2,1,2,3,3,4,4,2,5,3,3,1,3,3,3,2,3,4,4,1,4,1,1,1,2,1,1,4,4,2,2,3,3,1,1,3,3,3,3,1,1,1,4,1,2,3,3,1,1,1,1,1,1,1,2,2,2,1,1,1,1,1,3,2,2,2,5,2,2,2,3,1,2,1,1,2,2,3,4,4,4,4,4,2,2,3,3,3,4,2,2,2,2,4,4,3,4,1,2,3,4,3,3,3,3,3,3,3,3,1,2,1,2,2,2,1,1,2,4,1,1,4,4,1,2,3,3,4,4,1,1,3,4,3,4,2,2,1,1,2,2
"M145846",3,4,7,6,3,1,1,1,2,2,2,3,1,1,1,1,3,3,1,1,2,1,4,4,1,4,1,3,1,1,3,1,1,1,3,1,3,3,4,2,2,2,2,4,4,4,1,1,3,1,2,2,4,4,3,1,3,3,3,3,2,2,4,4,1,3,1,1,2,1,2,1,1,1,4,2,1,1,3,1,4,1,1,1,3,3,4,1,1,1,3,3,2,4,1,3,1,3,3,1,3,3,3,4,3,3,2,2,4,1,3,1,2,1,1,1,1,3,2,3,1,1,4,1,2,4,1,4,3,1,2,1,2,4,1,1,1,1,2,4,1,1,1,3,3,3,4,2,3,4,1,1,2,2,4,4,1,1,4,4,3,3,1,1,2,3,1,1,1,1,3,3,4,1,4,4,3,3,3,3,4,4,2,1,3,3,3,1,1,1,1,1,1,2,1,2,1,2,1,2,1,2,1,1,1,2,1,1,2,2,2,2,1,1,1,1,1,1,1,1,1,1,2,2,1,1,1,1,1,1,1,1,1,1,2,2,1,1,1,1,1,1,1,1,1,1,2,2,1,1,2,2,1,1,3,2,2,1,2,2,2,2,2,4,2,2,3,3,3,5,1,2,2,2,2,3,1,2,1,2,3,3,2,2,1,1,3,3,3,3,1,3,1,3,4,5,2,3,3,3,2,2,1,1,1,1,4,4,1,1,2,2,2,2,3,3,2,2,1,3,3,4,4,4,1,1,5,5,2,2,3,4,2,2,2,3,3,3,5,6,4,4,1,1,4,4,1,7,2,3,3,3,1,2,1,1,3,3,3,3,2,3,1,3,2,2,3,4,1,2,1,2,3,3,4,4,2,2,3,3,1,1,3,3,3,3,4,4,4,4,1,1,1,1,1,3,3,4,1,2,1,1,3,3,2,2,1,3,1,1,4,4,1,1,3,3,3,3,1,3,1,2,1,1,2,2,1,1,1,2,1,3,2,2,2,2,2,2,2,2,1,1,1,1,2,2,2,4,4,4,3,4,2,3,3,3,2,4,2,2,1,1,4,4,3,3,3,3,3,3,3,3,1,3,2,2,1,3,1,1,2,2,2,5,1,1,4,4,1,2,3,4,2,3,3,5,2,4,2,3,4,4,2,2,2,3,1,1,2,2
"M145847",4,4,6,6,3,3,4,1,2,2,2,2,1,3,2,2,2,3,1,1,2,1,4,4,1,4,1,1,3,1,1,1,2,1,3,1,4,4,4,2,2,1,2,4,4,4,1,1,3,1,2,2,4,1,3,1,3,4,3,3,2,4,3,3,1,1,2,2,2,1,2,2,1,1,4,2,3,3,3,3,4,1,1,1,3,3,4,1,2,1,3,3,2,2,1,3,1,1,1,1,3,3,3,4,3,3,2,2,4,1,1,1,1,1,4,1,1,1,2,3,3,1,4,1,4,4,1,1,3,1,2,2,4,4,1,1,1,3,2,4,2,1,1,1,3,3,4,4,4,4,2,1,2,1,4,4,2,1,4,4,3,3,1,1,3,3,1,3,1,3,3,3,4,1,2,4,3,3,2,3,4,4,2,1,3,1,3,1,1,3,3,3,2,2,2,2,2,2,2,2,2,2,1,1,1,1,1,1,1,2,1,2,1,2,1,2,1,1,1,2,1,1,1,2,2,1,1,2,1,1,1,1,1,1,2,2,1,1,1,1,1,1,1,1,1,1,2,2,1,1,2,2,1,1,2,2,1,1,2,2,2,2,2,2,1,2,3,3,3,5,1,3,2,2,2,2,5,6,2,2,3,3,2,3,1,2,3,3,3,3,1,3,1,5,3,5,2,3,1,1,2,2,1,2,1,1,1,4,1,1,2,5,2,2,1,3,2,2,2,3,3,3,2,2,1,1,5,5,1,1,3,3,3,3,2,2,2,3,5,5,4,4,1,2,4,4,1,1,3,3,2,3,1,2,1,1,3,3,3,3,2,2,4,4,2,2,3,3,2,3,2,3,3,3,4,4,2,2,3,3,1,1,3,3,1,4,4,4,1,2,1,1,1,2,1,5,4,4,1,2,3,3,1,1,3,3,3,3,1,1,5,5,1,1,3,3,3,3,1,1,2,3,1,2,2,2,1,1,1,1,1,3,2,2,5,5,2,2,2,4,1,1,1,3,2,2,2,2,4,4,3,4,2,2,3,4,3,4,1,2,2,2,4,4,3,3,2,3,3,3,3,3,3,3,2,3,1,1,1,1,2,2,2,5,1,3,2,3,1,2,4,4,1,2,3,5,3,3,1,2,4,4,3,3,2,3,1,1,2,2
"M145848",3,4,6,6,3,1,4,1,2,2,2,3,1,3,2,1,3,3,1,1,2,2,4,4,4,4,1,3,1,1,1,1,2,2,3,3,3,3,4,2,2,1,2,4,4,4,1,1,3,1,2,4,4,4,3,1,3,4,3,3,2,4,3,4,1,3,2,1,2,2,2,2,1,1,4,2,1,1,3,1,4,1,1,3,3,3,4,1,1,1,3,3,2,4,1,3,1,3,3,1,3,1,3,4,3,3,2,2,4,1,3,1,1,1,1,1,1,1,2,3,1,1,4,4,2,4,4,4,3,3,2,1,2,4,1,1,3,3,2,4,1,1,1,3,3,1,4,2,4,4,1,1,2,2,4,4,1,1,4,4,3,3,1,1,3,3,1,1,1,1,1,3,4,4,4,4,3,3,3,3,4,4,1,1,3,3,1,1,1,1,1,3,1,2,1,2,1,2,1,2,1,2,1,1,1,2,1,1,2,2,1,2,1,1,1,1,1,1,1,1,1,1,1,2,1,1,1,1,1,1,1,1,1,1,2,2,1,1,1,1,1,1,1,1,1,1,2,2,1,1,2,2,1,1,1,4,2,1,2,2,2,2,2,4,2,2,3,3,1,5,1,2,2,2,1,2,1,7,2,2,3,3,3,3,1,1,3,3,3,3,2,3,3,5,3,5,3,3,1,3,2,2,1,1,1,1,4,4,1,1,2,2,2,2,1,3,2,2,2,3,3,3,3,4,1,1,5,5,2,2,1,3,2,3,2,2,3,3,5,5,4,4,1,1,4,4,1,7,2,3,3,3,1,1,1,1,3,3,3,3,2,3,1,3,2,2,3,4,1,2,2,2,3,3,4,4,2,2,3,3,1,1,3,3,3,3,4,4,6,6,1,1,1,1,1,3,4,4,1,2,1,1,1,1,1,2,3,3,1,1,4,4,1,1,3,5,3,3,1,3,1,2,1,1,1,2,1,1,1,1,1,2,2,2,2,4,2,2,3,3,1,1,1,3,2,2,2,4,4,4,4,4,2,3,3,3,4,4,2,2,1,1,4,4,1,3,3,3,3,3,2,3,1,3,2,2,1,3,1,1,2,2,2,5,1,1,4,4,1,2,4,4,2,3,5,6,4,4,1,3,4,4,2,3,2,2,1,1,2,2
"M145849",3,4,6,6,3,1,4,1,2,2,2,3,1,1,1,1,2,2,1,1,2,2,4,4,4,4,1,1,1,1,1,1,2,1,3,3,3,3,4,2,2,1,2,4,1,4,1,1,3,1,2,4,4,4,3,1,3,4,3,3,2,4,3,3,1,3,2,1,2,2,2,2,1,1,4,2,1,1,3,1,1,1,1,3,3,3,4,1,1,1,3,3,2,4,1,3,3,3,3,1,3,3,4,4,3,3,2,2,4,4,3,1,1,1,1,1,1,3,2,3,1,1,1,1,2,4,1,4,3,3,1,1,4,4,1,1,3,3,4,4,1,1,1,3,3,3,4,2,4,4,1,1,2,2,4,4,1,1,4,4,3,3,1,1,2,3,1,1,1,3,1,3,4,4,4,4,3,3,3,3,4,4,2,1,3,3,3,1,1,3,0,0,1,2,1,2,1,2,1,2,1,2,1,1,1,1,1,1,2,2,1,2,1,1,1,1,1,1,1,1,1,1,1,2,1,1,1,1,1,1,1,1,1,1,2,2,1,1,1,1,1,1,1,1,1,1,2,2,1,1,2,2,1,1,1,4,2,1,2,2,2,2,2,4,2,2,3,4,1,5,1,2,2,2,1,2,1,2,2,2,3,3,2,3,1,1,3,3,3,3,2,3,5,5,5,5,3,3,3,3,2,2,1,1,1,1,4,4,1,1,2,3,2,2,3,3,2,2,1,3,3,3,4,4,1,1,5,5,1,2,1,3,2,2,2,2,3,3,5,5,3,4,1,1,4,4,1,7,3,3,3,3,1,1,1,1,3,3,1,3,3,3,1,1,2,2,3,4,1,2,2,2,3,3,4,4,2,2,3,3,1,1,3,3,3,3,4,4,2,6,1,1,1,2,3,5,4,4,1,2,1,3,1,3,1,3,3,3,1,1,4,5,1,2,3,5,3,3,1,3,1,2,1,1,1,2,1,1,1,1,1,2,2,2,3,4,2,2,2,3,1,1,1,1,2,2,2,4,4,4,3,3,2,3,3,3,3,4,2,2,1,2,4,4,3,3,3,3,3,3,2,3,3,3,2,3,1,3,1,1,1,2,2,5,1,1,2,4,1,2,3,4,1,2,1,5,4,4,1,3,4,4,2,3,2,2,1,1,2,2
"M145850",4,4,7,6,3,1,4,4,2,2,2,3,1,3,2,2,2,2,1,1,2,2,4,4,1,4,1,1,3,1,1,1,2,1,3,3,3,3,4,2,2,1,2,2,1,4,1,1,3,3,2,2,4,4,3,1,3,3,3,3,2,4,3,4,3,3,1,1,2,2,2,2,4,1,4,2,1,3,1,1,4,1,1,3,3,3,4,1,1,1,3,3,4,4,3,3,1,3,1,1,3,1,3,4,3,1,2,1,4,1,3,3,1,1,4,1,1,3,2,3,3,1,1,1,2,4,1,1,3,3,2,2,4,4,1,1,1,3,2,4,1,1,1,3,1,1,4,2,3,3,2,1,2,1,4,4,2,1,4,4,1,3,1,1,2,2,1,1,1,1,3,3,1,1,2,4,3,3,3,3,4,4,2,1,3,3,3,1,1,1,1,3,1,1,1,1,1,1,1,1,1,1,1,1,1,1,1,1,1,2,0,0,1,2,1,2,1,1,1,2,1,1,1,2,2,1,1,2,1,1,1,1,1,1,2,2,1,1,1,1,1,1,1,1,1,1,2,2,1,1,2,2,1,1,2,2,1,1,2,2,2,2,1,1,2,2,3,3,5,5,3,3,2,2,2,2,1,2,1,2,3,3,1,2,1,1,3,3,3,3,3,3,1,5,5,5,2,3,3,3,2,2,1,1,1,1,1,4,1,2,2,2,2,2,1,1,2,2,2,3,3,4,4,4,1,1,5,5,1,2,3,4,3,3,2,3,3,3,6,6,4,5,1,2,4,4,7,7,3,3,3,3,1,1,1,4,3,3,3,3,2,3,3,3,2,2,3,4,2,3,1,2,3,3,4,4,4,5,4,4,1,1,3,3,3,3,2,4,2,4,1,2,2,2,1,5,4,4,2,2,1,3,1,1,2,3,1,3,1,1,4,4,1,1,3,3,3,3,1,3,1,1,1,2,2,2,1,1,1,1,1,3,2,2,2,2,2,2,2,2,1,1,1,1,2,3,4,4,4,4,3,4,2,2,3,4,3,4,2,2,2,2,4,5,1,1,3,3,3,3,2,3,3,3,2,2,3,3,1,2,1,2,2,2,1,3,2,4,1,1,4,4,1,2,5,5,5,5,2,3,4,4,3,4,2,4,1,1,2,2
"M145851",3,4,7,6,3,1,4,4,2,2,2,2,1,3,2,2,2,2,1,4,2,2,4,4,1,4,1,3,1,1,3,3,1,1,3,3,3,4,2,2,2,1,2,4,1,4,1,1,1,1,2,4,4,1,1,1,3,3,3,3,4,4,3,4,1,3,1,1,2,2,2,2,4,1,2,2,1,3,3,1,4,1,1,3,3,3,1,1,2,1,3,3,2,4,3,3,1,3,1,1,3,1,3,4,3,1,2,2,4,1,3,3,1,1,4,1,3,3,2,2,3,1,4,1,4,4,1,1,3,3,2,2,4,4,1,1,1,3,2,4,1,1,1,1,3,1,4,2,3,3,2,1,2,1,4,4,2,1,4,4,3,3,1,1,2,3,1,3,1,1,3,3,4,1,4,4,3,3,3,3,4,4,2,1,3,1,3,1,1,1,3,3,1,2,1,2,1,2,1,2,1,2,1,1,1,1,1,1,1,1,1,1,1,1,1,1,1,1,1,1,1,1,1,1,1,1,1,1,1,1,1,1,1,1,2,2,1,1,1,1,1,1,1,1,1,1,2,2,1,1,2,2,1,1,2,2,1,1,2,2,2,2,2,3,2,2,3,4,3,5,3,3,2,2,2,2,2,7,1,2,3,3,2,3,1,1,3,3,2,3,2,3,1,5,3,5,2,3,1,3,2,2,1,2,1,1,1,4,1,2,2,3,2,2,1,1,2,2,1,2,2,3,2,4,1,1,5,5,1,2,1,4,3,3,2,3,3,3,5,6,4,5,1,3,4,4,1,7,3,3,3,3,1,1,1,1,3,3,3,3,3,3,3,3,2,2,3,4,2,3,1,2,3,3,4,4,2,5,3,3,1,1,3,3,3,3,2,4,1,4,1,2,2,2,3,5,4,4,2,2,1,3,1,1,2,2,3,3,1,1,4,4,1,1,3,3,1,3,1,3,1,2,2,2,2,2,1,1,1,1,1,3,2,2,2,2,2,2,2,3,1,1,1,1,2,3,2,4,4,4,3,3,2,2,3,3,3,4,2,2,2,2,4,4,3,3,1,3,3,4,2,3,1,3,2,3,1,3,1,2,2,2,2,2,1,3,2,4,1,2,1,4,1,2,3,5,3,5,2,2,4,4,3,3,2,4,1,1,2,2
"M145852",3,4,6,6,3,3,4,4,2,2,2,3,1,1,2,1,2,2,1,4,2,2,4,4,1,4,1,3,1,1,3,1,2,1,3,3,3,3,2,2,1,1,2,2,1,4,4,1,3,3,2,2,4,1,3,1,3,3,3,3,2,4,3,4,3,3,2,1,2,2,2,2,1,1,2,2,1,3,3,1,4,1,1,1,3,3,4,4,1,1,3,3,4,4,3,3,1,1,3,1,3,1,3,4,3,3,2,2,4,1,3,3,2,1,1,1,1,3,2,3,3,1,4,1,4,4,4,4,3,3,1,1,4,4,1,1,3,3,2,4,1,1,1,3,3,1,4,2,3,4,1,1,2,2,4,4,2,1,4,4,3,3,1,1,2,2,1,1,1,1,1,3,1,1,4,4,3,3,2,3,4,4,2,1,3,3,1,1,1,1,3,3,1,1,1,1,1,1,1,1,1,1,1,1,1,2,1,1,1,2,1,2,1,1,1,1,1,1,1,1,1,1,1,2,1,1,1,1,1,1,1,1,1,1,2,2,1,1,1,1,1,1,1,1,1,1,2,2,1,1,2,2,1,1,1,2,1,1,2,2,2,2,2,3,2,2,3,3,1,5,2,3,2,2,2,2,2,2,1,2,3,3,1,2,1,1,3,3,3,3,2,3,4,5,5,5,2,3,3,3,2,2,1,1,1,1,1,3,1,1,2,3,2,2,1,1,2,2,1,3,2,3,3,4,1,1,5,5,1,2,1,1,2,3,2,2,3,3,5,6,4,4,1,3,4,4,7,7,3,3,3,3,1,1,1,4,3,3,3,3,3,3,3,3,2,2,4,4,1,2,2,2,3,3,4,4,2,5,3,3,1,1,3,3,3,3,4,4,1,6,1,1,1,2,1,5,4,4,2,2,1,1,1,1,2,2,3,3,1,1,4,4,1,2,3,5,1,3,1,3,1,1,1,2,1,2,1,1,1,1,3,4,2,2,2,4,2,2,2,3,1,1,1,1,2,2,4,4,4,4,3,4,2,3,3,3,3,4,2,2,2,2,4,5,3,3,3,3,3,3,2,2,1,1,2,2,3,3,1,1,1,2,2,2,1,1,2,4,1,1,4,4,1,3,5,6,4,5,1,2,4,4,4,4,2,2,1,1,2,2
"M145853",4,4,7,6,3,3,4,1,2,2,2,2,1,1,2,1,2,2,1,1,2,1,4,4,1,4,1,3,1,1,3,1,2,1,3,3,3,3,4,2,2,1,2,4,1,1,4,1,3,1,4,4,4,1,3,3,4,4,4,4,2,4,3,4,3,3,1,1,2,2,2,2,4,1,2,2,1,3,3,1,4,1,1,3,1,3,1,1,1,1,1,3,4,4,3,3,1,3,3,1,3,3,4,4,3,3,2,2,4,1,3,1,1,1,1,1,1,1,3,3,1,1,4,4,4,4,4,4,3,1,2,2,2,4,1,1,1,3,2,4,1,1,1,3,3,1,4,4,3,4,1,1,2,2,4,4,2,1,4,4,1,3,1,1,2,2,1,3,1,3,1,3,4,4,2,4,3,3,3,3,2,4,2,1,3,3,3,3,1,1,3,3,1,1,1,1,1,1,1,1,1,1,1,2,1,2,1,1,2,2,1,1,1,1,1,1,1,1,1,1,1,1,1,1,1,1,1,1,1,1,1,1,1,1,2,2,1,1,1,1,1,1,1,1,1,1,2,2,1,1,2,2,1,1,2,2,2,1,2,2,2,2,2,3,1,2,3,3,3,5,3,3,2,2,2,2,1,2,1,2,3,3,1,5,1,1,3,3,3,3,3,3,1,1,5,5,2,3,1,3,2,2,1,1,1,1,1,4,1,1,2,2,2,2,1,3,2,2,1,3,3,4,2,4,1,1,5,5,1,2,3,4,2,3,3,3,1,3,6,6,4,4,2,3,4,4,7,7,3,3,3,3,1,1,1,1,3,3,1,3,2,3,3,3,1,2,2,4,1,2,1,2,3,3,4,4,1,2,3,3,1,3,3,3,3,3,2,4,2,4,1,2,1,2,1,1,4,4,1,2,3,3,1,3,3,3,3,3,1,1,1,4,1,2,3,5,4,4,1,1,1,1,1,1,1,2,1,1,1,1,1,1,2,2,2,5,2,2,2,3,1,1,1,1,2,2,3,4,4,4,3,4,2,2,3,3,3,3,2,2,2,2,4,4,3,3,1,2,3,3,2,3,1,3,2,2,3,3,1,2,1,2,2,2,1,1,2,4,1,1,4,4,1,1,3,3,4,5,1,1,4,4,2,4,2,2,1,1,2,2
"M145854",4,4,7,6,3,1,4,1,2,2,2,2,1,3,2,1,2,3,1,1,2,2,4,4,1,4,1,1,1,1,1,1,2,1,3,3,3,3,4,2,2,1,4,4,4,4,4,1,1,1,4,4,4,4,3,1,3,3,3,4,4,4,3,4,1,3,1,1,2,2,2,2,1,1,4,2,1,3,3,3,4,1,1,3,3,3,1,1,1,1,1,3,2,4,3,3,1,3,1,1,3,1,3,3,3,3,2,2,4,1,3,1,2,2,1,1,1,3,2,3,1,1,4,1,2,2,4,4,3,3,2,1,4,4,1,1,3,3,4,4,1,1,1,3,3,1,2,2,4,4,1,1,2,2,4,4,1,1,4,4,3,3,1,1,3,3,1,1,1,3,1,3,4,4,4,4,3,3,3,3,4,4,2,1,3,3,3,1,1,1,0,0,1,2,1,2,1,2,1,2,1,2,1,2,1,1,1,1,2,2,2,2,1,1,1,1,1,1,1,1,1,1,2,2,1,1,1,1,1,1,1,1,1,1,2,2,1,1,1,1,1,1,1,1,1,1,2,2,1,1,2,2,1,1,1,2,1,1,2,2,2,2,2,4,2,2,3,4,3,5,1,2,2,2,2,3,1,7,2,2,3,3,2,3,1,1,3,3,3,3,1,3,1,5,3,4,2,3,3,3,2,2,1,2,1,1,1,3,1,1,1,2,2,2,1,1,2,2,1,2,2,4,4,4,1,1,5,5,1,2,1,4,2,3,2,2,3,3,5,5,3,4,3,3,4,4,1,7,3,3,3,3,1,1,1,4,3,3,3,3,3,3,1,4,2,2,3,4,2,2,1,2,3,3,4,4,2,4,3,3,1,1,3,3,3,3,4,4,2,4,1,1,1,2,1,1,4,4,2,2,1,1,1,1,1,3,3,3,1,1,4,5,1,2,3,5,3,4,1,3,1,2,1,1,1,2,1,1,1,1,1,2,2,2,2,3,2,2,2,2,1,1,1,3,2,2,2,4,4,4,3,4,2,2,3,3,4,4,2,2,1,1,4,4,1,3,2,3,3,3,2,3,3,3,2,2,1,3,1,1,2,2,2,5,1,1,2,4,1,2,3,4,2,3,1,5,4,4,1,2,4,4,2,4,2,3,1,1,2,2
"M145855",4,4,7,6,3,3,4,1,2,2,2,2,1,1,1,1,2,3,1,1,2,2,4,4,1,1,1,3,1,1,3,1,2,1,1,1,4,4,4,2,1,1,2,4,1,4,1,1,1,1,4,4,4,1,3,3,3,4,4,4,4,4,4,4,3,3,1,1,2,1,2,1,4,1,4,2,1,3,1,1,1,1,3,3,3,3,4,1,1,1,3,3,4,4,1,1,1,3,1,1,3,1,3,4,3,3,2,2,4,1,3,1,2,1,1,1,1,3,2,3,1,1,4,1,2,4,1,1,3,3,2,1,4,4,1,1,3,3,2,4,1,1,1,1,1,1,4,2,3,3,2,1,2,2,2,4,1,1,2,2,3,3,1,1,2,2,1,1,1,3,1,3,4,4,4,4,3,3,2,3,2,4,2,2,1,1,3,3,1,3,3,3,1,1,1,1,1,1,1,1,1,1,1,2,1,1,1,1,1,2,1,1,1,1,1,1,1,1,1,1,1,1,1,1,1,1,1,1,1,1,1,1,1,1,2,2,1,1,1,1,1,1,1,1,1,1,2,2,1,1,2,2,1,2,4,3,2,1,2,2,2,2,2,2,2,2,3,4,4,4,2,3,1,2,2,2,1,2,2,2,3,3,2,5,1,2,3,3,3,3,2,3,1,5,5,5,2,3,3,3,2,2,1,1,1,1,1,2,1,1,2,2,2,2,1,3,2,2,3,3,3,3,2,4,1,1,5,5,1,1,1,3,3,3,2,3,1,3,5,5,4,4,1,2,4,4,6,7,3,3,3,3,1,1,1,2,3,3,3,3,3,3,1,3,2,3,3,4,2,2,1,2,1,4,4,4,2,5,3,3,1,3,3,3,1,3,2,4,2,4,1,2,2,2,1,3,1,4,1,1,1,3,1,1,3,3,3,3,1,1,4,5,1,1,4,5,1,3,1,3,1,1,1,2,2,3,1,1,1,1,3,3,2,2,2,5,2,2,3,3,1,1,1,1,2,2,4,4,4,4,3,4,2,3,3,4,3,4,2,2,1,2,4,5,3,4,3,3,2,3,2,4,3,3,2,2,3,3,2,2,2,2,2,2,1,1,2,4,1,1,1,4,3,3,4,5,2,4,2,2,4,4,4,4,2,2,1,1,2,2
"M145856",3,3,7,6,3,3,4,4,2,1,2,2,1,1,1,1,3,3,1,1,2,2,4,4,1,1,1,1,3,1,3,1,2,1,3,3,3,3,4,2,1,1,2,2,4,4,1,1,3,1,2,4,4,1,1,1,3,4,3,3,4,4,3,3,3,3,2,2,2,2,2,2,1,1,4,2,1,1,3,1,1,1,1,3,1,1,4,4,2,2,3,3,4,4,3,3,3,3,1,1,3,3,3,4,1,1,2,2,1,1,3,3,2,2,4,1,3,3,2,3,3,3,1,1,2,4,4,4,3,1,2,1,2,4,1,1,1,3,2,2,2,1,1,3,3,1,4,4,3,4,1,1,2,2,2,4,2,1,4,4,1,1,1,1,2,2,1,1,1,1,3,3,4,1,4,4,3,3,2,3,4,4,2,1,3,3,3,1,1,3,3,3,1,1,1,1,1,1,1,1,1,1,1,2,1,1,1,1,1,2,1,2,1,1,1,1,1,1,1,1,1,1,1,1,1,1,1,1,1,1,1,1,1,1,2,2,1,1,1,1,1,1,1,1,1,1,2,2,1,1,2,2,1,2,4,2,2,2,2,2,2,2,2,4,1,2,3,3,5,5,3,3,1,2,2,2,2,2,2,2,3,4,5,5,1,1,3,3,1,3,3,3,1,5,2,5,3,3,3,3,2,2,1,1,1,1,1,1,1,1,2,2,2,2,3,3,2,2,1,3,3,3,4,4,1,3,5,5,1,1,3,4,2,3,2,2,3,3,5,6,4,4,2,3,4,4,7,7,3,3,3,3,1,1,1,5,3,3,3,3,3,3,3,3,1,2,4,4,2,3,1,1,1,1,4,4,1,4,3,3,1,3,3,3,1,3,4,5,1,4,2,2,1,2,3,5,4,4,1,1,1,3,1,1,2,3,3,3,1,1,4,4,1,1,3,3,3,4,1,1,1,1,1,2,2,2,1,1,1,1,1,3,2,2,2,2,2,2,3,4,1,1,1,1,2,3,4,4,4,4,3,4,2,3,3,3,4,4,2,2,1,1,4,4,1,1,1,3,3,3,2,2,3,3,2,3,3,3,1,2,2,2,2,5,1,1,2,4,1,1,4,4,1,3,3,6,3,3,1,2,4,4,4,4,2,3,1,1,2,2
"M145857",3,4,6,6,3,1,4,1,2,2,2,2,1,1,1,1,2,3,1,1,2,2,4,4,1,4,1,3,1,1,1,1,2,2,3,3,3,3,4,2,2,2,2,4,4,4,1,1,3,3,4,4,4,4,3,1,3,4,3,3,2,4,3,4,1,3,1,1,2,2,2,2,1,1,4,2,1,1,3,3,4,1,1,1,3,3,1,1,1,1,3,3,2,4,3,3,1,1,1,1,3,1,4,4,3,3,2,2,4,4,3,1,1,1,1,1,3,3,2,3,1,1,4,1,2,4,1,4,3,3,1,1,2,4,1,1,1,3,2,4,1,1,3,3,3,3,4,4,4,4,1,1,2,2,4,4,1,1,4,2,3,3,1,1,2,3,1,1,1,1,1,3,4,4,4,4,3,3,3,3,4,4,1,1,3,3,1,1,1,3,0,0,1,2,1,2,1,2,1,2,1,2,1,1,1,2,1,1,2,2,2,2,1,1,1,1,1,1,1,1,1,1,2,2,1,1,1,1,1,1,1,1,1,1,2,2,1,1,1,1,1,1,1,1,1,1,2,2,1,1,2,2,1,1,1,2,2,1,2,2,2,2,3,4,2,2,3,3,3,5,1,3,2,2,2,3,1,7,2,2,3,3,2,2,1,1,3,3,3,3,1,3,3,5,4,5,3,3,3,3,2,2,1,2,1,1,1,4,1,1,1,3,2,2,3,3,2,2,1,2,3,3,4,4,1,1,5,5,1,2,1,4,2,2,2,2,3,3,5,5,4,4,1,1,4,4,1,7,3,3,3,3,1,2,1,1,3,3,1,3,3,3,3,4,2,2,3,4,1,3,2,2,3,3,4,4,2,4,3,3,1,1,3,3,3,3,4,4,6,6,1,1,1,2,1,5,4,4,1,2,1,3,1,3,2,2,3,3,1,1,4,4,1,1,3,3,3,4,1,3,1,2,1,1,2,2,1,1,1,2,1,2,2,2,2,3,2,2,2,2,1,1,1,1,2,2,2,4,4,4,3,4,2,3,3,3,3,3,2,2,1,2,4,4,1,3,1,2,3,3,2,3,3,3,2,3,1,3,1,1,1,2,2,5,1,1,2,4,1,2,4,4,2,3,5,5,4,4,1,3,4,4,2,3,2,2,1,1,2,2
"M145858",3,4,6,6,3,1,4,1,2,1,2,2,1,1,2,1,2,2,1,4,2,2,4,4,1,4,1,3,1,1,3,1,2,2,3,3,3,4,4,2,1,1,2,2,4,4,1,1,1,1,2,4,4,4,3,3,3,3,3,3,2,4,3,4,1,3,2,2,2,1,2,2,4,1,2,2,1,1,3,1,1,1,1,3,1,3,4,1,2,1,1,3,2,4,3,3,3,3,1,1,3,3,4,4,3,1,2,2,4,1,3,1,2,2,1,1,3,3,2,2,3,1,4,1,2,2,1,4,3,3,2,1,2,4,1,1,3,3,2,4,2,2,1,3,3,1,4,4,4,4,1,1,2,2,4,4,1,1,4,2,3,3,1,1,2,3,1,3,3,3,1,3,4,1,4,4,1,3,3,3,4,4,2,1,3,1,3,1,1,1,3,3,1,2,1,2,1,2,1,2,1,2,2,2,1,1,1,1,2,2,1,1,1,1,1,1,1,1,1,1,1,1,1,1,1,1,1,1,1,1,1,1,1,1,2,2,1,1,1,1,1,1,1,1,1,1,2,2,1,1,2,2,1,1,2,2,2,1,2,2,2,2,3,3,2,2,0,0,1,5,3,3,2,2,2,2,2,2,1,2,3,3,2,5,1,1,3,3,1,3,2,2,1,5,5,5,3,3,1,3,2,2,1,1,1,3,2,4,1,1,2,2,2,2,3,3,2,2,2,3,2,3,2,4,1,1,5,5,1,2,1,4,3,3,2,2,3,3,5,6,4,5,1,1,4,4,1,2,3,5,3,3,1,2,1,5,3,3,3,4,3,3,1,3,2,2,3,4,3,3,1,2,1,1,4,6,1,5,3,4,1,1,3,3,2,3,4,4,1,6,1,1,1,1,1,1,4,4,1,2,1,1,1,1,3,3,3,4,1,1,3,4,1,2,3,3,1,4,1,1,1,3,1,1,2,2,1,1,1,1,3,4,1,2,2,5,2,2,3,3,1,3,1,1,2,2,1,4,4,4,3,3,2,4,3,4,4,6,2,2,2,2,4,4,1,3,3,3,3,3,2,3,3,3,2,3,1,3,1,1,2,2,2,2,1,3,3,4,1,1,1,1,1,1,3,3,3,4,3,3,4,5,4,4,2,2,1,2,2,2
"M145859",4,4,6,6,3,1,4,1,2,2,2,2,1,3,2,1,2,3,1,1,2,2,4,4,1,1,1,1,1,1,1,1,2,1,3,3,3,4,2,2,2,1,2,4,1,4,4,1,1,1,2,4,4,4,3,1,3,3,3,4,4,4,3,4,1,3,2,1,2,2,2,2,1,1,2,2,1,3,3,3,4,1,1,3,3,3,4,1,1,1,3,3,2,4,3,3,3,3,1,1,3,1,3,3,3,3,2,2,4,4,3,3,2,2,1,1,3,3,2,2,3,1,1,1,2,4,4,4,3,3,2,1,4,4,2,1,3,3,2,4,2,1,1,3,1,1,4,2,4,4,1,1,2,2,4,4,1,1,4,4,3,3,1,1,3,3,1,1,1,3,1,3,4,4,4,4,1,3,2,3,4,4,2,1,3,3,3,3,1,1,3,3,3,1,1,2,1,2,1,2,1,2,1,1,1,2,1,1,2,2,1,1,1,1,1,1,1,1,1,1,1,1,1,1,1,1,1,1,1,1,1,1,1,1,1,2,1,1,1,1,1,1,1,1,1,1,2,2,1,1,2,2,1,1,1,2,1,1,2,2,2,2,2,4,2,2,3,3,3,5,2,3,2,2,2,2,1,2,2,2,2,3,1,3,1,1,3,3,3,3,2,3,5,5,2,3,3,3,1,3,2,2,1,2,1,1,1,3,1,1,2,3,2,2,1,1,2,2,1,2,2,4,2,4,1,3,5,5,1,2,1,1,2,3,2,2,3,3,5,5,3,5,1,1,4,4,1,7,3,3,3,3,1,1,1,4,3,3,3,3,3,3,1,1,1,2,3,4,2,2,1,2,3,3,2,4,1,4,3,4,1,1,3,3,1,3,4,4,6,6,1,1,1,2,1,3,4,4,2,2,1,3,1,3,3,3,3,3,1,1,4,4,1,2,3,5,4,4,1,1,1,3,1,1,1,2,1,2,1,1,2,3,2,2,2,3,2,2,2,3,1,1,1,3,2,2,2,4,4,5,3,3,2,3,3,3,4,4,2,2,1,2,4,4,1,3,1,3,3,3,2,2,3,3,1,2,1,3,1,1,2,2,2,2,1,1,2,3,1,1,1,3,1,1,3,5,3,4,2,2,4,4,4,4,2,2,1,1,2,2
"M145860",3,4,6,6,3,1,4,1,1,1,2,3,1,1,2,2,2,2,1,1,2,1,4,4,1,1,1,1,1,1,1,1,1,1,3,1,3,4,4,2,1,1,2,2,4,4,1,1,3,3,4,4,4,4,3,1,3,4,3,3,2,4,3,3,3,3,1,1,0,0,2,1,4,1,4,2,3,3,3,1,1,1,1,3,1,3,4,4,1,1,3,3,4,4,3,3,1,1,1,1,1,1,3,3,3,3,2,1,4,1,3,3,1,1,4,1,1,3,2,3,3,1,4,1,2,4,1,1,3,1,2,2,4,4,1,1,3,3,4,4,2,1,1,1,3,3,4,4,3,3,1,1,2,2,4,4,2,1,4,4,1,3,1,1,2,2,1,1,1,1,3,3,4,1,2,4,3,3,2,3,4,4,2,2,3,3,3,3,1,1,1,3,1,1,1,1,1,1,1,1,1,1,1,1,1,1,1,1,1,2,1,2,1,2,1,2,1,1,1,2,1,1,2,2,2,1,1,2,1,1,1,1,1,1,2,2,1,1,1,1,1,1,1,1,1,1,2,2,1,1,2,2,1,1,2,2,2,1,2,2,2,2,2,3,2,2,3,3,3,5,3,3,2,2,2,3,1,2,1,2,3,3,1,3,1,1,3,3,1,3,3,3,1,5,5,5,2,3,3,3,2,2,1,1,1,1,2,2,1,1,3,5,2,2,1,1,2,2,1,3,3,3,2,4,1,1,5,5,2,2,1,3,3,3,2,2,3,3,5,6,4,5,1,3,4,4,7,7,3,3,3,3,1,1,1,1,3,3,3,3,3,3,3,4,2,2,4,4,1,2,1,2,3,3,4,4,5,5,3,4,1,1,3,3,3,4,4,4,1,2,1,1,2,2,1,1,4,4,2,2,1,1,1,1,3,3,3,3,1,1,4,4,1,1,3,3,1,3,3,3,1,1,1,1,2,2,1,1,1,1,1,4,2,2,2,2,2,2,2,2,1,1,1,1,2,2,4,4,4,4,3,4,2,2,3,4,3,6,2,2,2,2,4,5,1,3,2,3,3,3,2,3,3,3,2,2,3,3,1,1,2,2,2,2,1,1,2,4,1,2,1,3,2,2,4,5,4,5,1,2,4,4,3,3,2,3,1,1,2,2
"M145861",4,4,7,6,3,1,4,1,2,2,2,3,1,3,1,1,2,2,1,1,2,2,4,4,4,4,1,1,1,1,1,1,2,2,3,3,3,3,4,2,2,2,4,4,1,4,1,1,3,3,2,4,4,4,3,1,3,3,3,4,4,4,3,4,1,3,1,1,2,2,2,2,1,1,4,2,1,3,3,3,4,1,1,1,3,3,1,1,1,1,1,3,2,4,1,3,1,3,1,1,3,3,3,4,3,3,2,2,4,1,3,3,2,1,1,1,1,3,2,3,1,1,1,1,4,4,4,4,3,3,2,1,4,4,1,1,1,3,2,4,1,1,1,3,3,3,2,2,4,4,1,1,2,2,4,4,1,1,4,2,3,3,1,1,3,3,1,1,1,1,1,3,4,1,4,4,3,3,3,3,4,4,2,1,3,3,1,1,1,1,3,3,1,2,1,2,1,2,1,2,1,2,1,2,1,2,1,1,2,2,2,2,1,1,1,1,1,1,1,1,1,1,1,2,1,1,1,1,1,1,1,1,1,1,2,2,1,1,1,1,1,1,1,1,1,1,2,2,1,1,2,2,1,1,1,4,1,1,2,2,2,2,3,4,2,2,3,3,1,5,1,3,2,2,1,2,1,2,2,2,3,3,2,3,1,1,3,3,3,3,2,3,1,3,3,4,2,3,3,3,2,2,1,2,1,1,3,4,1,1,1,2,2,2,3,3,2,2,1,1,2,4,4,4,1,1,5,5,2,2,1,4,2,2,2,2,3,3,5,5,3,4,1,3,4,4,1,7,3,3,3,3,1,2,1,1,3,3,3,3,3,3,1,4,2,2,3,4,1,3,1,1,3,3,4,4,2,4,3,3,1,1,3,3,3,3,4,4,4,6,1,1,1,1,1,1,4,4,2,2,1,1,1,1,2,3,3,3,1,1,4,4,1,1,3,3,3,4,1,3,1,2,1,1,2,2,1,1,1,2,1,3,2,2,3,4,2,2,2,3,1,2,1,3,2,2,2,4,4,4,4,4,2,3,3,3,3,4,2,2,1,1,4,4,3,3,1,2,3,3,2,3,1,3,2,2,1,3,1,1,2,2,2,5,1,1,2,4,1,2,4,4,1,2,1,5,4,4,1,2,4,4,2,4,2,2,1,1,2,2
"M145862",3,4,7,6,3,3,4,1,2,2,2,2,1,3,1,1,2,2,1,1,2,2,4,4,1,1,1,3,3,1,1,1,2,2,3,3,3,3,2,2,1,1,4,4,4,4,1,1,3,1,4,4,4,4,1,1,3,3,3,4,2,4,4,4,1,3,2,1,2,2,2,1,1,1,2,2,3,3,3,3,1,1,1,1,1,3,4,4,1,1,3,3,2,4,3,3,1,3,1,1,3,1,3,4,3,3,2,2,4,1,3,1,2,1,4,1,3,3,2,2,1,1,1,1,2,4,1,4,3,1,1,1,2,2,2,1,1,3,2,4,2,1,1,3,3,1,4,4,3,3,2,1,2,2,2,2,1,1,4,4,3,3,1,1,2,3,1,1,1,1,3,3,4,4,4,4,3,3,2,3,4,4,2,1,3,3,3,3,1,1,1,3,1,2,1,2,1,2,2,2,1,2,1,1,1,1,1,1,2,2,1,2,1,1,1,1,1,1,1,1,1,1,1,2,1,1,1,1,1,1,1,1,1,1,2,2,1,1,1,1,1,1,1,1,1,1,2,2,1,1,2,2,1,1,4,2,2,1,2,2,2,2,1,4,2,2,3,3,3,5,1,3,1,3,2,3,1,7,1,2,3,3,3,5,1,1,3,3,3,3,1,2,1,1,3,5,2,2,1,3,2,2,2,2,1,1,1,2,1,1,2,2,2,2,1,2,2,2,2,3,3,3,2,4,1,1,5,5,1,1,1,4,2,3,2,2,3,3,5,5,4,5,1,3,3,4,7,7,3,3,3,3,1,1,1,2,3,3,3,3,3,3,3,4,1,2,3,4,1,2,1,2,1,3,3,4,2,4,3,4,1,1,3,3,3,3,4,4,1,4,1,1,2,2,1,1,3,4,1,2,3,3,1,1,2,3,3,3,1,1,4,4,1,1,3,3,3,3,1,1,1,2,1,2,2,2,1,2,1,1,1,3,2,2,3,4,2,2,4,4,1,2,1,1,2,2,2,4,4,5,3,3,2,2,3,3,4,4,1,2,2,2,4,4,3,3,3,3,2,3,2,2,1,3,1,2,1,3,1,1,2,2,2,2,1,1,3,4,2,2,1,4,3,3,3,5,4,4,1,2,4,5,2,3,2,2,1,1,2,2
"M145863",4,4,6,6,3,1,4,4,2,2,2,2,1,3,2,1,0,0,1,1,2,2,4,4,1,4,1,1,3,1,3,1,2,2,1,1,3,3,4,2,2,1,2,4,1,4,1,1,3,3,4,4,4,4,3,3,3,4,3,3,2,2,3,3,3,3,2,2,2,2,2,2,4,1,2,2,1,1,3,1,4,1,1,1,1,3,4,4,2,1,1,3,4,4,3,3,3,3,1,1,3,1,3,3,3,1,2,2,1,1,1,1,2,1,4,1,1,3,2,3,1,1,4,4,4,4,1,4,3,1,2,1,4,4,1,1,1,1,2,2,2,2,3,3,3,3,4,4,3,4,1,1,2,2,4,4,1,1,4,4,1,3,1,1,2,2,1,3,1,3,1,3,4,4,4,4,3,3,2,2,4,4,2,1,3,1,3,1,1,1,1,3,1,1,1,1,1,1,1,1,1,1,1,1,1,2,1,1,1,2,1,2,1,1,1,1,1,1,1,1,1,1,1,2,1,1,1,1,1,1,1,1,1,1,2,2,1,1,1,1,1,1,1,1,1,1,2,2,1,1,2,2,1,1,1,1,2,1,2,2,2,2,1,1,2,2,3,3,5,5,2,3,2,2,2,3,1,2,2,2,3,3,2,3,1,1,3,3,1,3,2,2,5,5,5,5,2,3,3,3,2,2,1,2,1,1,2,2,1,2,2,2,2,2,1,3,2,2,3,3,2,3,4,4,1,1,5,5,1,1,1,3,2,2,2,3,3,3,5,5,4,4,2,3,4,4,7,7,3,3,3,3,1,1,5,6,3,3,1,3,2,2,3,4,2,2,4,4,2,3,1,2,3,4,4,4,1,5,3,3,1,2,3,3,1,3,4,4,1,2,1,1,1,2,1,1,4,4,1,2,1,3,1,1,3,3,3,3,1,1,4,5,1,1,3,3,1,3,3,3,1,1,1,1,1,3,1,1,1,1,1,3,2,2,2,5,2,2,2,2,1,2,1,3,2,2,4,4,4,4,4,4,2,2,3,3,3,4,2,2,2,2,4,5,1,4,3,3,3,4,2,2,3,3,2,3,3,3,1,1,1,2,2,2,1,1,4,4,2,2,4,4,1,3,3,5,3,4,3,3,4,4,4,4,2,2,1,1,2,2
"M145864",4,4,6,6,1,1,4,4,2,2,3,3,1,3,2,1,0,0,1,1,2,2,4,4,1,1,1,3,1,1,3,1,2,2,1,1,3,4,4,2,2,1,4,4,4,4,1,1,1,1,2,2,4,1,3,1,3,4,3,3,2,2,4,4,1,3,2,2,2,2,2,2,4,1,4,2,1,3,3,3,4,4,1,1,3,3,4,1,1,1,3,3,2,4,3,3,1,3,1,1,3,1,4,4,3,1,2,2,4,1,3,3,1,1,1,1,3,3,2,3,0,0,4,4,2,2,1,1,1,1,2,1,4,4,1,1,3,3,2,4,2,1,1,3,1,1,4,2,3,4,2,1,2,1,2,4,2,1,4,2,3,3,1,4,2,3,1,3,1,3,1,3,4,4,2,4,3,3,3,3,4,4,2,2,3,1,3,3,1,3,1,3,1,2,1,2,1,2,2,2,1,2,1,1,1,2,1,1,2,2,1,2,1,2,1,2,1,1,1,2,1,1,1,2,2,1,1,2,1,1,1,1,1,1,2,2,1,1,1,1,1,1,1,1,1,1,2,2,1,1,2,2,1,2,2,2,2,1,2,2,2,2,2,4,2,2,3,3,5,5,1,3,1,2,2,3,2,5,2,2,3,3,3,5,1,2,3,3,2,3,1,3,1,5,5,5,2,3,1,3,2,2,2,2,1,3,2,4,2,2,2,2,2,2,1,3,2,2,2,2,2,4,2,4,1,1,2,5,1,1,4,4,1,3,2,3,2,3,5,5,4,4,1,3,2,4,1,7,3,3,3,3,1,1,1,4,3,3,3,3,2,2,1,1,2,2,3,4,2,2,1,1,1,1,2,4,2,4,4,4,1,3,2,3,1,3,1,4,6,6,1,1,1,3,2,3,4,4,2,2,1,3,1,1,3,3,3,3,1,1,4,4,2,2,3,3,1,3,1,3,1,2,1,2,2,2,1,1,1,1,3,4,2,2,2,2,2,2,1,4,1,1,1,1,2,3,1,4,4,5,3,3,2,3,3,4,4,4,2,2,1,2,4,4,3,3,3,3,2,3,2,3,1,3,2,2,1,3,1,1,2,2,2,2,1,1,4,4,1,2,1,4,1,3,1,3,3,5,1,2,3,4,3,4,1,4,1,1,2,2
"M145865",4,4,6,6,3,1,4,1,2,1,2,3,1,1,1,1,2,2,1,1,2,1,4,4,1,4,3,3,1,1,3,1,2,2,1,1,3,3,4,4,2,2,2,4,4,4,1,1,1,1,4,4,4,4,3,1,3,3,3,3,2,4,4,4,1,3,1,1,2,2,2,1,4,4,2,2,3,3,3,3,1,1,1,1,3,3,1,1,1,1,3,3,4,4,3,3,1,3,1,1,3,3,3,4,3,3,2,2,4,1,3,3,1,1,1,1,1,3,2,3,1,1,4,4,4,4,1,1,3,3,2,2,4,4,1,1,3,3,2,4,2,1,3,3,3,1,4,2,3,4,2,1,2,2,2,2,1,1,4,2,3,3,1,1,2,2,1,3,1,1,3,3,4,4,4,4,3,3,3,3,4,4,2,2,3,1,3,3,1,3,3,3,1,1,1,1,1,1,1,1,1,1,1,2,1,1,1,1,1,2,1,2,2,2,2,2,1,1,2,2,1,1,2,2,2,2,2,2,1,1,1,1,1,1,2,2,1,1,1,1,1,1,1,1,1,1,2,2,1,1,2,2,1,2,2,2,2,1,2,2,2,2,4,4,2,2,3,3,5,5,3,3,1,1,2,3,2,5,1,2,3,3,2,5,1,1,3,3,3,3,1,3,1,1,2,3,3,3,3,3,2,2,1,2,1,1,1,2,1,1,2,3,2,2,1,3,2,2,2,2,2,3,4,4,1,1,2,6,1,1,4,4,3,3,3,3,1,3,5,6,4,4,1,3,2,4,7,7,3,3,3,4,1,1,1,6,3,3,3,4,2,3,1,3,2,3,3,3,1,2,2,2,1,3,4,4,2,4,3,4,1,3,3,3,1,1,1,1,4,6,1,1,1,2,3,5,4,4,2,2,2,3,1,1,3,3,1,3,1,1,4,4,1,2,3,3,3,3,1,3,1,1,1,2,2,2,1,1,1,1,3,4,2,2,2,2,2,2,2,4,1,1,1,1,2,3,4,4,4,5,3,4,2,3,4,4,3,3,2,2,1,2,4,4,3,3,1,2,2,4,2,4,2,3,2,3,3,4,2,4,2,2,2,2,1,1,4,4,2,2,3,4,2,3,3,5,3,5,1,2,4,4,2,3,3,4,1,1,2,2
"M145866",3,3,7,6,3,1,4,4,2,1,2,2,1,1,2,1,0,0,1,4,2,1,4,4,4,4,1,1,1,1,3,1,1,1,3,1,3,4,4,2,2,1,2,4,1,4,1,1,3,3,2,4,4,1,3,3,4,4,3,3,2,4,3,4,1,3,2,2,2,1,2,2,4,1,2,2,1,1,3,1,4,4,1,1,3,3,4,4,1,1,3,3,2,4,3,3,3,3,3,1,3,3,3,4,1,1,2,2,4,4,3,1,2,1,1,1,1,3,3,3,1,1,1,1,4,4,1,4,1,1,2,1,4,4,1,1,1,1,4,4,2,1,1,3,3,1,4,4,3,4,2,2,2,2,2,4,1,1,4,4,3,3,1,1,2,3,1,3,1,3,1,3,4,1,4,4,1,3,2,3,2,4,2,1,3,3,3,1,1,1,3,3,1,2,1,2,1,2,1,2,1,2,2,2,1,1,1,1,2,2,1,2,1,2,1,2,1,1,1,2,1,1,1,2,2,1,1,2,1,1,1,1,1,1,2,2,1,1,1,1,1,1,1,1,1,1,2,2,1,1,2,2,1,1,1,4,1,1,2,2,2,2,1,4,2,2,3,3,3,5,3,3,1,2,2,2,2,7,2,2,3,3,5,5,1,1,3,3,3,3,2,2,1,5,5,5,2,3,1,3,2,2,1,2,1,1,1,1,1,1,2,2,2,2,1,1,2,2,2,3,2,4,2,4,1,1,5,5,1,1,3,4,2,3,2,3,3,3,4,5,4,4,2,3,3,4,1,7,3,4,2,3,1,2,1,1,3,3,3,3,2,3,1,1,2,2,3,4,2,2,1,2,1,3,3,4,2,2,3,4,1,3,3,3,1,2,4,7,1,4,1,1,1,2,1,5,3,4,1,1,3,5,1,1,2,3,1,3,1,1,4,5,1,1,3,5,3,4,1,3,1,2,1,2,2,3,1,1,1,1,1,2,1,1,2,3,2,2,2,2,1,1,1,3,1,2,2,4,4,4,3,3,2,2,3,5,4,6,1,2,2,2,4,4,1,3,1,1,2,3,2,3,3,3,2,3,1,3,1,2,2,2,2,2,1,1,2,4,1,1,3,4,3,3,3,6,3,4,2,3,3,3,1,4,2,3,1,1,2,2
"M145867",3,4,7,6,3,1,1,1,2,2,2,2,1,1,2,1,2,2,1,1,2,2,4,4,1,1,1,1,3,1,1,1,2,1,3,3,3,4,4,2,1,1,2,4,4,4,4,1,1,1,4,4,4,4,3,1,4,4,3,3,2,2,4,4,1,1,2,1,2,2,2,2,1,1,2,2,1,1,3,3,4,1,3,3,1,3,1,1,1,1,1,3,2,2,1,3,3,3,1,1,1,1,4,4,3,3,2,2,1,1,3,3,1,1,4,4,1,3,2,3,1,1,4,1,2,4,1,4,3,3,1,1,4,4,1,1,3,3,2,4,1,1,1,1,3,3,4,4,3,4,2,1,2,1,4,4,1,1,4,4,3,3,1,1,2,3,1,1,1,1,1,3,4,4,4,4,1,1,2,3,4,4,2,2,3,3,3,1,1,3,3,3,2,2,2,2,2,2,2,2,2,2,1,1,1,1,1,1,1,2,1,2,2,2,2,2,1,1,2,2,1,1,2,2,2,2,2,2,1,1,1,1,1,1,2,2,1,1,1,1,1,1,1,1,1,1,2,2,1,1,2,2,1,1,1,2,1,1,2,2,2,2,2,4,2,2,3,4,5,5,3,3,2,2,2,3,1,7,1,2,3,3,5,5,1,1,3,3,2,2,3,3,1,5,3,5,2,3,3,3,2,2,1,1,1,1,2,2,1,2,2,2,1,2,1,3,2,2,2,3,3,4,4,4,1,1,5,5,1,1,3,4,3,3,2,2,2,3,5,5,1,4,3,3,4,4,1,1,3,3,2,3,1,1,1,1,3,3,3,3,2,3,4,4,2,2,2,4,2,2,2,2,3,4,3,3,2,4,3,4,3,3,3,3,1,4,4,7,2,4,1,1,1,2,1,1,1,4,2,2,1,2,3,3,3,3,1,3,1,1,4,4,1,1,3,5,1,4,1,3,2,2,1,1,2,2,1,2,1,1,3,3,2,2,1,3,2,2,3,3,1,1,1,3,2,2,2,2,4,4,2,3,2,2,3,4,4,6,2,2,1,2,4,4,1,1,1,3,3,3,2,2,1,3,2,2,1,1,2,3,2,2,2,2,1,2,4,4,1,2,1,4,1,3,3,5,3,3,1,2,4,5,2,3,2,2,1,1,2,2
"M145868",4,4,6,6,1,1,4,1,2,2,2,3,1,1,2,1,2,2,1,1,2,2,4,4,1,1,1,3,1,1,1,1,1,1,3,1,3,3,4,4,1,1,2,4,4,4,4,1,1,1,4,4,4,4,1,1,3,4,4,4,2,4,3,4,1,1,1,1,2,2,2,2,1,1,2,2,1,1,3,3,1,1,1,1,3,3,4,4,1,1,1,1,2,2,3,3,3,3,1,1,3,1,3,4,3,3,2,2,4,1,3,1,2,2,4,1,3,3,2,2,1,1,4,4,2,4,1,4,3,3,1,1,4,4,1,1,1,3,4,4,1,1,3,3,3,1,4,2,3,4,1,1,2,2,4,4,2,1,4,2,1,1,1,1,3,3,1,1,3,3,1,3,4,4,4,4,3,3,3,3,4,4,2,1,3,1,3,3,1,3,3,3,2,2,2,2,2,2,2,2,2,2,1,1,1,2,1,1,1,2,1,2,1,2,1,2,1,1,1,2,1,1,1,2,2,1,1,2,1,1,1,1,1,1,2,2,1,1,1,1,1,1,1,1,1,1,2,2,1,1,2,2,1,2,3,2,1,1,2,2,2,2,1,2,2,2,3,3,5,5,3,3,2,2,2,2,1,7,1,1,3,5,1,3,1,1,3,3,1,1,1,3,5,5,5,5,3,3,1,3,2,2,1,1,3,3,2,5,1,1,2,4,2,2,1,1,2,2,1,2,3,3,4,4,1,3,5,5,1,1,1,1,3,3,1,2,3,3,6,6,4,4,1,1,4,4,1,4,2,3,3,3,1,2,1,3,3,3,1,3,2,3,1,4,1,2,3,4,1,2,1,2,3,4,2,3,2,2,4,4,1,1,2,3,1,3,4,4,1,2,1,1,1,2,1,5,3,4,1,1,1,5,1,3,3,3,3,3,1,1,4,4,1,1,3,5,1,3,3,3,2,3,1,2,2,3,1,1,1,2,3,3,2,2,2,2,2,2,2,3,1,1,1,1,2,2,2,2,4,4,1,2,2,2,4,4,4,4,2,2,2,2,4,4,3,3,2,3,3,3,2,3,3,3,3,3,1,1,1,2,2,2,2,2,1,1,2,2,2,2,4,4,1,2,3,5,4,4,1,3,3,4,3,4,2,3,1,1,2,2
"M145869",3,4,6,6,3,1,4,4,1,1,3,3,1,1,2,2,2,3,1,1,2,2,4,4,1,4,1,3,3,1,3,1,1,1,3,3,3,3,2,2,1,1,2,4,4,4,4,1,1,1,2,2,4,4,3,3,3,3,3,3,2,2,3,4,3,3,1,1,2,2,1,1,1,1,2,2,3,3,3,3,4,1,1,3,3,3,4,4,1,1,1,1,4,4,1,3,1,3,1,1,3,3,3,3,3,3,2,2,1,1,3,1,2,2,1,1,3,3,3,3,3,1,4,4,2,4,4,4,3,3,2,2,4,4,1,1,1,3,4,4,1,1,1,3,3,1,4,4,3,3,2,1,2,2,2,4,1,1,4,4,1,3,1,1,2,3,1,3,1,1,3,3,4,4,2,4,3,3,3,3,2,4,2,2,3,3,1,1,1,3,3,3,1,1,1,1,1,1,1,1,1,1,1,1,1,1,1,1,1,2,1,1,1,2,1,2,1,1,1,2,1,1,1,2,2,1,1,2,1,1,1,1,1,1,2,2,1,1,1,1,1,1,1,1,1,1,2,2,1,1,2,2,1,1,1,3,2,1,2,2,2,2,1,1,2,2,3,3,4,5,1,1,1,2,2,2,1,2,2,2,3,3,3,5,1,1,3,3,1,2,1,2,1,5,5,5,2,3,3,3,2,2,2,2,1,1,4,4,1,2,2,2,2,2,1,1,2,2,3,3,2,4,2,4,1,1,5,5,1,2,3,3,3,3,3,3,3,3,5,5,4,4,1,1,3,4,3,7,3,3,3,3,2,2,4,4,3,3,3,3,3,3,1,2,2,3,2,4,2,2,2,2,1,3,4,4,2,5,3,4,1,3,3,3,1,1,4,4,2,6,1,1,1,2,1,1,4,4,1,2,3,3,1,1,3,3,3,3,1,1,4,4,1,1,3,3,1,4,1,3,1,1,2,2,2,2,1,1,1,1,3,3,2,2,2,2,2,2,3,4,1,1,1,1,2,2,4,4,4,4,3,3,2,2,3,3,4,6,2,2,1,2,4,4,3,4,2,3,2,4,2,3,1,1,1,2,3,3,1,2,1,2,2,5,1,1,2,2,1,2,3,3,3,3,5,6,4,5,1,3,4,4,4,4,2,2,1,1,2,2
"M145870",3,3,6,6,3,1,1,1,2,2,2,2,1,1,2,1,2,3,1,1,2,2,4,4,4,4,1,1,3,1,1,1,2,2,3,1,3,3,2,2,1,1,4,4,4,4,1,1,1,1,2,4,4,4,3,1,3,3,3,3,2,4,4,4,1,3,2,1,2,2,2,2,1,1,4,2,1,3,3,1,1,1,3,3,3,3,4,1,1,1,3,3,2,4,1,3,3,3,1,1,3,3,3,3,3,3,2,2,4,4,3,3,2,1,1,1,1,1,2,3,1,1,4,1,2,2,4,4,3,1,1,1,4,4,1,1,3,3,2,4,2,2,3,3,3,1,4,4,4,4,1,1,2,2,2,4,2,1,4,4,1,1,1,1,2,2,1,1,1,1,1,3,4,1,4,4,1,3,3,3,2,4,2,1,3,1,3,1,1,1,1,3,1,2,1,2,1,2,1,2,1,2,2,2,1,1,1,1,1,2,1,2,1,2,2,2,1,1,1,2,1,1,1,2,2,1,1,2,1,1,1,1,1,1,2,2,1,1,1,1,1,1,1,1,1,1,2,2,1,1,2,2,1,1,4,3,2,1,2,2,2,2,2,4,2,2,3,3,5,5,3,3,1,2,2,3,1,2,2,2,3,3,5,5,1,1,3,3,3,3,1,3,3,5,5,5,3,3,1,3,2,2,1,2,1,1,2,2,2,2,2,5,2,2,3,3,2,2,2,2,2,4,4,4,1,3,3,5,1,1,1,1,2,3,2,3,1,3,5,6,4,4,2,2,2,4,1,7,3,3,2,3,1,2,1,2,3,3,1,3,3,3,3,3,2,2,4,4,2,3,1,2,3,3,3,4,2,2,3,4,1,3,2,3,1,3,1,4,1,6,1,1,2,2,1,3,3,4,2,2,1,3,1,1,2,3,3,3,1,1,5,5,1,1,3,3,3,3,1,3,1,2,1,2,2,3,1,3,1,1,1,1,2,2,2,2,2,2,3,3,1,1,1,3,2,2,2,4,4,4,3,3,3,3,3,3,4,4,1,2,1,2,3,5,1,3,1,3,3,3,3,3,3,3,2,2,1,3,2,2,2,2,2,2,1,3,2,4,1,1,3,4,1,3,5,5,3,3,2,2,4,4,4,4,2,2,1,1,1,2
"M145871",3,4,6,6,1,1,4,4,2,2,2,3,1,3,2,1,2,3,1,1,2,1,4,4,4,4,1,3,1,1,3,1,2,1,3,3,3,3,4,4,1,1,2,4,4,4,1,1,0,0,2,4,4,1,3,1,3,4,3,3,2,2,4,4,1,3,1,1,2,2,2,1,4,1,2,2,1,1,3,3,1,1,1,1,3,3,1,1,1,1,3,3,2,4,1,3,3,3,1,1,3,3,3,4,1,1,2,2,4,4,3,1,1,1,1,1,3,3,2,2,1,1,4,1,2,4,1,1,3,1,2,1,4,4,1,1,3,3,2,2,2,1,1,3,3,1,4,4,3,3,2,1,2,2,2,4,1,1,4,2,3,3,1,4,2,3,1,3,1,1,3,3,4,4,2,4,3,3,2,3,2,4,2,1,3,3,3,3,3,3,3,3,1,2,1,2,1,2,2,2,1,2,1,1,1,2,1,1,2,2,1,2,1,1,1,1,1,1,1,1,1,1,1,2,1,1,1,1,1,1,1,1,1,1,2,2,1,1,1,1,1,1,1,1,1,1,2,2,1,1,2,2,1,2,1,2,2,1,2,2,2,2,4,4,2,2,3,3,3,5,3,3,1,2,2,3,2,3,1,2,3,3,3,5,1,1,3,3,3,3,1,3,1,1,5,5,3,3,2,3,2,2,1,1,1,1,2,2,1,2,2,2,2,2,2,3,2,2,2,2,2,2,2,4,1,3,2,5,1,1,1,4,2,3,2,3,2,3,5,6,4,5,1,3,3,4,2,7,3,3,1,3,1,1,1,4,3,3,3,4,3,3,1,4,2,2,3,3,2,3,2,2,1,1,2,4,2,4,3,3,1,3,3,3,1,2,1,4,4,6,1,1,1,1,3,3,4,4,1,2,2,2,1,3,3,3,3,3,1,1,4,4,1,1,3,3,3,3,1,3,1,3,1,1,2,2,3,3,1,1,3,3,1,2,2,2,2,3,2,2,1,2,1,1,2,2,1,4,4,5,3,4,2,3,4,4,3,4,2,3,2,2,4,4,3,3,1,1,1,2,2,3,3,3,2,2,3,3,3,4,2,2,2,2,1,1,4,4,1,2,4,4,1,2,3,5,1,5,1,2,4,4,2,2,2,4,1,1,2,2
"M145872",3,4,7,6,1,1,4,4,2,2,2,3,1,3,2,1,2,3,1,1,1,1,4,4,1,4,1,3,1,1,3,1,2,1,3,3,3,3,4,4,1,1,4,4,4,4,1,1,3,1,2,4,4,1,3,1,3,4,3,3,2,4,4,4,1,3,1,1,2,2,2,2,4,1,2,2,1,3,3,3,1,1,1,1,3,3,1,1,1,1,3,3,2,4,3,3,3,3,1,1,3,3,3,4,3,1,2,2,4,4,1,1,1,1,1,1,3,3,2,2,3,1,1,1,2,4,1,1,3,1,2,2,4,4,1,1,3,3,2,2,2,1,1,3,3,1,4,4,3,4,1,1,2,2,2,2,1,1,4,2,3,3,1,4,2,3,1,3,1,1,1,3,4,4,4,4,3,3,2,2,2,4,2,1,3,3,3,3,3,3,3,3,1,2,1,2,1,2,1,2,1,2,1,1,1,2,1,1,2,2,2,2,1,2,1,2,1,1,1,2,1,1,2,2,2,1,1,2,1,1,1,1,1,1,2,2,1,1,1,1,1,1,1,1,1,1,2,2,1,1,2,2,1,2,1,2,2,1,2,2,2,2,4,4,2,2,3,3,5,5,3,3,1,1,3,3,2,2,2,2,3,3,3,5,1,1,3,3,3,3,1,3,1,1,2,5,2,3,2,3,2,2,1,2,1,1,2,2,1,1,2,5,2,2,1,2,2,2,2,2,2,2,4,4,1,1,2,5,1,1,1,4,2,3,2,3,3,3,5,6,4,5,1,3,3,4,2,7,3,3,1,3,1,1,4,6,3,3,3,4,3,3,1,4,2,3,3,3,2,3,1,2,1,1,2,4,2,4,3,3,1,3,3,3,2,3,1,7,4,6,1,1,1,1,3,5,4,4,1,2,2,2,1,1,3,3,3,3,1,1,4,4,1,1,3,3,3,3,1,3,1,3,1,1,2,2,3,3,1,1,3,3,1,2,2,2,2,3,1,2,1,2,1,1,2,3,1,4,4,5,3,3,2,3,4,4,3,4,2,3,2,2,4,4,3,3,1,3,1,2,2,3,3,3,2,2,3,3,3,4,2,2,2,2,1,1,4,4,1,2,1,4,3,3,5,5,1,5,1,2,3,3,2,2,2,4,1,1,2,2
"M145873",3,4,7,6,3,3,4,4,2,2,2,2,3,3,0,0,2,3,1,1,2,2,4,4,4,4,1,3,3,1,3,3,0,0,3,1,3,3,4,4,2,1,4,4,0,0,4,1,3,3,2,4,4,1,3,1,3,3,3,3,2,2,3,4,3,3,2,2,2,2,2,2,1,1,2,2,1,3,3,1,4,1,1,1,1,3,4,1,1,1,1,3,4,4,1,3,1,3,1,1,3,1,3,4,3,1,2,2,4,1,3,1,2,1,1,1,0,0,2,2,1,1,1,1,2,4,1,4,3,3,2,2,4,4,1,1,3,3,2,2,2,1,3,3,3,1,4,4,3,3,1,1,2,2,4,4,1,1,4,4,3,3,1,1,2,2,1,3,1,1,1,1,4,4,4,4,3,3,3,3,4,4,2,1,3,3,1,1,3,3,3,3,1,1,1,1,1,1,1,2,1,1,1,1,1,1,1,1,1,2,1,1,1,1,1,1,1,1,1,1,1,1,1,2,1,1,1,1,1,1,1,1,1,1,2,2,1,1,1,1,1,1,1,1,1,1,2,2,1,1,2,2,1,1,4,2,1,1,2,2,2,2,1,2,2,2,3,3,3,5,1,3,2,2,2,2,2,2,1,1,3,3,2,2,1,1,1,3,3,3,1,2,1,5,5,5,2,3,3,3,2,2,1,2,1,1,1,2,1,1,2,5,2,2,1,1,2,2,3,3,3,3,4,4,1,3,5,5,1,1,1,3,3,3,2,3,2,3,5,5,4,5,1,2,3,4,7,7,3,3,3,3,1,1,1,6,3,3,3,3,2,3,1,3,2,2,3,4,2,2,2,2,3,3,4,4,2,5,3,3,1,2,3,3,1,3,4,7,2,4,1,1,1,2,1,5,4,4,1,2,3,3,1,1,3,3,3,3,1,1,4,4,1,1,3,3,1,3,1,3,1,1,1,1,2,3,1,3,1,1,1,3,2,2,2,5,2,2,2,2,1,2,1,3,2,2,4,4,4,4,3,4,3,3,3,3,4,4,2,2,1,2,4,4,3,4,3,3,3,4,2,4,1,3,2,3,3,3,1,2,2,2,2,2,1,1,2,4,1,1,1,4,3,3,1,4,4,4,1,3,4,4,4,4,2,3,1,1,1,2
"M145874",3,3,7,6,3,1,4,4,2,2,2,2,1,3,2,1,2,3,1,4,2,2,4,4,1,4,1,1,1,1,1,1,2,1,0,0,3,3,2,2,2,1,2,4,1,4,1,1,3,3,2,4,4,1,1,1,3,4,3,3,2,4,3,3,1,3,2,1,2,2,2,1,1,1,2,2,1,1,3,1,4,1,1,1,3,3,4,4,1,1,3,3,2,4,1,3,3,3,3,1,3,3,3,4,1,1,2,1,4,4,3,1,1,1,1,1,1,1,2,3,1,1,1,1,4,4,1,1,1,1,2,2,2,4,1,1,1,3,2,4,1,1,3,3,3,1,4,4,3,4,2,1,2,2,2,4,2,1,4,4,3,3,1,1,2,3,1,3,1,1,1,3,4,4,4,4,1,3,2,3,2,4,2,2,3,1,3,3,1,1,3,3,1,2,1,2,1,2,1,2,1,2,2,2,1,1,1,1,2,2,2,2,1,2,1,2,1,1,1,2,1,1,2,2,2,1,1,2,1,1,1,1,1,1,2,2,1,1,1,1,1,1,1,1,1,1,2,2,1,1,2,2,1,1,1,2,1,1,2,2,2,2,4,4,2,2,3,3,3,4,3,3,1,2,2,3,1,7,2,2,3,4,2,5,1,1,3,3,3,3,2,2,1,5,5,5,2,3,3,3,2,2,1,2,1,1,1,1,1,1,2,3,2,2,1,1,2,2,2,3,3,3,2,2,1,1,5,5,1,1,3,3,2,2,2,3,3,3,5,5,4,4,1,2,3,3,1,7,3,4,2,3,1,1,1,6,3,3,3,3,2,3,1,1,2,2,3,3,2,2,1,2,1,3,2,4,2,5,3,4,1,1,3,4,1,3,6,7,4,6,1,1,1,2,1,1,3,4,1,1,3,3,1,1,2,3,1,3,1,1,4,5,1,1,3,5,3,4,1,1,1,2,1,2,2,3,1,1,1,1,3,3,1,1,2,5,2,2,2,2,1,1,1,1,2,2,2,4,4,4,3,3,3,3,3,3,4,6,1,2,2,2,4,4,1,3,1,3,2,3,2,3,3,3,2,2,1,3,2,2,2,2,2,2,1,1,2,4,1,2,3,4,3,3,5,6,3,4,1,2,3,4,2,4,2,3,1,1,2,2
"M145875",3,4,6,6,1,1,4,1,2,2,2,2,3,3,1,1,2,2,1,4,2,2,4,4,4,4,1,1,3,1,3,3,2,2,3,1,3,4,4,4,1,1,2,2,4,4,4,4,1,1,2,4,4,1,3,1,3,3,3,3,4,4,4,4,1,3,2,1,2,2,2,1,4,1,4,2,3,3,3,1,4,1,1,1,1,3,1,1,2,1,1,3,2,4,1,3,3,3,3,1,3,1,3,3,3,1,2,2,1,1,3,3,1,1,1,1,1,3,2,3,3,1,4,4,2,4,4,4,3,3,1,1,4,4,1,1,1,3,2,2,2,1,3,3,3,3,4,4,4,4,2,2,2,2,2,4,2,1,4,4,3,3,1,1,2,3,1,3,1,3,1,3,4,4,4,4,1,3,2,3,2,2,2,1,3,3,3,3,1,3,3,3,3,1,1,2,1,2,2,2,1,2,1,2,1,1,1,1,2,2,2,2,1,2,2,2,1,1,1,2,1,1,1,2,2,1,1,2,1,1,1,1,1,1,2,2,1,1,1,1,1,1,1,1,1,1,2,2,1,1,2,2,1,1,2,2,2,1,2,2,2,2,2,2,1,2,3,3,5,5,3,3,1,2,2,3,3,7,1,2,3,3,2,3,1,1,3,3,3,3,2,2,1,5,2,5,2,3,2,3,2,2,1,2,1,1,1,4,2,2,2,2,2,2,1,3,2,2,2,3,2,3,2,4,1,2,5,5,1,1,1,4,2,3,2,2,3,3,5,6,4,4,1,3,4,4,1,3,3,3,3,3,1,2,1,5,3,3,3,3,3,3,1,3,3,3,2,3,2,2,2,2,3,3,4,4,2,5,3,4,1,1,3,3,1,2,4,5,1,5,1,1,1,1,1,5,1,4,1,1,1,1,1,3,3,3,1,3,1,1,4,4,1,1,3,3,1,4,1,1,1,3,1,1,2,2,1,3,1,1,1,3,1,2,2,2,2,2,3,3,1,1,1,1,2,3,2,4,3,4,2,3,2,3,3,3,3,4,2,2,2,2,4,4,1,3,2,3,3,3,2,2,1,3,2,3,1,3,1,1,2,2,2,2,1,1,4,4,1,2,1,4,2,3,5,5,3,4,1,3,4,4,3,4,2,2,1,1,2,2
"M145876",4,4,6,6,3,1,4,1,2,2,2,3,1,1,2,1,2,2,1,1,2,1,4,4,1,1,1,1,1,1,3,1,2,2,1,1,3,3,4,4,2,1,2,4,4,4,1,1,1,1,2,2,1,1,1,1,4,4,3,3,2,2,4,4,1,3,1,1,2,2,2,2,4,1,2,2,1,3,3,1,4,4,1,3,1,3,4,1,1,1,3,3,2,4,3,3,1,3,1,1,3,3,3,4,3,1,2,2,4,4,1,1,2,1,1,1,1,3,2,3,3,1,4,4,4,4,1,4,3,1,2,1,4,4,1,1,1,3,2,2,2,2,3,3,3,3,4,4,3,3,2,1,2,1,2,4,1,1,4,2,3,3,1,1,2,3,1,3,1,1,1,3,4,4,2,4,3,3,2,3,4,4,2,2,3,3,3,3,1,3,3,3,1,2,1,2,1,2,2,2,1,2,1,1,1,2,1,1,1,2,1,2,2,2,2,2,1,1,2,2,1,1,2,2,2,2,2,2,1,1,1,1,1,1,2,2,1,1,1,1,1,1,1,1,1,1,2,2,1,1,2,2,1,1,3,2,2,1,2,2,2,2,2,4,2,2,3,3,5,5,1,3,1,2,2,3,2,2,2,2,3,3,5,5,1,1,3,3,2,3,1,2,1,1,5,5,3,3,3,3,2,2,1,2,1,1,1,2,1,2,2,2,2,2,1,1,2,2,2,3,2,4,4,4,1,1,2,5,1,2,3,4,3,3,2,3,3,3,5,5,4,4,3,3,3,4,1,7,3,3,2,3,1,1,1,6,3,3,3,4,2,3,1,3,2,2,3,4,2,2,1,2,1,3,3,4,2,4,3,4,1,1,2,3,1,3,1,4,4,6,1,1,1,1,3,3,4,4,2,2,2,3,1,3,3,3,3,3,1,1,4,4,1,2,3,3,1,3,3,3,1,2,1,2,2,2,1,1,1,1,1,4,2,2,2,2,2,2,1,2,1,1,1,3,2,3,2,4,5,5,3,4,3,3,3,4,4,4,2,2,2,2,4,4,3,4,3,3,3,4,2,3,1,3,2,2,1,3,1,1,2,2,2,2,1,1,2,4,1,2,3,4,1,3,3,5,4,4,1,3,4,4,3,4,2,4,1,1,2,2
"M145877",4,4,7,6,1,1,4,1,2,2,2,2,1,3,1,1,2,2,1,1,2,2,4,4,1,4,1,1,1,1,3,1,2,2,3,3,3,4,2,2,1,1,2,4,4,4,1,1,3,1,2,2,4,4,1,1,3,4,3,3,2,4,4,4,3,3,1,1,2,1,2,2,1,1,4,2,3,3,3,3,4,1,1,3,3,3,1,1,1,1,1,3,4,4,3,3,1,3,1,1,3,3,3,3,3,3,2,2,4,1,3,1,1,1,4,1,1,3,2,3,3,1,4,4,2,4,1,4,3,3,2,1,4,4,1,1,1,3,2,2,2,1,3,3,3,1,4,4,3,4,2,2,2,2,4,4,2,2,4,4,1,3,1,1,2,2,1,3,1,1,1,3,4,4,4,4,3,3,2,3,2,4,2,1,3,3,1,1,1,3,3,3,1,1,1,1,1,1,1,1,1,1,1,2,1,1,1,1,1,1,1,1,1,1,1,1,1,1,1,1,1,1,1,2,1,1,1,1,1,1,1,1,1,1,2,2,1,1,1,1,1,1,1,1,1,1,2,2,1,1,2,2,1,1,2,2,2,1,2,2,2,2,2,3,2,2,3,3,5,5,3,3,2,2,2,2,1,7,2,2,3,3,2,5,1,1,3,3,2,3,1,2,1,5,2,5,3,3,3,3,2,2,1,2,1,1,1,4,1,1,2,5,2,2,1,1,2,2,2,3,3,3,4,4,1,1,5,5,1,2,4,4,2,3,2,3,1,3,5,5,4,5,1,1,2,4,7,7,3,3,3,3,1,1,1,6,3,3,3,3,2,3,1,3,3,3,2,3,2,2,1,2,1,3,4,4,2,5,3,3,1,1,3,3,1,3,2,4,1,4,1,2,1,2,1,3,4,4,1,2,1,1,1,1,2,3,3,3,1,1,4,4,1,2,3,3,1,3,1,1,1,1,1,1,2,3,1,1,1,1,3,3,2,2,2,2,2,2,3,3,1,1,1,1,2,3,4,4,4,4,3,3,3,3,3,4,3,4,2,2,2,2,4,4,1,1,1,3,3,3,2,2,1,1,3,3,3,3,1,1,1,2,2,2,1,3,4,4,1,2,1,4,2,3,1,5,4,5,1,2,4,4,2,4,2,2,1,1,2,2
"M145878",4,4,6,6,3,1,4,4,2,2,2,3,3,3,1,1,3,3,1,1,2,2,4,4,1,4,1,1,1,1,3,3,2,1,3,3,3,4,4,2,1,1,2,4,4,4,4,1,1,1,2,2,4,4,1,1,3,3,3,3,2,4,3,4,3,3,2,1,2,2,2,2,4,1,4,2,3,3,3,3,4,1,1,1,3,3,1,1,2,1,3,3,4,4,3,3,1,3,3,1,3,1,3,3,3,1,2,2,1,1,3,1,1,1,4,1,3,3,2,2,3,1,4,4,4,4,1,4,3,3,2,1,4,4,1,1,1,3,2,4,2,1,3,3,1,1,4,2,3,4,2,1,2,2,4,4,1,1,4,4,3,3,1,1,2,2,1,3,1,3,1,1,4,4,4,4,3,3,2,3,2,4,1,1,3,1,3,3,1,3,3,3,1,1,1,1,1,1,1,1,1,1,1,2,1,1,1,1,1,1,1,1,1,1,1,1,1,1,1,1,1,1,1,2,1,1,1,1,1,1,1,1,1,1,2,2,1,1,1,1,1,1,1,1,1,1,2,2,1,1,2,2,1,2,2,2,1,1,2,2,2,2,2,3,2,2,3,3,4,6,3,3,2,2,2,2,2,7,2,2,3,3,2,2,1,1,3,3,2,3,1,2,1,5,2,5,2,3,3,3,2,2,1,2,1,1,1,1,1,2,2,5,2,2,1,1,2,2,2,2,3,3,4,4,1,1,5,5,1,1,4,4,2,3,3,3,3,3,5,6,4,4,1,1,4,4,7,7,3,3,3,3,1,1,1,6,3,3,1,3,2,3,1,3,3,3,2,2,2,2,1,1,1,3,4,4,2,4,3,3,1,1,3,3,1,3,4,5,1,4,1,1,1,2,1,1,4,4,1,2,1,1,1,3,3,3,3,3,1,1,4,4,1,1,3,3,3,3,1,1,1,1,1,1,2,3,1,1,1,1,3,3,2,2,2,2,2,2,2,3,1,1,1,1,2,2,4,4,4,4,3,3,3,3,3,3,3,4,1,2,2,2,4,4,1,1,1,3,3,3,2,2,1,1,3,3,3,3,1,4,1,2,2,2,1,3,4,4,1,2,4,4,3,3,1,3,4,5,1,1,4,4,3,4,2,2,1,1,2,2
"M145879",4,4,6,6,3,1,4,1,2,2,2,3,3,3,1,1,2,2,1,4,2,2,4,4,1,1,1,1,1,1,1,1,2,2,3,3,3,4,4,2,1,1,2,4,4,4,4,1,3,1,2,2,4,4,1,1,3,4,3,3,2,4,4,4,3,3,2,1,2,2,2,1,1,1,4,2,3,3,3,3,1,1,1,1,3,3,1,1,2,1,1,3,4,4,1,3,3,3,3,1,3,1,3,3,3,1,2,2,4,1,3,1,1,1,1,1,3,3,3,3,3,1,4,1,4,4,1,1,3,3,2,1,4,4,1,1,1,3,2,2,2,1,3,3,3,1,4,4,3,4,2,2,2,2,4,4,1,1,4,4,1,3,1,1,2,2,1,3,3,3,1,3,4,4,4,4,3,3,2,3,2,4,2,1,3,3,3,1,1,1,3,3,1,1,1,1,1,1,1,2,1,1,1,1,1,1,1,1,1,1,1,1,1,1,1,1,1,1,1,1,1,1,1,2,1,1,1,1,1,1,1,1,1,1,2,2,1,1,1,1,1,1,1,1,1,1,2,2,1,1,2,2,1,1,4,2,2,1,2,2,2,2,3,3,2,2,3,3,4,6,3,3,2,2,2,2,1,7,2,2,3,3,3,5,1,1,3,3,2,3,1,2,1,5,2,5,2,3,3,3,2,2,1,2,1,1,1,1,2,2,2,5,2,2,1,2,1,2,2,2,3,3,4,4,1,1,5,5,1,1,4,4,2,3,2,3,3,3,5,5,4,4,1,1,2,4,3,7,3,3,3,3,1,1,1,6,3,3,1,3,3,3,1,3,3,3,2,2,2,2,1,1,1,1,4,4,2,4,3,3,1,3,3,3,1,3,4,4,1,4,1,1,1,2,1,3,4,4,1,1,1,1,1,1,3,3,1,3,1,1,4,4,1,2,3,3,3,3,1,1,1,1,1,2,2,2,1,1,1,1,3,3,2,2,2,2,2,2,3,3,1,1,1,1,2,3,4,4,4,4,3,3,3,3,3,3,4,4,2,2,2,2,4,5,1,1,3,3,3,3,2,3,1,2,2,3,3,3,1,2,2,2,2,2,1,1,2,4,1,2,1,4,2,3,1,1,4,4,2,2,4,4,2,4,2,2,1,1,2,2
"M145880",4,4,6,6,3,1,4,4,2,2,2,2,3,3,1,1,2,2,1,1,2,1,4,4,1,4,1,3,1,1,3,1,2,1,1,1,3,3,4,2,2,2,4,4,1,4,1,1,3,3,2,4,4,4,3,3,3,4,3,3,2,2,3,4,3,3,2,2,2,2,2,2,1,1,2,2,1,1,1,1,4,1,1,1,3,3,4,1,2,1,3,3,4,4,3,3,1,3,1,1,3,3,3,4,3,1,2,2,4,1,1,1,1,1,4,1,1,3,2,3,1,1,4,1,2,4,4,4,1,1,2,1,2,4,1,1,1,1,2,4,2,1,1,3,3,3,4,2,3,4,1,1,2,2,2,4,2,1,4,4,1,3,1,1,2,2,1,1,1,3,1,3,4,4,4,4,3,3,2,3,4,4,2,1,3,1,3,1,1,1,1,1,1,1,1,1,1,1,1,1,1,1,1,2,1,1,1,1,1,2,1,2,1,1,1,1,1,1,1,1,1,1,1,2,1,1,1,1,1,1,1,1,1,1,2,2,1,1,1,1,1,1,1,1,1,1,2,2,1,1,2,2,1,1,1,1,2,1,2,2,2,2,1,1,2,2,3,3,5,5,3,3,1,2,2,3,1,7,1,2,3,3,2,3,1,1,3,3,2,3,2,3,5,5,5,5,2,3,3,3,2,2,1,2,1,1,2,4,1,1,2,2,2,2,1,3,2,2,3,3,2,3,4,4,1,3,5,5,1,1,3,3,2,2,2,3,3,3,5,5,4,5,2,3,3,4,7,7,2,3,3,3,1,1,5,6,3,3,3,3,2,3,1,3,2,2,4,4,2,3,1,2,3,3,4,4,1,5,3,3,1,2,2,3,1,1,4,4,1,2,1,1,1,1,1,1,4,4,2,2,1,3,1,1,3,3,3,3,1,1,4,5,1,1,3,3,1,3,3,3,1,1,1,1,1,3,1,1,1,1,1,3,2,2,2,5,2,2,4,4,1,2,3,3,2,2,4,4,4,4,3,4,2,2,3,3,3,4,1,2,1,2,4,4,1,4,3,3,3,4,2,2,3,3,2,3,3,3,1,1,1,2,2,2,1,1,4,4,2,2,4,4,2,3,3,5,3,4,3,3,4,4,4,4,2,2,1,1,1,2
"M145881",4,4,6,6,3,1,4,1,1,1,2,2,1,3,2,1,2,3,1,4,2,1,4,4,1,1,1,1,3,1,3,1,1,1,3,3,3,3,4,2,1,1,2,2,4,4,1,1,1,1,2,2,4,1,3,3,3,3,3,3,2,4,3,4,1,3,1,1,2,2,2,2,1,1,2,2,1,1,3,3,4,1,1,1,3,3,4,4,1,1,3,3,2,4,1,3,1,1,1,1,3,1,3,3,3,3,2,2,4,1,1,1,2,2,1,1,1,3,3,3,1,1,1,1,2,4,1,4,3,1,2,1,4,4,1,1,1,3,2,4,1,1,3,3,1,1,4,4,3,4,2,1,2,1,4,4,1,1,4,4,3,3,1,1,3,3,1,1,1,3,3,3,4,4,2,4,1,3,3,3,2,2,2,1,3,3,3,3,1,3,1,3,1,2,1,2,1,2,1,2,1,2,1,2,1,1,1,1,1,2,1,1,2,2,2,2,1,1,2,2,1,1,2,2,2,2,2,2,1,1,1,1,1,1,2,2,1,1,1,1,1,1,1,1,1,1,2,2,1,1,2,2,1,1,1,2,2,1,2,2,2,2,1,4,2,2,3,3,5,5,1,3,2,2,2,2,1,7,1,2,3,3,5,5,1,1,1,3,1,3,1,2,4,5,5,5,2,3,3,3,2,2,1,2,1,3,1,4,1,2,2,2,2,2,1,1,2,2,2,3,2,3,4,4,1,3,5,5,1,1,1,3,2,2,2,3,1,3,5,5,4,4,1,1,4,4,1,3,3,3,3,3,1,2,1,4,3,3,3,3,2,3,3,3,1,2,3,4,2,2,2,2,1,3,3,4,2,2,3,4,1,3,3,3,1,3,4,5,2,6,1,1,1,1,1,1,4,4,1,1,3,3,1,1,3,3,3,3,1,1,4,5,1,1,3,3,1,4,1,1,1,2,1,2,2,2,1,1,1,2,1,3,1,2,2,2,2,2,2,3,1,1,1,1,2,2,2,4,4,4,3,3,2,2,3,4,4,4,2,2,2,2,4,4,1,3,3,3,3,3,2,3,3,3,2,2,1,3,1,2,2,2,2,2,1,1,2,4,1,1,3,4,1,3,3,4,3,5,1,3,4,4,0,0,2,3,1,1,2,2
"M145882",3,4,6,6,1,1,1,1,2,2,2,3,1,3,1,1,2,2,1,4,2,2,4,4,1,4,1,3,1,1,1,1,1,1,3,3,3,4,4,4,1,1,2,2,4,4,4,1,1,1,2,2,4,4,3,1,3,4,3,3,4,4,4,4,1,3,2,1,2,2,2,2,1,1,2,2,1,1,3,3,1,1,1,1,3,3,1,1,1,1,1,3,2,4,1,3,3,3,3,3,3,1,3,3,3,1,2,2,4,1,3,1,1,1,1,1,1,1,3,3,1,1,4,1,4,4,1,4,3,3,1,1,4,4,1,1,1,3,2,4,1,1,3,3,1,1,4,2,3,4,2,2,2,2,4,4,2,1,4,4,3,3,1,1,2,3,1,3,1,3,3,3,4,4,4,4,3,3,2,3,2,4,2,1,3,1,3,1,1,3,1,3,1,2,1,2,1,2,1,2,1,2,1,2,1,2,1,1,1,2,1,2,1,2,1,2,1,1,1,2,1,1,2,2,2,1,1,2,1,1,1,1,1,1,2,2,1,1,1,1,1,1,1,2,1,1,1,2,2,1,3,2,1,1,3,2,2,2,1,2,1,2,2,2,2,2,3,3,4,4,3,3,2,2,2,2,1,7,1,2,3,5,2,5,1,1,3,3,1,3,2,3,1,1,5,5,2,3,3,3,2,2,1,1,1,1,1,2,1,1,2,4,2,2,1,3,2,2,2,2,3,3,4,4,1,3,5,5,1,2,1,4,2,3,2,3,3,3,5,6,2,5,1,2,4,4,4,7,2,3,3,3,1,2,1,2,3,3,1,3,0,0,1,3,2,3,3,4,2,2,2,2,1,3,3,4,2,5,3,4,1,1,3,3,1,3,4,4,1,2,1,1,1,2,1,1,4,4,1,2,1,5,3,3,2,3,3,3,1,1,1,4,1,2,3,5,3,3,1,1,1,2,1,1,3,3,1,1,1,1,2,3,2,2,1,2,2,2,3,3,1,1,1,1,2,2,2,4,3,4,3,4,2,3,3,4,2,3,2,2,2,2,4,4,1,3,3,3,3,3,3,4,3,3,2,3,1,3,1,2,2,2,2,2,1,3,2,4,1,2,4,4,1,2,1,6,4,4,2,2,4,4,2,4,2,2,1,1,2,2
"M145883",3,4,7,6,1,1,4,4,2,2,3,3,1,3,1,1,2,3,1,4,2,1,4,4,1,1,3,3,1,1,1,1,1,1,3,1,3,3,4,4,2,1,4,4,4,4,1,1,3,1,2,4,4,4,3,1,4,4,3,3,2,2,4,4,3,3,2,1,2,2,2,1,4,1,2,2,1,3,3,3,1,1,1,1,3,3,1,1,1,1,3,3,4,4,1,3,1,3,3,1,3,3,3,4,3,3,2,2,4,4,3,1,1,1,1,1,1,1,2,2,1,1,4,1,4,4,1,4,3,1,2,2,4,4,2,1,3,3,2,2,2,1,1,3,3,1,4,4,3,4,2,1,2,2,2,4,1,1,2,2,3,3,1,1,2,2,1,1,1,1,1,3,4,4,4,4,1,3,2,3,2,4,2,2,3,3,3,3,3,3,1,3,1,1,1,1,1,1,1,2,1,1,1,2,1,2,1,1,2,2,1,1,1,2,1,2,1,1,1,2,1,1,1,2,2,1,1,2,1,1,1,1,1,1,2,2,1,1,1,1,1,1,1,1,1,1,2,2,1,1,2,2,1,1,1,2,1,1,2,2,2,2,4,4,2,2,3,3,3,5,3,3,1,2,2,3,2,2,1,2,3,3,5,5,1,1,3,3,3,3,1,2,1,1,5,5,2,3,3,3,2,2,1,2,1,1,1,2,1,1,2,5,2,2,2,3,2,2,1,2,2,4,4,4,1,1,2,5,1,1,1,4,3,3,2,3,3,3,6,6,4,4,1,3,4,4,7,7,3,3,3,3,1,1,4,6,3,3,3,4,3,3,1,3,2,3,3,3,2,3,1,1,1,1,4,4,1,4,3,4,1,3,3,3,2,3,1,7,4,6,1,1,1,2,1,3,4,4,1,2,2,3,1,1,3,3,3,3,1,1,4,4,1,2,3,3,1,3,3,3,1,1,1,1,2,2,1,3,1,1,3,4,1,2,2,3,2,2,1,2,1,2,1,1,2,2,4,4,4,5,3,3,2,3,4,4,4,4,2,2,2,2,4,4,3,3,1,1,3,3,3,3,3,3,2,2,3,3,1,4,2,2,2,2,1,1,4,4,1,2,1,4,1,3,5,5,1,4,1,3,3,4,2,3,2,4,1,1,2,2
"M145884",3,4,6,6,3,1,4,4,2,2,2,2,1,3,2,1,2,2,1,4,2,1,4,4,1,1,1,3,3,1,1,1,2,1,1,1,3,3,4,4,2,2,2,2,4,4,1,1,1,1,2,4,1,1,3,1,3,3,3,3,2,4,4,4,3,3,2,1,2,2,2,2,4,1,2,2,1,3,3,3,4,1,1,1,3,3,4,1,1,1,3,3,4,4,1,3,3,3,3,1,3,1,3,4,3,1,2,2,4,4,3,1,1,1,1,1,1,1,2,2,1,1,4,1,2,2,1,1,3,1,2,2,4,4,1,1,3,3,2,2,0,0,0,0,3,3,4,4,3,4,2,1,2,2,2,4,2,1,4,2,1,3,1,1,2,2,1,3,1,1,3,3,4,4,4,4,3,3,2,3,4,4,2,1,3,3,3,3,1,3,1,3,1,1,1,1,1,1,1,1,1,1,1,1,1,2,1,1,1,2,1,1,1,1,1,1,1,1,1,1,1,1,1,2,1,1,1,1,1,1,1,1,1,1,2,2,1,1,1,1,1,1,1,1,1,1,2,2,1,1,2,2,1,2,1,2,2,1,2,2,2,2,2,4,2,2,3,3,5,5,1,3,1,2,3,3,2,2,2,2,3,3,2,5,1,2,3,3,1,3,1,3,1,5,2,5,3,3,2,3,2,2,1,1,1,2,2,5,1,1,2,3,2,2,1,1,2,2,2,3,3,4,4,4,1,1,5,5,1,2,1,4,3,3,2,3,2,3,5,6,1,4,2,3,3,4,7,7,3,3,3,3,1,1,1,6,3,3,3,4,2,3,1,3,2,3,3,4,2,2,1,2,1,1,4,4,4,5,3,3,1,1,2,3,1,3,1,1,1,6,1,1,1,2,5,5,3,4,1,1,1,2,1,3,2,3,1,3,1,1,4,4,1,1,2,3,3,3,1,3,1,1,1,1,2,2,1,3,1,1,3,3,1,2,2,2,2,2,1,3,1,2,1,1,2,3,4,4,4,5,3,4,3,3,3,4,3,4,2,2,2,2,4,4,3,3,1,1,2,4,2,3,3,3,2,3,3,3,1,4,2,2,2,2,1,1,4,4,1,1,1,4,2,2,3,5,3,5,1,3,3,4,3,3,2,4,1,1,2,2
"M145885",3,4,7,6,1,1,4,1,2,2,2,3,1,1,2,1,2,2,1,1,2,2,4,4,1,1,1,3,1,1,3,1,2,1,3,1,3,3,4,2,2,1,2,4,4,4,1,1,0,0,4,4,1,1,3,1,3,3,3,3,2,2,4,4,1,3,1,1,2,2,2,2,4,1,2,2,3,3,3,1,4,1,1,1,1,3,1,1,1,1,1,3,2,4,3,3,1,3,3,1,3,3,3,4,3,3,2,2,4,1,3,1,1,1,1,1,3,3,2,2,1,1,4,1,4,4,1,1,3,1,2,1,4,4,1,1,3,3,2,4,2,2,1,3,1,1,4,4,3,4,2,1,2,2,2,4,2,1,4,2,3,3,1,1,2,2,1,3,1,1,3,3,4,4,4,4,3,3,3,3,4,4,2,2,3,3,3,1,1,3,3,3,1,2,1,2,1,2,1,2,1,2,1,2,1,1,1,1,2,2,2,2,2,2,2,2,1,1,2,2,1,1,2,2,2,2,2,2,1,1,1,1,1,1,2,2,1,1,1,1,1,1,1,1,1,1,2,2,1,1,2,2,1,2,2,2,2,1,2,2,2,2,2,4,2,2,3,3,5,5,3,3,1,2,3,3,1,2,2,2,3,3,5,5,1,2,1,3,1,3,1,3,1,5,2,5,2,3,1,2,2,2,1,2,1,1,1,2,1,2,2,2,2,2,1,1,2,2,2,3,2,3,2,4,1,1,5,5,1,2,1,4,3,3,3,3,3,3,5,6,4,5,2,3,3,4,1,7,3,3,2,3,1,1,2,4,3,3,3,4,3,3,1,1,2,3,2,3,1,2,1,2,1,3,3,4,2,4,3,4,1,1,3,3,3,3,1,7,4,6,1,1,1,1,1,5,1,4,1,2,2,3,1,3,3,3,3,3,1,1,4,4,1,1,3,3,3,3,1,3,1,2,1,1,2,2,1,1,1,1,3,3,2,2,2,3,2,2,2,3,1,1,1,1,2,2,2,4,4,5,3,4,3,3,3,4,3,4,2,2,2,2,4,5,3,3,1,3,2,3,2,3,3,3,2,2,1,3,1,4,2,2,2,2,1,1,4,4,2,2,4,4,2,3,3,3,5,5,1,2,4,4,2,4,3,4,1,1,2,2
"M145886",3,3,7,6,3,3,4,1,2,2,2,3,1,1,2,1,0,0,1,4,2,1,4,4,1,1,1,3,3,3,3,1,2,1,3,3,3,3,4,2,2,1,2,4,1,1,1,1,1,1,2,4,4,1,3,3,3,3,3,3,4,4,3,3,1,3,2,2,2,2,2,2,1,1,2,2,1,3,3,3,4,1,1,1,3,3,4,1,1,1,1,3,2,4,1,3,1,3,1,1,3,1,3,4,3,3,2,2,4,1,3,3,2,2,1,1,1,1,2,3,1,1,4,1,2,4,1,4,3,1,2,1,4,4,1,1,1,3,2,4,1,1,1,3,1,1,4,4,4,4,1,1,2,1,2,4,1,1,4,4,1,3,1,4,2,2,1,3,1,1,3,3,4,4,4,4,3,3,3,3,4,4,2,2,3,3,3,3,1,3,1,3,1,2,1,2,1,2,1,2,1,2,1,1,2,2,1,1,2,2,1,2,1,1,1,1,1,1,1,1,1,1,1,2,1,1,1,1,1,1,1,1,1,1,2,2,1,1,1,1,1,1,1,1,1,1,2,2,1,1,2,2,1,1,2,2,1,1,2,2,2,2,2,2,2,2,3,3,4,5,3,3,1,2,2,3,2,5,2,2,3,3,2,5,1,1,3,3,1,3,1,3,1,5,5,5,2,3,3,3,2,2,1,1,1,1,1,2,1,1,2,5,2,2,1,1,2,2,2,3,2,3,2,4,1,1,5,5,1,1,1,3,3,3,2,3,3,3,4,5,4,4,2,3,4,4,7,7,2,3,3,3,1,1,2,2,3,3,3,3,2,3,1,3,2,2,3,4,2,3,2,2,3,3,4,4,2,2,3,3,3,3,3,3,1,3,1,7,4,6,1,1,1,1,1,5,4,4,1,2,3,3,1,1,3,3,3,3,1,1,3,4,1,1,3,3,1,4,1,1,1,2,1,2,2,2,1,1,1,1,3,3,1,2,2,2,2,2,2,2,1,1,1,3,2,2,2,4,4,4,3,4,2,3,3,4,4,4,2,2,1,2,2,4,3,4,3,3,3,4,2,3,1,1,2,3,3,3,1,2,2,2,2,2,1,3,2,4,1,1,1,3,2,3,6,6,3,4,2,2,4,4,3,3,2,3,1,1,2,2
"M145887",4,4,6,6,3,1,4,1,2,2,2,2,1,1,2,1,2,2,1,1,2,1,4,4,1,1,3,3,1,1,3,1,2,2,1,1,3,3,4,2,1,1,4,4,4,4,1,1,1,1,2,4,4,1,3,1,4,4,3,3,2,2,4,4,1,3,2,2,2,2,2,1,4,1,2,2,3,3,3,1,4,1,1,1,1,3,4,1,1,1,3,3,2,4,1,3,1,1,3,1,3,3,3,4,3,3,2,2,4,1,3,1,1,1,4,1,1,3,2,2,1,1,4,4,4,4,1,4,3,3,2,1,4,4,1,1,3,3,2,4,2,2,1,3,3,1,4,2,3,3,2,1,2,2,2,2,1,1,4,2,3,3,1,1,2,2,1,1,1,1,3,3,4,4,4,4,3,3,3,3,4,4,2,2,3,3,3,1,1,3,1,3,1,2,1,2,1,2,2,2,1,2,1,1,1,2,1,1,2,2,2,2,2,2,2,2,1,1,2,2,1,1,2,2,2,2,2,2,1,1,1,1,1,1,2,2,1,1,1,1,1,1,1,1,1,1,2,2,1,1,2,2,1,2,1,2,2,1,2,2,2,2,2,4,2,2,3,3,5,5,3,3,1,1,3,3,2,2,2,2,3,3,5,5,1,2,1,3,3,3,1,3,1,1,5,5,1,3,1,3,2,2,1,2,1,1,1,2,1,2,2,2,2,2,1,3,2,2,2,3,2,3,4,4,1,1,5,5,1,2,1,4,2,3,3,3,3,3,5,5,4,5,2,3,3,4,1,7,3,3,2,3,1,1,2,4,3,3,3,3,3,3,1,1,2,3,3,4,2,2,1,2,1,3,3,4,2,4,3,4,1,1,3,3,1,1,1,5,6,6,1,1,1,2,1,3,4,4,1,2,1,1,1,3,3,3,3,3,1,1,4,4,1,1,3,5,1,1,1,3,1,2,1,1,2,2,1,1,1,1,3,3,2,2,2,2,2,2,2,3,1,1,1,1,2,3,2,4,4,5,3,4,3,3,3,4,4,4,2,2,2,2,4,5,1,3,1,1,3,3,2,3,3,3,2,2,1,3,1,1,2,2,2,2,1,1,4,4,1,1,1,4,1,3,3,5,3,5,1,2,4,4,2,3,2,4,1,1,2,2
"M145888",4,4,7,6,3,1,4,1,2,2,2,3,1,1,2,2,2,2,1,4,2,2,4,4,1,1,1,1,3,1,1,1,2,1,0,0,3,4,2,2,2,1,2,4,1,4,1,1,1,1,2,2,4,1,3,1,3,3,3,3,2,2,4,4,3,3,1,1,2,2,2,2,4,1,4,4,3,3,3,1,4,1,1,1,3,3,4,1,1,1,3,3,4,4,1,1,3,3,3,1,3,3,3,3,1,1,2,2,4,4,3,1,2,2,4,1,0,0,2,3,1,1,4,4,2,2,4,4,3,3,2,2,2,4,1,1,3,3,2,4,1,1,1,1,1,1,4,4,3,3,1,1,2,1,4,4,1,1,4,4,3,3,1,1,2,2,1,1,1,3,1,1,4,4,2,4,1,3,2,3,4,4,2,2,1,1,3,3,1,1,3,3,1,1,1,1,1,1,1,2,1,1,1,2,1,2,1,1,1,2,1,1,1,2,1,1,1,1,1,1,1,1,1,2,1,1,1,1,1,1,1,1,1,1,2,2,1,1,1,1,1,1,1,1,1,1,2,2,1,1,2,2,1,1,3,3,2,2,2,2,2,2,2,4,2,3,3,3,2,5,3,3,2,2,2,2,1,2,1,2,3,3,3,5,1,1,3,3,2,3,3,3,4,5,2,5,3,3,3,3,2,2,1,1,1,1,1,1,1,1,2,5,2,2,1,1,2,2,2,3,3,4,4,4,1,1,5,5,1,1,1,4,2,3,2,2,3,3,5,5,4,5,2,3,4,4,2,7,3,3,3,3,2,2,1,1,3,3,3,3,3,3,3,4,2,3,3,4,3,3,2,2,3,3,4,4,5,5,4,4,1,1,2,3,3,3,2,4,1,4,1,1,1,1,3,5,3,3,1,2,2,3,1,1,3,3,3,3,1,1,4,4,1,1,3,3,4,4,1,3,1,1,1,1,2,2,1,1,1,1,3,3,2,2,2,2,2,2,2,3,1,1,1,2,2,2,4,4,4,4,3,4,2,2,3,4,4,4,2,2,2,2,4,4,1,4,2,3,3,3,2,4,2,3,2,2,3,3,2,2,1,2,2,2,1,1,4,4,1,1,3,4,1,2,5,5,3,3,1,2,3,4,2,4,2,2,1,1,2,2
"M145889",4,4,6,6,3,1,4,4,2,1,2,2,1,3,2,1,2,2,4,4,2,2,4,4,4,4,1,1,1,1,3,1,1,1,3,3,3,3,4,4,2,1,2,2,4,4,4,4,1,1,2,4,4,1,3,1,3,3,3,3,2,4,3,3,3,3,2,1,1,1,2,2,1,1,2,2,1,1,3,3,4,1,1,1,3,3,1,1,1,1,3,3,4,4,3,3,1,3,1,1,3,3,3,4,3,3,2,2,1,1,3,1,2,1,4,4,1,3,2,2,3,3,4,1,4,4,1,4,3,3,1,1,4,4,1,1,1,3,2,4,2,2,1,3,1,1,4,2,4,4,2,1,2,1,4,4,2,1,4,4,1,3,1,1,2,2,1,3,1,3,1,1,4,1,4,4,3,3,3,3,4,4,2,2,3,1,1,1,3,3,1,3,1,1,1,1,1,1,1,1,1,1,1,2,1,1,1,1,1,2,1,2,1,1,1,1,1,1,1,1,1,1,1,1,1,1,1,1,1,1,1,1,1,1,2,2,1,1,1,1,1,1,1,1,1,1,2,2,1,1,2,2,1,1,2,2,2,1,2,2,2,2,1,2,2,2,3,3,2,4,1,3,2,2,2,3,1,1,1,2,3,3,2,5,1,2,3,3,2,3,3,3,3,5,2,5,3,3,3,3,2,2,1,1,1,1,1,1,1,1,2,2,2,2,1,3,2,2,3,3,3,3,2,4,1,3,5,5,1,1,3,3,2,3,2,2,1,2,1,5,3,4,1,2,4,4,7,7,3,3,3,3,1,2,1,1,3,3,3,3,2,3,1,3,2,3,2,3,2,3,1,2,1,3,4,4,2,2,1,4,1,1,3,3,3,3,4,4,4,6,1,1,1,2,1,3,4,4,1,1,1,3,1,1,3,3,3,3,1,1,1,4,1,1,3,3,1,3,3,3,1,1,1,2,2,3,1,2,1,1,1,3,2,2,2,5,2,2,2,3,1,1,1,1,2,2,4,4,4,4,3,4,2,2,3,4,4,4,1,2,2,2,4,4,1,4,1,3,3,3,2,2,1,3,2,2,3,3,1,2,2,2,2,2,1,1,4,4,1,1,1,3,2,3,3,5,4,4,1,3,4,4,3,4,2,2,1,1,2,2
"M145890",4,4,7,6,3,1,4,4,2,2,2,2,1,1,2,1,2,3,1,1,2,1,4,4,1,1,1,1,3,1,3,1,2,2,3,1,3,3,4,2,1,1,4,4,1,1,1,1,1,1,2,4,4,1,3,3,3,4,3,4,4,4,3,4,3,3,1,1,2,2,2,2,1,1,4,2,1,3,1,1,4,4,1,1,1,3,4,4,1,1,1,3,4,4,3,3,3,3,1,1,3,3,3,3,3,1,2,2,4,1,3,3,1,1,1,1,1,3,3,3,1,1,4,1,2,2,4,4,1,1,1,1,2,4,1,1,1,3,2,2,2,1,1,1,1,1,4,4,4,4,2,1,2,2,2,4,2,1,4,2,1,1,1,1,2,2,1,1,1,3,1,3,4,4,4,4,3,3,2,3,4,4,2,2,3,1,1,1,1,1,1,1,1,1,1,1,1,1,1,1,1,1,1,1,1,1,1,1,2,2,0,0,1,2,1,2,1,1,1,2,1,1,1,2,2,1,1,2,1,1,1,1,1,1,2,2,1,1,1,1,1,1,1,1,1,1,2,2,1,1,2,2,2,2,3,2,1,1,2,2,2,2,3,4,2,2,3,3,5,5,3,3,1,2,2,2,1,2,1,2,3,3,5,5,1,1,2,3,1,3,2,2,1,5,2,5,3,3,3,3,2,2,1,1,1,1,1,2,2,2,4,4,2,2,1,3,2,2,2,2,3,4,2,2,1,1,5,5,1,1,1,1,3,3,2,2,3,3,5,6,4,4,2,3,4,4,7,7,3,4,3,3,1,1,1,1,3,3,3,3,2,2,1,3,2,2,4,4,2,3,1,2,3,3,4,4,2,4,4,4,3,3,3,3,3,3,2,4,2,2,1,1,1,2,1,1,4,4,1,2,1,3,1,1,3,3,3,3,1,1,4,4,1,1,3,3,3,3,1,3,1,1,1,2,2,2,1,1,1,1,1,1,1,2,2,2,2,2,2,2,1,1,1,1,2,2,3,4,4,4,3,3,2,3,3,3,4,4,2,2,1,2,4,6,3,3,2,3,3,3,2,2,3,3,2,2,3,3,2,3,2,2,2,2,1,1,2,2,1,1,1,1,3,3,1,3,4,4,2,2,4,4,3,3,2,2,1,1,2,2
"M145891",4,4,6,6,3,3,1,1,2,2,2,3,3,3,2,1,2,3,1,4,2,2,4,4,1,4,1,1,3,1,1,1,2,1,3,1,3,4,2,2,2,1,4,4,1,4,1,1,1,1,2,4,4,4,3,3,3,4,3,4,2,4,3,3,3,3,1,1,2,2,2,2,1,1,4,2,1,1,3,3,1,1,1,1,1,3,4,4,1,1,3,3,4,4,3,3,1,3,3,1,1,1,3,4,3,3,2,2,1,1,3,1,1,1,1,1,3,3,3,3,1,1,4,1,2,4,1,4,3,3,1,1,4,4,1,1,1,3,4,4,2,2,1,1,3,1,4,2,4,4,2,1,1,1,2,2,0,0,2,2,3,3,1,1,2,2,1,3,1,1,1,1,4,4,4,4,3,3,3,3,4,4,2,2,1,1,3,3,1,1,1,3,1,1,1,1,1,1,1,1,1,1,1,1,2,2,1,1,1,2,1,1,2,2,2,2,1,1,2,2,1,1,2,2,2,2,2,2,1,1,1,1,1,1,2,2,1,1,1,1,1,1,1,1,1,1,2,2,1,1,2,2,1,1,2,2,2,2,2,2,2,2,2,3,2,2,3,4,2,4,3,3,1,1,2,2,5,7,2,2,3,3,2,2,1,1,2,2,3,3,3,3,5,5,5,5,3,3,1,2,2,2,1,1,1,1,2,4,1,2,2,2,2,3,1,1,2,2,2,2,3,3,2,4,1,1,5,5,1,1,4,4,2,3,2,2,3,3,5,6,4,4,2,3,3,4,7,7,3,4,3,3,1,2,2,2,3,3,2,3,3,3,1,3,2,2,3,3,1,2,1,2,3,3,4,4,2,5,3,3,1,1,3,3,3,3,4,4,2,6,1,1,1,2,1,1,3,4,1,2,1,1,1,1,3,3,1,3,1,1,4,4,1,1,3,5,1,3,1,1,1,1,1,2,2,2,1,1,1,1,3,3,2,2,2,3,2,2,1,2,1,1,1,3,2,2,4,4,4,5,3,3,2,2,3,4,4,4,2,2,2,2,4,5,2,3,1,3,3,3,3,4,1,3,2,2,3,3,2,2,2,2,2,2,1,3,2,2,1,1,3,4,3,3,3,5,2,2,1,1,3,5,4,4,2,2,1,1,1,2
"M145892",3,3,7,6,3,3,4,4,2,2,2,2,1,1,2,1,2,2,1,4,2,1,4,4,1,4,1,3,1,1,1,1,2,1,1,1,3,3,4,4,2,2,2,2,4,4,4,1,3,3,2,2,4,1,3,1,3,3,3,4,2,4,4,4,3,3,2,2,2,2,2,2,1,1,4,2,3,3,3,3,1,1,1,3,3,3,4,4,1,1,1,3,4,4,3,3,3,3,1,1,3,3,3,4,3,1,2,2,4,1,3,3,2,2,4,1,3,3,2,3,1,1,1,1,4,4,1,4,1,1,1,1,4,4,1,1,3,3,2,4,1,1,1,3,3,3,4,4,4,4,1,1,2,1,4,4,2,1,4,4,3,3,4,4,2,2,1,1,1,1,1,3,4,4,4,4,1,3,3,3,4,4,2,2,1,1,3,3,1,1,3,3,1,1,1,1,1,1,1,2,1,1,1,2,1,1,1,1,2,2,2,2,1,2,2,2,1,1,2,2,1,1,1,2,2,1,1,2,1,1,1,1,1,1,2,2,1,1,1,1,1,1,1,1,1,1,2,2,1,1,2,2,1,1,1,2,1,1,2,2,2,2,4,4,2,3,3,3,5,5,3,3,2,2,2,3,2,7,2,2,3,3,2,2,1,2,3,3,1,3,3,3,1,5,2,5,2,3,1,3,2,2,1,1,1,1,2,4,1,1,2,2,2,2,1,1,2,2,2,3,3,3,2,4,1,2,5,5,2,2,1,4,2,3,2,2,1,3,5,5,4,4,1,1,4,4,3,7,3,3,3,3,1,2,1,1,3,3,3,3,3,3,3,4,1,3,2,4,2,2,2,3,1,3,4,4,2,5,3,3,1,3,3,3,3,3,4,4,2,4,1,1,1,3,1,5,3,3,1,2,3,3,1,1,2,3,2,3,1,1,4,5,1,1,3,5,3,4,1,1,1,1,1,2,2,3,1,1,1,1,2,3,1,2,3,3,2,2,2,3,1,2,1,1,2,2,4,4,4,4,3,3,2,2,3,4,2,3,2,2,2,2,3,4,1,3,3,3,2,3,2,3,1,1,2,2,3,3,1,2,2,2,2,2,1,1,4,4,1,1,1,4,2,3,3,5,3,5,2,2,4,5,3,4,2,2,1,1,2,2
"M145893",4,4,6,6,3,3,4,4,2,2,2,2,1,3,2,2,2,2,1,1,2,2,4,4,1,1,1,1,1,1,3,1,2,1,3,1,3,3,4,2,2,1,4,4,1,4,4,1,1,1,2,4,4,4,3,1,3,3,3,4,4,4,3,4,3,3,2,2,2,2,2,2,4,1,2,2,1,3,3,3,4,1,1,1,1,3,1,1,1,1,1,3,4,4,3,3,1,3,1,1,3,3,3,4,3,1,2,2,4,1,3,1,2,1,4,1,3,3,2,3,1,1,1,1,2,4,4,4,3,1,1,1,4,4,1,1,1,3,2,4,2,1,1,3,3,1,4,4,3,4,2,2,1,1,4,4,1,1,4,2,3,3,1,1,2,2,1,1,1,1,1,3,4,4,4,4,3,3,2,2,4,4,2,1,3,1,3,3,1,3,3,3,1,1,1,1,1,1,1,1,1,1,1,1,1,1,1,1,2,2,2,2,2,2,2,2,1,1,2,2,1,1,2,2,2,2,2,2,1,1,1,1,1,1,2,2,1,1,1,1,1,1,1,1,1,1,2,2,1,1,2,2,1,2,2,2,2,2,2,2,2,2,4,4,2,2,3,3,2,5,1,1,2,2,2,2,5,7,2,2,3,3,3,5,1,1,3,3,3,3,2,2,1,4,3,5,2,3,1,3,2,2,1,1,1,3,2,2,1,1,2,2,2,2,1,1,2,2,2,2,2,3,2,4,1,3,5,5,1,2,1,4,2,3,2,3,1,3,5,6,4,4,2,3,3,4,7,7,3,3,3,3,1,1,1,2,3,3,3,3,2,2,1,3,3,3,3,4,1,3,2,2,1,3,4,4,2,5,3,4,1,1,3,3,2,3,4,4,2,2,1,1,1,1,3,3,3,4,1,2,3,3,3,3,2,3,1,3,1,1,4,4,1,1,3,3,3,3,1,1,1,1,1,2,2,2,1,1,1,1,3,3,1,2,2,2,2,2,2,3,1,1,1,3,2,3,4,4,4,4,4,4,2,2,3,4,2,4,2,2,2,2,4,4,3,3,1,3,3,3,2,4,3,3,2,2,3,3,2,3,1,2,2,2,1,1,2,4,2,2,1,3,1,3,1,3,4,4,3,3,4,4,4,4,2,2,1,1,2,2
"M145894",4,4,6,6,3,3,4,4,2,2,2,3,1,1,2,1,2,2,1,1,2,1,4,4,1,4,3,3,1,1,1,1,2,1,3,1,3,3,4,2,1,1,2,2,1,4,4,1,1,1,2,2,4,4,3,1,3,3,3,4,2,4,3,4,1,3,1,1,2,2,2,2,1,1,2,2,1,3,3,3,1,1,1,3,3,3,4,1,1,1,3,3,2,4,3,3,1,3,1,1,3,1,3,4,3,1,2,2,1,1,3,3,2,1,4,1,1,3,2,3,1,1,4,4,4,4,4,4,3,1,2,2,4,4,1,1,1,3,2,4,0,0,1,3,1,1,4,4,3,4,1,1,2,1,4,4,1,1,4,4,1,3,1,1,2,3,1,3,1,3,1,1,4,4,4,4,1,3,3,3,4,4,2,1,3,1,1,1,1,1,3,3,1,2,1,2,1,2,1,2,1,2,2,2,1,1,1,1,2,2,0,0,1,2,0,0,1,1,2,2,1,1,1,2,2,1,1,2,1,1,1,1,1,1,2,2,1,1,1,1,1,1,1,1,1,1,2,2,1,1,2,2,1,1,0,0,2,2,2,2,2,2,1,4,2,2,3,3,5,5,3,3,2,2,3,3,2,2,2,2,3,3,2,2,1,1,3,3,3,3,3,3,5,5,5,5,0,0,3,3,2,2,1,1,1,1,1,2,1,1,2,2,2,3,1,2,2,2,0,0,2,4,2,4,1,2,5,5,1,1,1,1,2,3,2,2,1,3,5,5,4,4,1,2,3,4,0,0,3,3,3,3,1,1,1,4,3,3,3,3,0,0,1,3,2,3,3,3,0,0,2,2,1,3,3,4,2,2,3,4,1,1,3,3,3,3,4,4,0,0,1,1,2,2,3,3,0,0,2,2,3,3,0,0,1,3,3,3,1,1,4,4,1,1,5,5,1,3,1,1,2,2,1,2,2,3,1,1,1,1,2,3,2,2,2,3,2,2,3,3,1,2,1,1,2,2,2,4,4,4,3,4,2,2,4,4,4,4,2,2,2,2,3,4,1,3,3,3,3,3,2,3,1,3,2,3,1,3,2,2,1,2,2,2,1,1,4,4,1,2,3,3,1,2,3,3,4,4,2,2,3,5,4,4,2,2,1,1,2,2
"M145895",3,4,6,6,1,1,4,4,2,1,2,2,1,1,2,1,3,3,1,1,2,1,4,4,1,1,1,1,1,1,1,1,2,1,3,3,3,3,4,2,2,1,2,4,4,4,1,1,1,1,2,2,4,1,3,1,4,4,3,4,4,4,4,4,3,3,2,1,2,2,2,2,1,1,4,2,3,3,3,3,1,1,1,1,1,3,4,1,1,1,1,3,4,4,1,3,3,3,3,1,3,3,4,4,3,3,2,2,4,1,3,1,2,2,1,1,3,3,2,3,3,1,4,1,4,4,1,4,3,1,2,1,4,4,1,1,1,3,2,4,1,1,1,1,1,1,4,4,4,4,2,2,2,1,2,4,1,1,4,4,3,3,1,1,2,2,1,3,1,1,1,3,4,4,4,4,1,3,3,3,4,4,1,1,1,1,1,1,1,3,3,3,1,1,1,1,1,1,1,1,1,1,1,1,1,2,1,1,1,2,2,2,2,2,2,2,1,1,2,2,1,1,2,2,2,2,2,2,1,1,1,1,1,1,2,2,1,1,1,1,1,1,1,1,1,1,2,2,1,1,2,2,1,1,1,2,2,2,2,2,2,2,2,3,2,2,3,3,5,5,3,3,1,2,2,3,2,5,2,2,3,3,2,5,1,2,2,3,1,3,2,3,4,5,5,5,3,3,3,3,2,2,1,1,1,1,2,2,1,1,2,5,2,2,1,3,2,2,2,2,3,3,4,4,1,1,5,5,1,2,1,3,2,3,3,3,1,3,6,6,4,4,2,3,4,4,7,7,3,3,3,3,1,1,1,1,3,3,3,3,2,2,1,3,3,3,2,4,2,3,1,2,1,3,4,4,1,4,3,4,1,3,3,3,2,3,1,4,4,6,1,1,1,2,1,3,4,4,1,1,3,3,1,1,2,3,1,3,1,1,4,4,1,1,3,3,3,3,1,1,1,1,1,1,2,3,1,2,1,1,1,3,1,2,1,2,2,2,2,2,1,1,3,3,2,3,4,4,4,4,2,3,2,2,3,3,4,4,2,2,1,1,4,4,4,4,2,3,2,3,2,3,1,3,2,2,3,3,1,2,1,2,2,2,1,3,4,4,1,1,3,4,1,3,1,5,3,4,1,3,4,4,3,3,2,2,1,1,2,2
"M145896",3,4,7,6,1,1,4,4,2,2,2,2,3,3,2,1,2,2,1,1,2,1,4,4,1,4,1,1,3,1,3,1,2,1,3,3,3,3,4,4,2,1,2,2,1,1,1,1,0,0,2,4,1,1,3,1,3,4,4,4,2,4,3,3,3,3,1,1,2,2,2,2,1,1,4,2,1,3,3,3,1,1,1,1,1,3,1,1,1,1,3,3,4,4,3,3,1,3,1,1,3,3,4,4,3,3,2,2,0,0,3,1,1,1,4,4,1,3,3,3,1,1,4,1,2,2,1,1,1,1,1,1,4,4,1,1,1,3,2,4,2,1,1,3,1,1,4,4,4,4,1,1,2,1,4,4,2,1,4,4,3,3,1,1,2,2,1,1,1,1,3,3,4,4,4,4,1,3,3,3,4,4,2,1,3,1,1,1,1,1,1,3,1,1,1,1,1,1,1,1,1,1,2,2,1,1,1,1,2,2,0,0,1,2,2,2,1,1,1,2,1,1,1,2,2,1,1,2,1,1,1,1,1,1,2,2,1,1,1,1,1,1,1,1,1,1,2,2,1,1,2,2,1,1,2,2,1,1,2,2,2,2,3,4,2,2,3,3,4,5,3,3,2,2,2,2,2,2,1,2,3,3,2,2,1,1,3,3,3,3,2,2,1,1,5,5,3,4,3,3,2,2,1,1,1,3,1,2,1,1,2,2,2,2,1,1,2,2,2,3,2,3,3,4,1,1,5,5,1,1,4,4,2,3,2,3,3,3,5,6,4,4,3,3,4,4,7,7,3,3,3,3,1,2,1,1,3,3,3,3,0,0,1,3,2,3,3,3,1,3,1,1,3,3,4,4,4,5,4,4,3,3,2,3,3,4,2,4,6,6,2,2,1,1,1,1,4,4,1,2,3,3,1,1,3,3,1,1,1,1,1,1,1,1,3,3,1,3,1,1,1,1,1,1,2,3,1,1,1,1,3,3,2,2,2,3,2,2,2,2,1,1,1,3,2,2,4,4,0,0,2,3,2,2,3,4,3,4,2,2,2,2,4,4,3,3,2,3,3,4,2,2,1,1,2,3,3,3,1,2,1,2,2,5,1,3,4,4,1,1,1,2,2,3,1,5,4,5,1,1,4,5,3,4,2,2,1,1,1,2
"M145897",4,4,7,6,3,1,4,4,2,2,2,2,1,1,2,2,2,3,1,1,2,1,4,4,1,1,1,3,3,1,1,1,2,1,3,3,3,4,4,2,2,1,2,4,4,4,4,1,1,1,2,4,4,1,3,1,3,3,3,3,2,4,4,4,1,3,2,1,2,2,2,2,1,1,2,2,1,1,3,1,4,1,1,3,1,3,4,4,1,1,1,3,2,4,1,3,3,3,3,1,3,3,4,4,3,1,2,2,4,1,3,3,2,1,4,1,3,3,2,3,1,1,1,1,2,4,1,4,1,1,2,1,4,4,1,1,1,3,4,4,1,1,1,3,1,1,4,4,3,4,1,1,2,1,4,4,2,1,4,4,3,3,1,4,2,3,1,1,1,1,1,3,4,4,4,4,1,3,3,3,4,4,2,1,3,1,1,1,1,3,3,3,1,2,1,2,1,2,2,2,1,2,1,2,1,1,1,1,2,2,1,2,1,1,1,1,1,1,1,1,1,1,1,1,1,1,1,1,1,1,1,1,1,1,2,2,1,1,1,1,1,1,1,1,1,1,2,2,1,1,2,2,1,1,1,2,1,1,2,2,2,2,2,4,2,2,3,4,5,5,3,3,2,2,2,3,2,2,1,2,3,3,2,2,1,1,3,3,3,3,3,3,1,5,5,5,3,3,1,3,2,2,1,1,1,3,2,2,1,1,2,4,2,3,1,2,2,2,2,3,2,3,2,2,1,2,5,5,1,1,1,4,2,3,2,3,3,3,1,5,4,5,1,1,3,4,1,7,3,3,3,3,2,2,1,1,3,3,3,3,2,3,1,4,2,2,2,4,2,3,1,2,1,1,3,4,2,5,3,3,1,1,2,3,3,3,4,4,2,4,1,1,1,2,3,3,3,4,2,2,1,3,1,1,3,3,2,3,1,1,4,4,1,1,3,5,3,3,1,1,1,2,1,3,2,3,1,2,1,1,2,3,2,2,2,3,1,2,3,3,1,2,1,1,2,2,2,4,4,4,3,3,2,2,3,4,2,4,2,2,2,2,3,4,1,3,3,3,3,3,2,3,1,3,2,2,1,3,2,3,2,2,2,2,1,1,2,4,1,2,1,3,2,3,3,3,3,3,1,1,1,5,4,4,2,2,1,1,2,2
"M145898",3,3,6,6,3,1,4,4,2,2,2,2,1,1,2,2,2,2,1,4,2,2,4,4,1,1,1,3,3,1,3,1,2,1,3,1,3,4,4,2,2,1,4,4,1,4,1,1,1,1,4,4,4,4,3,3,3,4,3,4,2,4,4,4,3,3,1,1,2,1,2,2,1,1,4,2,1,1,1,1,1,1,1,1,3,3,4,1,1,1,3,3,4,4,1,3,3,3,3,1,3,1,3,3,3,1,2,2,4,4,3,3,1,1,4,4,1,3,2,2,1,1,4,1,2,4,1,4,3,3,2,1,4,4,1,1,1,3,2,4,1,1,1,1,3,1,4,4,3,3,2,1,2,1,2,4,1,1,4,4,1,3,1,1,2,2,3,3,1,3,1,3,4,4,4,4,3,3,3,3,4,4,2,1,1,1,1,1,1,1,3,3,1,1,1,1,1,1,1,2,1,1,1,1,1,1,1,1,1,2,1,1,1,1,1,1,1,1,1,1,1,1,1,1,1,1,1,1,1,1,1,1,1,1,2,2,1,1,1,1,1,1,1,1,1,1,2,2,1,1,2,2,1,1,3,2,2,1,2,2,2,2,3,3,2,2,3,3,4,5,1,3,1,2,2,3,1,7,1,2,3,4,2,5,2,2,3,3,1,3,2,3,1,5,5,5,2,3,3,3,2,2,1,1,1,1,1,2,1,2,2,4,1,2,1,3,2,2,2,3,3,4,4,4,1,1,5,5,1,2,1,4,2,3,2,2,3,3,5,5,4,4,2,3,3,4,7,7,3,3,3,3,1,2,1,4,3,3,1,3,2,3,1,3,2,2,3,4,2,2,2,2,1,1,4,4,2,2,3,4,1,1,2,3,3,3,4,4,6,6,1,1,1,2,1,1,4,4,1,2,1,3,1,3,3,3,1,3,1,1,4,4,1,1,3,3,3,3,1,1,1,1,1,1,2,3,1,1,1,1,2,3,2,2,2,2,2,2,2,3,1,1,1,1,2,2,4,4,4,4,2,4,2,3,3,4,3,4,2,2,2,2,4,4,1,4,3,3,3,3,2,2,1,3,2,2,3,3,1,3,2,2,2,2,1,3,1,2,1,1,1,3,3,3,6,6,4,4,1,2,3,4,2,4,2,2,1,1,2,2
"M145899",4,4,7,6,3,1,4,4,2,2,2,2,1,3,2,1,2,2,1,4,2,2,4,4,1,4,1,1,3,1,1,1,2,1,3,1,3,3,4,2,2,1,4,4,4,4,1,1,1,1,2,4,4,1,3,1,3,4,3,4,4,4,3,4,3,3,2,1,2,1,2,1,4,4,2,2,1,3,3,1,4,1,1,1,3,3,4,1,1,1,3,3,4,4,3,3,3,3,1,1,3,1,4,4,3,1,2,2,4,4,3,3,1,1,4,1,3,3,3,3,3,1,4,4,2,4,1,1,3,3,2,1,2,4,1,1,1,3,2,2,0,0,1,3,3,1,4,4,3,4,1,1,2,1,4,4,1,1,4,4,1,3,1,1,2,2,1,1,1,1,1,3,4,1,4,4,1,3,3,3,4,4,2,1,3,1,3,1,1,1,3,3,1,1,1,1,1,1,1,2,1,1,2,2,1,1,1,1,1,2,1,1,1,2,1,2,1,1,2,2,1,1,1,2,2,1,1,2,1,1,1,1,1,1,2,2,1,1,1,1,1,1,1,1,1,1,2,2,1,1,2,2,1,1,2,2,2,1,2,2,2,2,1,4,1,3,3,3,4,5,3,3,2,2,2,2,1,2,2,2,3,3,2,3,1,1,3,3,3,3,1,2,1,5,2,2,3,3,3,3,2,2,1,1,3,3,1,1,1,2,1,2,1,1,1,1,2,2,2,3,3,3,2,4,1,3,5,5,1,2,3,4,3,3,2,3,3,3,5,6,4,4,1,2,3,4,7,7,3,3,3,3,1,1,1,2,3,3,1,3,3,3,1,3,2,3,4,4,1,2,1,2,3,3,4,4,2,2,3,4,1,1,2,3,3,3,2,4,4,4,1,2,1,2,3,5,3,4,1,2,1,1,1,3,2,3,3,3,1,1,1,4,1,1,3,3,3,3,1,3,1,1,1,2,2,3,1,1,1,1,3,3,2,2,2,3,2,2,3,3,1,1,1,1,2,2,4,4,4,4,3,3,2,2,3,4,4,4,1,2,1,2,4,4,3,3,1,3,2,3,2,2,3,3,2,2,3,3,1,2,1,2,2,2,1,1,4,4,1,1,1,3,3,3,3,3,3,5,1,2,4,4,2,4,2,2,1,1,2,2
"M145900",3,4,7,6,1,1,4,4,2,2,2,2,1,1,1,1,3,3,1,1,2,1,4,4,1,1,1,1,1,1,1,1,2,1,3,3,3,4,4,2,2,1,2,2,4,4,1,1,1,1,2,2,4,1,3,3,4,4,3,3,4,4,4,4,3,3,2,1,2,2,2,1,1,1,2,2,1,3,3,3,4,4,1,1,1,3,4,1,2,1,3,3,4,4,1,3,3,3,1,1,3,3,3,4,1,1,2,2,4,4,3,1,1,1,4,4,3,3,2,3,1,1,4,1,4,4,4,4,3,1,2,1,4,4,1,1,1,1,2,4,1,1,3,3,1,1,4,4,4,4,1,1,1,1,4,4,2,1,4,4,1,3,1,1,2,2,1,1,1,3,1,1,4,1,4,4,3,3,2,3,2,4,2,2,3,1,1,1,1,3,3,3,1,1,1,1,1,1,1,1,1,1,1,2,1,1,1,1,2,2,2,2,1,2,2,2,1,1,2,2,1,1,1,2,2,1,1,2,1,1,1,1,1,1,2,2,1,1,1,1,1,1,1,1,1,1,2,2,1,1,2,2,1,1,3,2,1,1,2,2,2,2,4,4,2,2,3,3,5,5,3,3,2,2,2,3,5,5,2,2,3,3,2,3,1,1,3,3,1,3,1,3,4,5,2,5,3,3,1,3,2,2,1,2,1,1,2,5,1,2,2,5,2,2,1,3,2,2,2,2,3,3,4,4,1,3,5,5,1,2,1,4,3,3,2,3,3,3,1,5,4,5,1,3,3,3,3,7,3,3,3,3,1,2,1,1,3,3,3,3,3,3,1,4,2,3,3,4,2,2,1,2,1,3,4,4,2,5,3,4,1,1,2,3,3,3,2,4,4,4,1,1,1,1,3,3,4,4,2,2,2,3,1,3,2,3,3,3,1,1,4,4,1,1,3,3,3,3,1,1,1,1,1,1,2,2,1,2,1,1,1,3,2,2,1,2,2,2,2,3,1,1,1,2,2,2,4,4,1,4,3,3,1,2,3,3,4,4,2,2,2,2,4,4,3,3,3,3,2,2,2,2,3,3,2,2,3,3,1,3,2,2,2,2,1,1,2,4,1,1,1,4,2,3,5,6,3,4,1,3,4,4,4,4,2,2,1,1,2,2
"M145901",4,4,7,6,3,3,4,1,2,2,2,3,1,1,2,2,2,2,1,1,2,2,1,4,1,1,1,3,3,1,1,1,2,1,3,3,3,3,4,2,1,1,2,4,4,4,4,1,1,1,4,4,4,4,3,1,3,4,3,3,4,4,4,4,3,3,1,1,2,2,2,2,1,1,4,4,1,3,3,1,4,1,1,3,1,3,1,1,1,1,3,3,4,4,3,3,3,3,1,1,3,1,3,3,1,1,2,2,4,1,3,1,2,1,1,1,3,3,3,3,3,1,4,1,4,4,4,4,3,3,1,1,4,4,1,1,3,3,2,4,2,1,3,3,1,1,4,4,3,3,2,1,2,1,4,4,2,2,4,4,3,3,1,1,2,2,1,1,1,1,1,3,4,4,2,4,3,3,3,3,4,4,2,2,1,1,3,3,1,1,3,3,1,1,1,1,1,1,1,1,1,1,1,2,1,1,1,1,2,2,2,2,1,2,1,2,1,1,2,2,1,1,1,2,2,1,1,2,1,1,1,1,1,1,2,2,1,1,1,1,1,1,1,1,1,1,2,2,1,1,2,2,1,1,2,2,2,2,2,2,2,2,1,4,2,2,3,4,4,5,3,3,2,2,2,3,2,7,1,2,3,3,2,3,1,1,3,3,3,3,3,3,1,1,3,5,2,3,3,3,2,2,1,1,1,1,2,4,1,1,2,4,2,2,1,1,2,2,2,3,3,3,1,4,1,1,5,5,2,2,1,3,2,3,2,3,1,3,5,5,4,4,1,3,3,4,7,7,3,3,3,3,1,1,1,1,3,3,3,3,2,3,1,4,2,3,3,4,2,2,1,2,1,3,4,4,2,5,3,4,1,1,3,3,3,3,1,1,4,4,1,1,1,1,3,3,4,4,1,2,1,3,1,3,3,3,3,3,1,1,4,5,1,1,3,5,3,3,1,1,1,1,1,1,2,2,1,3,1,1,3,3,2,2,2,3,1,2,2,2,1,1,1,1,2,2,4,4,4,4,4,4,2,2,4,4,4,4,2,2,2,2,4,5,3,3,3,3,2,3,2,2,3,3,2,2,3,3,1,1,2,2,2,2,1,1,4,4,1,2,1,4,1,3,1,5,4,4,3,3,3,4,4,4,2,2,1,1,2,2
"M145902",4,4,7,6,3,3,4,4,2,2,2,2,1,1,2,1,0,0,1,1,2,2,4,4,1,4,3,3,1,1,1,1,1,1,0,0,3,3,4,2,2,1,2,4,4,4,4,1,1,1,2,4,1,1,3,1,3,4,3,3,2,2,3,4,3,3,1,1,2,2,2,1,1,1,4,2,1,3,3,3,1,1,1,1,3,3,1,1,1,1,3,3,4,4,1,3,1,1,1,1,3,1,3,4,3,1,2,2,1,1,3,3,1,1,4,4,1,3,2,2,1,1,4,4,2,4,1,4,3,1,2,1,4,4,1,1,3,3,2,2,1,1,1,3,1,1,4,4,3,4,2,1,1,1,4,4,2,1,4,2,3,3,1,4,2,2,1,1,1,3,3,3,4,4,4,4,3,3,2,3,2,4,2,2,3,3,3,1,1,1,1,3,1,1,1,1,1,1,1,2,1,1,1,2,1,1,1,1,1,1,1,1,2,2,2,2,1,1,2,2,1,1,2,2,2,2,2,2,1,1,1,1,1,1,2,2,1,1,1,1,1,1,1,1,1,1,2,2,1,1,2,2,1,1,2,2,2,2,2,2,2,2,4,4,2,2,3,3,5,5,1,3,2,2,2,2,1,2,1,1,3,3,2,3,1,1,3,3,2,3,1,3,1,5,2,5,3,3,1,3,2,2,1,1,1,1,1,1,1,1,2,2,2,2,1,1,2,2,2,2,3,3,4,4,1,3,5,5,1,2,1,3,2,3,2,2,1,3,6,6,4,4,1,2,4,4,6,7,3,3,3,3,1,2,4,4,3,3,3,3,2,2,1,1,2,2,3,4,2,2,1,2,3,3,4,4,2,5,3,4,1,1,3,3,2,3,1,2,4,6,1,1,1,1,1,3,3,4,1,2,3,3,1,3,2,3,3,3,1,1,4,4,1,1,3,3,1,1,1,3,1,1,1,2,2,2,1,1,1,1,3,3,1,2,2,5,2,2,2,2,1,1,1,2,2,2,4,4,4,4,2,2,2,3,3,3,2,4,2,2,2,2,4,4,1,3,2,3,3,3,2,2,1,3,2,2,3,3,2,3,1,2,2,2,1,3,2,4,1,2,1,3,1,3,3,5,3,5,2,2,4,4,3,3,2,2,1,1,2,2
"M145903",4,4,6,6,3,1,4,1,2,2,2,2,1,1,2,1,2,2,1,1,2,2,1,4,1,1,1,1,3,1,1,1,2,1,3,1,3,3,4,4,2,1,4,4,1,1,4,4,1,1,2,4,4,1,3,1,3,4,4,4,2,4,3,3,3,3,1,1,2,2,2,1,1,1,2,2,1,1,3,1,4,4,1,1,3,3,4,4,1,1,3,3,4,4,1,3,3,3,1,1,3,1,3,3,3,1,2,2,4,4,1,1,2,1,4,1,1,3,3,3,1,1,4,4,4,4,4,4,3,3,2,2,2,4,1,1,1,3,2,4,2,1,1,1,3,1,4,2,3,3,2,2,1,1,2,4,2,1,4,2,1,3,1,1,2,2,1,3,1,1,1,3,4,1,4,4,3,3,3,3,4,4,2,2,3,1,3,3,1,3,3,3,1,1,1,1,1,1,1,2,1,1,1,2,1,2,1,1,2,2,0,0,1,2,1,2,1,1,1,2,1,1,1,2,2,1,1,2,1,1,1,1,1,1,2,2,1,1,1,1,1,1,1,1,1,1,2,2,1,1,2,2,1,2,2,2,2,1,2,2,2,2,2,4,2,2,3,3,3,5,3,3,1,2,2,3,1,2,2,2,3,3,1,4,1,1,3,3,3,3,2,3,5,5,2,3,2,3,3,3,2,2,1,2,1,1,1,2,1,1,2,2,2,2,1,1,2,2,3,3,3,3,4,4,1,1,2,5,1,1,3,4,3,3,2,3,3,3,5,5,4,4,1,3,3,4,6,7,3,3,3,3,1,1,1,2,3,3,3,3,2,3,1,1,2,2,3,3,2,3,1,2,3,3,4,4,5,5,3,4,1,3,3,3,1,3,4,4,2,6,1,1,1,2,1,4,4,4,1,2,1,3,1,3,3,3,1,3,1,1,4,4,1,1,3,3,3,3,1,1,1,1,1,1,2,2,1,1,1,1,2,3,1,2,2,3,2,2,3,3,1,1,1,1,2,2,4,4,4,4,2,3,2,2,3,3,3,3,2,2,2,2,4,4,1,3,3,3,2,4,2,2,3,3,2,2,3,3,1,1,2,2,2,2,1,1,2,4,1,1,3,4,1,2,5,5,4,4,2,2,4,4,2,3,2,2,1,1,1,2
"M145904",3,3,6,6,3,1,4,1,2,2,2,2,1,1,1,1,3,3,1,1,2,1,4,4,1,1,1,1,1,1,3,1,1,1,3,1,3,4,4,2,2,1,2,2,4,4,4,1,3,1,2,4,4,1,1,1,3,3,3,3,2,4,3,4,1,3,1,1,2,2,2,2,1,1,2,2,1,3,3,3,1,1,1,1,3,3,1,1,1,1,1,3,2,4,1,1,1,3,3,1,3,3,3,4,3,3,2,2,0,0,3,1,1,1,1,1,1,3,3,3,1,1,1,1,4,4,1,4,1,1,1,1,4,4,1,1,1,3,2,2,2,1,1,3,1,1,4,4,3,4,2,1,2,2,2,4,1,1,4,4,1,3,1,1,2,3,1,1,1,1,1,1,4,4,2,4,3,3,2,2,2,4,2,2,3,3,3,1,1,3,3,3,1,2,1,2,1,2,1,2,1,2,1,1,1,2,1,1,2,2,2,2,2,2,2,2,1,1,2,2,1,1,2,2,2,2,2,2,1,1,1,1,1,1,2,2,1,1,1,1,1,1,1,1,1,1,2,2,1,1,2,2,1,1,2,2,2,2,2,2,2,2,4,4,2,2,3,3,2,5,3,3,1,2,2,2,1,5,2,2,1,3,2,5,1,1,3,3,1,1,2,3,4,5,2,5,1,2,3,3,2,2,1,1,1,1,1,4,2,2,2,2,2,2,1,3,2,2,2,2,3,3,2,4,1,1,5,5,1,1,3,4,2,3,3,3,1,3,5,5,4,4,3,3,3,4,1,7,2,3,2,3,1,2,1,1,3,3,3,3,3,3,1,3,2,2,3,4,2,2,2,2,3,3,2,4,2,2,3,4,1,1,3,3,1,3,4,4,1,6,1,1,2,2,1,1,3,4,1,2,1,3,3,3,2,3,3,3,1,1,1,4,1,1,3,3,3,4,1,3,1,2,1,1,2,2,1,1,1,1,3,3,2,2,2,2,2,2,3,3,1,1,1,3,2,2,2,4,4,4,3,3,2,2,3,4,4,4,2,2,2,2,4,4,1,3,2,3,3,3,2,2,3,3,2,2,1,3,2,2,2,2,2,2,1,1,2,4,1,2,1,1,3,3,1,3,4,4,1,1,4,4,4,4,2,3,1,1,2,2
"M145905",3,4,6,6,3,3,1,1,2,2,2,2,1,3,2,1,3,3,1,1,2,2,4,4,1,1,1,1,1,1,3,3,2,1,3,3,3,3,4,4,1,1,2,4,4,4,4,1,1,1,2,2,4,4,3,1,3,4,3,3,2,4,4,4,3,3,1,1,2,2,2,2,4,1,2,2,1,1,3,3,4,1,1,3,1,3,4,1,1,1,3,3,4,4,1,1,3,3,1,1,3,3,3,4,3,3,2,2,4,1,3,1,2,1,1,1,1,3,2,3,3,3,4,1,4,4,1,4,1,1,1,1,4,4,1,1,1,3,2,2,2,1,1,1,3,1,4,4,3,4,1,1,2,2,4,4,2,1,4,4,1,1,1,1,2,3,1,3,1,3,1,3,4,4,2,4,1,3,3,3,4,4,2,1,3,1,3,3,1,1,3,3,1,1,1,1,1,1,1,1,1,1,1,2,1,2,1,1,2,2,1,1,1,1,1,1,1,1,1,1,1,1,1,1,1,1,1,1,1,1,1,1,1,1,2,2,1,1,1,1,1,1,1,1,1,1,2,2,1,1,2,2,1,1,1,2,1,1,2,2,2,2,3,3,2,2,3,3,5,5,1,3,2,2,2,2,2,2,1,2,3,3,2,5,1,2,3,3,3,3,1,3,1,5,5,5,3,3,3,3,2,2,1,1,1,1,2,4,1,2,2,2,2,2,1,1,2,2,2,2,3,4,4,4,1,1,5,5,1,1,1,3,3,3,2,2,3,3,5,5,4,4,1,1,4,4,7,7,3,3,3,3,1,1,1,2,3,3,3,4,2,3,1,3,2,3,4,4,2,2,2,3,3,3,4,4,2,2,3,4,1,1,3,3,2,3,3,4,1,6,1,1,1,2,3,5,1,4,1,1,3,3,1,1,1,3,1,4,1,1,4,4,1,1,3,3,1,3,1,1,1,1,1,1,2,2,1,1,1,1,1,3,2,2,2,2,2,2,2,3,1,2,1,3,2,2,4,4,4,4,3,4,2,2,3,3,4,4,2,2,2,2,4,5,3,4,2,3,3,3,2,3,3,3,2,2,3,3,1,1,2,2,2,5,1,1,4,5,1,1,3,3,3,3,1,5,4,4,2,3,3,3,3,4,2,2,1,1,2,2
"M145906",3,4,7,6,3,1,1,1,2,1,2,2,1,3,2,2,3,3,1,1,2,1,4,4,1,1,1,3,1,1,3,3,2,1,3,3,3,3,4,2,1,1,4,4,1,4,1,1,1,1,2,2,4,4,3,3,3,4,3,4,4,4,4,4,3,3,2,1,2,2,2,2,4,1,2,2,1,1,3,3,4,1,1,1,1,1,1,1,2,1,3,3,4,4,1,3,3,3,1,1,3,3,3,4,3,3,2,2,4,1,3,3,2,2,1,1,1,3,2,3,1,1,4,4,2,4,1,4,1,1,2,1,4,4,1,1,1,3,2,4,2,2,1,3,3,1,4,4,4,4,1,1,2,2,2,4,2,1,4,2,3,3,1,1,2,2,1,1,1,3,1,3,4,4,2,4,3,3,3,3,4,4,2,1,3,1,3,1,1,1,1,3,1,1,1,1,1,1,1,2,1,1,1,2,1,1,1,1,2,2,1,2,1,1,1,1,1,1,1,1,1,1,1,1,1,1,1,1,1,1,1,1,1,1,2,2,1,1,1,1,1,1,1,1,1,1,2,2,1,1,2,2,1,1,2,2,1,1,2,2,2,2,2,3,2,3,3,3,4,5,3,3,1,2,2,3,1,5,1,1,3,3,2,5,1,2,3,3,3,3,1,3,1,1,5,5,3,3,3,3,2,2,1,2,1,1,1,2,1,1,2,5,2,2,1,1,2,2,2,3,2,3,1,4,1,1,5,5,1,1,1,4,3,3,2,3,1,3,5,6,4,4,1,1,4,4,7,7,3,3,3,3,1,1,1,1,3,3,3,4,0,0,3,3,2,3,4,4,2,2,1,2,3,3,4,4,2,2,3,3,1,1,2,3,2,3,2,5,4,4,1,2,1,2,3,5,4,4,1,1,3,3,1,3,1,3,3,3,1,1,4,4,1,1,3,3,3,3,1,1,1,1,1,1,2,2,1,1,1,1,1,3,2,2,2,2,2,2,2,2,1,1,1,2,2,2,4,4,2,4,3,3,2,2,4,4,4,4,2,2,2,2,4,4,3,3,3,3,2,3,2,3,1,3,2,2,3,3,1,3,2,2,2,2,1,1,2,4,1,2,3,4,2,3,3,3,4,4,2,2,4,4,3,3,2,3,1,1,2,2
"M145907",4,4,7,6,3,1,1,1,2,1,2,2,1,3,1,1,2,3,1,1,2,1,4,4,4,4,1,1,1,1,1,1,2,1,3,1,3,4,2,2,2,1,2,4,1,1,4,1,1,1,2,2,4,4,3,1,3,4,3,3,2,4,4,4,3,3,1,1,2,1,2,1,1,1,2,2,3,3,3,3,1,1,1,1,3,3,4,1,1,1,3,3,4,4,1,1,1,3,3,1,3,3,4,4,3,3,2,2,4,1,3,1,1,1,1,1,3,3,2,3,1,1,4,1,2,4,1,4,3,1,2,2,4,4,1,1,1,3,2,4,2,1,1,1,1,1,4,4,4,4,2,1,2,1,4,4,1,1,4,2,1,3,1,1,2,2,1,3,1,3,3,3,4,4,2,4,1,3,3,3,2,4,2,2,3,3,3,3,1,1,3,3,1,1,1,1,1,1,1,1,1,1,1,2,1,1,1,1,1,2,0,0,1,2,1,2,1,1,1,2,1,1,1,2,2,1,1,2,1,1,1,1,1,1,2,2,1,1,1,1,1,1,1,1,1,1,2,2,1,1,2,2,1,1,3,2,1,1,2,2,2,2,3,4,2,2,3,4,5,5,3,3,2,2,2,2,2,5,1,1,3,3,1,2,1,2,3,3,3,3,3,3,5,5,5,5,2,3,3,3,2,2,2,2,1,1,1,2,1,1,2,2,2,2,3,3,2,2,3,3,3,4,3,4,1,1,5,5,1,1,1,3,2,3,2,2,3,3,5,6,4,5,3,3,3,4,7,7,3,3,3,3,1,1,4,5,3,3,1,3,3,3,1,3,2,3,1,2,2,2,2,2,0,0,4,4,2,5,3,3,1,1,3,3,2,3,2,4,4,4,1,2,1,2,1,3,3,4,1,1,1,1,1,1,3,3,3,4,1,1,4,5,1,2,3,5,3,3,1,1,1,1,1,1,2,2,1,1,1,1,3,3,2,2,2,2,2,2,2,4,1,1,1,1,2,2,4,4,4,5,3,3,2,3,1,3,2,4,2,2,2,2,4,4,3,3,2,3,3,4,2,3,2,3,2,2,3,3,1,1,2,2,2,2,1,1,4,4,1,2,3,4,1,2,3,5,4,4,1,3,2,4,4,4,2,4,1,1,1,2
"M145908",4,4,6,6,1,1,4,4,2,2,2,2,1,1,2,2,3,3,1,1,2,1,4,4,1,4,1,1,3,1,3,3,1,1,3,3,3,3,4,2,1,1,2,2,4,4,1,1,3,1,2,4,4,4,3,1,3,4,3,3,2,4,3,3,3,3,2,1,2,2,2,2,4,1,2,2,1,3,3,3,1,1,1,1,1,3,4,1,1,1,3,3,4,4,1,1,3,3,3,1,3,3,3,4,1,1,2,1,4,1,1,1,1,1,4,1,1,1,2,3,1,1,4,1,2,4,1,1,3,1,2,2,4,4,1,1,3,3,4,4,0,0,1,3,1,1,4,2,3,3,2,2,2,2,4,4,2,1,4,4,3,3,1,4,2,2,1,3,1,1,3,3,4,4,2,4,3,3,3,3,4,4,2,1,1,1,1,1,1,1,1,3,1,1,1,1,1,1,1,1,1,1,1,1,1,1,1,1,1,2,0,0,1,2,1,2,1,1,1,2,1,1,1,2,2,1,1,2,1,1,1,1,1,1,2,2,1,1,1,1,1,1,1,1,1,1,2,2,1,1,2,2,1,1,1,2,1,1,2,2,2,2,1,3,2,2,1,4,2,5,3,3,2,2,2,3,2,2,1,2,3,5,3,5,1,2,3,3,2,3,3,3,4,5,3,5,2,3,3,3,2,2,1,1,1,1,2,4,1,2,2,2,2,2,1,2,2,2,2,3,2,4,4,4,1,1,3,5,1,2,1,3,3,3,2,3,2,3,5,5,4,4,1,2,1,3,2,7,2,3,3,3,1,1,1,1,3,3,3,3,2,3,1,3,2,2,4,4,2,2,2,2,3,3,4,4,2,4,3,4,1,3,3,3,3,3,4,4,4,4,1,1,1,2,1,5,3,4,2,2,3,3,1,1,2,3,3,3,1,1,4,5,1,2,2,2,3,3,1,1,1,1,1,2,2,2,1,2,1,1,3,3,2,2,2,2,2,2,3,3,1,1,1,1,2,2,3,4,1,4,2,3,2,2,3,4,4,4,2,2,2,2,4,4,3,3,3,3,3,3,2,2,1,3,2,2,3,3,1,1,2,2,2,2,1,1,4,4,1,2,3,3,1,3,1,5,3,5,2,3,4,4,3,4,2,4,1,1,2,2
"M145909",3,4,7,6,3,1,4,1,2,2,2,2,1,3,1,1,3,3,1,1,2,2,4,4,4,4,1,1,1,1,1,1,2,1,3,3,3,3,4,4,1,1,2,4,4,4,1,1,1,1,2,2,4,4,1,1,3,4,3,3,2,4,3,3,1,1,2,1,2,2,2,2,1,1,2,2,1,3,3,3,1,1,1,3,3,3,4,1,1,1,1,3,2,2,1,1,1,3,1,1,3,1,3,3,3,3,2,2,4,1,3,3,2,1,1,1,3,3,2,3,3,1,4,4,4,4,4,4,3,1,2,1,4,4,2,1,1,3,4,4,2,1,1,3,1,1,4,4,3,3,2,1,2,1,2,4,1,1,4,2,3,3,1,1,2,3,1,1,1,3,1,3,4,4,2,4,1,3,3,3,4,4,2,2,3,1,1,1,1,3,1,3,2,2,2,2,2,2,2,2,2,2,1,1,1,1,1,1,1,2,1,1,1,1,1,1,1,1,1,1,1,1,1,1,1,1,1,1,1,1,1,1,1,1,2,2,1,1,1,1,1,1,1,1,1,1,2,2,1,1,2,2,1,1,3,3,1,1,2,2,2,2,1,2,2,2,3,3,5,5,3,3,1,2,2,2,2,7,1,2,3,5,3,5,1,2,3,3,3,3,1,3,1,5,5,5,3,3,2,3,2,2,1,2,1,1,1,2,1,2,2,2,2,2,1,1,2,2,2,2,2,3,4,4,1,1,5,5,1,2,1,3,1,3,3,3,1,3,6,6,4,5,1,3,4,4,1,1,2,3,3,3,1,1,1,2,3,3,3,3,2,3,1,3,2,3,3,4,2,2,1,2,3,3,2,2,2,4,3,4,1,3,3,3,2,3,4,5,4,4,1,1,1,2,3,5,4,4,1,1,1,1,1,3,1,3,3,4,1,1,4,5,1,1,3,3,3,3,1,1,2,3,1,2,2,2,1,1,1,1,1,3,1,2,2,3,2,2,4,4,1,1,1,3,2,2,2,2,1,4,2,3,3,3,3,4,4,4,2,2,2,2,4,5,3,3,2,3,2,3,2,3,2,3,2,2,1,3,1,1,2,2,1,2,1,1,4,4,1,2,3,3,3,3,1,3,4,5,2,2,4,5,4,4,2,3,1,1,2,2
"M145910",4,4,6,6,3,3,1,1,2,2,2,2,1,3,2,2,0,0,1,1,2,2,4,4,1,1,3,3,1,1,3,1,2,1,3,1,3,3,4,4,2,1,2,4,4,4,1,1,1,1,2,4,4,4,3,3,3,4,3,3,2,2,4,4,3,3,2,2,2,1,2,2,4,1,2,2,1,1,3,3,1,1,1,1,1,3,4,1,1,1,3,3,4,4,3,3,3,3,1,1,3,1,4,4,3,3,2,2,4,1,1,1,2,1,4,1,1,1,3,3,1,1,4,4,2,2,1,1,3,3,2,1,4,4,1,1,1,3,2,2,2,2,1,1,1,1,4,4,4,4,1,1,2,2,4,4,2,1,4,4,1,3,1,1,2,2,1,1,1,1,1,3,4,4,4,4,3,3,3,3,4,4,1,1,1,1,3,1,1,3,1,3,1,1,1,1,1,1,1,1,1,1,2,2,1,1,1,1,1,2,1,1,1,1,1,1,1,1,1,1,1,1,1,1,1,1,1,1,1,1,1,1,1,1,1,2,1,1,1,1,1,1,1,1,1,1,2,2,1,1,2,2,1,1,3,2,1,1,2,2,2,2,4,4,2,2,3,3,5,5,1,1,2,2,2,2,1,2,1,2,3,3,5,5,1,2,3,3,3,3,3,3,5,5,2,5,2,3,1,1,2,2,2,2,1,1,2,2,1,2,1,2,2,2,1,1,2,2,3,3,3,3,4,4,1,1,5,5,1,1,3,4,3,3,2,2,3,3,5,6,3,4,1,1,3,4,7,7,3,3,3,3,1,1,2,2,3,3,4,4,0,0,3,3,2,3,2,4,2,2,1,2,3,3,4,4,2,2,3,3,1,1,3,3,2,2,1,4,1,1,1,2,1,1,0,0,4,4,1,1,3,3,1,1,1,3,3,4,1,1,4,4,1,1,3,3,3,3,1,1,1,1,1,1,2,2,1,1,1,1,3,3,1,2,2,2,2,2,2,3,1,1,1,1,2,2,4,4,0,0,2,3,2,3,3,4,4,4,2,2,2,2,4,5,3,3,3,3,3,3,3,3,3,3,2,2,3,3,1,1,2,2,2,2,1,1,4,5,1,2,3,3,1,2,3,5,4,4,1,2,3,4,3,4,3,3,1,1,2,2
"M145911",3,4,7,6,3,3,4,1,2,2,2,2,1,1,2,1,0,0,1,4,2,1,4,4,1,4,1,1,1,1,1,1,1,1,3,1,3,3,2,2,1,1,2,4,1,4,1,1,0,0,2,2,4,1,1,1,3,4,3,3,2,4,4,4,1,3,1,1,2,2,2,2,4,1,2,2,1,1,3,3,1,1,1,1,3,3,4,1,1,1,3,3,2,4,1,3,3,3,3,1,3,3,4,4,3,3,2,2,4,4,3,1,1,1,1,1,1,1,2,2,3,1,4,1,4,4,1,1,3,1,1,1,4,4,1,1,3,3,2,4,2,2,3,3,1,1,4,4,3,4,1,1,2,2,2,2,1,1,4,2,3,3,1,4,2,3,1,3,1,1,1,3,4,4,4,4,3,3,3,3,2,4,2,1,3,1,3,1,1,1,3,3,1,2,1,2,1,2,1,2,1,2,1,2,1,2,1,1,1,2,1,1,1,1,1,1,1,1,1,1,1,1,1,1,1,1,1,1,1,1,1,1,1,1,2,2,1,1,1,1,1,1,1,1,1,1,2,2,1,1,2,2,1,1,3,2,2,2,2,2,2,2,2,3,2,2,4,4,5,5,3,3,1,1,2,2,2,7,2,2,3,3,2,5,1,1,3,3,1,3,3,3,5,5,2,5,3,3,3,3,2,2,1,2,1,1,2,4,1,2,2,3,2,2,3,3,2,2,3,3,4,4,4,4,1,1,5,5,1,1,4,4,3,3,2,3,3,3,5,5,3,4,1,1,4,4,1,7,3,3,3,3,1,1,1,2,3,3,3,4,2,3,3,4,2,3,1,4,2,2,1,2,3,3,2,4,2,4,3,4,1,3,3,3,1,1,2,4,1,4,1,1,1,1,1,3,4,4,1,2,1,3,1,2,1,3,3,4,1,1,4,4,1,1,3,3,3,3,1,1,1,2,1,1,2,2,1,1,1,1,3,3,2,2,2,2,2,2,2,3,1,1,1,2,2,2,1,4,4,5,3,4,0,0,3,3,4,4,2,2,2,2,4,5,1,3,1,3,3,3,2,3,3,3,2,2,1,3,1,1,2,2,2,2,1,1,4,4,1,2,1,4,3,3,3,5,4,5,1,2,3,4,3,3,2,2,1,1,2,2
"M145912",3,4,7,6,3,3,1,1,1,1,2,2,1,1,2,1,3,3,1,1,2,1,4,4,1,1,1,1,1,1,1,1,2,1,3,3,3,3,2,2,1,1,2,2,4,4,1,1,1,1,4,4,4,4,3,1,4,4,3,3,2,4,3,4,3,3,1,1,2,2,2,2,4,1,2,2,1,1,3,1,1,1,1,1,3,3,1,1,1,1,1,3,4,4,1,3,3,3,1,1,3,3,4,4,3,3,2,2,4,1,3,3,1,1,1,1,1,1,3,3,1,1,4,1,4,4,4,4,3,1,1,1,4,4,1,1,1,3,2,2,0,0,1,1,1,1,4,4,3,4,2,1,2,2,2,4,1,1,4,4,3,3,1,1,2,2,1,3,1,1,1,3,4,4,4,4,3,3,3,3,2,4,2,1,3,3,1,1,3,3,3,3,1,1,1,1,1,1,1,1,1,1,1,1,1,1,1,1,1,2,1,1,1,1,1,1,1,1,1,1,1,1,1,1,1,1,1,1,1,1,1,1,1,1,2,2,1,1,1,1,1,1,1,1,1,1,2,2,1,1,2,2,1,1,1,3,1,1,2,2,2,2,4,4,2,2,3,4,4,4,3,3,1,2,2,2,2,2,1,2,3,3,3,5,1,1,3,3,1,1,3,3,1,5,5,5,2,3,3,3,2,2,1,2,3,3,2,4,1,2,3,5,2,2,1,3,2,2,3,3,2,3,4,4,1,1,5,5,1,2,1,1,3,3,3,3,2,3,5,6,3,5,1,1,3,4,2,7,3,3,3,3,1,1,2,6,3,3,3,3,3,3,1,4,2,2,4,4,2,2,1,1,0,0,4,4,2,2,3,4,1,3,3,3,1,2,2,4,4,6,1,1,1,1,1,3,1,4,1,2,3,3,1,1,3,3,1,3,1,1,4,4,1,1,3,3,3,3,1,1,1,1,2,2,2,2,1,1,1,1,2,3,2,2,2,2,2,2,1,3,1,1,2,2,2,2,4,4,5,5,3,4,2,2,3,4,4,4,2,2,2,2,5,5,1,3,1,1,3,3,2,3,1,3,2,2,3,3,1,1,2,2,2,2,1,1,4,4,1,2,1,4,2,3,5,5,3,4,1,2,4,4,3,4,2,2,1,1,2,2
"M145913",3,4,7,6,3,1,1,1,2,2,2,2,1,1,2,1,3,3,1,1,2,2,4,4,1,1,1,1,3,1,3,1,2,1,3,1,3,4,4,2,1,1,2,4,4,4,1,1,1,1,2,2,4,4,1,1,3,4,3,3,2,4,3,3,3,3,1,1,2,1,2,2,4,4,2,2,3,3,3,3,4,1,1,1,3,3,4,1,1,1,3,3,4,4,1,3,3,3,1,1,3,3,3,4,1,1,2,2,4,1,3,3,2,2,1,1,1,3,2,3,1,1,4,1,2,4,1,4,1,1,2,1,4,4,1,1,1,3,4,4,2,1,1,3,1,1,4,4,3,3,2,1,2,1,4,4,1,1,4,2,3,3,1,1,2,2,1,1,1,1,1,3,4,4,2,4,3,3,3,3,4,4,2,2,1,1,1,1,1,1,1,1,1,1,1,1,1,1,1,1,1,1,1,1,1,1,1,1,2,2,1,1,1,1,1,1,1,1,1,1,1,1,1,1,1,1,1,1,1,1,1,1,1,1,2,2,1,1,1,1,1,1,1,1,1,1,2,2,1,1,2,2,1,1,3,2,2,1,2,2,2,2,3,4,2,2,3,3,5,5,3,3,2,2,2,3,2,3,1,3,3,5,2,5,1,1,3,3,1,3,3,3,5,5,5,5,3,3,3,3,2,2,1,2,1,3,1,2,1,2,2,3,2,2,1,3,2,2,2,2,4,4,4,4,1,1,5,5,1,1,1,4,3,3,3,3,3,4,4,6,4,5,1,1,3,3,2,7,3,3,3,3,1,1,2,6,3,3,3,3,3,3,1,1,3,3,4,4,2,2,2,2,1,1,4,4,2,2,3,3,1,1,3,3,1,2,2,4,1,4,1,2,1,1,1,3,4,4,1,2,1,3,1,1,2,3,3,3,1,1,4,4,1,1,3,3,3,3,1,1,1,1,1,1,2,2,1,1,1,1,2,2,2,2,1,2,2,2,3,4,1,1,1,2,2,2,3,4,1,4,3,4,2,2,4,4,4,4,2,2,2,2,4,4,3,5,1,3,2,3,3,3,3,3,2,2,3,3,1,1,2,2,2,5,1,1,1,4,2,2,3,4,2,2,5,5,3,5,2,2,3,4,2,3,2,2,1,1,2,2
"M145914",3,4,7,6,3,1,4,4,2,2,2,2,1,1,2,1,3,3,4,4,2,1,4,4,1,1,1,1,3,1,3,3,2,2,3,3,3,4,4,2,2,1,2,2,4,4,1,1,1,1,2,2,4,4,1,1,3,4,4,4,2,2,3,4,1,3,2,1,2,2,2,2,4,1,4,4,1,3,3,3,4,1,1,3,1,3,4,1,1,1,1,3,2,4,1,3,3,3,1,1,3,3,3,4,3,1,2,2,4,1,1,1,2,1,1,1,3,3,2,3,1,1,4,1,2,2,1,4,1,1,2,1,2,4,2,1,1,1,2,4,1,1,1,3,1,1,4,4,3,3,1,1,1,1,4,4,2,1,4,4,3,3,1,1,2,3,1,1,1,1,1,1,1,1,2,4,3,3,2,2,2,4,2,1,1,1,3,3,3,3,1,1,1,2,1,2,1,2,1,2,1,2,1,1,1,1,1,1,1,2,0,0,1,2,1,2,1,1,2,2,1,1,1,2,2,1,1,2,1,1,1,1,1,1,2,2,1,1,1,1,1,1,1,1,1,1,2,2,1,1,2,2,1,1,1,3,2,1,2,2,2,2,1,2,2,2,3,3,3,5,3,3,2,2,2,2,2,3,2,3,3,3,1,5,1,1,3,3,3,3,3,3,1,5,5,5,2,3,3,3,2,2,2,2,1,1,1,2,1,2,2,3,2,2,1,3,2,2,2,2,2,4,4,4,1,1,5,5,1,2,1,4,3,3,2,3,3,3,4,5,4,4,1,2,3,4,2,2,3,3,3,3,1,1,6,6,3,3,3,3,3,3,1,1,2,2,2,4,2,2,2,2,1,1,4,4,2,2,3,3,3,3,2,3,2,2,2,4,4,4,1,1,1,2,1,5,4,4,1,2,3,3,1,1,2,3,3,3,1,1,1,3,1,1,3,3,1,1,1,1,1,2,1,2,2,2,1,1,1,1,3,3,2,2,2,2,2,2,3,4,1,1,1,3,2,2,2,3,4,4,3,4,0,0,3,3,4,4,2,2,1,2,4,4,3,3,1,3,2,3,2,3,1,3,2,2,3,3,2,3,2,2,2,2,1,1,2,4,1,2,4,4,3,3,3,5,3,4,2,2,4,4,2,3,2,3,1,1,2,2
"M145915",3,4,7,6,3,3,4,1,2,2,2,2,1,3,2,1,3,3,1,4,2,1,4,4,1,1,1,3,3,1,3,1,1,1,3,3,3,3,4,2,1,1,4,4,4,4,4,1,1,1,2,2,4,4,3,3,3,4,3,4,2,4,3,4,3,3,1,1,2,1,2,1,4,1,2,2,1,3,3,1,4,1,3,3,3,3,4,1,2,1,3,3,4,4,1,3,1,3,3,1,3,1,3,4,3,1,2,2,1,1,3,1,1,1,1,1,1,1,2,3,3,1,4,4,2,4,4,4,1,1,1,1,4,4,1,1,3,3,2,4,1,1,1,1,1,1,4,2,3,4,1,1,2,2,4,4,1,1,4,4,3,3,1,1,2,2,1,1,1,3,1,3,4,4,4,4,3,3,3,3,4,4,2,1,3,1,3,3,1,1,3,3,1,1,1,1,1,1,1,1,1,1,1,1,1,1,1,1,2,2,0,0,1,2,1,2,1,1,1,2,1,1,1,2,2,1,2,2,1,1,1,1,1,1,2,2,1,1,1,1,1,1,1,1,1,1,2,2,1,1,2,2,1,1,3,2,1,1,2,2,2,2,1,2,2,2,3,3,5,5,3,3,2,2,2,2,2,2,2,2,3,3,5,5,1,2,3,3,3,3,1,2,1,5,3,5,3,3,3,3,2,2,1,2,1,1,2,4,1,2,1,2,2,2,3,3,2,2,2,3,3,4,4,4,1,1,5,6,1,1,1,4,2,3,2,2,3,3,6,6,4,5,1,1,3,4,7,7,3,3,3,3,1,1,1,4,3,3,3,3,2,2,3,4,2,2,4,4,2,2,2,3,3,3,4,4,2,4,3,3,1,1,3,3,1,3,4,4,4,4,1,1,1,1,1,3,4,4,1,2,1,3,1,1,2,3,3,3,1,1,4,4,1,1,3,3,1,3,1,1,1,1,1,1,2,2,1,1,1,1,1,1,1,2,2,2,2,2,1,2,1,2,1,1,2,3,4,4,4,5,2,4,2,2,3,3,4,4,2,2,2,2,4,5,1,3,3,3,3,3,2,3,3,3,2,2,3,3,2,2,2,2,2,5,1,1,4,4,1,1,3,3,3,3,1,3,4,4,2,3,4,4,3,3,2,2,1,1,2,2
"M145916",3,4,7,6,3,3,4,1,2,2,2,2,1,3,2,1,3,3,1,1,2,1,4,4,1,4,1,1,3,1,3,1,2,1,3,3,3,3,4,2,1,1,2,4,1,4,4,1,1,1,2,4,4,1,3,1,4,4,3,3,2,4,4,4,3,3,1,1,2,1,2,1,1,1,2,2,1,3,3,3,4,1,1,1,3,3,1,1,2,1,3,3,4,4,1,3,3,3,1,1,3,3,3,4,3,1,2,2,4,1,3,1,2,1,1,1,1,3,2,3,3,1,4,1,2,4,1,4,1,1,2,1,4,4,1,1,3,3,2,4,2,2,1,1,1,1,4,4,3,4,1,1,2,2,4,4,2,1,4,2,3,3,1,1,2,2,1,1,1,3,1,3,4,4,4,4,3,3,3,3,2,4,2,1,3,3,3,1,1,1,1,1,1,1,1,1,1,1,1,1,1,1,1,2,1,2,1,1,2,2,2,2,1,2,1,2,1,1,1,2,1,1,1,2,2,1,1,2,1,1,1,1,1,1,2,2,1,1,1,1,1,1,1,1,1,1,2,2,1,1,2,2,0,0,2,2,2,1,2,2,2,2,1,4,2,2,3,3,2,5,3,3,2,2,2,3,1,5,1,2,3,3,2,5,1,1,3,3,3,3,1,3,1,1,5,5,3,3,3,3,2,2,1,1,1,1,1,2,1,2,2,2,2,2,1,3,2,2,2,2,2,3,4,4,1,1,5,5,1,1,4,4,3,3,3,3,3,3,6,6,4,4,1,3,4,4,7,7,2,3,3,3,1,1,2,2,3,3,3,3,2,2,3,3,2,3,4,4,2,2,2,2,1,1,4,4,2,4,3,3,1,1,2,3,1,2,5,7,4,6,1,1,1,2,3,5,4,4,1,2,2,2,1,3,3,3,4,4,1,1,1,4,1,1,3,3,1,3,1,1,1,1,1,1,2,2,1,1,1,1,3,3,2,2,2,3,2,2,1,3,1,1,1,1,2,2,4,4,4,5,3,3,2,2,3,3,4,4,2,2,2,2,4,4,3,3,3,3,2,3,2,3,3,3,2,2,3,3,1,1,2,2,2,5,1,1,4,4,1,2,1,3,3,3,5,5,4,5,1,1,4,4,4,4,2,3,1,1,2,2
"M145917",3,3,6,6,1,1,1,1,2,1,2,2,1,1,2,1,3,3,1,1,2,1,4,4,1,4,1,1,1,1,3,3,2,1,3,3,3,3,2,2,1,1,2,4,4,4,1,1,1,1,2,2,4,1,3,1,3,4,3,3,4,4,3,4,1,3,1,1,2,2,2,1,1,1,2,2,3,3,3,1,4,1,1,3,3,3,4,4,1,1,3,3,2,4,1,3,3,3,1,1,3,3,3,3,1,1,2,2,4,4,3,3,2,2,1,1,1,1,3,3,1,1,4,1,2,4,1,1,1,1,2,1,2,4,1,1,1,1,2,2,2,1,1,3,3,1,4,4,3,4,2,1,2,2,4,4,1,1,4,4,1,3,1,4,2,3,1,1,1,1,1,3,4,4,4,4,3,3,3,3,4,4,1,1,3,1,3,1,1,3,1,3,1,2,1,2,1,2,1,2,1,2,1,1,1,1,1,1,1,2,0,0,1,2,1,2,1,1,2,2,1,1,1,2,2,1,1,2,1,1,1,1,1,1,2,2,1,1,1,1,1,1,1,1,1,1,2,2,1,1,2,2,1,1,3,2,1,1,2,2,2,2,2,3,2,2,3,3,5,5,3,3,2,2,2,2,2,7,1,2,3,3,3,5,1,1,3,3,3,3,2,3,1,1,2,2,2,3,3,3,2,2,1,2,1,1,2,5,1,2,2,2,2,3,1,3,2,2,3,3,4,4,2,4,1,1,5,5,1,1,1,3,3,3,2,2,3,3,5,5,4,4,2,3,4,4,1,2,3,3,3,3,1,2,1,2,3,3,3,3,3,3,1,3,2,2,3,4,2,3,1,2,1,1,2,4,2,4,3,3,1,3,3,3,3,3,4,4,5,6,1,1,1,2,3,5,1,4,2,2,3,3,1,1,3,3,1,1,1,1,4,5,1,1,3,3,1,3,1,1,1,3,1,2,2,2,1,1,1,1,3,3,2,2,2,2,2,2,2,3,1,1,1,1,2,3,2,4,4,5,2,4,2,2,3,4,4,4,1,2,2,2,4,4,3,3,1,3,3,3,2,3,3,3,2,2,1,3,1,1,2,2,2,2,1,1,4,4,2,2,3,4,1,3,3,3,3,5,2,3,4,4,2,2,2,2,1,1,2,2
"M145918",3,4,6,6,1,1,1,1,2,2,2,2,1,3,2,1,2,2,1,1,2,2,4,4,1,1,1,1,3,1,1,1,2,1,3,3,3,4,4,2,1,1,4,4,4,4,1,1,3,1,2,4,4,4,1,1,3,4,3,3,4,4,3,4,3,3,1,1,2,2,2,2,4,4,2,2,1,1,3,1,4,1,1,1,3,3,4,4,1,1,1,1,4,4,1,3,1,3,1,1,3,3,3,4,3,1,2,2,4,1,1,1,2,1,1,1,1,1,2,3,1,1,4,4,2,4,4,4,3,1,2,1,4,4,1,1,1,3,2,2,1,1,1,3,1,1,4,4,3,4,1,1,2,2,2,4,2,1,4,4,1,3,1,4,2,2,1,1,1,1,3,3,4,4,4,4,3,3,3,3,2,4,2,2,1,1,3,1,1,3,1,3,1,1,1,1,1,1,1,1,1,1,1,1,1,1,1,1,1,2,1,1,1,1,1,1,1,1,1,1,1,1,1,1,1,1,1,1,1,1,1,1,1,1,1,1,1,1,1,1,1,1,1,1,1,1,2,2,1,1,2,2,1,1,1,3,1,1,1,2,2,2,1,2,2,2,3,3,5,5,3,3,1,2,2,3,2,3,2,2,3,3,3,5,1,1,3,3,1,2,3,3,4,5,3,5,3,3,1,3,2,2,1,2,1,1,1,1,1,1,2,2,1,2,1,1,2,2,2,3,2,3,4,4,1,1,5,5,1,1,1,4,3,3,2,3,3,3,4,5,4,4,1,1,2,4,7,7,3,3,3,3,1,1,2,6,3,3,3,3,3,3,2,4,2,2,2,4,2,2,2,2,3,3,4,4,2,5,3,4,3,3,3,3,1,2,4,5,1,4,1,1,1,2,1,5,3,4,1,2,1,3,1,1,2,2,1,3,1,1,4,4,1,1,3,5,3,3,1,3,1,1,1,2,2,2,1,1,1,1,3,3,2,2,2,5,2,2,2,3,1,3,1,1,2,2,4,4,4,4,3,4,2,2,3,4,4,4,2,2,2,2,4,4,3,5,1,3,3,3,3,3,3,3,2,2,3,3,1,2,1,2,5,5,1,1,4,4,1,1,3,3,2,3,3,5,3,4,1,1,4,4,4,4,2,2,1,1,2,2
"M145919",3,4,7,6,3,1,4,1,2,2,2,2,1,3,2,1,3,3,1,4,2,1,4,4,1,1,1,1,1,1,1,1,1,1,0,0,3,3,4,2,0,0,2,4,0,0,4,1,0,0,2,2,4,1,3,1,3,4,3,3,4,4,3,4,3,3,1,1,2,2,2,1,4,1,2,2,3,3,3,1,1,1,0,0,3,3,4,1,2,1,3,3,4,4,1,3,3,3,1,1,3,1,0,0,0,0,2,2,4,1,3,1,1,1,1,1,0,0,2,3,0,0,4,4,4,4,4,4,3,3,1,1,4,4,1,1,3,3,2,4,1,1,1,3,1,1,4,2,3,4,1,1,2,2,4,4,1,1,4,4,3,3,4,4,2,2,1,3,1,3,1,3,4,4,4,4,3,3,3,3,4,4,2,2,1,1,3,3,1,1,3,3,1,1,1,1,1,1,1,1,1,1,1,1,1,2,1,1,2,2,2,2,2,2,2,2,1,1,2,2,1,1,2,2,2,2,2,2,1,1,1,1,1,1,2,2,1,1,1,1,1,1,1,1,1,1,2,2,1,1,2,2,1,1,3,2,2,1,2,2,2,2,1,2,2,2,3,3,2,5,3,3,2,2,2,3,2,2,2,2,3,3,5,5,1,1,3,3,3,3,2,3,1,5,3,5,3,3,3,3,2,2,2,2,1,1,2,4,1,1,2,2,2,2,3,3,2,2,2,3,3,4,1,4,1,1,5,5,1,1,1,4,2,2,2,3,1,3,6,6,4,5,1,1,3,4,7,7,3,3,3,3,1,1,4,6,3,3,3,3,2,2,1,4,2,2,4,4,2,3,2,3,3,3,4,4,2,4,3,3,1,1,3,3,3,3,4,5,4,4,1,1,1,1,1,3,4,4,2,2,1,3,1,1,3,3,3,4,1,1,4,4,1,1,3,3,3,3,1,1,1,1,1,2,2,2,1,1,1,1,1,2,1,2,2,2,2,2,1,2,1,2,1,1,2,3,4,4,4,5,2,2,0,0,3,3,2,4,2,2,2,2,4,5,1,3,1,3,3,3,2,3,3,3,2,2,3,3,2,2,2,2,2,5,1,1,1,4,1,1,3,3,3,3,2,5,4,4,2,3,4,4,3,3,2,3,1,1,2,2
"M145920",4,4,6,6,1,1,4,1,2,2,2,2,1,1,2,1,0,0,1,4,2,2,4,4,1,1,1,3,3,3,1,1,1,1,3,1,3,4,2,2,1,1,2,4,1,4,1,1,1,1,2,2,4,1,3,1,3,3,4,4,2,4,3,4,3,3,1,1,2,2,2,2,4,1,2,2,3,3,3,1,1,1,1,3,3,3,4,4,2,1,3,3,4,4,3,3,3,3,1,1,3,3,3,4,3,1,2,2,4,1,3,3,1,1,1,1,1,1,2,3,1,1,1,1,4,4,4,4,3,3,1,1,2,4,1,1,3,3,4,4,1,1,1,1,1,1,4,4,4,4,1,1,2,2,4,4,1,1,4,4,3,3,1,1,2,2,3,3,1,3,1,3,4,4,4,4,1,3,2,2,4,4,2,2,3,1,3,1,1,3,3,3,1,1,1,1,1,1,1,1,1,1,1,1,1,1,1,1,1,2,1,2,1,1,1,1,1,1,1,1,1,1,1,1,1,1,1,1,1,1,1,1,1,1,2,2,1,1,1,1,1,1,1,1,1,1,2,2,1,1,2,2,1,1,3,2,1,1,2,2,2,2,1,4,2,2,3,3,4,5,3,3,2,2,3,3,2,7,1,1,3,4,3,3,1,1,3,3,3,3,1,3,1,1,2,2,3,3,3,3,2,2,1,2,1,1,2,4,1,1,2,2,2,2,1,3,2,2,2,2,3,4,4,4,1,1,5,5,1,1,1,4,2,3,2,2,1,1,5,5,4,4,1,3,3,4,2,7,2,3,3,3,1,1,1,5,3,3,3,3,2,3,3,4,2,2,4,4,2,2,2,2,1,1,4,4,2,5,3,3,1,1,3,3,2,3,4,4,1,4,1,2,2,2,3,3,3,4,1,1,1,3,1,1,2,3,1,3,1,1,4,4,1,1,3,5,3,4,1,1,1,1,1,1,2,2,1,1,1,1,3,3,1,2,2,2,2,2,3,3,1,3,1,3,2,2,4,4,4,4,3,3,2,2,3,4,4,4,2,2,2,2,2,4,3,5,1,3,3,3,2,3,3,3,2,2,3,3,1,2,2,2,2,2,1,1,1,4,1,1,1,3,1,3,3,3,4,5,1,2,3,4,3,4,2,3,1,1,2,2
"M145921",3,4,6,6,3,1,4,4,2,1,2,2,1,1,2,2,3,3,1,4,2,1,4,4,1,1,1,3,3,3,3,1,2,1,3,1,3,3,2,2,2,1,2,4,4,4,4,1,1,1,0,0,4,4,3,3,3,3,0,0,2,4,4,4,3,3,1,1,2,2,2,1,1,1,2,2,3,3,3,3,4,1,1,3,1,3,4,4,1,1,3,3,4,4,3,3,3,3,1,1,3,3,3,3,3,3,2,2,4,4,3,3,2,1,1,1,3,3,2,3,3,3,4,4,4,4,4,4,3,3,2,2,2,2,1,1,3,3,2,4,1,1,3,3,3,1,4,4,3,4,2,1,2,2,2,4,1,1,4,4,1,3,1,1,2,2,1,3,1,1,1,3,4,1,4,4,3,3,2,3,4,4,2,1,3,1,3,1,1,1,1,3,1,1,1,1,1,1,1,1,1,1,1,1,1,1,1,1,2,2,2,2,2,2,2,2,1,1,2,2,1,1,2,2,2,2,2,2,1,1,1,1,1,1,2,2,1,1,1,1,1,1,1,1,1,1,2,2,1,1,2,2,1,1,3,3,1,1,2,2,2,2,1,2,2,2,3,3,2,5,3,3,1,2,2,2,1,2,1,2,3,3,3,3,1,1,3,3,1,3,1,3,1,1,2,2,2,3,3,3,2,2,1,2,1,1,1,4,1,2,1,2,2,2,1,3,2,2,2,3,3,3,3,4,1,1,5,6,1,2,1,4,3,3,2,2,3,3,5,6,1,4,1,3,3,4,2,7,3,3,3,3,1,2,1,6,3,3,3,3,2,3,3,4,2,2,1,4,2,2,1,2,1,1,4,4,1,4,3,4,3,3,3,3,1,2,4,4,6,6,1,1,1,1,1,5,4,4,1,2,1,1,1,3,2,3,3,3,1,1,4,5,1,1,3,3,1,3,1,1,1,1,1,1,2,2,1,1,1,1,1,3,2,2,1,2,2,2,2,4,1,1,1,1,2,2,4,4,4,4,3,3,2,2,3,4,2,2,2,2,2,2,4,4,3,3,3,3,2,3,2,2,3,3,2,2,3,3,2,3,2,2,2,2,1,1,4,4,1,2,4,4,3,3,3,6,4,4,1,2,4,4,2,4,2,2,1,1,2,2
"M145922",3,4,7,6,3,3,4,1,2,2,2,2,3,3,2,1,3,3,1,4,2,1,4,4,1,1,1,3,1,1,3,3,2,1,3,1,3,3,4,2,2,1,4,4,4,4,4,1,1,1,2,2,4,4,3,1,3,3,3,3,2,2,4,4,3,3,1,1,2,2,2,1,1,1,2,2,1,3,3,1,1,1,1,3,3,3,1,1,1,1,3,3,4,4,1,3,1,3,3,1,3,3,3,4,3,3,2,2,4,4,3,1,1,1,1,1,1,3,2,3,1,1,4,4,2,4,4,4,3,1,2,1,2,4,1,1,3,3,2,4,1,1,1,3,1,1,4,2,3,4,1,1,2,2,4,4,1,1,4,2,3,3,1,1,2,2,1,1,1,1,1,3,4,4,4,4,3,3,2,3,4,4,2,2,3,3,1,1,1,1,3,3,1,1,1,1,1,1,1,1,1,1,1,1,1,1,1,1,1,2,1,1,1,2,1,2,1,1,2,2,1,1,1,2,2,1,1,2,1,1,1,1,1,1,1,2,1,1,1,1,1,1,1,1,1,1,2,2,1,1,2,2,1,1,3,2,1,1,2,2,2,2,1,4,1,2,3,3,4,5,3,3,2,2,2,2,1,2,1,2,3,3,2,5,1,2,3,3,1,3,3,3,1,5,3,5,2,3,2,3,2,2,1,2,1,1,2,2,1,2,1,1,2,2,1,3,2,2,2,2,3,4,4,4,1,1,5,5,1,1,1,1,2,2,3,3,3,3,6,6,4,4,1,1,2,4,7,7,3,3,3,3,1,1,1,6,3,3,3,3,2,2,1,3,2,2,4,4,2,3,2,2,1,1,4,4,2,2,3,3,1,3,3,3,1,2,2,5,4,4,1,1,1,2,3,3,4,4,1,1,1,3,1,1,2,3,3,4,1,1,3,4,2,2,3,3,1,3,1,1,1,1,1,1,2,2,1,1,1,1,1,2,1,2,2,5,2,2,3,4,1,1,2,3,2,2,3,4,4,4,2,3,2,2,4,4,4,6,2,2,1,2,4,4,3,4,3,3,3,3,2,3,3,3,2,2,3,3,1,2,2,2,2,2,1,1,4,4,1,2,1,3,1,3,2,3,3,4,1,1,2,3,2,2,2,3,1,1,2,2
"M145923",3,4,6,6,3,3,4,4,2,2,2,2,1,1,2,2,0,0,1,4,2,1,4,4,1,1,1,1,1,1,3,1,2,1,3,1,3,3,4,4,2,1,2,2,1,4,1,1,1,1,2,4,4,4,3,1,3,4,3,3,2,4,3,4,3,3,2,2,2,1,2,2,4,1,2,2,1,1,3,3,4,1,1,1,3,3,1,1,2,1,3,3,4,4,1,3,3,3,1,1,3,3,3,4,3,1,2,2,1,1,3,1,1,1,1,1,3,3,2,2,1,1,4,1,4,4,1,4,3,1,2,2,2,4,1,1,1,3,2,2,1,1,1,3,3,1,4,2,3,4,2,1,2,2,4,4,1,1,4,4,1,3,1,1,2,2,1,3,1,3,3,3,4,4,4,4,3,3,2,3,4,4,1,1,3,3,3,1,1,3,1,3,1,1,1,1,1,1,1,1,1,1,1,1,1,1,1,1,2,2,0,0,1,2,1,2,1,1,1,2,1,1,1,2,2,1,1,2,1,1,1,1,1,1,2,2,1,1,1,1,1,1,1,1,1,1,2,2,1,1,2,2,1,1,1,2,1,1,2,2,2,2,1,2,2,2,3,3,4,5,3,3,2,2,2,3,2,2,1,2,3,3,3,3,1,2,3,3,3,3,2,3,1,1,5,5,3,3,3,3,1,2,1,2,1,1,1,2,1,2,2,2,2,2,1,1,2,2,2,3,3,4,4,4,1,1,5,5,1,1,1,3,2,3,2,3,2,3,5,6,4,5,1,1,3,4,2,7,3,3,3,3,1,1,1,2,3,3,3,3,3,3,1,3,3,3,3,4,1,1,1,2,1,3,4,4,2,2,3,3,1,1,3,3,1,3,4,4,1,4,1,1,1,1,1,5,4,4,1,2,1,1,1,1,3,3,1,3,1,1,4,4,1,1,3,3,3,3,1,3,1,1,1,1,2,2,1,3,1,1,1,3,2,2,2,3,2,2,2,2,1,1,2,2,2,2,4,4,4,5,3,3,2,2,4,4,3,4,1,2,2,2,4,4,1,3,3,3,3,3,2,2,1,3,2,2,3,3,3,3,2,2,2,2,1,1,4,4,1,2,4,4,3,3,3,3,4,5,1,2,3,4,3,4,2,2,1,1,2,2
"M145924",4,4,6,6,3,1,4,4,2,1,2,3,1,1,2,1,2,3,1,1,2,1,4,4,1,1,1,1,1,1,3,1,2,1,3,1,3,3,4,2,2,1,2,2,4,4,1,1,1,1,2,4,4,4,3,1,3,4,3,4,4,4,3,4,3,3,2,1,2,1,2,2,4,1,4,2,3,3,3,3,1,1,1,1,1,3,4,1,2,1,1,3,4,4,1,3,1,3,3,1,3,3,3,4,3,1,2,1,4,4,1,1,1,1,1,1,1,1,2,3,1,1,4,1,2,4,1,4,3,1,1,1,4,4,1,1,1,3,2,4,2,1,3,3,1,1,4,4,4,4,1,1,2,1,4,4,2,1,4,2,3,3,1,1,2,2,1,1,1,1,3,3,4,4,4,4,3,3,3,3,4,4,2,2,3,1,3,1,1,3,3,3,1,1,1,1,1,1,1,1,1,1,1,1,1,1,1,1,1,2,0,0,1,2,2,2,1,1,1,2,1,1,1,2,2,1,1,2,1,1,1,1,1,1,2,2,1,1,1,1,1,1,1,1,1,1,2,2,1,1,2,2,1,1,1,3,1,1,2,2,2,2,3,4,2,2,3,3,2,5,3,3,2,2,2,3,1,1,2,2,3,5,3,5,1,1,3,3,2,3,2,3,1,5,3,5,3,3,1,3,2,2,1,1,1,1,1,2,1,2,2,4,2,2,1,1,2,2,2,2,3,4,4,4,1,1,5,5,1,1,1,3,2,3,3,3,3,3,1,5,4,4,2,3,3,4,7,7,2,3,3,3,1,1,1,1,3,3,3,3,3,3,3,3,2,3,4,4,2,2,2,2,3,3,4,4,2,2,3,4,1,3,3,3,2,3,4,5,6,6,1,1,1,2,3,5,3,3,2,2,3,3,1,1,1,3,1,3,1,1,1,4,1,2,2,3,1,3,1,1,1,1,1,1,1,2,1,2,1,1,3,3,2,2,2,3,2,2,3,3,1,1,1,1,2,2,3,4,4,4,2,2,2,2,3,4,4,4,2,2,2,2,4,4,3,4,2,3,2,3,3,4,3,3,2,2,3,3,1,2,1,1,2,2,1,1,2,4,1,1,1,3,1,2,1,5,3,4,1,3,4,4,4,4,2,3,1,1,2,2
"M145925",3,4,6,6,3,1,1,1,2,2,2,2,1,1,2,1,3,3,1,4,2,2,4,4,1,4,1,1,3,1,3,1,2,1,3,1,3,3,2,2,1,1,2,2,4,4,1,1,1,1,2,4,4,4,1,1,4,4,3,4,4,4,3,3,3,3,1,1,2,2,2,2,4,4,2,2,1,3,3,1,1,1,1,3,3,3,4,1,1,1,3,3,4,4,1,3,3,3,1,1,3,3,3,4,3,1,2,2,4,1,3,1,2,1,1,1,1,3,2,3,1,1,4,1,2,4,1,4,3,1,2,1,2,4,1,1,3,3,4,4,2,2,1,3,1,1,4,4,3,4,2,1,2,1,2,4,1,1,4,4,3,3,1,1,2,2,1,1,1,1,1,3,4,1,2,4,3,3,3,3,4,4,2,1,3,1,3,3,1,1,1,1,1,1,1,1,1,1,1,1,1,1,1,1,1,1,1,1,2,2,0,0,1,1,1,1,1,1,1,1,1,1,1,2,1,1,1,1,1,1,1,1,1,1,2,2,1,1,1,1,1,1,1,1,1,1,2,2,1,1,2,2,1,1,3,3,1,1,2,2,2,2,3,4,2,2,3,3,5,5,3,3,1,2,2,3,2,3,2,3,3,4,2,3,1,1,3,3,1,3,1,1,1,5,2,2,3,3,3,3,2,2,2,2,1,1,1,2,1,2,2,2,2,2,3,3,2,2,2,2,2,4,4,4,1,1,5,5,1,1,1,4,3,3,3,3,1,3,4,6,4,4,1,1,3,4,2,7,3,3,3,3,1,1,2,6,3,3,3,3,2,3,1,1,2,3,4,4,2,2,1,2,1,3,4,4,2,2,3,3,1,1,3,3,2,2,1,4,1,6,1,1,1,2,3,3,4,4,1,2,3,3,1,1,2,2,1,3,1,1,4,4,1,1,3,3,3,3,1,1,1,1,1,1,2,2,1,1,1,1,2,3,2,2,2,2,2,2,2,4,1,1,1,3,2,2,4,4,1,4,3,4,2,2,3,4,4,4,2,2,2,2,4,4,3,5,1,3,2,3,3,3,3,3,2,2,3,3,1,3,2,2,2,2,1,1,4,4,1,2,4,4,2,3,5,5,3,4,2,2,3,4,2,3,2,3,1,1,2,2
"M145926",4,4,6,6,3,3,4,1,2,1,2,3,1,3,2,1,3,3,1,4,2,2,4,4,1,4,1,1,3,3,1,1,1,1,3,1,3,3,4,2,2,1,2,4,4,4,4,1,1,1,2,4,4,1,3,1,4,4,3,3,2,2,3,3,3,3,1,1,2,2,2,2,4,1,2,2,1,3,3,3,4,1,1,1,3,3,4,1,1,1,1,3,4,4,1,1,3,3,1,1,3,3,3,3,3,1,2,2,4,1,1,1,2,2,1,1,1,1,2,2,1,1,4,1,2,2,1,1,3,3,1,1,4,4,1,1,3,3,2,4,1,1,1,3,3,1,4,4,3,4,1,1,2,2,4,4,1,1,4,4,3,3,4,4,2,2,1,1,1,1,1,3,4,4,4,4,3,3,3,3,4,4,2,1,3,1,1,1,1,1,3,3,1,1,1,1,1,1,1,1,1,1,1,1,1,1,1,1,1,2,2,2,1,2,1,2,1,1,2,2,1,1,1,2,2,1,1,2,1,1,1,1,1,1,2,2,1,1,1,1,1,1,1,1,1,1,2,2,1,1,2,2,1,1,3,2,1,1,2,2,2,2,3,4,1,1,3,3,4,5,3,3,2,2,2,3,2,7,1,1,3,3,2,3,1,2,3,3,1,3,1,3,1,5,2,5,2,2,3,3,2,2,2,2,1,1,2,4,1,2,2,2,2,2,1,3,2,2,1,2,3,3,2,4,1,1,5,5,1,2,4,4,3,3,2,3,2,3,5,6,3,4,1,3,3,4,0,0,3,3,3,3,1,1,6,6,3,3,3,3,3,3,1,4,2,2,4,4,2,2,1,3,3,3,4,4,2,4,3,3,1,1,2,3,1,3,4,4,6,6,1,1,1,2,1,3,4,4,1,2,1,3,1,1,3,3,3,4,1,1,3,4,1,1,0,0,1,3,1,1,1,1,1,1,2,2,1,1,1,1,3,3,2,2,2,2,2,2,2,4,1,1,1,3,2,2,4,4,4,4,3,4,2,2,3,4,4,4,2,2,2,2,4,4,1,2,3,3,3,3,3,3,1,3,2,2,3,3,1,2,2,2,2,2,1,1,4,4,1,2,3,3,1,3,3,3,4,4,2,2,3,4,2,2,2,2,1,1,2,2
"M145927",4,4,6,6,1,1,4,1,2,2,2,3,1,1,1,1,2,2,1,1,2,2,4,4,4,4,1,1,1,1,3,1,2,2,3,3,3,4,4,2,2,1,2,4,4,4,4,1,1,1,2,2,4,1,3,1,3,4,3,3,2,4,3,4,3,3,1,1,2,2,2,2,4,4,4,2,1,3,3,1,1,1,1,3,3,3,4,4,1,1,1,3,4,4,1,3,1,3,1,1,1,1,3,4,3,3,2,2,4,4,3,1,2,1,1,1,1,3,2,2,1,1,1,1,4,4,1,4,3,1,1,1,2,4,1,1,1,3,2,4,2,1,1,3,1,1,4,4,3,4,2,1,2,2,4,4,1,1,4,2,3,3,1,4,2,3,1,3,1,3,3,3,4,4,4,4,1,3,3,3,2,4,2,2,1,1,3,3,1,3,1,3,1,1,1,1,1,1,1,1,1,1,1,1,1,1,1,1,2,2,2,2,1,2,1,2,1,1,1,2,1,1,2,2,2,1,1,2,1,1,1,1,1,1,2,2,1,1,1,1,1,1,1,1,1,1,2,2,1,1,2,2,1,1,1,2,2,1,2,2,2,2,3,3,2,2,3,3,4,5,3,3,2,2,2,3,1,3,1,2,3,3,5,5,1,2,3,3,3,3,1,3,1,5,2,5,3,3,3,3,2,2,1,1,1,1,2,4,1,1,2,2,2,2,1,3,2,2,2,2,2,3,4,4,1,1,5,5,1,1,1,3,3,3,2,2,3,3,4,5,4,5,1,3,2,4,7,7,3,3,3,3,1,1,1,6,3,3,1,3,3,3,1,1,2,3,2,4,1,2,2,2,3,3,4,4,2,4,3,4,1,3,3,3,3,3,4,7,1,1,1,1,1,1,1,5,4,4,2,2,1,3,1,1,2,3,1,4,1,1,3,5,1,2,3,5,1,3,1,3,1,1,1,2,2,2,1,1,1,1,2,3,1,2,2,2,2,2,2,4,1,1,1,1,2,2,4,4,4,4,3,4,2,3,3,4,2,4,2,2,2,2,4,4,3,3,3,3,2,3,2,3,3,3,2,2,3,3,1,3,1,2,2,2,1,1,4,4,2,2,1,4,2,3,5,6,3,4,1,2,4,4,3,4,2,3,1,1,2,2
"M145928",3,4,6,6,3,3,4,4,2,1,2,2,1,3,1,1,0,0,1,4,2,1,4,4,1,1,1,3,3,1,1,1,1,1,3,3,3,4,4,2,2,1,2,2,4,4,4,1,1,1,2,2,4,4,3,3,3,3,3,4,2,2,3,3,3,3,2,1,2,2,2,2,1,1,2,2,3,3,3,1,4,1,1,3,3,3,1,1,1,1,3,3,4,4,1,3,1,3,1,1,3,3,4,4,3,1,2,2,4,1,1,1,1,1,1,1,1,1,3,3,1,1,4,1,2,2,4,4,1,1,1,1,4,4,1,1,3,3,2,2,1,1,1,3,1,1,4,4,3,3,1,1,2,2,4,4,1,1,4,2,3,3,1,1,2,2,1,3,1,1,3,3,4,4,4,4,3,3,2,3,4,4,2,2,1,1,1,1,1,1,3,3,1,1,1,1,1,1,1,1,1,1,1,1,1,1,1,1,2,2,0,0,1,2,1,2,1,1,1,2,1,1,1,2,2,1,1,2,1,1,1,1,1,1,2,2,1,1,1,1,1,1,1,1,1,1,2,2,1,1,2,2,1,1,3,3,2,2,2,2,2,2,1,3,2,2,3,4,5,5,3,3,2,2,2,2,2,7,2,2,3,3,2,5,1,1,3,3,1,3,1,3,1,4,2,3,2,3,2,3,2,2,2,2,1,1,2,4,1,1,2,2,2,2,1,3,2,2,2,2,3,3,1,4,1,1,5,5,1,1,1,1,2,2,3,3,2,3,5,6,4,5,1,3,4,4,7,7,3,3,3,3,1,1,1,6,3,3,3,3,2,2,1,3,2,3,4,4,2,2,1,2,3,3,4,4,2,2,3,3,1,3,3,3,1,3,4,5,1,1,1,1,1,1,1,3,4,4,1,2,1,2,1,3,3,3,2,3,1,1,4,4,1,1,3,3,1,3,1,1,1,1,2,2,2,2,1,1,1,1,1,1,1,2,2,4,2,2,2,3,1,1,1,2,2,3,3,4,4,4,2,4,2,2,3,4,4,4,2,2,2,2,4,4,3,3,1,1,2,3,2,3,3,3,2,2,3,3,1,2,2,2,2,5,1,1,4,4,1,1,3,4,3,3,2,3,4,5,1,1,4,4,2,2,2,2,1,1,1,2
"M145929",3,4,7,6,3,1,4,1,2,2,2,2,3,3,2,2,2,3,1,1,2,1,4,4,1,1,1,1,3,3,3,1,2,2,3,1,3,3,2,2,1,1,2,4,4,4,4,4,0,0,2,2,4,4,3,1,3,3,3,4,2,4,3,4,3,3,1,1,2,2,2,2,4,1,2,2,3,3,3,1,4,4,1,1,1,3,4,4,1,1,3,3,4,4,3,3,3,3,1,1,3,1,3,3,3,3,0,0,4,1,3,3,2,1,1,1,3,3,2,3,3,3,4,4,4,4,4,4,3,3,2,1,4,4,1,1,3,3,2,2,1,1,3,3,1,1,4,4,3,4,2,1,2,2,2,4,2,2,4,2,1,3,1,4,2,2,1,3,1,3,1,3,4,1,4,4,1,3,3,3,4,4,2,1,3,1,1,1,1,3,1,3,1,1,1,1,1,1,1,1,1,1,1,1,1,1,1,1,1,2,1,2,1,2,1,2,1,1,1,2,1,1,1,2,2,1,1,2,1,1,1,1,1,1,2,2,1,1,1,1,1,1,1,1,1,1,2,2,1,1,2,2,1,1,3,3,1,1,2,2,2,2,2,2,2,2,3,3,2,5,3,3,1,2,2,3,1,2,1,2,3,3,3,3,1,1,3,3,1,3,2,3,1,5,2,5,2,3,2,3,2,2,1,2,1,1,1,4,1,2,1,2,2,2,1,3,2,2,2,3,3,3,3,4,1,1,5,6,1,2,1,3,2,3,1,2,3,3,5,6,4,4,1,3,4,4,2,7,2,3,3,3,1,1,1,1,3,3,3,3,2,3,1,3,2,2,1,4,2,3,1,2,1,3,4,4,2,4,3,4,3,3,3,3,1,3,4,4,4,6,1,1,1,1,1,5,4,4,1,2,1,3,1,1,2,2,3,3,1,1,4,5,1,1,3,3,1,3,1,1,1,1,1,1,2,2,1,1,1,1,1,3,2,2,2,3,2,2,2,2,1,1,1,1,2,2,4,4,4,4,3,3,2,3,3,3,2,4,1,2,2,2,4,5,3,3,3,3,2,3,2,2,3,3,2,2,3,3,3,3,2,2,2,2,1,1,1,4,1,2,3,4,2,3,3,6,4,4,2,2,4,5,2,3,2,2,1,1,2,2
"M145930",4,4,7,6,3,1,4,1,2,2,2,2,1,1,2,1,0,0,1,4,2,1,4,4,4,4,1,3,1,1,3,3,2,2,3,3,3,4,4,2,1,1,2,4,1,4,4,1,1,1,2,4,4,4,1,1,4,4,3,3,2,4,3,3,3,3,2,1,2,2,2,2,4,4,2,2,3,3,3,3,1,1,1,1,3,3,4,1,1,1,3,3,4,4,1,3,3,3,1,1,3,3,3,4,3,1,2,2,4,1,3,3,2,1,1,1,1,3,2,3,3,1,4,4,2,2,4,4,3,1,2,2,4,4,1,1,3,3,4,4,2,1,1,3,3,1,4,4,3,4,1,1,2,1,4,4,1,1,4,4,3,3,1,1,2,2,1,1,1,1,1,3,4,4,4,4,1,3,2,2,4,4,1,1,1,1,3,1,1,3,1,1,1,1,1,1,1,1,1,1,1,1,1,2,1,1,1,1,2,2,0,0,1,2,1,2,1,1,2,2,1,1,1,2,2,1,1,2,1,1,1,1,1,1,2,2,1,1,1,1,1,1,1,1,1,1,2,2,1,1,2,2,1,1,3,2,2,1,2,2,2,2,1,2,2,2,3,3,5,5,3,3,2,2,2,3,1,3,1,2,3,3,2,5,1,1,3,3,3,3,3,3,1,5,5,5,2,3,3,3,2,2,1,2,1,1,1,1,1,2,2,3,2,2,3,3,2,2,2,2,2,4,4,4,1,1,5,5,1,2,1,3,3,3,2,3,1,3,4,6,4,4,1,2,3,4,2,7,3,3,3,3,1,1,2,6,3,3,3,3,2,3,3,4,2,2,4,4,2,2,2,2,1,1,4,4,2,2,3,3,1,1,3,3,1,3,2,4,4,6,1,1,1,2,1,3,1,4,2,2,2,3,1,1,2,3,3,3,1,1,4,5,1,1,3,3,1,3,1,3,1,1,1,1,2,2,1,1,1,1,2,3,2,2,2,2,2,2,4,4,1,1,1,1,2,2,3,4,4,4,2,4,0,0,3,4,4,4,2,2,2,2,4,4,3,5,3,3,3,3,3,3,3,3,2,2,3,3,1,1,2,2,2,5,1,1,1,4,1,1,3,3,2,2,3,5,3,5,1,2,4,4,2,4,2,3,1,1,2,2
"M145931",3,4,7,6,3,1,4,1,2,2,2,2,3,3,2,2,2,3,1,1,2,2,4,4,1,4,1,3,3,1,1,1,2,1,1,1,3,3,4,2,1,1,4,4,4,4,1,1,1,1,2,4,4,4,3,1,3,4,3,3,4,4,4,4,3,3,1,1,2,2,2,2,1,1,2,2,1,3,3,3,4,1,1,1,1,1,4,1,1,1,1,3,4,4,3,3,1,3,1,1,3,1,3,3,3,3,2,2,0,0,3,3,1,1,1,1,3,3,2,2,3,3,4,4,4,4,4,4,3,3,2,2,4,4,1,1,3,3,4,4,1,1,1,3,1,1,4,4,4,4,2,1,2,1,4,4,2,1,4,2,3,3,1,1,2,2,3,3,1,1,1,1,4,1,4,4,1,3,2,3,4,4,2,1,3,3,3,1,1,1,1,3,1,1,1,1,1,1,1,1,1,1,1,2,1,1,1,1,2,2,2,2,2,2,2,2,1,1,2,2,1,1,2,2,2,2,2,2,1,1,1,1,1,1,2,2,1,1,1,1,1,1,1,1,1,1,2,2,1,1,2,2,1,1,1,2,2,2,2,2,2,2,1,1,2,2,3,3,5,5,3,3,2,2,2,3,2,2,1,2,3,4,2,3,1,1,3,3,3,3,2,3,1,5,2,5,2,3,3,3,2,2,1,2,1,1,1,2,1,1,1,2,2,2,1,1,2,2,2,2,3,4,3,4,1,1,5,5,1,2,1,4,3,3,2,3,3,3,6,6,4,4,2,3,2,3,7,7,3,3,3,3,1,2,1,1,3,3,3,3,3,3,1,3,2,3,3,4,2,2,1,2,2,3,4,4,1,1,3,4,3,3,3,3,2,3,2,4,4,4,1,2,1,1,1,1,4,4,1,2,1,2,1,1,2,3,3,3,1,1,4,5,1,1,3,3,1,3,1,1,1,1,1,2,2,2,1,1,1,1,1,3,2,2,1,2,2,2,3,4,1,1,1,3,2,2,4,4,4,4,3,3,2,2,3,3,2,4,2,2,2,2,4,4,3,3,1,3,2,3,2,3,3,3,2,3,3,3,1,2,2,2,2,2,1,1,4,4,1,2,3,4,2,3,6,6,4,4,1,1,4,4,3,4,2,2,1,1,1,2
"M145932",3,4,6,6,3,1,1,1,2,2,2,2,1,1,2,1,3,3,1,4,2,1,4,4,1,4,1,1,3,1,1,1,2,1,3,1,3,4,2,2,1,1,4,4,4,4,4,1,3,1,2,4,4,4,3,1,4,4,3,3,4,4,4,4,1,3,2,2,2,1,2,1,1,1,4,2,3,3,3,3,4,1,1,1,3,3,4,1,1,1,3,3,2,4,1,1,3,3,1,1,3,3,4,4,3,1,2,2,4,4,3,3,2,2,1,1,1,1,2,2,1,1,4,4,2,4,1,4,1,1,2,1,4,4,1,1,1,3,2,4,2,1,1,1,1,1,4,4,3,4,2,1,2,2,2,4,1,1,4,4,3,3,1,4,2,3,1,1,1,1,1,3,4,4,4,4,3,3,2,3,2,4,2,1,3,3,3,1,1,1,1,3,1,2,1,2,1,2,2,2,1,2,1,2,1,1,1,1,1,1,1,1,1,1,1,1,1,1,1,1,1,1,1,1,1,1,1,1,1,1,1,1,1,1,2,2,1,1,1,1,1,1,1,1,1,1,2,2,1,1,2,2,1,1,3,3,2,2,2,2,2,2,3,4,1,2,3,3,4,5,1,3,1,2,3,3,2,7,1,2,3,3,2,3,1,2,3,3,3,3,3,3,5,5,2,5,3,3,2,3,2,2,1,1,1,1,1,2,1,1,2,5,2,2,1,3,2,2,2,2,3,4,4,4,1,1,5,5,1,1,1,1,3,3,2,3,2,3,5,5,4,4,2,3,4,4,1,7,2,3,3,3,1,1,1,4,3,3,4,4,3,3,3,4,1,3,1,4,2,2,2,2,3,3,2,4,2,4,3,4,1,3,3,3,2,3,4,4,1,4,1,1,1,2,1,3,3,4,1,2,1,3,1,2,3,3,3,4,1,1,4,4,1,2,3,3,3,4,1,1,1,2,1,1,2,2,1,2,1,1,2,3,1,1,2,3,2,2,2,3,1,1,1,2,2,2,1,3,4,4,2,3,2,3,3,4,4,4,2,2,2,2,4,5,1,2,1,3,2,3,2,3,3,3,2,2,1,2,1,1,1,2,2,5,1,1,4,4,2,2,1,3,2,3,3,3,4,5,1,2,4,5,3,3,2,4,1,1,2,2
"M145933",3,4,7,6,1,1,4,4,2,2,2,2,3,3,1,1,3,3,1,1,1,1,4,4,1,4,1,1,1,1,3,1,2,1,3,3,3,3,2,2,1,1,2,4,4,4,4,1,0,0,2,2,1,1,3,1,3,4,3,3,2,4,4,4,3,3,2,1,2,2,2,2,1,1,2,2,3,3,3,3,4,1,3,3,3,3,4,1,1,1,3,3,4,4,3,3,3,3,1,1,3,3,3,4,1,1,0,0,4,1,3,1,1,1,1,1,1,3,2,3,1,1,4,4,4,4,4,4,3,1,1,1,2,2,1,1,3,3,2,2,0,0,1,3,3,1,4,4,3,4,1,1,2,2,4,4,1,1,4,4,3,3,4,4,2,2,1,1,1,3,1,3,4,1,4,4,3,3,3,3,4,4,2,1,1,1,3,1,1,1,3,3,1,1,1,1,1,1,1,1,1,1,1,1,2,2,1,1,1,2,1,1,1,1,1,1,1,1,1,1,1,1,1,1,1,1,1,1,1,1,1,1,1,1,2,2,1,1,1,1,1,1,1,1,1,1,2,2,1,1,2,2,1,1,3,3,2,1,2,2,2,2,1,2,2,2,3,4,2,5,3,3,2,2,2,2,2,2,2,2,3,3,5,5,1,1,3,3,3,3,1,2,1,5,2,5,3,3,2,3,2,2,1,1,1,1,2,2,1,2,1,2,2,3,1,1,2,2,2,3,3,4,4,4,1,1,5,5,1,2,1,1,2,3,2,3,1,3,5,6,4,4,1,1,2,4,7,7,3,3,3,3,1,1,1,1,3,3,3,3,2,2,1,1,2,3,4,4,3,3,2,3,3,3,4,4,2,4,3,3,1,1,3,3,1,2,4,4,4,4,1,1,1,1,1,3,4,4,1,1,3,3,1,1,2,2,3,4,1,1,4,4,1,2,3,3,3,3,1,1,1,1,2,2,2,2,1,1,1,1,1,1,1,2,2,2,2,2,1,2,1,2,1,3,2,2,4,4,4,5,2,2,2,2,4,4,2,4,1,2,2,2,4,4,3,3,1,3,3,3,2,3,1,3,2,2,3,3,2,3,2,2,2,5,1,1,4,4,1,1,3,3,1,3,1,3,3,4,2,3,2,4,3,3,2,3,1,1,2,2
"M145934",4,4,7,6,1,1,1,1,2,2,2,2,1,1,2,1,3,3,1,1,2,1,4,4,1,4,1,3,1,1,3,3,2,2,3,1,3,3,2,2,1,1,4,4,1,4,4,1,1,1,2,4,4,4,1,1,3,4,3,3,4,4,3,4,3,3,1,1,2,2,2,2,4,4,2,2,3,3,3,3,4,4,1,3,3,3,4,1,1,1,3,3,4,4,1,3,3,3,1,1,3,3,3,4,3,1,2,2,4,4,3,1,2,1,1,1,1,3,2,2,1,1,4,4,2,2,4,4,1,1,2,2,4,4,1,1,3,3,2,4,2,2,1,3,1,1,4,4,3,3,1,1,2,1,4,4,1,1,4,4,3,3,1,1,2,2,1,1,1,1,3,3,4,1,4,4,1,3,3,3,4,4,1,1,1,1,3,1,1,1,1,1,1,1,1,1,1,1,1,1,1,1,1,1,1,1,1,1,2,2,2,2,1,2,1,2,1,1,1,2,1,1,2,2,2,1,1,2,1,1,1,1,1,1,2,2,1,1,1,1,1,1,1,1,1,1,2,2,1,1,2,2,1,1,3,3,2,1,2,2,2,2,1,4,2,2,3,3,5,5,3,3,2,2,2,2,1,3,1,3,3,4,2,3,1,1,3,3,3,3,1,3,5,5,2,5,2,3,3,3,2,2,1,2,1,1,1,1,1,2,1,3,2,2,1,3,2,2,2,2,2,4,4,4,1,1,5,5,1,1,1,1,3,3,2,3,3,3,4,6,4,4,1,1,3,3,2,2,3,3,3,3,1,1,2,2,3,3,3,3,3,3,3,4,2,3,4,4,2,2,2,3,1,1,4,4,2,2,3,3,1,1,3,3,1,1,2,7,6,6,1,1,1,2,3,3,4,4,2,2,2,3,1,1,2,3,3,3,1,1,1,5,1,1,3,3,1,3,1,3,1,1,1,1,2,2,1,1,1,1,3,3,2,2,2,2,2,2,3,4,1,1,1,3,2,2,4,4,4,4,2,3,2,2,3,4,4,4,2,2,2,2,4,4,3,5,3,3,3,3,2,3,3,3,2,2,3,3,1,1,2,2,2,2,1,1,1,4,1,2,3,4,2,2,3,5,3,5,2,2,4,4,2,4,2,3,1,1,2,2
"M145935",3,4,7,6,3,1,1,1,2,2,2,2,1,1,2,1,2,3,1,1,2,2,4,4,1,4,1,1,1,1,3,3,2,2,3,1,3,4,4,2,1,1,4,4,4,4,4,1,1,1,2,4,4,1,3,1,3,4,3,4,4,4,3,3,3,3,2,1,2,2,2,2,4,4,4,2,3,3,3,3,1,1,1,1,3,3,4,1,1,1,3,3,4,4,1,3,3,3,1,1,3,3,3,4,3,1,2,2,1,1,3,3,1,1,1,1,3,3,2,3,3,1,1,1,2,2,1,4,3,1,2,2,4,4,1,1,3,3,2,4,2,2,1,3,3,1,4,2,3,3,2,1,2,2,4,4,1,1,4,4,3,3,1,1,2,2,1,1,1,1,3,3,4,4,4,4,3,3,3,3,4,4,2,1,1,1,3,1,1,1,1,3,1,1,1,1,1,1,1,1,1,1,1,1,1,1,1,1,2,2,2,2,1,2,1,2,1,1,1,2,1,1,2,2,2,1,1,2,1,1,1,1,1,1,2,2,1,1,1,1,1,1,1,1,1,1,2,2,1,1,2,2,1,1,3,2,2,1,2,2,2,2,1,4,2,2,3,3,3,5,3,3,2,2,2,2,1,3,2,3,3,3,1,5,1,1,3,3,3,3,1,3,1,5,3,5,2,3,3,3,2,2,1,2,1,1,1,1,1,2,1,3,2,2,3,3,2,2,2,2,2,4,4,4,1,1,5,5,1,1,1,1,3,3,2,3,1,3,4,6,4,4,1,2,3,3,2,7,3,3,3,3,1,1,2,6,3,3,3,3,3,3,1,1,3,3,4,4,2,2,2,2,1,1,4,4,2,2,3,3,1,1,3,3,1,3,2,4,4,4,1,1,1,2,1,1,3,4,2,2,2,3,1,1,2,2,3,3,1,1,1,4,1,1,3,3,1,1,1,3,1,1,1,2,2,2,1,1,1,1,2,3,2,2,2,2,2,2,4,4,1,1,1,3,2,2,3,4,4,4,3,4,0,0,3,4,4,4,2,2,2,2,4,4,3,3,3,3,2,3,2,3,1,3,2,2,3,3,1,1,2,2,2,5,1,1,1,4,1,2,3,3,1,3,3,5,3,5,1,2,4,4,2,4,2,3,1,1,2,2
"M145936",3,4,7,6,3,1,4,1,2,2,2,2,1,1,2,1,3,3,1,4,2,2,4,4,1,1,1,1,3,1,3,1,1,1,3,1,3,3,2,2,1,1,2,4,4,4,1,1,1,1,2,2,4,4,1,1,4,4,3,3,4,4,3,3,3,3,1,1,2,2,2,2,4,1,4,2,3,3,3,1,4,1,1,1,3,3,4,1,1,1,3,3,4,4,1,3,3,3,1,1,3,3,3,4,1,1,2,2,4,1,3,3,2,1,1,1,3,3,2,2,1,1,4,1,2,4,1,4,3,1,2,1,4,4,1,1,1,3,4,4,2,1,1,1,1,1,4,4,4,4,1,1,2,2,2,4,1,1,4,2,3,3,1,1,2,2,1,1,1,1,1,1,4,4,2,4,3,3,2,3,4,4,2,1,3,1,3,1,1,3,1,1,1,1,1,1,1,1,1,1,1,1,1,1,1,1,1,1,2,2,2,2,1,2,1,2,1,1,1,2,1,1,1,2,2,1,1,2,1,1,1,1,1,1,2,2,1,1,1,1,1,1,1,1,1,1,2,2,1,1,2,2,1,1,3,3,1,1,2,2,2,2,1,3,2,2,3,3,5,5,3,3,1,2,2,3,1,2,1,3,4,5,2,3,1,1,3,3,1,3,1,3,5,5,2,5,3,3,3,3,2,2,1,2,1,1,1,2,1,2,2,2,2,2,3,3,2,2,2,2,2,4,4,4,1,1,5,5,1,2,1,4,3,3,3,3,3,4,4,5,4,4,1,1,3,4,2,2,3,3,3,3,1,1,2,6,3,3,3,3,2,3,1,1,2,3,4,4,2,2,1,2,1,3,4,4,2,2,3,3,1,1,3,3,1,2,2,4,1,4,1,2,1,1,3,3,4,4,1,2,1,3,1,1,2,3,1,3,1,1,4,4,1,1,3,3,3,3,1,1,1,1,1,1,2,2,1,1,1,1,2,3,2,2,2,2,2,2,2,4,1,1,2,3,2,2,4,4,1,4,3,4,2,2,4,4,4,4,2,2,2,2,4,4,3,3,1,3,2,2,3,3,3,3,2,2,3,3,1,3,2,2,2,2,1,1,4,4,1,2,3,4,3,3,5,5,3,4,2,2,3,4,2,3,2,2,1,1,2,2
"M145937",3,4,6,6,3,1,1,1,2,2,2,2,1,1,2,1,3,3,1,4,1,1,4,4,1,4,1,1,3,1,3,1,2,1,3,1,3,4,2,2,1,1,4,4,4,4,4,1,1,1,2,4,4,4,3,1,4,4,3,3,4,4,4,4,3,3,2,1,2,2,2,1,1,1,4,2,1,3,3,3,1,1,1,1,3,3,4,1,1,1,3,3,4,4,1,1,3,3,1,1,3,3,4,4,3,1,2,2,4,4,3,1,2,2,1,1,1,1,2,2,1,1,4,4,2,4,1,4,1,1,2,1,4,4,1,1,1,3,2,4,2,2,1,3,3,1,4,4,3,4,1,1,2,2,2,2,1,1,4,4,3,3,1,4,2,3,1,1,1,1,1,3,4,4,4,4,3,3,3,3,2,4,1,1,3,3,1,1,1,1,1,3,1,1,1,1,1,1,1,1,1,1,1,2,1,2,1,1,1,1,1,1,1,1,1,1,1,1,1,1,1,1,1,1,1,1,1,1,1,1,1,1,1,1,2,2,1,1,1,1,1,1,1,1,1,1,2,2,1,1,2,2,1,1,3,3,2,2,2,2,2,2,2,4,1,2,3,3,4,5,1,3,1,1,3,3,2,2,2,2,3,3,3,5,1,2,3,3,3,3,3,3,3,5,5,5,3,3,3,3,2,2,1,2,1,1,1,2,1,2,2,5,2,2,1,1,2,2,2,3,3,4,4,4,1,1,5,5,1,1,1,1,3,3,2,3,3,3,5,6,3,4,2,2,4,4,7,7,2,3,3,3,1,1,2,4,3,3,3,4,2,3,1,3,1,2,1,4,2,2,2,2,3,3,4,4,4,4,3,4,1,3,3,3,2,3,4,4,4,4,1,1,1,2,3,3,4,4,1,2,3,3,1,1,1,3,4,4,1,1,4,4,1,1,3,3,3,4,1,1,1,1,1,1,2,2,1,2,1,1,2,3,1,1,2,3,2,2,2,3,1,1,2,3,2,2,4,4,4,4,3,4,2,3,3,3,4,4,2,2,2,2,4,4,1,2,1,1,2,3,2,3,3,3,2,2,3,3,1,1,2,2,2,5,1,1,4,4,1,2,1,3,2,3,3,3,4,4,1,3,4,5,3,3,2,2,1,1,2,2
"M145938",4,4,6,6,3,3,1,1,2,2,2,2,1,1,1,1,0,0,1,1,2,2,4,4,1,1,1,1,3,1,1,1,2,2,3,3,3,3,4,4,2,1,2,4,1,4,4,1,3,1,4,4,4,4,3,3,3,3,3,4,4,4,3,4,3,3,1,1,2,2,2,2,4,1,2,2,1,3,3,3,1,1,1,3,3,3,4,1,1,1,3,3,4,4,1,3,1,3,1,1,3,3,3,4,3,3,2,2,1,1,1,1,1,1,4,1,1,3,2,3,3,1,4,1,2,4,1,4,3,1,2,1,4,4,1,1,1,3,2,4,2,2,1,1,1,1,4,4,3,4,1,1,2,2,4,4,1,1,2,2,3,3,1,1,2,3,1,1,1,3,1,3,4,4,4,4,1,3,3,3,4,4,2,2,3,3,3,3,1,1,1,3,1,1,1,1,1,1,1,1,1,1,1,1,1,1,1,1,2,2,1,1,1,1,1,1,1,1,1,1,1,1,1,1,1,1,1,1,1,1,1,1,1,1,2,2,1,1,1,1,1,1,1,1,1,1,2,2,1,1,2,2,1,1,3,2,2,1,2,2,2,2,3,4,2,2,3,4,4,5,3,3,2,2,2,3,1,2,1,2,3,3,1,5,1,1,3,3,2,3,1,3,4,5,2,3,3,3,3,3,2,2,1,1,1,1,2,4,1,2,1,2,2,2,1,2,2,2,3,3,3,4,4,4,1,1,2,5,1,1,3,4,1,2,2,2,2,3,5,6,4,4,1,3,4,4,2,7,3,3,3,3,1,1,1,2,3,3,3,3,2,2,3,4,2,3,3,4,2,2,2,3,1,1,4,4,2,4,3,4,1,3,2,3,3,3,4,4,1,6,1,1,1,2,3,4,3,4,1,1,1,3,1,1,3,3,1,4,1,1,4,5,1,1,3,3,3,3,1,1,1,1,1,2,2,2,1,1,1,1,2,3,2,2,2,2,2,2,2,3,1,2,1,2,2,2,4,4,4,4,3,4,0,0,3,4,4,6,1,2,2,2,4,4,1,3,1,2,3,3,2,3,3,3,2,2,3,3,1,2,2,2,2,2,1,1,4,4,1,2,1,3,3,3,3,6,4,5,2,3,3,5,3,3,2,2,1,1,2,2
"M145939",4,4,6,6,3,3,4,1,2,2,2,2,1,1,1,1,3,3,1,1,2,2,4,4,1,4,1,3,1,1,3,1,2,1,3,1,3,3,4,4,1,1,2,4,4,4,1,1,1,1,2,2,4,4,3,1,3,3,3,3,4,4,3,4,3,3,1,1,2,2,2,1,4,1,2,2,1,3,3,3,1,1,1,3,3,3,4,4,1,1,1,1,4,4,1,3,1,3,3,3,3,3,3,3,3,3,2,2,4,1,3,3,1,1,1,1,1,3,3,3,1,1,4,4,4,4,4,4,3,3,2,2,4,4,1,1,1,1,2,2,2,1,1,3,1,1,4,2,3,4,2,2,2,1,2,4,0,0,4,2,3,3,1,4,2,2,1,1,1,3,1,3,4,4,4,4,1,3,3,3,2,4,2,2,3,3,3,1,1,1,1,3,1,1,1,1,1,1,1,1,1,1,1,1,2,2,1,1,2,2,1,1,1,1,1,1,1,1,1,1,1,1,1,1,1,1,1,1,1,1,1,1,1,1,2,2,1,1,1,1,1,1,1,1,1,1,2,2,1,1,2,2,1,1,3,2,2,1,2,2,2,2,2,3,2,2,3,3,4,5,1,3,1,2,2,2,1,2,1,1,3,3,3,5,1,1,3,3,3,3,1,2,1,4,3,5,3,3,3,3,2,2,1,1,1,1,2,4,2,2,2,2,2,3,1,3,2,2,2,3,3,3,3,4,1,1,5,5,1,2,1,4,1,2,2,3,3,3,5,5,4,4,1,1,3,3,7,7,2,3,3,3,1,1,5,6,2,3,3,3,2,3,1,3,2,3,3,4,2,2,2,2,3,3,4,4,2,4,3,3,1,1,3,3,3,3,4,7,1,6,1,1,1,2,1,3,4,4,1,2,1,1,1,1,3,3,3,3,1,1,5,5,1,1,3,5,3,3,1,3,1,1,1,2,2,2,1,1,1,1,3,3,1,2,2,2,2,2,3,3,1,1,1,3,2,2,4,4,4,4,2,4,2,2,4,4,4,4,2,2,2,2,4,4,1,3,3,3,3,3,2,2,3,3,2,2,3,3,1,2,1,2,2,2,1,1,4,4,1,1,1,4,3,3,5,5,3,5,2,2,4,4,3,4,2,2,1,1,2,2
"M145940",3,4,7,6,3,3,4,1,2,2,2,2,1,1,2,1,2,3,1,4,2,2,4,4,1,1,1,1,1,1,1,1,2,2,1,1,3,3,4,2,2,1,2,4,4,4,1,1,3,3,2,4,4,1,3,1,3,3,3,4,2,4,4,4,3,3,1,1,2,2,2,1,4,1,2,2,3,3,3,3,1,1,1,1,3,3,4,1,2,1,3,3,4,4,3,3,1,3,1,1,3,3,3,4,1,1,2,2,4,1,3,3,2,1,4,1,1,3,2,3,1,1,4,4,2,4,4,4,3,3,2,2,4,4,1,1,3,3,2,4,1,1,1,3,1,1,4,4,3,3,2,1,2,2,4,4,1,1,4,2,3,3,1,1,2,2,3,3,1,3,1,3,4,4,4,4,3,3,3,3,2,4,2,2,3,1,1,1,1,3,3,3,1,1,1,1,1,1,1,1,1,1,1,1,1,1,1,1,2,2,0,0,1,1,1,1,1,1,1,1,1,1,1,2,1,1,1,1,1,1,1,1,1,1,1,2,1,1,1,1,1,1,1,1,1,1,2,2,1,1,2,2,1,1,1,3,1,1,2,2,2,2,2,3,2,2,2,3,5,5,3,3,2,2,2,2,1,7,2,2,3,5,2,3,1,2,3,3,2,2,2,3,5,5,5,5,3,3,3,3,2,2,2,2,1,1,1,2,1,1,2,2,2,2,1,1,2,2,2,3,4,4,2,4,1,1,5,5,1,2,1,4,2,3,2,3,2,3,5,6,4,4,1,3,4,4,7,7,3,3,3,3,1,1,2,6,3,3,3,3,2,2,1,3,2,3,3,4,2,2,1,2,3,3,4,4,2,4,3,4,3,3,3,3,2,3,4,7,1,4,1,1,1,1,1,3,3,4,2,2,2,3,1,1,2,3,3,3,1,1,4,4,1,1,3,3,1,4,1,1,1,1,2,2,1,2,1,2,1,1,2,3,1,2,2,3,2,3,3,3,1,2,2,3,2,2,4,4,4,4,3,3,2,2,3,4,4,4,2,2,2,2,4,4,1,1,3,3,2,3,2,2,2,3,2,2,3,3,1,3,2,2,2,2,1,1,4,4,1,1,3,4,1,3,3,3,4,5,1,2,4,4,2,2,2,2,1,1,2,2
"M145941",3,4,6,6,3,1,4,1,2,2,2,2,1,1,2,1,3,3,1,4,2,2,4,4,1,1,1,1,3,1,3,1,1,1,3,1,3,3,4,2,1,1,2,2,4,4,1,1,1,1,2,2,4,4,1,1,3,4,3,4,2,4,3,3,3,3,1,1,2,1,2,2,4,4,4,2,1,3,3,3,1,1,1,3,3,3,4,1,1,1,3,3,4,4,1,3,3,3,1,1,3,3,3,3,3,1,2,2,4,1,3,1,2,1,1,1,3,3,2,2,1,1,4,1,2,4,1,4,3,1,2,1,2,4,1,1,1,3,4,4,2,1,1,1,1,1,4,4,3,4,2,1,2,1,2,4,1,1,4,2,3,3,1,1,2,2,1,1,1,1,1,1,4,1,4,4,3,3,2,3,4,4,2,1,3,1,3,1,3,3,1,1,1,1,1,1,1,1,1,1,1,1,1,1,1,1,1,1,2,2,0,0,1,2,1,2,1,1,1,2,1,1,1,2,2,1,1,2,1,1,1,1,1,1,2,2,1,1,1,1,1,1,1,1,1,1,2,2,1,1,2,2,0,0,3,3,1,1,2,2,2,2,1,4,2,2,3,3,5,5,3,3,1,2,2,3,1,2,2,3,3,3,5,5,1,1,3,3,1,3,3,3,5,5,2,5,3,3,3,3,2,2,2,2,1,1,1,2,1,2,2,3,2,2,3,3,2,2,2,2,2,4,4,4,1,1,5,5,1,2,1,1,3,3,3,3,1,3,4,6,4,4,1,1,3,3,2,2,3,3,3,3,1,1,6,6,3,3,3,3,0,0,1,1,2,3,4,4,2,2,2,2,1,1,4,4,2,2,3,3,3,3,3,3,2,2,1,4,1,1,1,2,1,1,1,1,4,4,1,2,1,3,1,1,2,2,1,3,1,1,4,4,1,1,3,3,3,3,1,1,1,1,1,1,2,2,1,1,1,1,3,3,2,2,2,2,2,2,2,4,1,1,1,1,2,2,3,4,1,4,3,4,3,3,3,4,4,4,2,2,2,2,4,4,3,3,3,3,2,2,3,3,3,3,2,2,3,3,1,3,2,2,2,5,1,1,4,4,1,2,3,3,2,3,5,5,3,4,2,2,3,4,2,3,2,2,1,1,2,2
"M145942",3,4,7,6,3,1,4,1,2,1,2,2,1,3,2,2,0,0,1,1,2,2,4,4,4,4,1,3,1,1,3,3,1,1,3,3,3,3,2,2,1,1,2,4,4,4,1,1,1,1,2,4,4,1,3,1,3,4,3,3,4,4,4,4,1,3,2,1,2,2,2,2,4,1,2,2,1,3,3,3,4,4,1,3,3,3,4,4,1,1,3,3,2,4,3,3,3,3,3,1,3,1,3,3,3,1,2,2,4,1,3,1,2,2,4,1,1,3,3,3,1,1,4,4,4,4,1,1,3,3,2,1,2,4,1,1,3,3,2,2,2,1,1,1,1,1,4,4,4,4,1,1,2,2,2,4,2,1,4,4,3,3,4,4,2,3,1,1,1,1,1,1,4,4,4,4,3,3,3,3,4,4,1,1,1,1,3,1,1,1,3,3,2,2,1,2,1,2,1,2,1,2,1,1,1,2,1,1,2,2,2,2,2,2,2,2,1,1,2,2,1,1,2,2,2,2,2,2,1,1,1,1,1,1,1,2,1,1,1,1,1,1,1,1,1,1,2,2,1,1,2,2,1,1,3,3,1,1,2,2,2,2,3,3,2,2,3,3,5,5,1,3,1,2,2,2,2,2,1,2,3,3,3,5,1,2,3,3,3,3,3,3,1,1,5,5,2,2,3,3,2,2,2,2,1,1,2,4,2,2,1,2,2,3,1,1,2,2,2,3,3,4,4,4,1,1,5,5,2,2,1,3,3,3,2,2,1,3,5,5,3,4,1,3,3,4,7,7,3,3,3,3,1,1,1,2,3,3,3,4,3,3,1,3,2,2,1,4,2,2,1,1,3,3,2,4,2,4,3,3,1,3,3,3,2,3,4,4,6,6,1,1,1,2,1,5,4,4,1,2,3,3,1,1,3,3,3,4,1,1,4,5,1,1,3,3,1,3,1,1,1,2,1,2,2,2,1,1,1,1,3,3,1,2,2,2,2,2,3,4,1,1,1,3,2,2,1,4,4,4,3,4,2,2,3,3,4,4,2,2,1,2,4,4,3,3,1,3,3,3,3,3,3,3,2,2,1,3,1,1,2,2,2,2,1,1,4,5,1,1,3,3,1,3,1,3,3,4,2,2,3,4,4,4,2,3,1,1,2,2
"M145943",3,4,6,6,1,1,4,1,2,2,2,3,1,3,2,2,3,3,1,1,2,2,4,4,1,4,1,1,3,1,1,1,1,1,3,3,3,3,4,4,2,1,4,4,4,4,4,1,3,1,2,2,1,1,3,3,3,3,3,3,2,2,3,4,3,3,2,1,2,2,2,2,4,1,2,2,1,1,3,3,1,1,1,1,3,3,1,1,1,1,3,3,4,4,1,1,3,3,1,1,3,1,4,4,3,1,0,0,4,4,3,1,2,1,4,1,1,3,2,2,1,1,1,1,2,4,1,4,3,3,1,1,4,4,1,1,3,3,2,2,1,1,1,1,3,1,4,2,3,4,2,1,2,2,2,4,1,1,4,2,3,3,1,4,2,2,1,1,1,1,1,3,4,4,4,4,3,3,3,3,2,4,2,1,3,1,3,1,1,3,1,3,1,1,1,1,1,1,1,1,1,1,1,1,1,1,1,1,2,2,0,0,1,2,1,2,1,1,1,2,1,1,1,2,2,1,1,2,1,1,1,1,1,1,2,2,1,1,1,1,1,1,1,1,1,1,2,2,1,1,2,2,1,1,3,3,2,1,2,2,2,2,1,4,1,2,1,3,4,4,3,3,1,2,3,3,7,7,1,2,3,3,1,3,1,2,3,3,1,1,1,3,1,1,2,5,2,3,3,3,2,2,1,2,1,1,2,4,1,1,2,2,2,2,1,1,2,2,2,2,3,3,4,4,1,1,5,5,1,1,3,4,2,3,3,3,2,3,5,5,4,4,1,1,2,3,2,7,3,3,3,3,1,2,1,6,3,3,3,3,3,3,1,1,2,3,4,4,2,2,2,3,1,3,4,4,2,2,3,3,1,1,2,3,1,2,4,5,1,6,1,1,1,1,1,5,4,4,1,2,3,3,1,1,2,3,3,3,1,1,3,4,1,1,3,3,3,3,1,1,1,1,1,2,2,2,1,1,1,1,3,3,2,2,2,5,2,2,3,4,1,1,1,2,2,2,4,4,4,4,3,3,2,2,3,4,4,4,2,2,2,2,4,4,1,3,3,3,3,3,2,3,3,3,2,2,3,3,1,1,2,2,2,2,1,1,4,4,2,2,4,4,1,2,3,5,4,4,2,3,3,4,3,3,2,3,1,1,2,2
"M145944",3,3,6,6,3,3,4,1,2,2,2,2,1,3,2,1,3,3,1,4,2,2,4,4,1,1,1,1,3,1,1,1,1,1,3,1,3,3,2,2,2,1,2,2,4,4,4,4,1,1,2,2,4,1,3,1,3,4,3,4,2,4,4,4,1,3,2,1,2,2,2,2,1,1,2,2,3,3,3,3,4,1,1,1,3,3,4,1,2,1,3,3,4,4,1,3,3,3,1,1,3,3,4,4,3,1,2,2,4,1,1,1,2,1,1,1,0,0,2,3,1,1,4,1,2,4,4,4,3,3,2,1,2,4,1,1,1,3,2,4,1,1,3,3,3,1,4,4,3,3,1,1,2,1,4,4,2,1,4,2,3,3,4,4,2,2,1,3,1,1,1,3,4,4,4,4,3,3,3,3,2,4,2,2,3,1,3,1,1,1,3,3,1,1,1,1,1,1,1,1,1,1,1,1,1,2,1,1,2,2,0,0,1,2,1,2,1,1,1,2,1,1,1,2,2,1,1,2,1,1,1,1,1,1,2,2,1,1,1,1,1,1,1,1,1,1,2,2,1,1,2,2,1,1,3,2,2,1,2,2,2,2,1,2,2,2,3,3,1,5,3,3,2,2,2,2,2,2,2,2,3,4,1,5,1,1,3,3,2,3,3,3,1,1,3,5,3,3,1,3,2,2,2,2,1,1,2,2,1,1,2,5,2,2,1,3,2,2,2,2,3,3,2,4,1,1,1,5,1,1,1,4,2,3,2,3,2,3,5,6,4,4,1,3,2,4,7,7,3,3,3,4,1,1,1,6,3,3,2,3,2,3,1,4,2,2,3,4,2,3,1,2,3,3,4,4,2,2,3,4,1,3,3,3,2,2,4,5,4,6,1,1,1,2,3,3,3,4,1,1,2,2,1,1,2,3,1,3,1,1,1,4,1,1,3,3,1,3,1,1,1,1,1,2,2,2,1,1,1,1,2,3,1,1,2,2,2,2,3,3,1,1,1,1,2,2,4,4,4,4,3,4,2,2,4,4,4,4,2,2,2,2,4,4,1,3,1,2,3,3,3,3,3,3,2,2,3,4,1,2,2,2,2,2,1,1,4,4,1,2,3,3,1,2,1,3,4,4,1,2,4,4,4,4,2,3,1,1,2,2
"M145945",3,4,6,6,1,1,4,1,2,1,2,2,1,1,1,1,3,3,1,1,2,2,4,4,1,4,1,1,3,3,3,1,2,1,3,1,3,4,2,2,1,1,4,4,4,4,1,1,1,1,4,4,4,4,3,1,3,4,3,3,2,4,3,4,3,3,2,1,2,2,2,2,4,4,4,2,1,1,3,1,4,1,1,1,1,3,4,4,2,1,3,3,4,4,1,3,1,3,1,1,3,1,4,4,3,1,2,2,4,1,3,3,2,1,1,1,1,3,2,3,3,3,4,1,4,4,4,4,3,1,1,1,2,4,1,1,1,3,2,4,2,1,1,1,1,1,4,4,3,4,2,1,2,2,4,4,2,1,4,2,1,3,1,1,2,2,1,3,1,3,3,3,4,1,2,4,3,3,3,3,2,4,2,1,3,1,1,1,1,1,3,3,1,1,1,1,1,1,1,2,1,1,1,2,1,1,1,1,1,1,1,1,1,1,1,1,1,1,1,1,1,1,1,1,1,1,1,1,1,1,1,1,1,1,2,2,1,1,1,1,1,1,1,1,1,1,2,2,1,1,2,2,1,1,2,2,2,1,2,2,2,2,1,3,2,3,1,3,5,5,3,3,2,2,2,2,2,2,1,2,3,5,3,5,1,1,3,3,3,3,3,3,1,5,2,5,2,3,3,3,2,2,1,1,1,1,2,2,1,1,2,2,2,2,1,3,2,2,3,3,2,3,3,3,1,3,5,5,1,2,1,3,3,3,3,3,3,3,5,6,4,4,1,2,2,4,7,7,3,3,3,3,1,1,1,1,3,3,3,3,3,3,1,3,2,3,3,3,2,2,1,2,1,3,4,4,2,2,3,3,1,1,2,3,1,3,4,4,1,4,1,2,1,1,1,1,4,4,2,2,1,5,1,1,3,3,1,4,1,1,4,5,1,2,2,3,3,3,3,3,1,1,2,2,2,2,1,1,1,1,3,3,2,2,2,2,2,2,2,3,2,2,2,3,2,2,4,4,4,4,3,4,2,2,3,3,4,4,2,2,1,2,4,4,3,3,1,3,3,3,3,3,3,3,2,2,3,3,1,1,2,2,2,5,1,1,4,4,2,2,1,3,1,2,3,3,4,4,2,3,3,5,3,4,2,3,1,1,2,2
"M145946",3,4,6,6,3,1,4,4,2,2,2,2,1,3,2,2,2,2,1,1,2,2,4,4,1,1,1,3,3,1,3,1,2,1,3,3,3,4,4,2,1,1,2,4,4,4,1,1,3,1,2,4,4,4,1,1,3,4,3,3,2,4,4,4,3,3,2,1,2,2,2,2,4,1,4,2,1,3,3,1,4,1,1,1,3,3,4,4,1,1,1,1,4,4,1,3,1,3,1,1,3,3,3,4,3,3,2,2,4,1,3,3,2,1,1,1,1,3,2,2,3,1,4,4,2,2,1,4,3,1,2,2,4,4,1,1,3,3,2,2,1,1,1,1,1,1,4,4,3,4,2,1,2,2,4,4,2,1,4,4,3,3,1,4,2,2,1,3,1,1,1,3,4,4,4,4,3,3,2,3,2,4,2,2,1,1,1,1,1,3,1,3,1,1,1,1,1,1,1,1,1,1,1,2,1,1,1,1,1,2,0,0,1,1,1,1,0,0,1,1,1,1,1,1,1,1,1,1,1,1,1,1,1,1,1,2,1,1,1,1,1,1,1,1,0,0,2,2,1,1,2,2,1,1,3,3,1,1,1,2,2,2,1,3,2,2,3,3,5,5,3,3,2,2,2,3,2,2,1,2,3,3,5,5,1,1,3,3,2,3,1,3,4,5,2,5,3,3,1,3,2,2,1,1,1,1,2,2,1,2,2,2,2,2,1,1,2,2,3,3,2,4,2,4,1,1,5,5,1,2,1,4,3,3,2,2,3,3,5,6,1,3,1,1,2,4,7,7,3,3,3,3,1,1,4,6,3,3,1,3,3,3,3,4,2,2,4,4,2,2,2,2,1,3,4,4,2,2,3,4,3,3,3,3,2,3,4,7,1,4,1,1,2,2,1,3,3,4,1,2,1,3,1,1,2,3,1,3,1,1,4,4,1,1,3,3,3,3,1,1,1,1,1,2,2,2,1,2,1,1,3,3,2,2,2,5,2,2,2,3,1,1,1,1,2,2,4,4,4,4,3,4,0,0,3,3,4,4,2,2,2,2,4,4,3,3,1,3,3,3,2,3,1,3,2,2,3,3,1,4,1,2,2,2,1,1,4,4,1,1,3,3,2,3,3,5,3,3,1,2,4,4,4,4,2,3,1,1,2,2
"M145947",4,4,6,6,3,1,4,1,2,1,2,3,1,3,1,1,0,0,1,1,2,2,4,4,1,4,1,1,1,1,1,1,2,1,3,3,3,4,2,2,1,1,4,4,4,4,4,1,0,0,2,2,4,4,3,1,3,4,3,3,4,4,3,4,3,3,2,1,2,2,2,2,1,1,4,2,1,1,3,3,1,1,1,1,3,3,4,1,1,1,3,3,4,4,1,1,1,3,1,1,3,3,3,4,3,1,2,2,4,1,3,3,1,1,1,1,1,1,2,3,1,1,1,1,2,2,1,4,3,3,2,2,2,4,1,1,1,3,4,4,2,2,1,3,1,1,4,2,3,4,1,1,2,2,4,4,1,1,4,4,1,3,1,1,2,2,1,3,1,1,3,3,4,4,4,4,1,3,3,3,4,4,2,1,3,3,3,1,1,1,1,3,0,0,1,1,1,1,1,1,1,1,0,0,0,0,1,1,2,2,0,0,1,2,0,0,1,1,0,0,1,1,0,0,2,1,2,2,1,1,0,0,0,0,2,2,0,0,1,1,1,1,1,1,0,0,2,2,1,1,2,2,0,0,4,4,1,1,2,2,2,2,1,4,2,2,0,0,5,5,3,3,2,2,3,3,0,0,2,2,3,3,1,1,1,1,3,3,3,3,2,2,0,0,3,3,0,0,3,3,2,2,1,1,1,1,1,2,1,2,2,5,2,2,1,1,2,2,2,2,2,2,2,4,1,1,0,0,2,2,0,0,2,3,3,3,1,1,0,0,0,0,0,0,4,4,0,0,3,3,3,3,1,1,1,1,3,3,1,3,0,0,1,3,2,2,4,4,2,2,1,2,0,0,4,4,5,5,0,0,1,3,2,3,3,3,7,7,1,1,0,0,1,1,0,0,0,0,0,0,3,3,0,0,2,3,3,3,1,1,0,0,1,2,0,0,1,4,1,1,1,1,1,2,2,2,0,0,1,1,2,3,0,0,2,2,2,2,0,0,1,1,3,3,2,2,4,4,0,0,0,0,2,2,3,4,4,4,2,2,2,2,2,4,3,3,1,1,2,3,2,3,0,0,2,2,3,3,0,0,2,2,2,2,1,1,4,4,2,2,3,3,2,2,3,3,3,3,0,0,3,5,0,0,2,2,1,1,2,2
"M145948",4,4,6,6,3,1,1,1,2,2,2,2,1,3,1,1,0,0,1,4,2,2,4,4,1,4,1,1,3,1,3,1,2,1,3,3,3,3,4,2,1,1,2,4,4,4,1,1,3,3,4,4,4,4,3,3,3,3,3,4,4,4,4,4,3,3,2,1,2,1,2,2,4,1,2,2,1,1,3,3,4,1,1,1,1,3,4,1,1,1,3,3,4,4,0,0,1,1,1,1,3,3,4,4,3,3,2,2,4,4,3,3,1,1,1,1,1,3,2,2,3,1,4,1,4,4,1,4,3,1,2,1,4,4,1,1,3,3,2,4,1,1,1,3,1,1,4,4,4,4,1,1,2,1,2,4,1,1,4,4,3,3,1,1,2,2,1,3,1,3,3,3,4,4,4,4,3,3,3,3,2,4,2,1,3,3,3,1,1,1,3,3,1,1,1,1,1,1,1,1,1,1,1,2,1,2,1,1,1,2,0,0,1,2,1,2,1,1,2,2,1,1,1,2,2,1,1,2,1,1,1,1,1,1,2,2,1,1,1,1,1,1,1,1,1,1,2,2,1,1,2,2,1,1,2,2,1,1,2,2,2,2,3,3,2,2,3,3,2,5,3,3,1,2,2,2,1,2,2,2,3,3,1,5,1,1,3,3,3,3,2,3,1,1,2,5,2,2,1,3,2,2,1,2,1,1,2,5,2,2,2,2,2,2,1,2,2,2,2,3,2,3,4,4,1,1,5,5,1,1,3,3,3,3,2,3,3,3,5,6,4,4,1,1,2,4,7,7,3,3,3,3,1,1,1,6,3,3,1,3,3,3,1,4,2,2,4,4,2,2,2,2,1,2,4,4,2,4,3,3,3,3,3,3,1,1,4,7,4,6,1,1,1,1,3,4,4,4,2,2,1,3,1,1,3,3,1,1,1,1,4,4,1,1,3,3,3,3,1,1,1,1,1,2,1,2,1,1,1,1,3,3,2,2,2,3,2,2,2,4,1,2,1,2,2,2,3,4,4,4,3,4,2,2,3,4,4,4,2,2,2,2,4,5,3,3,3,3,3,3,2,3,1,1,2,2,3,3,1,1,2,2,2,5,1,1,4,4,1,1,3,3,1,2,1,5,3,4,2,2,4,4,3,3,2,2,1,1,2,2
"M145949",4,4,6,6,3,1,4,4,2,2,2,2,1,3,2,1,3,3,1,1,2,1,4,4,1,1,1,1,1,1,3,1,2,2,3,3,3,4,4,2,1,1,2,4,4,4,4,1,1,1,2,2,4,4,1,1,3,4,3,3,4,4,3,4,3,3,2,1,2,2,2,2,4,4,4,2,1,3,3,1,1,1,1,1,3,3,4,4,1,1,1,3,4,4,1,3,3,3,1,1,3,3,3,3,3,1,2,2,4,1,1,1,2,1,1,1,1,3,2,3,1,1,4,1,2,4,1,4,1,1,1,1,4,4,1,1,3,3,2,2,0,0,1,1,3,1,4,2,3,3,2,2,2,2,4,4,1,1,4,4,3,3,1,1,2,2,3,3,1,3,3,3,4,4,4,4,3,3,2,2,2,4,2,1,1,1,3,1,1,3,1,3,1,1,1,1,1,1,1,1,1,1,1,2,1,1,1,1,2,2,0,0,1,1,1,1,1,1,1,1,1,1,1,2,1,1,1,1,1,1,1,1,1,1,1,1,1,1,1,1,1,1,1,1,1,1,2,2,1,1,2,2,1,1,1,3,1,1,1,2,2,2,1,2,2,2,3,3,5,5,2,3,2,2,2,3,2,2,2,2,3,3,5,5,1,1,3,3,1,2,2,3,1,1,2,5,2,2,3,3,2,2,1,1,1,1,1,2,1,2,2,3,1,2,3,3,2,2,2,2,2,2,2,4,1,1,5,5,1,2,1,4,3,3,2,2,3,3,5,6,1,5,1,1,2,4,7,7,2,3,3,3,1,1,2,6,3,3,3,3,3,3,1,1,1,2,4,4,1,2,1,3,3,3,4,4,2,2,3,4,1,1,3,3,1,2,7,7,4,6,1,1,1,2,1,1,4,4,1,2,1,1,1,1,2,3,1,3,1,1,4,4,1,1,3,3,3,3,1,1,1,1,1,2,2,3,1,2,1,1,2,3,2,2,5,5,2,2,2,3,1,3,1,2,2,2,4,4,4,4,3,3,2,2,4,4,4,6,2,2,2,2,4,4,3,3,3,3,2,3,2,3,1,3,2,2,3,3,1,1,1,2,2,5,1,1,4,4,1,2,3,3,3,3,3,3,3,5,1,1,3,4,4,4,2,2,1,1,2,2
"M145950",3,4,7,6,3,3,1,1,2,2,2,2,1,1,2,1,0,0,1,1,2,2,4,4,1,1,1,1,1,1,1,1,2,2,3,3,3,4,4,4,1,1,2,4,4,4,1,1,3,3,4,4,4,1,3,1,3,4,4,4,2,4,4,4,3,3,1,1,2,2,2,1,1,1,2,2,3,3,3,3,1,1,1,1,3,3,4,1,1,1,3,3,4,4,1,3,1,3,1,1,3,3,3,4,1,1,2,2,4,4,3,3,2,1,4,1,0,0,2,3,1,1,4,1,2,4,1,4,3,3,2,2,4,4,1,1,1,1,2,4,1,1,3,3,1,1,4,4,4,4,2,2,2,2,4,4,1,1,4,4,3,3,1,1,2,2,1,3,1,3,1,3,4,1,4,4,3,3,3,3,2,4,2,2,3,1,3,1,1,1,1,3,1,1,1,1,1,1,1,1,1,1,1,1,1,1,1,1,2,2,0,0,1,1,1,1,1,1,1,1,1,1,1,2,1,1,1,1,1,1,1,1,1,1,2,2,1,1,1,1,1,1,1,1,1,1,2,2,1,1,2,2,1,1,1,1,1,1,2,2,2,2,3,4,2,2,3,3,2,5,3,3,2,2,2,2,1,2,2,2,3,5,5,5,1,2,3,3,2,3,2,3,5,5,5,5,3,3,3,3,2,2,1,2,1,1,2,4,1,1,2,2,2,2,1,1,2,2,2,3,3,4,2,4,1,1,5,5,1,1,1,4,2,3,2,2,3,3,5,6,4,4,2,3,4,4,7,7,3,3,3,3,1,2,2,6,3,3,3,3,0,0,1,4,3,3,3,4,2,2,1,2,3,3,4,4,2,4,4,4,1,1,3,3,1,2,4,7,1,1,1,1,1,1,3,5,4,4,2,2,1,2,1,1,2,3,3,3,1,1,4,4,1,1,3,3,3,4,1,1,1,1,2,2,2,2,1,1,1,1,2,2,1,2,2,2,2,3,3,4,1,2,1,1,2,2,3,4,4,4,2,3,2,2,3,4,2,2,2,2,2,2,4,5,1,3,1,3,2,3,2,3,3,3,2,2,3,3,1,3,1,2,2,2,1,1,4,4,1,2,1,4,1,2,3,3,4,5,2,2,4,4,2,4,2,2,1,1,2,2
"M145951",3,4,7,6,3,1,1,1,2,2,2,2,1,1,2,1,3,3,1,4,2,1,4,4,1,4,1,1,3,1,3,3,1,1,3,3,3,3,4,2,1,1,2,4,4,4,1,1,1,1,2,2,4,1,3,1,3,4,3,4,4,4,3,4,1,3,2,1,2,2,2,2,4,1,4,2,3,3,3,3,1,1,3,3,3,3,1,1,1,1,1,3,2,4,1,3,3,3,3,1,3,3,3,4,3,3,2,2,1,1,3,1,1,1,1,1,1,3,2,3,3,1,4,1,2,4,1,4,3,1,2,2,4,4,2,1,3,3,2,4,1,1,1,3,3,1,2,2,3,3,1,1,2,2,4,4,2,1,4,2,3,3,1,1,2,3,1,3,1,3,3,3,4,4,2,4,3,3,2,3,2,2,2,1,3,3,3,3,1,1,1,3,1,2,1,2,1,2,1,2,1,2,1,2,1,2,1,1,1,2,0,0,2,2,2,2,1,1,2,2,1,1,2,2,2,2,2,2,1,1,1,1,1,1,2,2,1,1,1,1,1,1,1,1,1,1,2,2,1,1,2,2,1,1,3,3,1,1,2,2,2,2,3,3,2,2,3,3,3,5,3,3,2,2,2,3,2,2,1,2,3,3,3,5,1,2,3,3,3,3,3,3,1,5,2,5,2,3,3,3,2,2,1,2,1,1,1,4,1,2,2,2,2,2,1,3,2,2,2,2,3,4,2,4,1,1,5,5,1,1,3,4,3,3,2,2,3,3,5,5,3,4,1,2,4,4,7,7,3,5,3,3,1,2,2,6,3,3,3,3,2,3,1,4,2,3,2,4,2,2,2,2,1,1,4,4,2,4,3,3,1,3,2,3,3,3,4,4,4,4,1,1,1,2,1,1,4,4,1,2,1,1,1,1,2,3,3,3,1,1,3,5,1,1,3,3,1,1,1,1,1,2,1,2,2,2,1,1,1,1,2,3,2,2,2,2,2,3,3,3,1,3,1,3,2,3,2,4,4,4,3,4,2,2,4,4,2,4,2,2,1,2,4,4,2,3,3,3,2,3,2,2,1,3,2,2,3,3,1,1,2,2,2,2,1,1,4,4,1,1,1,4,3,3,5,5,3,4,2,3,3,4,4,4,2,2,1,1,2,2
"M145952",4,4,6,6,3,3,4,1,2,2,2,2,1,1,2,1,3,3,1,4,2,1,4,4,1,4,1,1,1,1,1,1,1,1,3,1,3,4,2,2,1,1,2,4,1,4,1,1,3,3,4,4,4,1,1,1,4,4,3,3,2,4,3,4,3,3,1,1,2,2,2,2,4,1,2,2,1,1,3,3,4,1,1,1,3,3,1,1,1,1,3,3,4,4,1,3,3,3,3,1,3,1,4,4,3,3,2,2,4,1,3,1,2,1,1,1,1,3,2,3,0,0,4,4,4,4,1,4,3,1,1,1,4,4,1,1,3,3,2,4,2,1,1,3,3,1,4,4,3,4,1,1,2,2,2,4,1,1,4,2,3,3,1,4,2,2,1,3,1,1,1,3,4,4,4,4,3,3,3,3,2,4,2,1,3,3,1,1,1,3,3,3,1,1,1,1,1,1,1,1,1,1,1,2,1,2,1,1,1,2,1,1,1,1,1,1,1,1,1,1,1,1,1,1,1,1,1,1,1,1,1,1,1,1,2,2,1,1,1,1,1,1,1,1,1,1,2,2,1,1,2,2,1,1,1,3,2,1,2,2,2,2,2,4,1,2,4,4,5,5,3,3,1,2,2,2,2,7,2,2,3,3,3,5,1,1,3,3,2,3,3,3,1,5,5,5,3,3,3,3,2,2,1,1,1,3,1,2,1,2,2,3,2,2,1,3,2,2,2,3,3,4,4,4,1,1,5,5,1,1,1,4,3,3,2,3,2,3,5,6,4,4,1,2,4,4,7,7,3,3,3,3,1,1,2,4,3,3,3,3,2,3,1,3,2,3,1,4,2,2,1,2,1,3,4,4,2,4,4,4,1,3,3,3,2,2,4,5,1,1,1,1,1,1,1,3,3,4,1,2,1,3,1,2,3,3,3,3,1,1,4,4,1,1,3,3,2,3,1,1,1,1,1,1,2,2,1,1,1,1,3,3,2,2,2,2,2,2,1,3,1,1,2,2,2,2,4,4,4,4,4,4,2,3,3,4,4,4,2,2,2,2,4,4,1,3,1,3,3,3,2,3,3,3,2,2,3,3,1,1,2,2,2,2,1,1,4,4,2,2,1,4,3,3,3,5,4,4,1,2,3,5,3,3,2,2,1,1,2,2
"M145953",3,4,7,6,1,1,4,4,2,2,2,2,3,3,1,1,3,3,4,4,1,1,4,4,1,1,1,1,1,1,3,1,1,1,3,3,3,3,4,4,2,1,2,2,1,4,1,1,3,1,2,4,4,1,1,1,3,4,3,3,4,4,4,4,3,3,1,1,2,2,2,2,1,1,4,2,1,3,3,3,4,1,1,1,3,3,4,1,1,1,3,3,4,4,1,1,3,3,1,1,3,1,3,4,1,1,2,2,1,1,3,3,2,2,4,1,1,3,2,3,3,1,4,4,4,4,1,4,1,1,2,2,2,4,1,1,1,3,2,4,2,1,3,3,1,1,4,4,3,4,2,1,2,2,2,2,1,1,4,4,3,3,1,4,2,3,1,3,1,1,3,3,4,4,4,4,3,3,3,3,2,4,2,1,3,3,3,3,1,1,3,3,1,1,1,1,1,1,1,1,1,1,1,2,1,1,1,1,2,2,2,2,2,2,2,2,1,1,2,2,1,1,2,2,2,2,2,2,1,1,1,1,1,1,2,2,1,1,1,1,1,1,1,1,1,1,2,2,1,1,2,2,1,1,1,3,1,1,2,2,2,2,2,3,2,2,3,3,2,5,3,3,1,1,2,2,2,2,1,2,3,3,3,3,1,2,3,3,3,3,1,3,5,5,5,5,2,3,2,2,2,2,1,1,1,1,1,2,2,2,2,2,2,3,1,3,2,2,2,2,3,4,2,4,1,1,5,5,2,2,1,1,2,3,2,3,3,3,5,5,4,4,1,3,3,4,7,7,2,3,3,3,1,1,6,6,3,3,3,3,2,3,1,3,2,2,2,4,2,3,1,1,1,3,4,4,2,5,3,4,1,3,3,3,1,2,2,4,1,4,1,1,1,2,1,1,4,4,1,2,1,3,1,1,3,3,1,4,1,1,4,4,1,1,3,3,0,0,1,1,1,1,2,2,2,2,1,1,1,1,2,2,2,2,2,2,2,2,3,3,1,1,1,3,2,2,4,4,4,4,3,4,2,2,3,3,3,4,2,2,2,2,4,4,1,1,1,3,3,3,2,3,1,3,2,2,3,3,1,2,2,2,2,2,1,1,4,4,2,2,3,3,1,3,1,3,4,5,1,3,4,4,0,0,2,4,1,1,2,2
"M145954",3,4,6,6,3,1,1,1,2,2,2,2,1,3,2,1,2,2,1,1,2,2,4,4,1,1,1,1,3,3,3,1,2,1,3,3,3,4,4,4,1,1,4,4,4,4,1,1,1,1,2,2,4,4,3,1,3,3,3,3,4,4,4,4,3,3,1,1,2,2,2,2,1,1,4,2,1,1,3,1,1,1,1,3,3,3,4,1,1,1,1,3,4,4,1,1,1,3,3,1,3,3,3,4,3,3,2,2,1,1,3,1,1,1,4,1,3,3,2,3,1,1,4,1,2,4,1,1,3,1,2,1,4,4,1,1,3,3,2,4,0,0,1,1,1,1,4,2,3,4,2,1,2,1,2,4,1,1,4,2,3,3,4,4,2,2,3,3,1,3,3,3,4,4,4,4,3,3,2,3,2,2,2,1,1,1,3,1,1,3,1,1,1,1,1,1,1,1,1,1,1,1,1,2,1,1,1,1,2,2,0,0,1,1,1,1,1,1,1,1,1,1,1,2,1,1,1,1,1,1,1,1,1,1,2,2,1,1,1,1,1,1,1,1,1,1,2,2,1,1,2,2,1,1,3,2,2,2,2,2,2,2,1,3,2,2,3,3,5,5,3,3,1,2,2,2,2,3,1,2,3,3,1,5,1,2,3,3,1,2,2,3,4,4,2,5,3,3,3,3,2,2,1,2,1,1,2,4,1,2,2,2,2,2,1,3,2,2,2,3,3,4,4,4,1,1,5,5,1,1,1,1,2,3,2,3,3,3,4,5,1,4,1,3,2,3,7,7,3,5,3,3,1,1,2,6,3,3,3,3,0,0,4,4,2,3,4,4,2,2,2,3,3,3,4,4,2,4,4,4,1,1,2,3,3,3,4,7,4,6,1,1,2,2,1,1,4,4,1,2,1,3,1,1,2,2,1,3,1,1,4,4,1,1,3,3,3,3,1,1,1,1,1,2,2,2,1,2,1,1,3,3,1,2,2,2,2,2,3,3,1,3,1,2,2,2,4,4,4,4,3,3,2,2,3,4,4,4,2,2,2,2,4,4,3,3,3,3,2,3,2,3,3,3,2,2,3,3,1,1,2,2,2,5,1,1,4,4,1,1,3,3,3,3,5,5,3,4,2,3,4,5,3,3,2,2,1,1,2,2
"M145955",3,4,7,6,3,1,1,1,2,1,2,2,1,3,2,1,3,3,1,1,2,1,4,4,1,4,1,1,1,1,3,1,2,1,3,3,3,3,4,2,2,1,4,4,1,4,1,1,1,1,2,2,4,4,1,1,3,4,3,3,2,4,3,4,3,3,1,1,2,1,2,2,1,1,2,2,1,3,3,3,4,1,1,1,3,3,1,1,1,1,3,3,4,4,1,3,3,3,1,1,3,3,4,4,3,3,2,2,4,1,1,1,2,1,1,1,3,3,2,3,3,3,4,1,4,4,1,4,1,1,2,2,4,4,1,1,1,3,2,4,1,1,1,1,3,3,4,4,3,3,2,1,2,2,4,4,1,1,4,2,3,3,1,1,2,2,1,1,1,3,1,3,4,4,2,4,3,3,3,3,4,4,1,1,3,3,1,1,1,1,1,3,1,1,1,1,1,1,1,1,1,1,1,2,1,2,1,1,1,2,0,0,1,2,1,2,1,1,1,2,1,1,1,2,2,1,1,2,1,1,1,1,1,1,2,2,1,1,1,1,1,1,1,1,1,1,2,2,1,1,2,2,1,1,3,2,2,1,2,2,2,2,3,4,2,2,3,3,3,5,3,3,2,2,2,2,1,2,1,2,3,3,2,5,1,2,3,3,3,3,3,3,1,1,5,5,3,3,2,3,2,2,1,2,1,1,2,2,1,2,2,5,2,2,1,3,2,2,2,3,2,3,4,4,1,1,5,5,1,1,1,4,2,3,2,2,3,3,5,6,4,4,1,1,3,4,7,7,3,3,3,3,1,1,1,2,3,3,3,3,2,2,1,3,3,3,2,4,2,2,2,2,3,3,4,4,2,4,3,3,1,1,3,3,2,2,4,5,4,4,1,1,1,2,1,5,4,4,1,1,2,2,1,1,2,3,3,4,1,1,4,4,1,2,3,3,3,3,1,1,1,1,1,1,2,2,1,1,1,2,3,3,2,2,2,2,2,2,1,3,1,1,1,1,2,2,4,4,4,4,3,3,2,3,3,4,4,4,2,2,2,2,4,4,1,3,1,3,2,3,3,3,3,3,2,2,3,3,1,1,1,2,2,2,1,1,2,5,1,2,3,4,3,3,1,5,4,4,2,2,4,4,3,3,2,3,1,1,2,2
"M145956",4,4,6,6,3,1,4,1,2,2,2,2,1,1,2,1,3,3,1,4,2,2,4,4,1,1,1,3,3,1,1,1,2,1,3,1,3,3,2,2,1,1,2,2,4,4,1,1,1,1,2,2,4,4,1,1,3,4,3,4,4,4,3,3,3,3,1,1,2,1,2,2,4,4,2,2,1,3,3,1,1,1,1,1,3,3,4,1,1,1,3,3,4,4,1,3,3,3,1,1,3,3,3,3,3,1,2,2,4,1,3,3,2,2,1,1,1,3,2,3,1,1,4,4,2,4,1,4,1,1,2,1,2,4,1,1,1,3,4,4,2,1,1,3,1,1,4,4,3,4,1,1,2,2,4,4,0,0,4,4,3,3,1,1,2,2,1,1,1,1,1,1,4,4,4,4,3,3,2,3,4,4,1,1,1,1,3,3,1,1,1,3,1,1,1,1,1,1,1,1,1,1,1,1,1,1,1,1,2,2,2,2,1,2,1,1,1,1,1,2,1,1,2,2,2,1,1,2,1,1,1,1,1,1,1,2,1,1,1,1,1,1,1,1,1,1,2,2,1,1,2,2,1,1,1,2,2,2,1,2,2,2,3,4,2,2,3,3,5,5,3,3,2,2,3,3,2,3,1,3,4,5,2,3,1,1,3,3,1,3,1,1,1,5,2,5,3,3,3,3,2,2,2,2,1,1,1,2,1,2,2,3,2,2,1,3,2,2,2,2,2,2,4,4,1,1,5,5,1,2,1,1,3,3,3,3,3,4,4,6,4,4,1,1,3,3,2,7,3,3,3,3,1,1,2,2,3,3,3,3,2,3,1,4,2,2,4,4,2,2,2,2,1,3,4,4,2,2,3,3,1,1,3,3,2,2,1,4,1,6,1,2,1,2,3,3,4,4,1,2,1,3,1,1,2,3,3,3,1,1,4,4,1,1,3,3,3,3,1,1,1,1,1,1,2,2,1,1,1,1,2,2,2,2,2,2,2,2,3,4,1,1,2,3,2,2,4,4,1,4,2,4,2,2,3,4,4,4,2,2,2,2,4,4,3,5,3,3,2,3,3,3,1,3,2,2,3,3,3,3,2,2,2,2,1,1,4,4,1,1,3,4,2,3,5,5,3,5,1,2,3,4,3,4,2,3,1,1,2,2
"M145957",3,4,7,6,3,3,1,1,2,2,2,3,1,3,2,1,3,3,1,4,2,1,4,4,1,1,1,1,3,1,1,1,1,1,3,1,3,3,4,4,2,1,2,2,4,4,4,4,1,1,2,2,4,1,3,1,3,4,3,4,4,4,4,4,3,3,2,1,2,2,2,2,1,1,2,2,3,3,3,3,1,1,1,3,3,3,4,1,2,1,3,3,4,4,1,3,1,3,1,1,3,3,4,4,3,3,2,2,4,4,1,1,2,1,1,1,1,1,3,3,1,1,4,4,2,4,4,4,3,1,2,1,4,4,1,1,3,3,2,4,0,0,1,1,3,1,4,4,3,3,1,1,2,2,4,4,2,1,4,2,3,3,1,4,2,2,3,3,1,3,1,1,4,4,4,4,3,3,3,3,2,4,2,2,3,1,3,1,1,1,3,3,1,1,1,1,1,1,1,1,1,1,1,1,1,1,1,1,2,2,0,0,1,2,1,2,1,1,1,2,1,1,1,2,2,1,1,2,1,1,1,1,1,1,2,2,1,1,1,1,1,1,1,1,1,1,2,2,1,1,2,2,1,1,3,2,2,2,2,2,2,2,1,3,2,2,3,3,5,5,3,3,2,2,2,2,2,2,2,2,3,3,2,5,1,1,3,3,2,3,3,3,1,5,3,3,3,3,1,2,2,2,2,2,1,1,2,2,1,1,1,5,2,2,1,3,2,2,2,2,3,3,2,4,1,1,1,5,1,1,1,4,3,3,2,2,3,3,5,6,4,4,1,3,2,4,7,7,3,3,3,3,1,2,1,1,3,3,2,3,2,2,1,3,2,2,3,4,2,2,1,3,3,3,4,4,2,2,3,4,3,3,3,3,2,3,4,4,4,4,1,1,1,2,3,5,4,4,1,1,2,2,1,1,3,3,1,3,1,1,4,4,1,2,3,3,1,3,1,1,1,1,1,2,2,2,1,1,1,1,2,3,1,2,2,2,2,2,1,3,1,2,1,2,2,2,4,4,4,4,2,2,2,2,3,4,3,4,2,2,2,2,4,5,1,3,2,3,3,3,3,3,3,3,1,2,3,3,1,2,2,2,2,2,1,1,4,4,1,2,3,3,1,2,1,3,4,4,2,2,2,4,3,4,2,2,1,1,2,2
"M145958",3,4,6,6,3,1,4,4,2,2,2,2,1,1,1,1,3,3,1,1,2,2,4,4,1,4,1,1,1,1,3,1,2,1,3,1,3,3,4,4,1,1,2,4,4,4,1,1,1,1,2,2,4,4,3,1,3,3,3,3,4,4,3,4,3,3,1,1,2,2,2,1,4,1,2,2,1,1,3,3,1,1,1,3,3,3,4,4,1,1,1,1,4,4,3,3,3,3,1,1,3,3,3,4,3,3,2,2,4,1,3,3,1,1,1,1,1,3,2,3,3,1,4,1,4,4,1,4,3,3,2,2,4,4,1,1,1,3,2,2,2,1,1,3,3,1,4,4,3,4,2,2,1,1,4,4,0,0,4,2,3,3,1,4,2,2,1,3,1,3,1,3,4,4,4,4,1,3,3,3,2,4,2,2,3,3,3,1,1,1,1,1,1,1,1,1,1,1,1,2,1,1,1,1,2,2,1,1,1,2,1,1,1,1,1,1,1,1,1,1,1,1,1,1,1,1,1,1,1,1,1,1,1,1,2,2,1,1,1,1,1,1,1,1,1,1,2,2,1,1,2,2,1,1,2,2,2,1,2,2,2,2,2,3,2,2,3,3,2,5,3,3,2,2,2,2,1,2,1,1,3,3,3,5,1,2,3,3,2,3,2,3,4,4,2,2,3,3,3,3,2,2,1,1,1,1,2,4,1,2,2,2,2,2,1,3,2,2,2,2,3,3,3,4,1,1,5,5,2,2,3,4,1,2,2,3,1,3,5,5,3,4,1,1,3,3,7,7,3,5,3,3,1,1,1,5,2,3,3,3,2,2,3,4,3,3,3,4,2,2,2,2,0,0,4,4,2,4,3,4,1,3,3,3,3,3,4,7,1,1,1,1,1,2,1,3,4,4,1,2,1,1,1,1,2,3,3,3,1,1,5,5,1,1,3,3,3,3,1,3,1,1,1,2,2,2,1,1,1,1,1,3,1,1,2,2,2,2,2,4,1,1,1,2,2,2,4,4,4,4,2,3,2,2,4,4,4,4,2,2,2,2,4,4,1,3,3,3,3,3,2,3,3,3,2,2,3,3,1,1,2,2,1,2,1,1,4,4,1,1,1,3,3,3,5,5,3,5,2,2,4,4,3,4,2,2,1,1,2,2
"M145959",4,4,7,6,3,1,1,1,2,1,2,2,1,1,2,1,0,0,1,1,2,1,4,4,1,1,1,1,1,1,1,1,2,1,3,1,3,3,4,4,1,1,2,4,4,4,4,1,1,1,2,2,4,4,1,1,4,4,3,3,4,4,4,4,1,3,2,1,2,2,2,2,4,1,4,2,1,3,3,1,1,1,1,1,3,3,1,1,1,1,3,3,2,4,1,3,3,3,1,1,3,1,4,4,1,1,2,2,4,1,3,1,1,1,1,1,3,3,2,3,1,1,4,1,4,4,1,1,3,1,2,1,2,4,1,1,1,3,2,2,2,2,1,1,1,1,4,4,4,4,1,1,2,2,4,4,1,1,4,4,3,3,1,1,2,3,1,1,1,3,3,3,4,4,4,4,3,3,3,3,2,4,2,2,3,3,3,3,3,3,1,3,1,2,1,2,1,2,2,2,1,2,1,2,1,1,1,1,1,2,0,0,1,1,1,1,1,1,1,1,1,1,1,1,1,1,1,1,1,1,1,1,1,1,1,2,1,1,1,1,1,1,1,1,1,1,2,2,1,1,2,2,1,1,3,3,2,1,2,2,2,2,4,4,2,2,3,3,5,5,3,3,2,2,2,3,1,7,2,2,3,3,3,3,1,2,3,3,3,3,1,3,1,1,3,5,3,3,1,3,2,2,1,1,1,1,1,2,1,1,2,2,2,2,3,3,2,2,2,3,3,3,4,4,1,1,5,5,1,1,1,1,3,3,3,3,3,3,5,6,4,4,1,3,4,4,7,7,3,3,3,3,1,1,1,1,3,3,1,1,2,2,1,3,2,2,2,3,2,2,2,3,1,1,4,4,2,2,3,4,1,3,3,3,1,3,4,4,1,6,1,1,2,2,1,2,4,4,1,1,3,3,1,1,2,3,1,1,1,1,4,4,1,2,3,3,1,3,1,1,1,2,1,1,2,2,1,1,1,1,2,3,2,2,2,2,2,2,1,3,1,1,2,3,2,2,2,4,4,4,3,3,3,3,3,3,4,4,1,2,1,2,4,4,3,3,3,3,2,2,3,3,3,3,2,2,3,3,1,1,2,2,2,2,1,1,4,4,1,2,4,4,1,1,1,2,4,5,2,3,4,5,3,4,2,2,1,1,2,2
"M145960",4,4,6,6,3,1,4,1,2,2,2,2,1,3,2,1,0,0,1,4,2,2,4,4,1,1,1,1,3,3,1,1,2,2,3,3,3,3,4,2,2,1,2,2,4,4,1,1,1,1,2,4,4,4,3,1,3,4,3,3,2,2,3,4,3,3,1,1,2,1,2,1,4,1,2,2,1,1,3,1,4,1,1,1,3,3,4,4,2,1,3,3,4,4,1,3,1,3,1,1,3,1,3,4,3,1,2,2,4,1,3,1,1,1,1,1,1,3,2,3,0,0,1,1,2,4,1,4,3,1,2,1,4,4,1,1,3,3,2,4,0,0,3,3,3,3,4,4,3,3,1,1,2,1,4,4,2,2,4,2,3,3,1,1,2,2,1,1,1,1,3,3,4,1,4,4,3,3,2,3,2,4,2,2,3,3,1,1,1,3,3,3,1,1,1,1,1,1,1,1,1,1,1,2,1,2,1,1,1,2,0,0,1,1,1,1,1,1,1,1,1,1,1,2,1,1,1,1,1,1,1,1,1,1,2,2,1,1,1,1,1,1,1,1,1,1,2,2,1,1,2,2,1,1,3,2,2,2,2,2,2,2,1,2,2,2,3,3,5,5,3,3,2,2,2,2,2,2,2,2,3,3,2,5,1,2,3,3,2,3,3,3,1,5,5,5,2,3,3,3,2,2,1,1,1,1,1,2,1,2,2,2,2,2,3,3,2,2,2,3,2,3,1,4,1,1,3,5,1,1,1,1,2,3,1,2,1,3,5,6,5,5,1,3,2,4,2,7,3,3,3,3,1,2,1,2,3,3,3,3,2,3,1,1,3,3,3,4,2,2,1,2,1,1,4,4,4,4,3,3,1,1,3,3,1,3,1,4,4,6,1,1,1,1,1,1,4,4,1,2,1,2,1,1,3,3,3,3,1,1,4,4,1,2,3,3,3,3,1,1,1,1,2,2,2,3,2,2,1,1,1,3,2,2,2,5,2,2,2,3,2,3,1,1,2,2,4,4,4,5,3,4,2,2,3,3,4,4,2,2,2,2,4,4,3,4,3,3,3,3,2,3,3,3,2,2,3,3,1,2,2,2,2,2,1,1,1,4,1,2,3,4,3,3,5,5,4,4,2,3,4,5,2,4,2,2,1,1,2,2
"M145962",3,4,6,6,3,3,1,1,2,2,2,2,1,3,2,1,0,0,1,4,2,1,4,4,1,4,1,1,3,1,1,1,1,1,3,3,3,3,4,2,2,1,4,4,1,4,1,1,1,1,2,2,4,4,3,1,4,4,3,3,2,4,4,4,3,3,1,1,2,1,2,1,1,1,2,2,1,3,3,3,4,4,1,1,3,3,1,1,1,1,3,3,4,4,3,3,3,3,1,1,3,1,4,4,3,1,2,2,4,1,3,3,2,2,1,1,1,3,2,3,3,3,4,1,4,4,1,4,1,1,1,1,4,4,1,1,1,3,2,2,1,1,1,1,1,1,4,4,3,4,2,1,2,2,4,4,1,1,4,2,3,3,1,1,2,2,1,1,1,3,1,3,4,4,4,4,3,3,3,3,4,4,1,1,3,3,3,1,1,1,1,1,1,1,1,1,1,1,1,1,1,1,1,2,1,1,1,1,2,2,1,2,1,2,1,2,1,1,1,2,1,1,1,2,2,1,1,2,1,1,1,1,1,1,2,2,1,1,1,1,1,1,1,1,1,1,2,2,1,1,2,2,1,1,3,2,1,1,2,2,2,2,3,4,2,2,3,3,5,5,3,3,2,2,2,3,2,2,1,2,3,3,1,5,1,2,3,3,3,3,3,3,1,1,2,5,3,3,3,3,2,2,1,2,1,1,2,2,1,2,2,2,2,2,1,1,2,2,2,3,3,3,4,4,1,1,5,5,1,1,4,4,2,3,2,2,1,3,5,5,4,4,1,1,3,4,7,7,3,3,3,3,1,1,2,2,3,3,3,3,2,3,3,3,3,3,3,4,2,2,2,2,1,3,4,4,2,4,3,3,1,3,3,3,2,3,4,4,1,6,1,1,1,1,5,5,4,4,1,2,2,3,1,1,2,3,3,4,1,1,4,4,1,2,3,3,3,3,1,1,1,1,1,1,2,2,1,1,1,2,3,3,2,2,2,2,2,2,1,3,1,1,1,1,2,2,4,4,1,4,3,3,2,2,3,3,4,4,2,2,2,2,4,4,1,3,1,3,2,3,2,3,3,3,2,2,3,3,1,2,1,2,2,2,1,1,4,5,1,2,3,3,3,3,1,1,4,4,1,2,3,4,3,4,3,4,1,1,2,2
"M145963",3,4,6,6,1,1,4,4,2,2,2,2,1,1,1,1,2,2,1,1,2,2,4,4,4,4,1,1,3,1,1,1,2,1,3,3,3,3,2,2,1,1,4,4,4,4,1,1,1,1,4,4,4,4,3,3,3,4,3,3,4,4,4,4,3,3,1,1,2,1,2,2,4,1,4,2,3,3,3,3,4,1,1,1,1,1,4,1,2,1,1,3,4,4,1,3,1,3,1,1,3,3,3,3,3,1,2,2,4,1,3,1,2,1,1,1,3,3,3,3,1,1,4,1,4,4,4,4,3,1,2,1,4,4,1,1,3,3,4,4,1,1,1,3,1,1,4,4,4,4,2,2,2,2,2,4,1,1,4,2,1,3,1,1,2,2,1,3,1,1,3,3,4,1,4,4,1,3,3,3,2,2,2,2,3,1,3,1,1,3,1,1,1,1,1,1,1,1,1,2,1,1,1,2,1,2,1,1,2,2,2,2,2,2,2,2,1,1,2,2,1,1,2,2,2,2,2,2,1,1,1,1,1,1,2,2,1,1,1,1,1,1,1,1,1,1,2,2,1,1,2,2,1,1,3,2,2,1,2,2,2,2,2,3,2,2,3,3,5,5,3,3,1,2,2,2,2,2,1,1,3,3,1,2,1,1,3,3,3,3,3,3,5,5,5,5,3,3,3,3,2,2,2,2,1,1,2,2,1,2,1,2,2,2,1,1,2,2,2,2,2,4,4,4,1,3,5,5,1,1,3,3,1,3,1,2,2,3,6,6,4,4,1,1,2,3,7,7,3,3,3,3,1,1,1,1,3,3,3,3,3,3,1,1,2,2,3,3,2,2,2,2,3,3,4,4,2,2,3,4,1,3,2,3,1,3,4,4,4,6,1,1,1,2,1,1,4,4,1,2,1,1,1,1,3,3,1,4,1,1,2,4,1,1,3,3,1,3,1,1,1,1,2,2,2,2,1,1,1,2,3,3,2,2,2,3,2,2,2,2,1,1,1,1,1,2,3,4,4,4,3,3,2,2,3,3,3,4,1,2,2,2,4,5,3,3,1,3,2,2,3,3,1,3,2,2,3,3,1,3,1,2,2,2,1,1,1,4,1,2,3,4,2,3,3,5,4,4,1,1,2,3,2,3,3,3,1,1,2,2
"M145964",4,4,6,6,1,1,4,1,2,2,2,2,1,3,2,1,0,0,1,1,2,1,4,4,1,1,1,1,3,1,1,1,2,1,3,3,3,4,2,2,1,1,4,4,4,4,4,1,3,3,2,2,4,4,1,1,3,4,3,4,4,4,3,4,1,3,2,1,2,2,2,2,4,1,2,2,1,3,3,3,1,1,3,3,3,3,4,4,1,1,1,3,2,4,1,3,3,3,1,1,3,1,3,4,1,1,2,2,4,1,3,1,2,2,1,1,1,1,2,3,1,1,4,1,4,4,1,4,1,1,2,1,2,4,1,1,1,3,2,2,2,2,3,3,1,1,4,4,4,4,1,1,2,2,4,4,1,1,4,4,3,3,1,4,2,3,1,1,1,3,3,3,4,4,4,4,3,3,3,3,4,4,2,1,3,1,3,1,1,3,3,3,1,2,1,2,1,2,1,2,1,2,1,1,1,1,1,1,1,2,1,2,1,2,1,2,1,1,1,2,1,1,1,2,2,1,1,2,1,1,1,1,1,1,2,2,1,1,1,1,1,1,1,1,1,1,2,2,1,1,2,2,1,1,1,1,2,2,2,2,2,2,2,3,2,2,3,3,5,5,3,3,2,2,2,3,1,2,2,2,3,4,3,3,1,1,3,3,3,3,2,3,1,1,2,5,2,3,3,3,2,2,2,2,1,1,2,2,1,1,2,2,2,2,1,1,2,2,2,3,4,4,4,4,1,1,5,5,1,1,3,3,3,3,2,2,3,3,4,5,1,4,1,3,2,3,1,7,3,3,3,3,1,1,1,6,3,3,3,3,3,3,1,4,2,2,3,4,2,2,2,2,1,3,2,4,2,2,3,3,1,1,3,3,1,3,1,4,1,6,1,1,1,1,3,3,3,4,2,2,1,3,1,1,2,2,1,3,1,1,3,4,1,1,3,3,1,4,1,3,1,2,1,2,2,2,1,1,1,1,2,2,1,2,2,2,2,2,2,3,1,1,1,3,2,2,1,4,4,4,2,4,3,3,3,3,2,2,2,2,1,2,4,5,1,1,3,3,2,2,3,3,3,3,2,2,1,2,3,3,2,2,2,2,1,1,4,4,1,2,1,1,2,2,3,5,4,5,1,2,4,4,3,4,2,2,1,1,2,2
"M145965",4,4,6,6,3,1,4,1,2,2,2,2,1,1,2,1,2,2,1,1,2,2,4,4,4,4,1,1,1,1,3,3,2,1,3,1,3,4,0,0,1,1,4,4,4,4,1,1,3,1,2,4,4,1,3,3,3,4,3,4,2,2,3,4,3,3,1,1,0,0,2,2,4,1,2,2,3,3,3,1,1,1,1,3,0,0,4,1,0,0,1,3,4,4,1,1,3,3,1,1,3,3,0,0,3,1,2,1,4,1,3,1,0,0,1,1,1,3,2,2,1,1,4,4,4,4,1,4,3,1,0,0,4,4,1,1,0,0,2,2,2,1,1,3,1,1,4,2,3,4,2,1,2,2,0,0,0,0,4,2,3,3,1,1,2,2,1,3,1,1,1,3,0,0,4,4,1,3,2,3,2,4,2,1,3,3,0,0,1,3,0,0,1,1,1,1,1,1,1,1,1,1,1,2,1,2,1,1,1,2,1,1,1,1,1,1,1,1,1,1,1,1,1,1,1,1,1,1,1,1,1,1,1,1,2,2,1,1,1,1,1,1,1,1,1,1,2,2,1,1,2,2,1,1,1,2,1,1,2,2,2,2,1,3,2,3,3,3,4,5,3,3,2,2,2,2,1,7,1,1,3,4,3,5,1,2,3,3,2,3,3,3,1,1,2,5,3,3,1,3,2,2,1,2,1,1,2,2,1,1,1,2,2,2,1,1,2,2,2,2,3,3,4,4,1,1,5,6,1,2,1,4,2,2,2,3,3,3,5,6,4,4,1,1,4,4,2,7,2,3,3,3,1,2,1,4,3,3,3,3,3,3,2,3,3,3,4,4,2,2,2,3,1,1,4,5,2,2,3,3,1,3,3,3,2,3,2,4,1,1,2,2,2,2,1,1,4,4,1,1,1,3,1,1,2,3,3,3,1,1,4,5,1,1,3,3,1,3,1,1,1,1,1,1,2,2,1,1,1,1,3,3,1,2,2,5,2,2,2,3,1,1,1,1,2,2,4,4,4,4,3,3,2,2,3,4,3,4,2,2,2,2,4,5,1,3,3,3,2,3,2,3,3,3,2,2,3,3,1,2,2,2,2,2,1,1,4,4,1,2,1,3,1,3,1,3,3,5,1,2,4,4,2,2,2,3,1,1,2,2
"M145966",3,4,6,6,1,1,1,1,2,2,2,2,1,1,2,1,2,3,1,4,2,2,4,4,1,1,1,1,1,1,3,1,2,2,3,1,3,3,2,2,1,1,4,4,4,4,4,1,1,1,2,4,4,4,3,1,3,4,3,4,4,4,3,4,3,3,1,1,2,2,2,2,4,4,4,2,3,3,3,3,1,1,1,3,3,3,4,4,1,1,3,3,4,4,1,3,3,3,1,1,3,3,3,4,3,1,2,2,4,1,3,1,2,1,1,1,3,3,2,3,1,1,4,1,2,2,4,4,3,3,2,2,4,4,1,1,1,3,2,4,2,1,1,3,1,1,4,4,3,3,1,1,2,2,4,4,2,2,4,4,3,3,1,4,2,2,1,1,1,1,3,3,4,1,4,4,1,3,3,3,4,4,1,1,1,1,3,3,1,3,1,3,1,1,1,1,1,1,1,2,1,1,1,1,1,1,1,1,1,2,1,2,1,1,1,1,1,1,1,1,1,1,1,2,1,1,1,1,1,1,1,1,1,1,1,2,1,1,1,1,1,1,1,1,1,1,2,2,1,1,2,2,1,1,1,3,2,1,1,2,2,2,1,2,2,2,3,3,5,5,3,3,2,2,2,2,2,3,1,2,3,4,1,3,1,1,3,3,3,3,3,3,1,5,2,3,3,3,3,3,2,2,1,2,1,1,1,1,1,2,1,2,2,2,1,3,2,2,2,2,2,2,2,4,1,1,5,5,1,1,1,1,3,3,2,3,1,3,4,5,4,4,1,1,3,3,2,7,3,3,3,3,1,1,2,2,3,3,3,3,2,3,1,3,2,3,1,4,2,2,2,2,1,1,4,4,2,2,3,3,1,1,3,3,1,3,1,7,6,6,1,1,1,2,1,3,3,4,2,2,1,3,1,1,2,3,1,3,1,1,4,5,1,1,3,3,1,1,1,1,1,1,1,1,2,2,1,1,1,1,3,3,2,2,2,2,2,2,4,4,1,1,3,3,2,2,4,4,4,5,2,4,2,2,3,4,4,4,2,2,2,2,4,4,3,3,3,3,2,3,3,3,1,3,2,2,3,3,1,3,2,2,2,2,1,1,4,4,2,2,3,4,2,3,5,5,3,4,1,2,4,4,4,4,2,2,1,1,2,2
"M145967",4,4,7,6,1,1,1,1,2,2,2,2,1,3,2,2,2,3,1,4,2,2,4,4,1,1,1,1,3,1,3,3,1,1,3,3,3,4,4,4,2,1,2,4,4,4,4,1,3,3,2,2,4,1,3,1,3,4,3,4,2,4,3,4,3,3,1,1,2,2,2,2,1,1,4,4,1,1,3,3,1,1,1,3,3,3,1,1,1,1,1,3,4,4,3,3,3,3,1,1,3,3,3,4,3,3,2,2,4,1,3,3,2,1,1,1,1,1,2,2,3,1,4,1,2,4,1,4,3,1,2,1,4,4,1,1,1,3,2,2,1,1,3,3,3,1,4,4,4,4,1,1,2,2,4,4,1,1,4,2,3,3,1,1,2,2,1,3,1,3,1,3,4,4,4,4,3,3,3,3,2,4,1,1,3,3,3,1,1,1,3,3,1,1,1,1,1,1,1,1,1,1,1,2,1,2,1,1,1,2,1,1,1,1,1,1,1,1,1,1,1,1,1,1,1,1,1,1,1,1,1,1,1,1,2,2,1,1,1,1,1,1,1,1,1,1,2,2,1,1,2,2,1,1,2,2,1,1,2,2,2,2,2,4,1,2,3,3,4,5,3,3,2,2,2,3,2,2,1,1,3,3,3,5,1,2,3,3,3,3,1,3,1,5,5,5,3,3,3,3,2,2,1,2,1,1,1,2,1,2,2,5,2,2,1,1,2,2,2,3,3,3,4,4,1,1,5,5,1,1,1,4,3,3,3,3,1,3,5,5,4,4,1,1,4,4,2,7,3,3,3,3,1,1,6,6,3,3,3,3,2,3,1,1,2,2,2,4,2,2,2,2,3,3,4,4,2,4,3,4,1,1,3,3,3,3,4,7,4,6,1,1,2,2,1,1,3,4,1,2,2,2,1,1,3,3,4,4,1,1,4,4,1,1,3,3,1,1,1,1,1,1,1,1,2,2,1,1,1,1,3,3,2,2,2,2,2,2,3,4,1,2,2,3,2,2,4,4,4,4,3,4,0,0,3,3,4,4,2,2,2,2,4,5,3,3,2,3,3,3,3,3,3,3,2,2,3,3,1,1,1,2,2,5,1,1,2,4,1,2,2,3,3,3,3,3,3,5,2,2,3,4,1,4,2,4,1,3,2,2
"M145968",3,4,7,6,1,1,1,1,2,2,2,2,1,1,2,1,2,3,1,4,2,2,4,4,1,4,1,3,1,1,3,3,2,1,3,1,3,4,2,2,1,1,4,4,4,4,4,1,1,1,2,4,4,1,3,1,4,4,3,4,4,4,3,4,3,3,1,1,2,2,2,2,4,4,4,2,3,3,3,3,4,4,1,3,3,3,4,4,1,1,3,3,4,4,1,3,3,3,1,1,3,3,3,4,3,1,2,2,1,1,3,1,2,1,1,1,3,3,2,3,1,1,4,4,2,2,4,4,3,3,2,2,4,4,1,1,1,3,4,4,2,1,1,1,3,1,4,4,3,3,2,1,2,1,4,4,2,2,4,4,3,3,1,1,2,2,1,1,1,1,3,3,4,1,4,4,3,3,3,3,4,4,2,1,1,1,1,1,1,3,1,3,1,1,1,1,1,1,1,2,1,1,1,2,1,1,1,1,1,2,1,2,1,1,1,1,1,1,1,1,1,1,1,2,1,1,1,1,1,1,1,1,1,1,2,2,1,1,1,1,1,1,1,1,1,1,2,2,1,1,2,2,1,1,3,3,2,1,2,2,2,2,1,1,2,2,3,3,3,5,3,3,2,2,2,2,2,3,1,2,3,4,1,3,1,1,3,3,3,3,3,3,1,5,2,3,2,3,3,3,2,2,1,2,1,1,1,1,1,2,1,3,2,2,1,3,2,2,2,2,2,4,2,4,1,1,5,5,1,1,1,1,3,3,2,3,1,3,4,5,4,4,1,1,3,4,2,7,3,3,3,3,1,1,2,6,3,3,3,3,2,3,1,4,2,3,1,4,2,2,2,2,1,1,4,4,2,2,3,3,1,1,3,3,1,3,2,4,4,4,1,1,1,1,1,3,1,4,2,2,2,3,1,1,3,3,3,3,1,1,1,4,1,1,3,3,1,1,1,1,1,1,1,2,2,2,1,1,1,1,3,3,2,2,2,2,2,2,4,4,1,1,3,3,2,2,4,4,4,5,3,4,2,2,3,4,4,4,2,2,2,2,4,4,3,3,3,3,2,3,3,3,1,3,2,2,3,3,1,3,2,2,2,5,1,1,4,4,1,2,3,3,2,2,5,5,3,4,2,2,4,4,2,4,2,2,1,1,2,2
"M145969",4,4,7,6,1,1,4,1,2,2,2,2,1,3,2,1,3,3,0,0,2,2,0,0,1,1,0,0,3,1,1,1,2,1,3,3,3,3,2,2,1,1,4,4,4,4,1,1,0,0,2,2,4,4,0,0,4,4,3,4,2,4,3,4,3,3,2,1,2,2,2,2,4,1,2,2,0,0,3,3,4,1,1,1,3,3,4,4,1,1,1,3,0,0,0,0,3,3,1,1,3,3,3,4,3,1,2,2,1,1,3,3,2,1,1,1,1,1,2,2,1,1,4,4,0,0,1,4,3,1,2,1,0,0,1,1,1,3,0,0,1,1,1,3,1,1,4,4,3,4,1,1,2,2,2,4,2,1,4,4,3,3,1,1,2,2,1,3,0,0,1,3,4,4,4,4,3,3,2,3,2,4,2,1,1,1,3,1,1,3,1,1,1,1,1,1,1,1,1,1,1,1,1,2,1,1,1,1,1,2,1,1,1,1,1,1,1,1,1,1,1,1,1,1,1,1,1,1,1,1,1,1,1,1,1,1,1,1,1,1,1,1,1,1,1,1,2,2,1,1,2,2,1,1,1,3,1,1,1,2,2,2,1,2,2,2,3,3,5,5,3,3,1,2,2,2,3,7,1,3,3,4,3,3,1,1,3,3,1,3,3,3,1,1,2,3,2,3,3,3,2,2,2,2,1,1,1,1,1,1,2,2,2,2,1,1,2,2,2,2,2,3,4,4,1,1,5,5,1,1,1,3,3,3,2,3,3,3,4,5,1,3,1,2,4,4,7,7,3,3,3,3,1,1,2,6,3,3,3,3,3,3,1,3,2,3,2,4,2,2,2,2,1,3,4,4,2,5,3,3,3,3,3,3,1,4,4,7,4,4,1,2,1,2,3,5,3,4,1,1,1,3,1,1,2,3,1,1,1,1,4,4,1,2,3,5,3,3,1,1,1,1,1,2,2,2,1,2,1,1,2,3,2,2,2,5,2,2,2,3,1,1,1,3,2,2,4,4,4,4,3,3,0,0,3,4,4,4,2,2,2,2,4,4,3,5,1,3,2,3,3,3,1,3,2,2,3,3,1,4,2,2,5,5,1,1,4,4,1,1,3,3,2,3,5,5,3,4,1,1,4,4,4,4,2,2,1,1,2,2
"M145970",3,4,6,6,1,1,4,1,2,1,2,2,1,1,2,2,3,3,1,4,2,1,4,4,1,4,1,1,1,1,1,1,2,1,3,1,0,0,2,2,2,1,0,0,1,4,1,1,0,0,0,0,0,0,3,1,0,0,0,0,0,0,0,0,3,3,0,0,0,0,0,0,4,1,2,2,1,3,0,0,1,1,1,1,3,3,1,1,1,1,3,3,4,4,1,1,3,3,3,1,1,1,3,4,3,3,2,2,1,1,3,3,1,1,4,1,1,3,2,2,1,1,4,4,2,4,4,4,3,1,1,1,4,4,1,1,3,3,2,4,1,1,1,1,1,1,4,4,3,4,2,1,2,1,2,4,1,1,4,2,3,3,1,1,2,2,1,1,1,1,3,3,4,4,2,4,3,3,3,3,4,4,1,1,3,3,3,3,1,1,3,3,1,1,1,1,1,1,1,1,1,1,1,2,1,2,1,1,1,2,1,2,1,2,1,2,1,1,1,2,1,1,1,2,2,1,1,2,1,1,1,1,1,1,2,2,1,1,1,1,1,1,1,1,1,1,2,2,1,1,2,2,1,1,3,2,2,1,2,2,2,2,2,3,2,2,3,3,2,5,3,3,1,2,2,2,2,2,1,1,3,3,2,2,1,1,3,3,1,3,3,3,1,5,5,5,3,3,2,3,2,2,1,2,1,1,2,2,1,2,5,5,2,2,1,1,2,2,2,3,2,3,4,4,1,1,5,5,1,1,1,4,2,3,1,2,3,3,5,6,4,4,1,3,3,3,7,7,2,3,3,3,1,1,1,2,3,3,3,3,3,3,1,3,3,3,2,3,2,2,1,2,3,3,4,4,2,4,3,4,1,1,2,3,1,2,4,4,4,4,1,1,1,2,1,1,4,4,2,2,2,3,1,1,3,3,3,4,1,1,4,5,1,2,3,3,3,3,1,1,1,1,1,2,2,2,1,1,1,2,3,3,2,2,2,2,2,2,2,3,1,1,1,1,2,2,4,4,4,4,3,3,2,3,3,4,4,4,2,2,2,2,4,4,3,5,1,3,3,3,3,3,1,3,2,2,3,3,1,2,1,1,2,2,1,1,4,4,2,2,3,4,2,3,5,5,4,4,2,2,3,4,3,3,3,4,1,1,2,2
"M145971",4,4,6,6,3,1,4,1,2,2,2,3,1,3,2,2,2,3,4,4,1,1,4,4,1,1,1,1,3,1,1,1,2,1,3,3,3,3,2,2,1,1,2,2,4,4,1,1,1,1,2,4,4,4,3,1,3,4,3,3,2,4,4,4,3,3,2,1,2,2,2,2,4,1,2,2,1,3,3,3,4,1,1,1,3,3,4,1,1,1,3,3,4,4,1,1,3,3,1,1,3,1,4,4,3,1,2,2,4,1,1,1,2,2,1,1,1,3,2,3,1,1,1,1,2,4,1,4,3,1,2,1,4,4,1,1,3,3,2,4,2,1,3,3,1,1,4,4,3,4,1,1,2,2,2,4,1,1,4,2,1,3,1,1,2,2,1,1,1,3,1,3,4,4,4,4,1,3,2,3,2,4,2,2,3,3,3,1,1,3,1,3,1,1,1,1,1,1,1,1,1,1,1,1,1,2,1,1,1,2,1,2,2,2,2,2,1,1,2,2,1,1,2,2,2,2,2,2,1,1,1,1,1,1,2,2,1,1,1,1,1,1,1,1,1,1,2,2,1,1,2,2,1,1,2,2,2,1,2,2,2,2,3,4,2,2,3,3,5,5,3,3,1,2,2,3,2,2,2,2,3,3,2,3,1,3,3,3,3,3,1,3,1,5,2,5,3,3,3,3,2,2,1,2,1,1,2,2,1,2,2,2,2,2,1,3,2,2,2,3,2,4,3,4,1,1,5,5,1,2,4,4,2,3,1,3,2,3,1,5,4,4,1,3,3,4,7,7,3,3,3,3,1,1,1,6,3,3,3,3,3,3,1,1,2,2,3,4,2,2,1,2,1,3,4,4,2,2,3,4,1,3,3,3,2,3,3,7,4,6,1,1,1,1,1,1,4,4,1,2,2,3,1,1,2,3,3,3,1,1,4,4,2,2,3,3,3,3,1,1,1,1,1,1,2,2,1,1,1,1,3,3,2,2,2,2,2,2,2,3,1,1,1,1,2,2,4,4,4,5,3,3,2,2,3,4,4,6,2,2,2,2,2,4,1,3,3,3,3,4,3,3,1,3,2,2,3,3,1,4,1,2,2,2,1,1,4,4,1,2,1,4,2,3,3,5,3,5,2,2,4,5,2,4,2,4,1,1,2,2
"M145972",4,4,6,6,3,3,4,1,2,2,2,2,1,1,2,1,0,0,1,4,2,1,4,4,1,4,1,1,1,1,1,1,1,1,3,1,3,4,2,2,2,1,2,4,1,4,1,1,0,0,2,4,4,4,1,1,3,4,3,3,4,4,3,4,3,3,2,2,2,2,2,1,4,1,2,2,1,1,3,3,1,1,1,1,3,3,4,1,1,1,1,3,4,4,1,3,3,3,1,1,3,3,4,4,3,3,2,2,4,4,3,3,1,1,1,1,0,0,2,3,1,1,4,4,4,4,1,1,3,1,2,1,4,4,1,1,3,3,2,2,0,0,1,3,1,1,4,4,3,4,2,1,2,2,2,2,1,1,4,4,3,3,1,4,2,2,1,3,1,1,1,3,4,4,4,4,3,3,3,3,2,4,1,1,3,1,1,1,1,3,1,3,1,1,1,1,1,1,1,1,1,1,1,1,1,1,1,1,1,2,1,1,1,1,1,1,1,1,1,1,1,1,1,1,1,1,1,1,1,1,1,1,1,1,2,2,1,1,1,1,1,1,1,1,1,1,2,2,1,1,2,2,1,1,1,1,2,2,2,2,2,2,2,2,2,2,4,4,5,5,3,3,1,1,0,0,0,0,2,2,3,3,0,0,1,1,3,3,2,3,3,3,1,3,0,0,3,3,3,3,2,2,1,1,0,0,2,4,1,1,2,2,2,2,1,3,2,2,2,2,4,4,4,4,1,1,5,5,1,1,1,1,3,3,3,3,0,0,5,6,4,4,1,2,0,0,0,0,2,2,3,3,1,1,0,0,3,3,3,4,3,3,1,3,2,2,4,4,0,0,1,2,0,0,4,4,0,0,3,3,1,1,3,3,2,2,0,0,0,0,1,1,1,1,1,1,0,0,1,1,3,3,1,1,1,1,3,3,1,1,4,4,1,1,3,3,4,4,1,1,1,1,0,0,2,2,1,1,1,1,0,0,2,2,2,2,2,2,3,3,1,1,2,2,2,2,4,4,4,4,0,0,0,0,3,3,4,4,2,2,2,2,0,0,1,1,1,1,3,3,2,2,3,3,2,2,3,3,1,1,2,2,0,0,1,1,4,4,1,1,0,0,3,3,3,5,0,0,2,2,5,5,0,0,2,2,1,1,2,2
"M145973",4,4,6,6,1,1,1,1,2,2,2,2,1,3,2,1,0,0,1,4,2,2,4,4,1,4,1,1,1,1,3,1,2,1,3,1,3,4,4,2,1,1,2,4,4,4,1,1,0,0,2,2,4,4,3,1,3,4,3,3,2,4,4,4,3,3,1,1,2,2,2,1,4,4,2,2,1,3,1,1,1,1,1,1,3,3,1,1,1,1,3,3,4,4,3,3,3,3,1,1,3,1,3,3,1,1,2,2,4,4,3,1,2,1,1,1,3,3,2,3,1,1,4,1,4,4,1,4,3,3,1,1,4,4,1,1,1,3,4,4,0,0,1,3,3,1,4,4,3,4,2,1,2,2,4,4,2,1,4,4,3,3,1,1,2,2,1,3,1,1,1,1,4,4,2,4,3,3,3,3,2,4,2,2,3,3,3,1,1,1,1,3,1,1,1,1,1,1,1,1,1,1,1,2,1,2,1,1,1,1,1,1,1,1,1,1,1,1,1,1,1,1,1,1,1,1,1,1,1,1,1,1,1,1,1,2,1,1,1,1,1,1,1,1,1,1,2,2,1,1,2,2,1,1,3,2,2,1,2,2,2,2,4,4,1,2,3,3,2,2,3,3,2,2,2,3,1,2,1,2,3,5,2,3,1,1,3,3,3,3,1,1,1,1,5,5,3,3,3,3,2,2,2,2,1,1,1,4,1,1,1,5,2,2,1,3,2,2,2,3,2,3,3,4,1,3,5,5,1,1,3,4,2,3,2,3,3,3,5,6,4,4,1,1,4,4,7,7,3,3,3,3,1,1,1,1,3,3,1,3,3,3,1,3,2,2,2,4,2,2,2,2,1,3,4,4,2,2,3,4,1,1,3,3,1,3,4,4,4,5,1,1,1,2,1,1,4,4,1,2,1,3,1,1,2,3,3,3,1,1,3,4,1,1,3,3,3,3,1,1,1,1,1,1,2,2,1,1,1,1,3,3,1,2,2,2,2,2,3,4,1,1,1,3,2,2,4,4,4,4,3,4,2,2,3,4,4,6,2,2,2,2,3,4,3,3,1,3,3,3,2,3,3,3,2,2,3,3,2,3,2,2,2,2,1,1,4,4,1,2,3,4,1,1,2,5,3,4,2,3,4,5,2,2,2,3,1,1,2,2
"M145974",3,4,7,6,1,1,4,1,2,2,2,2,3,3,2,1,3,3,1,1,2,2,4,4,1,1,1,1,3,1,3,1,2,1,3,3,3,4,2,2,1,1,4,4,4,4,1,1,1,1,2,2,4,4,1,1,4,4,3,3,4,4,4,4,3,3,1,1,2,2,2,2,1,1,4,2,1,1,3,1,4,1,1,1,3,3,4,4,1,1,1,3,4,4,1,3,1,3,1,1,3,3,3,4,3,1,2,2,4,1,3,1,2,2,4,1,1,3,2,3,1,1,4,4,2,4,1,4,3,1,2,1,4,4,1,1,1,3,2,2,1,1,1,1,1,1,4,4,4,4,1,1,2,2,2,4,2,1,4,4,1,3,1,1,2,2,1,1,1,1,1,3,4,4,2,4,3,3,2,3,4,4,2,1,1,1,1,1,3,3,1,1,1,1,1,1,1,1,1,1,1,1,1,2,1,1,1,1,1,2,1,2,1,2,1,2,1,1,1,2,1,1,1,2,2,1,1,2,1,1,1,1,1,1,1,2,1,1,1,1,1,1,1,1,1,1,2,2,1,1,2,2,1,1,3,2,1,1,2,2,2,2,1,3,2,2,3,3,5,5,3,3,1,2,2,2,2,7,2,3,3,4,3,3,1,1,3,3,1,2,1,3,1,1,2,3,2,3,1,3,2,2,1,2,1,1,1,2,1,2,2,2,2,2,1,3,2,2,2,2,3,4,4,4,1,1,5,5,1,1,1,4,3,3,2,3,3,3,5,6,4,4,1,1,2,4,7,7,3,3,3,3,1,1,4,6,3,3,1,3,3,3,2,4,2,3,2,4,2,2,2,3,3,3,4,4,2,5,3,3,3,3,3,3,2,3,4,7,4,4,1,2,2,2,3,5,3,4,1,1,3,3,1,1,2,2,1,3,1,1,4,4,1,1,3,3,3,3,1,1,1,1,1,2,2,2,1,1,1,1,3,3,2,2,2,5,2,2,3,3,1,1,1,3,2,2,4,4,4,4,3,4,2,2,3,3,4,4,2,2,2,2,4,4,3,5,1,3,2,3,3,3,1,3,2,2,3,3,1,4,1,2,2,2,1,1,4,4,1,1,3,3,2,2,5,5,3,4,1,2,4,4,3,4,2,3,1,1,2,2
"M145975",4,4,7,6,3,1,4,1,2,2,2,2,1,1,2,2,0,0,1,1,2,1,4,4,1,1,1,1,1,1,3,1,2,1,3,1,3,3,4,2,1,1,2,4,4,4,1,1,1,1,2,4,4,4,1,1,4,4,3,4,2,4,3,4,3,3,1,1,2,1,2,2,4,1,2,2,3,3,3,3,4,1,1,1,1,3,4,1,1,1,1,3,4,4,1,3,1,3,1,1,3,3,3,3,1,1,2,1,4,1,3,1,1,1,4,1,1,3,3,3,1,1,4,1,4,4,1,1,1,1,1,1,4,4,1,1,1,3,4,4,2,2,3,3,3,1,4,2,3,4,2,1,2,2,4,4,2,1,4,4,1,3,1,1,2,2,1,3,1,3,1,3,4,4,4,4,3,3,3,3,4,4,2,1,1,1,1,1,1,1,1,3,1,1,1,1,1,1,1,1,1,1,1,2,1,2,1,1,1,1,1,1,1,2,1,2,1,1,1,2,1,1,1,2,2,1,1,2,1,1,1,1,1,1,2,2,1,1,1,1,1,1,1,1,1,1,2,2,1,1,2,2,1,1,1,1,1,1,2,2,2,2,3,4,2,2,3,4,2,4,3,3,2,2,2,3,1,2,2,2,3,3,3,5,1,1,3,3,3,3,2,3,1,5,3,5,3,3,3,3,2,2,1,2,1,1,2,4,1,1,2,2,2,2,1,3,2,2,2,2,3,3,2,4,1,1,5,5,1,1,1,3,2,3,3,3,3,3,1,6,4,4,1,1,3,4,2,7,3,3,3,3,1,1,1,1,3,3,3,3,2,3,1,1,2,3,4,4,2,2,2,2,3,3,4,4,2,4,3,4,3,3,3,3,3,3,4,5,4,4,1,1,1,2,1,5,3,4,1,2,3,3,1,1,3,3,3,3,1,1,1,4,1,2,2,3,3,3,1,1,1,1,1,2,2,2,1,1,1,1,3,3,2,2,2,2,2,2,3,3,1,1,1,1,2,2,3,4,1,4,3,3,2,2,3,3,4,4,2,2,2,2,4,5,3,3,3,3,3,3,2,2,1,3,2,2,3,3,1,1,2,2,2,2,1,1,1,4,1,1,3,4,3,3,5,5,3,5,1,3,4,5,3,4,2,4,1,1,2,2
"M145976",4,4,7,6,1,1,4,1,2,2,2,2,1,1,2,1,3,3,1,1,2,2,4,4,1,1,1,1,3,1,1,1,0,0,3,3,3,3,2,2,2,2,2,4,4,4,4,1,3,3,2,2,4,1,1,1,3,4,4,4,2,4,3,4,3,3,2,2,2,2,0,0,4,1,4,2,3,3,3,3,1,1,1,1,1,3,4,1,1,1,3,3,4,4,3,3,3,3,1,1,3,1,4,4,3,1,2,2,4,4,3,3,1,1,1,1,3,3,2,3,1,1,1,1,2,2,4,4,1,1,1,1,4,4,1,1,1,3,2,4,1,1,3,3,3,1,4,2,3,4,1,1,2,2,4,4,1,1,0,0,3,3,1,1,2,2,3,3,1,1,1,1,4,4,4,4,3,3,2,3,4,4,2,1,3,1,3,1,1,1,1,1,1,1,1,1,1,1,1,2,1,1,1,1,1,1,1,1,1,2,1,2,1,1,1,1,1,1,1,1,1,1,1,2,1,1,1,1,1,1,1,1,1,1,2,2,1,1,1,1,1,1,1,1,1,1,2,2,1,1,2,2,1,1,1,3,2,1,2,2,2,2,3,4,1,2,3,3,5,5,1,3,2,2,2,3,2,2,1,1,3,3,3,5,1,1,3,3,3,3,1,2,1,5,3,5,2,3,3,3,2,2,1,2,1,1,2,2,1,2,1,5,2,2,1,1,2,2,3,3,3,4,3,3,1,3,5,5,1,2,1,3,3,3,2,3,3,3,5,5,4,4,1,3,4,4,7,7,2,3,3,3,1,1,1,6,3,3,1,3,2,2,1,3,2,2,2,4,2,3,1,2,1,1,4,5,2,4,3,4,3,3,3,3,3,4,2,4,1,4,1,2,1,2,3,3,3,3,2,2,1,5,1,1,2,3,3,4,1,1,3,4,1,2,3,3,3,3,1,1,1,1,1,2,2,2,1,1,1,2,2,3,2,2,1,2,2,2,2,3,1,1,1,2,2,2,4,4,4,4,3,4,2,2,3,3,4,4,2,2,2,2,4,4,1,3,1,3,2,3,2,2,2,3,2,2,3,3,1,2,2,2,2,2,1,1,4,4,1,2,3,4,1,3,3,3,4,5,2,2,4,4,1,1,2,2,1,1,2,2
