indiv.ID,tag_id_1092_hap1_code,tag_id_1092_hap2_code,tag_id_1168_hap1_code,tag_id_1168_hap2_code,tag_id_1259_hap1_code,tag_id_1259_hap2_code,tag_id_1318_hap1_code,tag_id_1318_hap2_code,tag_id_1508_hap1_code,tag_id_1508_hap2_code,tag_id_1521_hap1_code,tag_id_1521_hap2_code,tag_id_1525_hap1_code,tag_id_1525_hap2_code,tag_id_1545_hap1_code,tag_id_1545_hap2_code,tag_id_1569_hap1_code,tag_id_1569_hap2_code,tag_id_159_hap1_code,tag_id_159_hap2_code,tag_id_1614_hap1_code,tag_id_1614_hap2_code,tag_id_1621_hap1_code,tag_id_1621_hap2_code,tag_id_1637_hap1_code,tag_id_1637_hap2_code,tag_id_1712_hap1_code,tag_id_1712_hap2_code,tag_id_1762_hap1_code,tag_id_1762_hap2_code,tag_id_1880_hap1_code,tag_id_1880_hap2_code,tag_id_1891_hap1_code,tag_id_1891_hap2_code,tag_id_1923_hap1_code,tag_id_1923_hap2_code,tag_id_194_hap1_code,tag_id_194_hap2_code,tag_id_2020_hap1_code,tag_id_2020_hap2_code,tag_id_2031_hap1_code,tag_id_2031_hap2_code,tag_id_2073_hap1_code,tag_id_2073_hap2_code,tag_id_208_hap1_code,tag_id_208_hap2_code,tag_id_2124_hap1_code,tag_id_2124_hap2_code,tag_id_214_hap1_code,tag_id_214_hap2_code,tag_id_2147_hap1_code,tag_id_2147_hap2_code,tag_id_2178_hap1_code,tag_id_2178_hap2_code,tag_id_2192_hap1_code,tag_id_2192_hap2_code,tag_id_2196_hap1_code,tag_id_2196_hap2_code,tag_id_2197_hap1_code,tag_id_2197_hap2_code,tag_id_221_hap1_code,tag_id_221_hap2_code,tag_id_2235_hap1_code,tag_id_2235_hap2_code,tag_id_2243_hap1_code,tag_id_2243_hap2_code,tag_id_2246_hap1_code,tag_id_2246_hap2_code,tag_id_2253_hap1_code,tag_id_2253_hap2_code,tag_id_230_hap1_code,tag_id_230_hap2_code,tag_id_2317_hap1_code,tag_id_2317_hap2_code,tag_id_2483_hap1_code,tag_id_2483_hap2_code,tag_id_2528_hap1_code,tag_id_2528_hap2_code,tag_id_2541_hap1_code,tag_id_2541_hap2_code,tag_id_2557_hap1_code,tag_id_2557_hap2_code,tag_id_2688_hap1_code,tag_id_2688_hap2_code,tag_id_278_hap1_code,tag_id_278_hap2_code,tag_id_2902_hap1_code,tag_id_2902_hap2_code,tag_id_2930_hap1_code,tag_id_2930_hap2_code,tag_id_2954_hap1_code,tag_id_2954_hap2_code,tag_id_2972_hap1_code,tag_id_2972_hap2_code,tag_id_2980_hap1_code,tag_id_2980_hap2_code,tag_id_3028_hap1_code,tag_id_3028_hap2_code,tag_id_3066_hap1_code,tag_id_3066_hap2_code,tag_id_3075_hap1_code,tag_id_3075_hap2_code,tag_id_3090_hap1_code,tag_id_3090_hap2_code,tag_id_3093_hap1_code,tag_id_3093_hap2_code,tag_id_3119_hap1_code,tag_id_3119_hap2_code,tag_id_3125_hap1_code,tag_id_3125_hap2_code,tag_id_3138_hap1_code,tag_id_3138_hap2_code,tag_id_3152_hap1_code,tag_id_3152_hap2_code,tag_id_3215_hap1_code,tag_id_3215_hap2_code,tag_id_3258_hap1_code,tag_id_3258_hap2_code,tag_id_3282_hap1_code,tag_id_3282_hap2_code,tag_id_3292_hap1_code,tag_id_3292_hap2_code,tag_id_3298_hap1_code,tag_id_3298_hap2_code,tag_id_3328_hap1_code,tag_id_3328_hap2_code,tag_id_3343_hap1_code,tag_id_3343_hap2_code,tag_id_3395_hap1_code,tag_id_3395_hap2_code,tag_id_3396_hap1_code,tag_id_3396_hap2_code,tag_id_3420_hap1_code,tag_id_3420_hap2_code,tag_id_3457_hap1_code,tag_id_3457_hap2_code,tag_id_346_hap1_code,tag_id_346_hap2_code,tag_id_3482_hap1_code,tag_id_3482_hap2_code,tag_id_3509_hap1_code,tag_id_3509_hap2_code,tag_id_3543_hap1_code,tag_id_3543_hap2_code,tag_id_3545_hap1_code,tag_id_3545_hap2_code,tag_id_3593_hap1_code,tag_id_3593_hap2_code,tag_id_3655_hap1_code,tag_id_3655_hap2_code,tag_id_3724_hap1_code,tag_id_3724_hap2_code,tag_id_3734_hap1_code,tag_id_3734_hap2_code,tag_id_381_hap1_code,tag_id_381_hap2_code,tag_id_3853_hap1_code,tag_id_3853_hap2_code,tag_id_3862_hap1_code,tag_id_3862_hap2_code,tag_id_4127_hap1_code,tag_id_4127_hap2_code,tag_id_4183_hap1_code,tag_id_4183_hap2_code,tag_id_4216_hap1_code,tag_id_4216_hap2_code,tag_id_4230_hap1_code,tag_id_4230_hap2_code,tag_id_4246_hap1_code,tag_id_4246_hap2_code,tag_id_4282_hap1_code,tag_id_4282_hap2_code,tag_id_4284_hap1_code,tag_id_4284_hap2_code,tag_id_4361_hap1_code,tag_id_4361_hap2_code,tag_id_4372_hap1_code,tag_id_4372_hap2_code,tag_id_4512_hap1_code,tag_id_4512_hap2_code,tag_id_4529_hap1_code,tag_id_4529_hap2_code,tag_id_4536_hap1_code,tag_id_4536_hap2_code,tag_id_4559_hap1_code,tag_id_4559_hap2_code,tag_id_4585_hap1_code,tag_id_4585_hap2_code,tag_id_4629_hap1_code,tag_id_4629_hap2_code,tag_id_4693_hap1_code,tag_id_4693_hap2_code,tag_id_4766_hap1_code,tag_id_4766_hap2_code,tag_id_483_hap1_code,tag_id_483_hap2_code,tag_id_4931_hap1_code,tag_id_4931_hap2_code,tag_id_4933_hap1_code,tag_id_4933_hap2_code,tag_id_4946_hap1_code,tag_id_4946_hap2_code,tag_id_5027_hap1_code,tag_id_5027_hap2_code,tag_id_5157_hap1_code,tag_id_5157_hap2_code,tag_id_5262_hap1_code,tag_id_5262_hap2_code,tag_id_5463_hap1_code,tag_id_5463_hap2_code,tag_id_5682_hap1_code,tag_id_5682_hap2_code,tag_id_5695_hap1_code,tag_id_5695_hap2_code,tag_id_5746_hap1_code,tag_id_5746_hap2_code,tag_id_580_hap1_code,tag_id_580_hap2_code,tag_id_613_hap1_code,tag_id_613_hap2_code,tag_id_643_hap1_code,tag_id_643_hap2_code,tag_id_6523_hap1_code,tag_id_6523_hap2_code,tag_id_6878_hap1_code,tag_id_6878_hap2_code,tag_id_71_hap1_code,tag_id_71_hap2_code,tag_id_732_hap1_code,tag_id_732_hap2_code,tag_id_7894_hap1_code,tag_id_7894_hap2_code,tag_id_793_hap1_code,tag_id_793_hap2_code,tag_id_7998_hap1_code,tag_id_7998_hap2_code,tag_id_8063_hap1_code,tag_id_8063_hap2_code,tag_id_877_hap1_code,tag_id_877_hap2_code,tag_id_894_hap1_code,tag_id_894_hap2_code,tag_id_899_hap1_code,tag_id_899_hap2_code,tag_id_904_hap1_code,tag_id_904_hap2_code,tag_id_986_hap1_code,tag_id_986_hap2_code
M145489,4,4,2,2,3,3,4,5,3,3,2,2,2,3,1,1,1,2,3,3,2,5,1,1,3,3,1,1,1,3,5,5,2,3,2,2,1,3,2,2,1,2,1,1,2,2,1,2,2,2,2,2,1,1,2,2,2,3,2,4,4,4,1,1,5,5,1,1,3,4,3,3,2,2,3,3,5,5,4,4,2,3,4,4,1,7,3,3,2,3,1,2,6,6,3,3,3,3,2,3,1,3,2,3,2,4,2,2,2,2,1,1,4,4,1,2,3,4,1,1,3,3,1,3,2,4,2,4,1,2,1,2,3,3,4,4,1,2,1,2,1,1,3,3,3,3,1,1,4,4,1,2,3,3,1,3,1,1,1,2,1,1,2,2,2,2,1,1,2,3,1,1,1,2,2,2,2,3,1,1,1,3,2,2,2,4,4,4,3,3,2,3,3,4,4,4,2,2,1,1,4,4,3,3,3,3,3,4,2,3,3,3,3,3,1,3,1,3,1,2,2,4,1,1,4,4,1,1,4,4,1,3,3,3,3,4,1,2,3,4,2,2,2,2,1,1,2,2
M145490,1,4,2,2,3,3,2,4,3,3,2,2,3,3,1,2,1,1,3,3,2,5,1,2,3,3,1,2,1,3,1,1,2,3,2,3,1,3,2,2,1,1,1,3,2,2,1,2,5,5,2,2,1,3,2,2,2,3,4,4,2,4,3,3,5,5,1,1,3,4,2,2,2,2,3,3,5,6,4,5,1,3,2,4,7,7,3,3,3,3,1,1,1,1,3,3,3,3,3,3,1,3,3,3,3,4,2,2,2,2,1,1,4,4,2,2,3,4,1,3,3,3,3,3,4,5,4,4,1,1,1,2,1,5,4,4,1,2,1,3,1,3,2,3,1,3,1,1,1,4,1,1,3,3,1,4,1,1,1,1,1,1,2,3,1,1,1,1,3,3,2,2,2,2,2,2,2,3,1,1,1,1,2,2,4,4,4,4,3,4,2,2,3,3,3,4,1,2,1,2,4,5,1,3,1,2,2,3,2,2,3,3,2,3,3,3,1,2,1,2,2,2,1,3,4,4,1,1,1,3,1,2,1,3,3,4,2,2,4,5,2,3,2,2,1,1,1,2
M145491,4,4,2,2,2,3,5,5,1,1,1,2,2,2,1,2,1,2,3,3,5,5,1,1,3,3,3,3,3,3,1,4,5,5,2,3,1,3,2,2,1,1,1,3,1,1,1,2,2,5,2,2,1,3,2,2,3,3,3,3,4,4,1,1,5,5,1,2,1,3,3,3,2,3,3,3,3,6,4,4,1,3,3,4,1,7,3,3,3,3,1,1,1,1,3,3,3,3,2,3,1,3,2,3,3,4,2,2,2,2,3,3,3,4,2,5,3,4,1,1,2,2,3,3,4,4,4,6,1,1,1,1,1,1,4,4,1,1,1,4,1,1,3,3,1,3,1,1,1,4,1,1,3,4,3,4,1,3,1,2,1,2,2,2,1,2,1,1,2,3,1,2,2,5,2,2,2,2,1,3,1,1,2,2,2,4,4,4,3,4,2,2,3,4,4,4,2,2,2,2,4,5,1,3,2,3,3,3,2,4,3,3,2,3,1,3,1,3,1,2,2,5,1,3,4,4,1,1,1,4,1,2,3,4,3,3,1,1,4,4,0,0,2,2,1,1,2,2
M145492,1,2,2,2,3,3,4,5,1,3,1,2,2,2,2,5,2,2,3,3,2,5,1,2,3,3,1,1,1,2,1,5,5,5,3,3,3,3,2,2,1,2,1,1,2,4,1,2,2,2,2,2,1,1,2,2,3,3,2,4,4,4,1,1,5,5,1,1,1,1,2,3,3,3,3,3,5,6,3,4,1,3,4,4,3,7,3,3,3,3,1,1,2,2,3,3,3,3,2,3,1,3,1,3,2,4,2,2,2,2,3,3,4,4,2,5,3,3,1,3,2,3,1,2,4,4,2,6,1,1,1,1,1,1,4,4,1,2,3,3,1,1,3,3,3,3,1,1,4,5,1,1,2,3,4,4,1,3,1,1,2,2,2,2,1,1,1,1,1,3,2,2,2,2,2,2,3,3,1,3,1,1,2,2,4,4,5,5,3,3,2,2,3,3,4,6,1,2,2,2,4,5,3,3,3,3,2,3,3,4,3,3,2,2,3,3,2,2,1,2,2,5,1,1,2,4,1,1,3,3,1,3,1,5,3,5,2,3,3,5,3,3,2,3,1,1,1,2
M145493,3,4,2,2,3,3,5,5,3,3,2,2,2,2,2,7,2,2,3,3,1,5,1,1,3,3,1,3,3,3,1,1,2,5,3,3,3,3,2,2,1,1,1,1,1,2,1,2,2,2,2,2,1,3,2,2,3,3,2,3,3,4,1,1,5,5,1,1,1,3,3,3,2,3,3,3,5,6,4,4,1,3,4,4,7,7,3,3,3,3,1,1,1,2,3,3,3,4,2,3,3,3,2,3,3,4,2,2,2,2,3,3,4,4,2,5,3,4,1,1,2,3,3,3,2,4,2,4,1,2,1,1,1,5,4,4,1,2,1,3,1,3,2,3,3,3,1,1,4,5,1,2,3,3,4,4,1,1,1,1,1,2,2,2,1,1,1,1,1,3,2,2,2,5,2,2,2,3,1,1,1,3,2,2,4,4,4,4,3,4,2,3,3,3,3,4,2,2,2,2,4,4,3,3,3,3,2,3,2,4,3,3,2,2,3,3,1,2,1,2,2,2,1,1,3,4,1,2,1,1,1,3,3,5,4,4,2,2,4,5,3,4,2,4,1,1,2,2
M145494,1,2,2,2,3,3,5,5,3,3,1,2,2,2,1,7,1,2,3,3,2,3,1,1,3,3,2,3,2,3,5,5,5,5,2,2,3,3,2,2,1,2,1,1,2,2,1,1,2,2,2,2,1,3,2,2,3,3,3,3,4,4,1,3,5,5,1,1,3,3,2,3,2,3,3,3,5,5,4,4,1,2,3,4,7,7,2,3,3,3,1,1,1,6,3,3,1,4,2,3,1,3,2,2,3,4,1,2,1,2,3,3,4,4,2,5,3,3,1,2,3,3,1,3,2,4,2,4,1,2,1,2,1,1,4,4,1,1,3,3,1,1,3,3,3,3,1,1,4,5,1,1,3,3,3,3,1,3,1,1,1,1,2,3,1,1,1,1,1,2,2,2,2,5,2,2,4,4,1,2,3,3,2,2,4,4,4,4,3,4,2,2,3,3,4,4,2,2,1,2,4,5,1,3,3,3,2,3,2,4,3,3,2,2,3,3,1,1,1,2,2,2,1,1,4,4,2,2,4,4,2,3,1,1,3,4,1,3,4,4,4,4,2,2,1,1,2,2
M145495,4,4,1,2,3,3,4,4,3,3,2,2,2,2,2,5,2,2,3,3,2,5,1,1,3,3,1,3,2,2,5,5,2,5,3,3,3,3,2,2,2,2,1,3,1,5,2,2,2,2,2,2,1,1,2,2,2,2,3,3,2,4,1,1,5,5,1,1,3,3,3,3,3,3,3,3,5,5,4,5,1,3,3,3,7,7,3,3,3,3,1,2,4,4,3,3,3,3,3,3,3,4,3,3,4,4,1,2,1,2,1,3,4,4,2,2,3,3,1,1,2,3,3,3,2,4,1,4,1,2,2,2,1,3,4,4,1,2,5,5,1,3,3,3,3,3,1,1,4,4,1,1,3,3,3,3,1,3,1,1,2,2,2,2,1,1,1,1,1,1,2,2,2,2,2,2,2,4,1,1,1,1,1,2,4,4,4,4,3,3,0,0,3,3,4,4,2,2,1,2,4,4,1,1,3,3,3,3,3,4,3,3,2,2,3,3,1,2,1,2,2,2,1,1,2,2,1,2,1,4,1,3,3,6,3,4,1,1,4,4,2,3,2,2,1,1,2,2
M145496,1,4,2,2,3,3,5,5,1,3,2,2,2,2,1,1,2,2,3,3,5,5,1,1,3,3,3,3,2,3,4,5,5,5,2,2,3,3,2,2,1,2,1,3,2,2,1,2,2,2,2,2,1,1,2,2,2,3,4,4,4,4,1,1,5,5,1,1,1,3,2,3,4,6,3,3,3,5,4,4,1,3,3,4,1,7,2,3,3,3,1,1,1,4,3,3,3,3,2,3,1,3,1,3,2,4,2,2,1,2,1,3,2,4,2,5,3,3,1,3,2,3,3,3,3,4,6,6,1,1,1,1,1,1,4,4,1,1,3,4,1,1,3,3,3,3,1,1,5,5,1,1,3,4,4,4,1,3,1,2,1,2,2,2,1,1,1,1,3,3,1,1,2,2,2,2,2,3,1,1,1,1,2,2,2,4,4,4,3,3,2,2,4,4,4,6,2,2,2,2,4,4,1,1,2,3,3,3,2,3,3,3,2,2,1,3,2,2,1,2,5,5,1,3,2,2,1,2,1,3,1,1,1,5,2,5,1,3,3,4,0,0,2,2,1,1,2,2
M145497,2,4,2,2,3,3,5,5,1,3,1,2,2,3,5,6,1,2,3,5,2,3,1,2,3,3,3,3,3,3,5,5,5,5,3,3,1,3,2,2,1,2,1,1,1,1,1,2,2,2,2,2,1,3,2,2,2,2,1,3,2,4,1,1,4,5,1,2,1,4,2,3,2,2,1,3,5,5,5,5,1,3,3,4,1,7,3,3,3,3,1,1,1,1,3,3,3,3,2,3,1,1,2,2,4,4,1,2,1,1,1,1,2,4,1,2,4,4,1,3,3,3,3,3,4,4,4,4,1,1,2,3,1,1,2,4,1,1,3,3,1,1,3,3,2,4,1,1,5,5,1,2,3,5,3,4,1,1,1,3,1,2,2,2,1,1,1,1,2,3,1,2,2,3,2,2,2,4,1,1,1,1,2,2,2,4,4,4,2,3,2,2,3,3,4,4,2,2,2,2,4,4,3,3,3,3,2,3,2,3,3,3,2,2,1,3,1,2,2,2,2,2,1,3,2,4,1,1,4,4,2,3,1,5,2,3,3,3,4,5,2,2,1,2,1,1,2,2
M145498,2,4,2,2,3,3,4,5,3,3,1,2,2,2,2,5,1,2,3,3,2,5,1,2,3,3,2,3,2,3,5,5,5,5,2,3,3,3,2,2,2,2,1,1,1,2,1,1,2,2,2,2,2,3,2,2,2,2,1,3,2,4,1,3,5,5,1,2,1,4,1,3,2,2,1,3,6,6,4,5,2,3,2,4,7,7,3,3,3,3,1,1,1,2,3,3,3,3,2,3,1,1,2,2,3,4,1,1,1,2,1,3,4,4,2,5,3,4,3,3,3,3,3,3,2,4,4,6,1,2,2,2,1,1,4,4,1,2,3,3,1,3,3,3,1,3,1,1,4,4,1,2,3,3,3,4,1,1,1,2,2,2,2,2,1,1,1,1,2,3,2,2,2,3,2,2,2,3,1,1,1,3,2,2,2,4,4,4,3,3,2,2,3,4,4,4,2,2,2,2,4,4,3,3,3,3,2,3,2,4,3,3,2,2,3,3,2,2,2,2,2,2,3,3,2,4,1,2,4,4,1,2,3,5,3,5,2,3,4,4,2,2,2,3,1,1,2,2
M145499,4,4,1,1,3,3,4,4,3,3,2,2,2,2,1,2,2,2,3,3,2,5,1,1,3,3,1,2,2,2,5,5,2,5,3,3,3,3,2,2,2,2,1,3,1,5,1,2,2,5,2,2,1,3,2,2,2,2,3,4,2,4,1,1,5,5,1,2,1,3,3,3,3,3,3,3,5,5,4,5,1,3,3,4,7,7,3,3,3,3,1,2,4,4,3,3,3,3,2,3,2,3,2,2,3,4,1,2,2,2,1,3,4,4,2,2,3,3,1,1,2,3,1,3,2,4,1,4,1,2,1,2,1,3,4,4,1,2,1,5,1,3,3,3,3,3,1,1,4,4,1,1,3,3,3,3,1,1,1,1,1,2,2,3,1,1,1,1,1,3,2,2,2,2,2,2,2,4,1,1,1,1,2,2,4,4,4,4,3,3,2,2,3,3,4,6,2,2,1,2,4,4,1,1,3,3,3,3,2,4,1,3,2,2,3,3,1,2,1,1,2,2,1,1,2,2,1,2,1,4,1,1,5,6,3,4,1,3,4,4,3,4,2,2,1,1,2,2
M145500,2,4,2,2,3,3,4,5,1,3,1,2,2,3,2,6,1,2,3,3,2,3,1,2,3,3,2,3,3,3,5,5,5,5,3,3,1,3,2,2,1,2,1,1,1,1,1,2,2,2,2,2,3,3,2,2,2,2,1,3,4,4,1,1,4,5,1,2,1,4,1,3,2,2,1,3,5,6,5,5,1,3,3,4,1,7,3,3,3,3,1,1,1,1,3,3,3,3,2,3,1,3,2,2,4,4,1,2,1,1,1,3,2,4,2,2,4,4,3,3,3,3,1,3,4,4,4,4,1,1,1,3,1,2,4,4,1,1,3,3,1,1,2,3,2,3,1,1,4,4,1,2,3,3,3,4,1,1,1,2,2,2,2,2,1,1,1,1,2,3,2,2,2,5,2,2,2,3,1,1,1,3,2,2,1,4,4,4,3,3,2,2,3,3,4,4,2,2,1,2,4,4,3,3,3,3,2,3,3,3,3,3,2,2,1,3,1,2,2,2,2,2,1,3,2,4,1,1,4,4,2,3,1,1,3,3,2,3,4,5,2,2,1,2,1,1,2,2
M145501,1,4,1,1,3,3,4,4,3,3,2,2,2,2,2,5,2,2,3,3,2,3,1,1,3,3,2,3,1,2,4,5,2,5,2,3,3,3,2,2,2,2,1,1,1,5,1,1,2,5,2,2,1,1,2,2,3,3,3,4,2,4,1,1,5,5,1,1,1,3,3,3,3,3,3,3,5,5,4,5,3,3,3,4,7,7,3,3,3,3,1,2,1,1,3,3,3,3,2,3,2,3,2,3,4,4,2,2,2,2,1,1,4,4,2,2,4,4,1,1,3,3,1,1,1,4,1,1,1,1,1,2,1,3,4,4,2,2,1,5,1,3,3,3,3,3,1,1,3,4,1,2,3,3,1,1,1,1,1,1,2,2,2,3,1,1,1,1,3,3,2,2,2,2,2,2,2,4,1,1,1,1,1,2,4,4,4,4,3,3,2,3,3,3,4,6,2,2,1,1,4,4,3,4,3,3,3,4,3,4,3,3,1,2,3,3,1,2,1,2,2,2,1,1,2,2,1,2,3,3,1,1,5,6,3,4,1,3,4,4,3,4,2,2,1,1,2,2
M145502,1,4,2,2,3,3,5,5,3,3,2,2,2,2,2,5,2,2,3,3,2,3,1,1,3,3,2,3,2,2,4,5,2,5,2,3,3,3,2,2,2,2,1,1,1,5,2,2,2,5,2,2,1,1,2,2,2,3,2,3,4,4,1,1,5,5,1,1,3,3,3,3,3,3,3,3,5,5,4,4,1,3,3,4,7,7,3,3,3,3,1,2,1,1,3,3,3,3,3,3,3,4,3,3,4,4,1,1,1,2,1,1,4,4,2,2,3,4,1,1,2,3,1,1,1,4,1,1,1,1,2,2,1,3,4,4,2,2,5,5,1,1,2,3,3,3,1,1,3,4,1,2,3,3,1,3,1,1,1,1,1,2,2,2,1,1,1,1,1,1,2,2,2,2,2,2,2,2,1,1,1,1,1,2,4,4,4,4,3,3,2,3,3,3,4,6,2,2,1,1,4,4,1,4,3,3,3,4,2,4,3,3,1,2,3,3,1,1,1,2,2,2,1,1,2,2,1,2,3,3,1,3,5,5,4,4,1,1,4,4,2,4,2,2,1,1,2,2
M145503,1,1,2,2,3,3,4,5,1,3,1,2,2,2,7,7,2,2,3,3,5,5,1,1,3,3,1,3,1,1,1,5,5,5,3,3,3,3,2,2,2,2,1,1,2,2,1,2,2,2,2,2,1,1,2,2,2,3,2,3,4,4,1,1,5,5,1,1,1,1,2,3,2,2,3,3,5,5,3,4,1,1,4,4,3,3,3,3,3,3,1,1,4,4,3,3,3,3,3,3,1,1,3,3,2,4,1,2,1,2,3,3,4,4,2,2,3,3,3,3,3,3,1,3,2,4,6,6,1,2,1,1,1,1,4,4,1,2,3,3,1,1,3,3,3,3,1,1,4,5,1,1,3,3,4,4,1,1,1,1,1,2,2,3,1,1,1,2,1,3,1,2,2,2,2,2,2,3,1,1,1,1,2,2,4,4,4,5,3,3,2,2,3,4,6,6,2,2,2,2,5,5,1,3,2,3,2,3,2,2,1,3,2,2,3,3,1,1,2,2,2,5,1,1,2,4,1,2,3,4,1,3,3,5,3,5,3,3,3,6,0,0,2,2,1,1,2,2
M145504,1,4,2,2,3,3,5,5,3,3,1,2,2,2,2,7,1,2,3,3,2,5,1,1,1,3,1,3,1,3,5,5,5,5,3,3,3,3,2,2,2,2,1,3,1,4,1,1,2,2,2,2,1,1,2,2,2,3,2,4,4,4,1,1,5,5,1,1,1,3,3,3,2,3,2,3,5,6,4,4,1,3,4,4,3,7,2,3,3,3,1,1,1,1,3,3,3,3,3,3,1,1,2,3,2,4,1,2,1,2,1,3,4,4,5,5,1,3,1,3,3,3,1,3,4,4,2,6,1,1,1,2,1,5,4,4,1,2,3,3,1,1,2,3,1,1,1,1,4,5,1,1,3,3,3,3,1,1,1,1,1,1,2,2,1,1,1,2,1,3,2,2,2,2,2,2,2,2,1,1,1,1,2,2,4,4,4,4,3,3,2,3,3,4,4,6,2,2,2,2,4,4,1,1,2,3,3,3,2,3,1,1,2,2,3,3,1,2,2,2,2,2,1,3,2,2,1,2,4,4,3,3,1,5,4,5,3,3,4,6,4,4,2,2,1,1,2,2
M145505,2,4,2,2,3,3,2,5,3,3,1,2,2,3,5,5,1,2,3,3,1,5,1,2,3,3,3,3,1,2,1,4,2,5,3,3,3,3,2,2,1,1,1,1,1,2,1,2,2,5,2,2,1,1,2,2,2,2,2,3,2,4,1,3,5,5,1,1,1,4,3,3,2,2,1,3,6,6,4,4,1,2,4,4,3,7,3,3,3,3,1,1,1,4,3,3,3,3,2,3,1,1,2,2,3,3,3,3,1,2,1,3,4,4,2,5,3,3,3,3,3,3,1,2,4,4,4,6,1,1,1,1,1,3,4,4,2,2,1,3,1,1,2,3,1,3,1,1,4,4,1,2,2,3,3,4,1,1,1,1,1,2,2,2,1,1,1,2,3,3,2,2,2,2,2,2,2,3,1,2,1,2,2,2,4,4,4,4,3,3,2,2,3,4,2,4,2,2,2,2,4,4,3,3,2,2,3,3,2,3,3,3,2,2,3,3,1,1,1,2,2,2,1,3,2,4,1,1,4,4,1,2,1,3,4,5,2,3,5,6,2,4,2,2,1,1,2,2
M145506,3,3,2,3,3,3,5,5,3,3,2,2,2,2,1,7,1,2,3,3,2,3,1,1,3,3,3,3,2,3,1,5,2,5,3,3,3,3,2,2,2,2,1,2,1,1,1,1,2,3,2,2,1,1,2,2,2,3,3,4,2,4,1,1,5,5,1,1,4,4,2,3,3,3,3,3,5,6,4,5,1,3,4,4,7,7,3,3,3,3,1,1,1,4,3,3,3,3,3,3,1,4,3,3,2,2,2,3,1,1,1,3,4,4,2,4,3,4,1,1,3,3,1,1,5,5,1,1,1,1,1,1,1,4,4,4,1,2,1,1,1,1,2,3,3,3,1,1,4,4,1,1,3,3,1,3,1,1,1,1,1,1,1,3,1,2,1,1,3,3,2,2,2,2,2,2,2,4,1,1,1,2,2,3,4,4,4,4,3,3,2,3,3,4,4,4,2,2,2,2,4,4,1,1,3,3,3,3,3,3,1,3,2,2,3,3,1,1,2,2,2,2,1,3,4,4,2,2,3,4,3,3,1,3,3,4,1,2,4,4,2,3,2,2,1,1,2,2
M145507,1,1,2,2,3,3,5,5,3,3,2,2,2,2,1,2,1,2,3,3,2,2,1,1,3,3,1,3,2,3,5,5,5,5,2,3,3,3,2,2,1,2,1,1,1,2,1,1,2,2,2,2,3,3,2,2,3,3,2,4,4,4,1,1,5,5,1,1,1,3,2,3,2,3,3,3,5,5,4,4,2,3,4,4,7,7,2,3,3,3,1,1,5,6,3,3,3,4,2,2,1,3,2,2,3,4,1,2,1,2,3,4,4,4,2,5,3,3,1,2,3,3,1,3,2,4,2,4,1,2,1,2,1,3,4,4,1,2,3,3,1,1,3,3,3,3,1,1,4,5,1,1,3,3,1,3,3,3,1,1,1,1,2,3,1,1,1,2,3,3,2,2,2,5,2,2,2,2,1,2,1,3,2,2,4,4,4,4,3,4,2,2,3,3,3,4,2,2,1,2,4,5,1,1,3,3,2,4,2,4,3,3,2,3,3,3,1,1,1,2,2,2,1,1,4,4,1,1,4,4,1,3,3,5,3,4,1,3,4,4,4,4,2,3,1,1,1,2
M145508,1,4,2,2,3,3,3,5,3,3,2,2,2,2,2,2,1,2,3,3,2,5,1,1,3,3,1,3,1,3,1,5,5,5,2,3,3,3,2,2,1,1,1,3,1,1,1,2,2,5,2,2,1,3,2,2,3,3,2,3,2,4,1,3,5,5,1,1,1,3,3,3,2,3,2,3,5,5,4,4,2,3,4,4,7,7,3,3,3,3,1,1,1,6,3,3,3,3,2,3,1,3,2,2,3,4,2,3,2,2,3,3,4,4,2,5,3,3,2,3,3,3,1,3,4,4,2,6,1,1,1,2,1,1,4,4,1,2,3,3,1,1,3,3,3,3,1,1,4,5,1,1,3,3,1,1,3,3,1,1,1,1,2,3,1,1,1,1,1,3,2,2,2,3,2,2,2,2,1,2,3,3,2,2,4,4,4,4,3,3,3,3,3,3,4,4,2,2,1,1,2,4,1,4,3,3,4,4,2,4,1,3,2,2,3,3,1,1,2,2,2,2,1,1,2,4,1,2,1,4,3,3,1,3,3,4,2,3,4,4,4,4,2,2,1,1,1,2
M145509,1,4,2,2,3,3,4,4,1,3,2,2,2,2,2,5,2,2,3,3,2,5,1,1,3,3,1,3,2,2,5,5,2,5,3,3,3,3,2,2,2,2,1,1,1,4,1,2,2,2,2,2,1,1,2,2,2,3,3,3,2,4,1,1,5,5,1,2,3,3,2,3,3,3,3,3,5,5,4,5,1,1,3,3,7,7,3,3,3,3,1,2,4,4,3,3,3,3,3,3,3,4,3,3,4,4,1,1,1,2,1,3,4,4,2,2,3,4,1,1,3,3,1,3,2,4,1,4,1,2,2,2,1,3,4,4,1,2,3,5,1,3,3,3,3,3,1,1,3,4,1,1,3,3,1,3,1,3,1,1,2,2,2,2,1,1,1,1,3,3,2,2,2,2,2,2,2,4,1,1,1,1,1,2,4,4,4,4,3,3,2,3,3,3,4,4,2,2,1,2,4,4,1,3,3,3,3,3,2,2,3,3,1,2,3,3,1,2,1,1,2,2,1,1,2,2,1,2,3,3,1,1,3,6,3,4,1,1,4,4,2,3,2,2,1,1,2,2
M145510,1,2,2,2,3,3,5,5,3,3,1,2,2,3,2,5,2,2,3,3,2,2,1,1,3,3,3,3,1,2,5,5,5,5,2,3,1,3,2,2,1,2,1,1,1,2,1,2,2,2,2,2,1,1,2,2,2,3,2,3,4,4,1,1,5,5,1,2,1,3,2,3,2,3,3,3,5,6,4,5,2,2,3,4,7,7,3,3,3,3,1,1,2,6,3,3,3,3,2,3,1,3,2,2,4,4,2,2,2,2,3,3,4,4,1,5,3,3,2,2,2,3,1,3,1,4,1,2,1,1,1,1,1,5,3,4,1,2,3,3,1,3,2,3,1,3,1,1,4,4,1,1,3,3,1,3,1,3,1,1,1,2,2,3,1,1,1,2,3,3,1,2,2,3,2,2,2,4,2,2,3,3,2,2,4,4,4,4,2,3,2,2,3,3,4,4,1,2,1,2,4,4,1,1,1,3,3,4,2,4,1,3,2,2,3,3,1,1,2,2,2,2,1,3,4,4,2,2,3,4,3,3,1,5,4,4,1,3,4,5,4,4,2,2,1,1,1,2
M145511,1,4,2,2,3,3,5,5,1,2,2,2,2,3,1,2,1,2,3,3,2,5,1,1,1,3,1,3,1,3,1,5,5,5,2,3,3,3,2,2,1,1,1,3,1,1,1,1,2,5,2,2,3,3,2,2,3,3,2,4,4,4,1,3,3,5,1,1,1,3,3,3,2,3,3,3,5,6,4,5,2,3,4,4,7,7,2,3,3,3,1,1,1,6,3,3,1,3,2,3,1,1,2,2,3,4,2,2,2,2,3,3,4,4,2,5,3,3,2,3,3,3,1,3,4,4,2,6,1,1,2,2,1,1,4,4,2,2,3,3,1,1,3,3,3,3,1,1,4,4,1,1,3,3,1,1,1,3,1,1,1,1,2,3,1,3,1,1,2,3,2,2,2,5,2,2,2,2,1,1,3,3,2,2,4,4,4,4,3,4,3,3,3,3,4,4,2,2,1,1,2,5,1,4,3,3,4,4,3,4,1,3,2,2,3,3,1,2,2,2,2,2,1,1,2,4,1,1,1,4,2,3,1,4,4,4,1,3,4,4,4,4,2,3,1,1,2,2
M145512,3,3,2,2,3,3,4,4,3,3,2,2,2,2,1,7,2,2,3,3,2,2,1,1,3,3,2,3,2,3,1,5,2,5,3,3,3,3,2,2,1,1,1,1,1,1,1,2,2,5,2,2,1,2,1,2,2,2,3,3,4,4,1,1,5,5,1,2,4,4,2,3,2,3,1,3,5,5,4,4,2,2,4,4,7,7,3,3,3,3,1,2,1,1,3,3,1,3,3,3,1,3,2,3,2,2,2,2,1,1,1,1,4,4,2,5,3,3,1,1,3,3,1,3,2,5,1,4,1,2,1,2,1,1,4,4,1,1,1,1,1,1,2,3,3,3,1,1,4,4,1,1,3,3,3,3,1,1,1,1,1,1,2,3,1,1,1,1,3,3,1,2,2,2,2,2,2,3,1,1,1,1,2,2,4,4,4,4,3,3,2,3,3,4,3,4,2,2,2,2,4,5,1,1,1,3,3,3,2,2,2,3,2,2,3,3,2,4,1,2,2,2,1,1,2,4,1,2,1,4,2,3,1,3,4,5,1,2,4,4,2,4,2,2,1,1,2,2
M145513,2,4,2,2,2,3,5,5,1,3,2,2,2,2,5,7,1,2,3,3,2,5,1,1,3,3,1,3,1,2,1,4,5,5,1,3,3,3,2,2,1,1,1,1,1,2,1,2,2,2,2,2,1,3,2,2,2,3,2,3,4,4,1,1,5,5,1,1,1,3,3,3,3,3,3,3,6,6,4,4,1,3,4,4,7,7,3,3,3,3,1,1,2,2,3,3,3,3,2,3,1,3,2,2,3,4,2,2,1,2,3,3,4,4,2,5,3,3,1,1,2,3,1,3,1,4,2,4,1,1,1,1,1,3,4,4,2,2,3,3,1,1,3,3,3,3,1,1,4,4,1,2,3,3,3,4,1,3,1,1,2,2,2,2,1,1,1,1,1,3,2,2,2,2,2,2,2,3,1,1,1,1,2,2,4,4,4,4,3,3,2,3,3,4,3,4,2,2,2,2,4,4,3,3,3,3,3,3,4,4,3,3,2,2,3,3,2,2,1,2,2,2,1,1,2,4,1,1,3,4,1,3,4,5,3,4,1,1,4,5,2,3,2,2,1,1,2,2
M145514,1,1,2,2,3,3,5,5,2,3,2,2,2,3,1,7,1,2,3,3,2,2,1,1,3,3,2,3,2,3,5,5,5,5,2,2,3,3,2,2,1,2,1,1,1,2,1,2,2,2,2,2,3,3,2,2,3,3,3,3,4,4,1,3,5,5,1,1,3,3,2,2,3,3,3,3,5,5,4,4,1,2,4,4,7,7,3,3,3,3,1,1,5,6,3,3,1,4,2,2,1,3,2,2,3,4,1,2,1,2,3,4,4,4,1,2,3,3,1,2,2,3,1,1,2,4,2,4,1,2,2,2,1,3,4,4,1,1,3,3,1,1,3,3,3,3,1,1,4,5,1,1,3,3,3,3,1,3,1,1,1,1,2,3,1,1,1,1,2,3,2,2,2,2,2,2,4,4,1,1,1,3,2,2,4,4,4,4,4,4,2,2,3,3,3,4,1,2,1,2,4,5,1,3,3,3,2,3,2,4,3,3,2,3,3,3,1,1,1,2,2,2,1,1,4,4,2,2,1,4,2,3,1,1,3,4,1,1,4,4,4,4,2,3,1,1,1,2
M145515,3,4,2,2,3,3,2,4,3,3,2,2,3,3,1,7,1,2,3,3,2,5,1,2,3,3,1,3,1,2,1,5,2,5,2,3,1,3,2,2,1,1,1,1,2,2,1,1,2,5,2,2,1,1,2,2,2,3,3,3,4,4,1,3,5,6,1,1,1,3,2,3,2,2,3,3,5,6,4,5,1,3,2,4,7,7,3,3,3,3,1,1,1,6,3,3,3,3,2,3,1,3,2,3,3,4,2,3,1,2,1,3,4,4,2,5,3,4,1,1,3,3,3,3,4,5,4,6,1,2,2,2,1,5,4,4,1,2,3,3,1,1,2,3,1,3,1,1,4,4,1,1,3,3,1,4,1,1,1,1,1,1,2,2,1,2,1,1,3,3,1,2,2,2,2,2,2,3,1,1,1,1,2,2,4,4,4,4,3,3,2,2,3,4,3,4,1,2,1,2,4,5,1,3,2,3,2,3,2,2,3,3,2,3,3,3,1,1,2,2,2,2,1,3,4,4,1,2,1,3,1,1,3,3,4,5,2,2,4,5,4,4,2,2,1,1,1,2
M145516,3,4,2,2,3,3,4,5,3,3,2,2,2,3,1,2,1,1,3,3,2,5,1,1,3,3,1,2,1,3,1,1,2,3,2,3,1,3,2,2,1,1,1,1,1,2,1,2,2,5,2,2,1,1,2,2,2,2,3,4,2,4,1,3,5,5,1,2,1,3,2,2,2,3,3,3,5,5,4,5,1,3,2,4,7,7,3,3,3,3,1,1,1,1,3,3,3,3,3,3,1,1,3,3,3,4,2,2,1,2,1,3,4,4,2,2,3,3,1,3,3,3,3,3,4,4,4,6,1,2,1,2,1,5,3,4,1,2,1,3,1,1,2,3,1,3,1,1,4,4,1,1,3,3,3,4,1,1,1,1,1,1,2,2,1,2,1,1,3,3,2,2,2,2,2,2,2,3,1,1,1,1,2,2,4,4,4,4,3,3,2,2,3,3,3,4,1,2,1,2,4,5,1,3,1,3,2,3,2,2,3,3,2,3,3,3,1,1,1,2,2,2,1,1,4,4,1,2,1,1,1,3,3,3,4,5,2,2,4,5,2,4,2,2,1,1,1,2
M145517,1,4,2,2,3,3,4,5,3,3,2,2,3,3,7,7,1,2,3,3,2,5,1,2,3,3,3,3,1,3,1,1,2,3,2,3,3,3,2,2,1,1,1,3,2,2,1,1,2,5,2,2,1,1,2,2,2,3,3,4,2,4,3,3,5,6,1,2,1,4,2,3,2,3,1,3,5,5,4,5,1,2,2,4,7,7,3,3,3,3,1,1,1,1,3,3,3,3,2,2,1,1,2,2,3,4,2,3,2,2,3,3,4,4,2,2,3,3,1,3,3,3,2,3,4,4,4,4,1,1,2,2,1,5,3,4,1,2,3,3,1,1,2,3,1,1,1,1,1,5,1,1,3,3,3,4,1,1,1,1,1,1,2,2,1,2,1,1,3,3,1,2,2,2,2,2,3,3,1,1,1,1,2,2,4,4,4,4,3,4,2,2,3,3,3,4,2,2,1,2,4,5,1,3,2,3,2,3,2,2,3,3,2,3,3,3,1,1,1,2,2,5,1,3,4,4,1,1,1,3,1,1,3,3,4,5,2,2,4,5,2,4,2,2,1,1,1,2
M145518,3,4,2,2,3,4,4,5,1,3,2,2,2,2,1,2,2,2,3,5,3,5,1,1,3,3,2,3,3,3,1,1,2,5,2,3,3,3,2,2,1,2,1,1,1,2,1,1,2,2,2,2,1,3,2,2,2,3,3,4,2,4,1,1,5,5,1,1,1,4,2,3,2,3,3,3,3,5,4,4,3,3,3,4,1,7,3,3,3,3,1,1,1,1,3,3,3,3,2,2,1,3,3,3,3,4,1,2,1,1,1,1,3,4,2,5,3,4,1,1,2,3,3,3,4,5,2,4,1,2,1,1,1,1,4,4,1,2,3,4,1,1,3,3,1,3,1,1,5,5,1,1,3,4,3,4,1,1,1,2,1,1,2,2,2,2,1,1,2,3,1,2,2,2,2,2,3,3,1,1,1,2,2,3,2,3,4,4,3,3,2,2,3,4,3,4,2,2,2,2,4,5,1,3,3,3,3,3,2,2,3,3,2,2,1,3,1,2,2,2,2,2,1,3,4,4,1,2,1,4,1,3,1,5,2,5,1,1,4,4,3,3,3,3,1,1,2,2
M145519,2,2,1,2,3,4,5,5,3,3,2,2,2,2,2,5,1,2,3,3,2,5,1,1,2,3,2,3,3,3,5,5,5,5,2,3,1,3,2,2,1,1,1,3,2,2,1,2,2,3,2,2,1,1,2,2,2,2,2,3,2,4,1,1,5,5,1,1,1,4,3,3,2,3,3,3,5,6,4,5,1,3,4,4,1,7,2,3,3,3,1,2,1,1,1,3,3,3,3,3,3,3,3,3,4,4,3,3,1,2,3,3,4,4,2,4,4,4,1,3,3,3,3,3,2,4,4,6,1,2,1,1,1,3,4,4,2,2,3,3,1,3,2,3,3,3,1,1,4,4,1,2,3,3,3,3,1,1,1,2,1,1,2,2,1,1,1,1,3,3,2,2,2,3,2,2,2,2,1,1,1,1,2,2,2,4,4,4,3,3,2,2,4,4,3,3,2,2,2,2,4,5,2,3,1,2,3,3,3,4,3,3,2,2,1,3,1,2,1,2,2,2,1,1,2,4,1,2,1,3,1,3,1,3,3,4,3,3,4,4,2,2,2,3,1,1,2,2
M145520,1,4,2,2,3,3,5,5,1,3,1,1,2,3,2,2,1,1,3,3,2,5,1,1,2,3,3,3,2,3,1,5,3,5,2,2,3,3,2,2,1,1,1,1,2,4,1,1,2,2,2,2,1,1,2,2,2,3,3,3,4,4,1,1,5,5,1,1,1,3,2,3,2,3,3,3,5,5,4,5,2,3,3,3,4,7,3,3,3,3,1,1,1,6,3,3,3,3,3,3,1,3,2,2,3,4,2,2,2,2,3,3,3,4,5,5,3,3,2,2,2,3,3,3,2,4,2,4,1,2,1,2,1,1,4,4,1,2,1,3,1,1,3,3,3,3,1,1,4,4,1,1,3,3,1,3,1,3,1,2,1,2,2,3,1,1,1,2,3,3,2,2,2,2,2,2,3,4,2,2,1,1,2,2,2,4,4,4,3,4,2,2,3,3,3,4,1,2,2,2,4,5,1,3,3,3,3,4,2,3,3,3,2,2,3,3,1,1,2,2,2,2,1,1,2,4,1,2,4,4,2,3,5,5,4,4,1,1,4,4,3,4,2,2,1,1,1,2
M145521,1,1,2,2,3,3,5,5,3,3,1,2,2,3,2,2,1,2,3,4,2,5,1,1,2,3,3,3,3,3,1,5,2,5,2,2,2,3,2,2,1,1,1,1,1,1,1,1,2,2,2,2,1,3,2,2,2,3,3,3,4,4,1,1,5,5,1,1,1,3,2,2,2,3,3,3,5,5,4,5,2,2,3,3,7,7,3,3,3,3,1,2,1,6,3,3,1,3,2,3,3,3,2,2,4,4,2,2,2,2,3,3,4,4,1,5,3,3,1,3,2,3,1,3,2,4,2,4,1,2,1,2,1,3,4,4,1,2,1,3,1,1,3,3,3,3,1,1,4,4,1,1,3,3,3,3,1,3,1,1,1,1,2,3,1,1,1,1,1,3,2,2,2,2,2,2,2,3,2,2,1,1,2,2,4,4,4,4,3,4,2,2,3,3,4,4,2,2,2,2,4,5,3,3,3,3,3,3,4,4,3,3,2,2,3,3,1,1,2,2,2,2,1,1,2,4,2,2,4,4,3,3,5,5,4,4,1,1,4,4,3,4,2,3,1,1,2,2
M145522,3,4,2,2,3,3,4,5,3,3,2,2,3,3,7,7,1,1,3,3,2,5,1,2,3,3,3,3,1,3,1,1,2,5,2,3,1,1,2,2,1,1,1,1,1,2,1,1,2,2,2,2,1,1,2,2,3,3,3,3,4,4,1,3,5,5,1,1,1,1,2,3,2,3,1,3,5,5,4,4,3,3,2,4,7,7,3,3,3,3,1,1,1,1,3,3,3,3,2,3,1,3,2,3,4,4,2,3,2,2,1,3,4,4,2,2,3,4,1,1,3,3,2,3,4,4,4,4,1,2,1,2,1,5,4,4,1,2,3,3,1,1,2,3,1,1,1,1,4,5,1,1,3,3,1,4,1,1,1,1,1,1,2,3,1,1,1,1,3,3,1,2,2,2,2,2,2,2,1,1,1,1,2,2,4,4,4,4,3,3,2,2,3,4,3,4,1,2,1,2,4,4,1,3,3,3,2,3,2,2,3,3,2,3,3,3,1,2,2,2,2,5,1,3,4,4,2,2,3,3,1,3,1,3,4,5,2,2,4,5,4,4,2,2,1,1,1,2
M145523,3,3,2,2,3,3,5,5,1,3,1,1,2,3,1,7,2,2,3,3,2,5,1,1,3,3,3,3,1,3,5,5,3,3,2,3,2,3,2,2,2,2,1,1,2,4,2,2,2,2,2,2,1,1,2,2,2,3,2,2,2,4,1,1,2,5,1,2,1,1,2,3,2,2,3,3,4,6,4,4,2,3,3,4,6,7,2,2,3,3,1,1,3,6,3,3,3,3,2,3,1,3,2,2,4,4,2,2,2,2,1,1,4,4,2,2,3,4,3,3,3,3,2,3,4,5,4,6,1,2,1,1,3,3,2,3,1,1,1,4,3,3,3,3,3,3,1,1,4,4,1,2,3,3,3,4,1,1,1,2,1,1,1,2,2,3,1,1,1,3,1,2,2,5,2,2,2,4,1,1,3,3,2,2,2,4,4,4,1,3,2,2,5,5,1,1,2,2,1,1,4,6,3,3,2,3,2,3,3,4,3,3,2,2,1,3,1,3,2,2,2,2,1,1,4,4,1,2,2,3,2,3,3,5,3,4,1,3,3,4,2,2,2,4,1,1,2,2
M145524,1,2,2,2,3,3,5,5,3,3,1,2,2,2,1,7,1,2,3,3,2,3,1,1,3,3,2,3,2,3,5,5,5,5,2,2,3,3,2,2,1,2,1,1,2,2,1,1,2,2,2,2,1,3,2,2,3,3,3,3,4,4,1,3,5,5,1,1,3,3,2,3,2,3,3,3,5,5,4,4,1,2,4,4,7,7,2,3,3,3,1,1,6,6,3,3,1,4,2,3,1,3,2,2,3,4,1,2,1,2,3,3,4,4,2,5,3,3,1,2,3,3,1,3,2,4,2,4,1,2,1,2,1,1,4,4,1,1,3,3,1,1,3,3,3,3,1,1,4,5,1,1,3,3,3,3,1,3,1,1,1,1,2,3,1,1,1,1,1,2,2,2,2,5,2,2,4,4,1,2,3,3,2,2,4,4,4,4,3,4,2,2,3,3,4,4,2,2,1,2,4,5,1,3,3,3,2,3,2,4,3,3,2,2,3,3,1,1,1,2,2,2,1,1,4,4,2,2,4,4,2,3,1,1,3,4,1,3,4,4,4,4,2,2,1,1,2,2
M145525,1,2,2,2,3,3,3,5,3,3,1,2,2,3,2,2,1,2,3,3,2,5,1,1,1,3,1,3,1,3,1,5,5,5,2,3,3,3,2,2,1,1,1,1,1,1,1,2,2,5,2,2,1,1,2,2,3,3,2,3,4,4,1,1,3,5,1,1,1,3,2,3,2,3,2,3,5,5,5,5,1,2,3,4,7,7,2,3,3,3,1,1,1,6,3,3,3,3,3,3,1,3,1,1,3,4,2,3,2,2,3,3,4,4,2,5,3,4,2,3,3,3,3,3,4,7,2,4,1,1,1,2,1,1,4,4,2,2,3,3,1,1,3,3,3,3,1,1,4,5,1,1,3,3,1,1,1,3,1,1,1,1,2,3,1,1,1,1,3,3,2,2,2,3,2,2,2,4,1,2,3,3,2,2,4,4,4,4,3,3,3,3,3,3,4,4,1,2,1,1,4,4,1,3,3,3,3,4,2,4,3,3,2,3,3,3,1,2,2,2,2,2,1,1,2,4,1,1,1,4,3,3,1,4,3,4,1,2,4,4,4,4,2,2,1,1,1,2
M145526,1,4,2,2,3,3,5,5,1,3,1,1,3,3,1,2,2,2,3,4,2,5,1,1,2,3,3,3,3,3,1,5,2,5,2,2,2,3,2,2,1,1,1,1,2,4,1,1,2,2,2,2,1,3,2,2,2,3,3,3,4,4,1,1,5,5,1,1,3,3,2,3,3,3,2,3,5,6,4,4,2,2,3,4,7,7,2,3,3,3,1,1,1,6,3,3,3,3,3,3,1,1,2,2,4,4,2,2,2,2,3,3,4,4,5,5,3,3,1,3,2,3,1,3,1,4,2,6,1,1,1,2,1,3,4,4,2,2,1,3,1,3,3,3,3,4,1,1,4,4,1,2,3,3,3,3,1,3,1,1,1,2,2,3,1,1,1,1,2,3,2,2,2,2,2,2,3,4,2,2,1,1,2,2,4,4,4,4,3,4,2,2,3,3,3,4,1,2,2,2,5,5,3,3,3,3,3,4,2,3,3,3,2,2,3,3,1,1,2,2,2,2,1,1,2,4,2,2,4,4,2,3,1,5,4,4,1,3,3,4,3,4,2,2,1,1,1,2
M145527,2,4,2,2,3,3,4,4,3,3,1,2,2,2,2,5,1,2,3,5,3,5,1,2,3,3,3,3,3,3,1,5,5,5,2,3,3,3,2,2,1,1,1,1,1,2,1,1,2,2,2,2,1,3,2,2,2,2,1,3,4,4,1,3,5,6,1,1,1,4,1,3,2,2,3,3,4,6,4,5,2,3,2,4,7,7,3,3,3,3,1,1,1,1,3,3,3,3,2,2,1,1,2,2,3,4,2,3,2,2,3,3,4,4,2,5,3,4,1,3,2,3,1,3,4,4,4,6,1,1,1,2,1,1,4,4,2,2,3,3,1,1,2,3,1,4,1,1,4,5,1,2,3,3,3,4,1,1,1,2,1,2,2,2,1,1,1,1,3,3,2,2,2,3,2,2,2,4,1,1,1,1,2,2,2,4,4,4,3,4,2,2,3,4,4,4,1,2,2,2,4,4,3,3,3,3,2,3,3,4,2,3,2,2,3,3,1,1,2,2,2,2,1,3,2,4,1,2,1,4,2,2,6,6,2,4,2,2,3,4,2,4,2,2,1,1,2,2
M145528,1,4,2,2,3,3,4,5,3,3,2,2,2,2,7,7,2,2,3,3,2,5,1,1,3,3,1,3,1,3,1,5,5,5,1,3,3,3,2,2,1,2,1,1,2,2,2,2,2,5,2,2,1,1,2,2,2,3,2,2,4,4,1,1,5,5,1,1,1,3,2,3,2,3,3,3,5,6,1,4,1,3,4,4,3,7,3,3,3,3,1,1,1,1,3,3,3,3,3,3,3,3,1,2,4,4,2,2,1,2,1,3,4,4,2,5,3,3,1,3,2,3,1,3,1,4,2,6,1,1,1,1,1,1,4,4,1,2,3,3,1,1,3,3,3,3,1,1,4,4,1,1,3,3,4,4,1,1,1,1,2,2,2,2,1,1,1,2,1,3,2,2,2,2,2,2,2,2,1,1,1,1,2,2,4,4,4,4,3,3,2,2,3,4,3,6,2,2,2,2,4,4,1,3,3,3,3,3,3,4,3,3,2,2,3,3,2,2,1,2,2,2,1,1,2,4,1,2,3,4,1,1,5,5,5,5,2,2,3,6,3,4,2,3,1,1,2,2
M145529,1,4,2,2,3,3,5,5,3,3,1,2,2,2,1,2,2,2,3,3,5,5,1,1,3,3,3,3,2,3,4,5,5,5,2,2,3,3,2,2,1,2,1,3,2,2,1,2,2,2,2,2,1,1,2,2,2,3,2,3,4,4,1,1,5,5,1,1,3,3,2,2,4,6,3,3,3,5,3,4,1,3,3,4,1,1,3,3,3,3,1,1,1,1,3,3,3,3,2,3,1,3,1,3,2,3,1,2,1,2,1,3,2,3,2,5,3,3,3,3,3,3,3,3,3,4,2,6,1,1,1,1,1,1,4,4,1,2,3,3,1,1,3,3,3,3,1,1,1,5,1,1,3,5,3,4,1,1,2,2,1,2,2,2,1,1,1,1,1,2,1,1,2,2,2,2,2,3,1,1,1,1,2,2,2,2,4,5,3,4,2,2,4,4,4,6,2,2,2,2,4,5,1,3,2,2,3,3,2,3,3,3,2,2,1,1,1,1,2,2,2,2,1,3,4,4,1,1,1,4,1,3,3,3,3,5,1,3,4,4,0,0,2,3,1,1,2,2
M145530,2,4,2,2,3,4,5,5,3,3,1,2,3,3,2,7,1,2,3,5,2,5,1,1,3,3,2,2,1,3,5,5,3,5,2,2,2,3,2,2,1,2,1,3,2,2,1,2,2,2,1,2,1,1,2,2,2,3,3,4,4,4,1,1,2,5,1,1,3,4,3,3,2,3,1,3,5,6,1,4,2,3,4,4,1,1,3,3,2,3,2,2,1,1,3,3,3,3,2,2,3,4,2,2,2,4,2,2,2,2,1,1,3,4,2,4,3,4,1,3,3,3,1,3,2,4,4,6,1,2,1,2,1,3,3,4,2,2,2,3,1,1,3,3,1,3,1,1,1,4,1,1,3,3,1,3,1,1,2,2,1,1,2,2,1,2,1,1,3,4,2,2,1,2,2,2,2,3,1,1,3,3,2,2,2,2,4,4,3,3,2,2,3,3,4,4,2,2,1,2,4,4,1,3,3,3,3,3,2,2,1,3,2,3,1,1,1,3,2,2,2,2,1,2,4,4,1,1,1,3,3,3,3,4,3,4,1,2,3,4,3,4,2,2,1,1,2,2
M145531,1,4,2,2,3,4,5,5,1,3,1,2,2,2,5,7,1,2,3,3,5,5,1,2,1,3,3,3,1,3,1,5,5,5,3,3,3,3,2,2,1,2,1,3,1,1,1,1,2,2,2,2,1,1,2,2,2,3,2,4,4,4,1,1,5,5,1,1,1,3,3,3,2,3,1,2,5,6,3,4,1,1,4,4,3,7,2,3,3,3,1,2,1,1,3,3,3,3,3,3,1,1,3,3,2,4,2,2,1,2,3,3,4,4,2,5,1,4,1,3,3,3,3,3,2,4,4,4,1,2,1,1,1,3,4,4,2,2,3,3,1,1,2,3,1,3,1,1,4,5,1,1,2,3,3,3,1,1,1,1,1,2,2,2,1,1,1,2,3,3,1,2,2,2,2,2,3,3,1,1,1,1,2,2,4,4,4,5,3,3,2,3,4,4,4,4,2,2,2,2,4,5,1,3,2,3,3,3,2,3,1,3,2,2,3,3,1,2,2,2,2,2,1,3,2,2,1,2,3,4,3,3,1,5,4,5,3,3,4,6,3,3,2,2,1,1,1,2
M145532,2,2,2,2,3,3,5,5,1,3,2,2,2,3,2,5,1,2,3,3,2,2,1,2,3,3,2,3,2,3,1,5,5,5,2,3,3,3,2,2,1,2,1,3,4,4,2,2,2,3,2,2,1,3,2,2,2,2,2,3,2,4,1,1,5,5,1,1,3,4,3,3,2,3,3,3,5,6,4,5,1,3,4,4,1,7,2,3,3,3,1,2,1,7,1,3,3,3,2,2,3,3,2,2,4,4,2,3,1,2,1,3,4,4,2,4,4,4,1,3,3,3,3,3,4,4,6,6,1,1,1,1,1,3,3,4,1,2,3,3,1,1,2,3,3,3,1,1,4,4,1,1,2,3,3,3,1,1,1,2,1,1,2,2,1,1,1,1,2,3,2,2,2,2,2,2,2,3,1,3,1,1,2,2,2,4,4,4,3,3,2,2,4,4,3,3,2,2,2,2,4,5,2,3,2,3,3,3,2,2,3,3,2,2,1,3,1,2,1,2,2,2,1,1,4,4,1,2,3,4,1,3,1,3,3,4,1,3,4,4,2,2,2,2,1,1,2,2
M145533,3,4,2,2,3,4,5,5,1,3,1,2,2,2,1,2,1,2,3,5,3,5,1,1,3,3,3,3,3,3,1,4,5,5,2,3,3,3,2,2,1,1,1,1,1,2,1,1,2,2,2,2,1,3,2,2,2,3,3,3,2,4,1,3,5,5,1,1,3,4,2,3,2,6,2,3,3,5,4,4,1,3,3,4,1,7,3,3,3,3,1,1,1,2,3,3,3,3,2,2,1,3,3,3,3,3,2,2,2,2,3,3,3,4,2,5,3,4,1,1,3,3,3,3,4,4,1,6,1,1,1,1,1,1,4,4,1,2,3,4,1,1,3,3,1,3,1,1,4,5,1,1,3,4,3,4,1,1,1,2,1,1,2,2,2,2,1,1,2,2,1,2,2,2,2,2,3,3,1,1,1,3,2,3,2,4,4,4,3,3,2,2,4,4,3,4,2,2,2,2,4,5,1,3,2,3,3,3,2,2,3,3,2,2,1,3,1,2,1,2,2,5,1,1,2,4,1,2,3,3,1,3,5,5,2,5,1,1,4,4,3,3,2,3,1,1,2,2
M145534,3,4,2,2,3,3,5,5,3,3,2,2,2,2,2,5,2,2,3,3,1,2,1,2,3,3,3,3,2,3,1,1,2,5,1,2,3,3,2,2,1,1,1,1,1,2,1,2,2,2,2,2,1,3,2,2,3,3,2,3,3,4,1,1,5,5,1,2,1,3,3,3,2,2,3,3,5,6,4,4,1,3,4,4,7,7,3,3,3,3,1,1,1,2,3,3,3,3,0,0,3,3,2,3,4,4,2,3,2,2,3,3,4,4,2,2,3,4,1,1,3,3,3,3,4,5,2,4,1,1,1,1,1,5,4,4,1,1,1,3,1,3,2,3,3,3,1,1,4,5,1,2,3,3,3,3,1,1,1,1,1,2,2,2,1,1,1,1,1,3,2,2,1,5,2,2,2,3,1,3,1,3,2,2,4,4,4,4,3,4,2,3,3,3,3,4,1,2,2,2,4,4,3,3,3,3,2,3,2,2,3,3,2,2,3,3,1,1,1,2,2,2,1,1,3,4,1,1,1,1,1,1,3,5,4,4,1,2,3,4,3,4,2,4,1,1,2,2
M145535,1,1,2,2,3,3,5,5,1,3,2,2,2,2,2,2,1,2,3,3,2,5,1,1,1,3,3,3,2,2,1,5,5,5,3,3,3,3,2,2,2,2,1,3,1,4,1,1,2,2,2,2,1,1,2,2,2,3,2,3,4,4,1,1,5,5,1,1,3,3,2,2,2,4,2,3,5,5,4,4,1,1,3,4,1,7,2,4,3,3,2,2,1,4,3,3,3,3,3,3,1,1,1,2,3,4,1,2,1,2,1,3,2,4,2,2,3,4,1,3,3,3,1,3,5,7,4,6,1,1,1,2,1,5,4,4,1,2,3,3,1,3,3,3,1,3,1,1,5,5,1,1,2,3,1,4,1,1,1,2,1,1,2,2,1,1,1,2,3,3,1,2,2,2,2,2,3,3,1,1,1,1,2,2,2,4,4,4,3,4,2,2,3,4,4,4,1,2,2,2,4,4,1,3,3,3,3,3,3,3,3,3,2,2,1,3,1,2,2,2,2,5,1,1,2,4,1,1,1,3,1,3,3,4,4,5,1,3,3,4,2,2,2,2,1,1,1,2
M145536,1,4,2,2,3,3,2,4,3,3,2,2,3,3,2,7,1,1,3,3,2,5,1,2,3,3,1,3,1,2,1,5,2,3,2,3,1,3,2,2,1,1,1,3,1,2,1,2,2,5,2,2,1,3,2,2,2,3,3,4,4,4,3,3,5,6,1,2,1,4,2,2,2,3,1,3,5,5,4,5,3,3,2,4,7,7,3,3,3,3,1,1,1,1,3,3,3,3,3,3,1,3,2,3,3,4,2,2,2,2,1,3,4,4,2,2,3,4,1,3,3,3,3,3,4,5,4,4,1,1,2,2,1,5,3,4,1,2,3,3,1,1,2,3,1,1,1,1,4,5,1,1,3,3,1,4,1,1,1,1,1,1,2,3,1,1,1,1,3,3,1,2,2,2,2,2,2,3,1,1,1,1,2,2,4,4,4,4,3,3,2,2,3,4,3,4,1,2,1,2,4,4,1,3,1,2,2,3,2,2,3,3,2,3,3,3,1,2,1,2,2,2,1,3,4,4,1,2,1,1,1,2,1,3,4,5,2,2,4,5,2,4,2,2,1,1,1,2
M145537,2,2,2,2,3,3,4,5,1,1,2,2,1,2,1,2,2,2,3,3,3,5,1,2,3,3,2,3,1,1,1,5,5,5,2,3,3,3,2,2,1,2,1,1,1,1,1,1,2,5,2,2,1,2,2,2,2,3,2,3,2,4,1,1,5,5,1,2,1,1,1,2,3,3,2,3,5,6,4,5,1,3,2,4,7,7,3,3,3,3,1,1,2,2,3,3,3,3,2,2,1,3,2,3,3,4,2,2,1,2,3,3,3,4,2,2,4,4,3,3,3,3,1,3,4,7,4,6,1,1,2,2,1,5,3,4,1,2,3,3,1,1,2,3,3,3,1,1,3,5,1,2,3,3,1,3,1,3,1,2,2,2,1,2,1,1,1,1,1,3,2,2,2,3,2,2,2,2,1,1,1,1,2,2,2,4,4,4,3,3,2,2,3,3,4,4,1,2,2,2,4,4,3,3,3,3,2,3,3,3,3,3,2,3,3,3,1,2,2,2,2,2,1,3,2,4,1,1,1,4,2,3,5,6,3,4,1,2,4,4,2,4,2,2,1,1,2,2
M145538,1,1,2,2,3,3,5,5,3,3,1,2,2,3,1,2,1,2,3,3,2,3,1,1,3,3,2,3,3,3,5,5,5,5,2,3,3,3,2,2,1,2,1,1,2,4,1,2,2,2,2,2,3,3,2,2,3,3,3,3,4,4,1,3,5,5,1,1,3,3,2,2,2,3,3,3,5,5,4,4,2,3,4,4,7,7,3,3,3,3,1,1,5,6,3,3,3,3,2,3,3,4,2,2,3,4,2,3,1,2,3,3,4,4,1,2,3,3,1,2,3,3,1,3,4,4,1,2,1,1,1,1,1,1,4,4,1,2,1,3,1,1,3,3,3,3,1,1,4,5,1,1,3,3,3,3,3,3,1,1,1,1,1,3,1,1,1,2,2,3,2,2,2,2,2,2,2,4,1,1,3,3,2,2,4,4,4,4,4,4,2,2,3,3,3,4,1,2,1,2,4,5,1,3,3,3,2,3,2,2,3,3,2,3,3,3,1,1,1,2,2,2,1,1,4,4,2,2,1,4,2,3,1,3,3,4,1,3,4,4,4,4,2,2,1,1,1,2
M145539,4,4,2,2,3,3,2,4,3,3,2,2,2,3,1,7,1,1,3,3,2,5,1,1,3,3,3,3,2,3,1,5,2,3,2,3,1,1,2,2,1,1,1,1,1,2,1,2,2,5,2,2,1,3,2,2,2,3,4,4,4,4,3,3,5,5,1,1,1,4,2,3,2,2,3,3,5,6,4,4,3,3,2,4,7,7,3,3,3,3,1,1,1,6,3,3,3,3,2,2,1,1,2,2,3,4,2,3,2,2,1,3,4,4,2,2,3,3,1,3,3,3,2,3,4,5,4,4,1,1,1,2,1,5,4,4,1,2,1,3,1,1,2,3,1,1,1,1,4,4,1,1,3,3,3,4,1,1,1,1,1,1,2,2,1,2,1,1,3,3,1,2,2,2,2,2,2,3,1,1,1,1,2,2,4,4,4,4,3,3,2,2,3,4,3,4,2,2,1,2,4,4,1,3,1,2,2,3,2,2,3,3,2,3,3,3,1,2,1,2,2,5,1,3,4,4,1,2,1,3,2,3,1,3,3,4,2,2,4,5,2,3,2,2,1,1,1,2
M145540,1,1,2,2,3,3,5,5,2,3,2,2,2,2,2,2,1,2,3,4,2,5,1,1,2,3,3,3,2,3,1,5,2,5,2,2,2,3,2,2,1,1,1,1,1,1,1,2,2,2,2,2,1,1,2,2,2,3,2,3,4,4,1,1,5,5,1,1,1,3,2,3,3,3,3,3,5,6,4,5,2,2,3,3,7,7,2,3,3,3,1,2,1,6,3,3,3,3,2,3,1,1,2,2,3,4,2,2,1,2,3,3,4,4,5,5,3,3,1,2,3,3,1,3,2,4,2,4,1,2,2,2,1,3,4,4,2,2,1,3,1,3,3,3,3,3,1,1,4,4,1,1,3,3,1,3,1,3,1,1,1,1,2,3,1,1,1,1,1,3,2,2,2,2,2,2,2,2,1,2,1,3,2,2,4,4,4,4,3,3,2,2,3,3,4,4,2,2,1,2,5,5,1,3,3,3,3,4,4,4,3,3,2,2,3,3,1,1,2,2,2,2,1,1,2,4,2,2,4,4,3,3,5,5,2,4,2,3,4,4,3,4,2,3,1,1,1,2
M145541,1,3,2,2,3,3,4,5,3,3,2,2,3,3,7,7,1,1,3,3,2,5,1,2,3,3,3,3,1,3,1,5,2,3,2,3,3,3,2,2,1,1,1,3,1,2,1,1,2,2,2,2,1,1,2,2,3,3,3,3,2,4,1,3,5,6,1,2,1,1,2,3,2,3,1,3,5,5,4,5,1,2,2,4,7,7,3,3,3,3,1,1,1,1,3,3,3,3,2,2,1,1,2,2,3,4,2,2,1,2,3,3,4,4,2,2,3,4,1,3,3,3,2,3,4,5,4,4,1,1,1,2,1,5,4,4,1,2,3,3,1,1,2,3,1,1,1,1,4,4,1,1,3,3,1,4,1,1,1,1,1,1,2,2,1,1,1,1,3,3,1,2,2,2,2,2,2,2,1,1,1,1,2,2,4,4,4,4,3,3,2,2,3,4,3,4,1,1,1,2,4,5,1,3,3,3,2,3,2,2,3,3,2,3,3,3,1,2,2,2,2,5,1,3,4,4,1,1,3,3,1,3,3,3,4,5,2,2,4,5,4,4,2,2,1,1,1,2
M145542,4,4,2,2,3,3,4,5,3,3,2,2,2,2,1,2,2,2,3,3,2,5,1,1,3,3,1,3,2,2,5,5,2,5,3,3,3,3,2,2,2,2,1,3,1,4,1,2,2,2,2,2,1,1,2,2,2,2,2,3,2,4,1,1,5,5,1,1,3,3,3,3,3,3,3,3,5,5,4,4,1,1,3,3,7,7,3,3,3,3,1,2,1,4,3,3,3,3,2,3,2,3,2,3,3,4,1,2,2,2,1,3,4,4,2,2,3,3,1,1,3,3,1,3,2,4,1,4,1,2,2,2,1,3,4,4,1,2,5,5,1,1,2,3,3,3,1,1,3,4,1,1,3,3,3,3,1,1,1,1,1,2,2,2,1,1,1,1,1,1,2,2,2,2,2,2,2,4,1,1,1,1,2,2,4,4,4,4,3,3,0,0,3,3,4,4,2,2,1,2,4,4,1,1,3,3,3,3,2,3,3,3,2,2,3,3,1,1,1,1,2,2,1,1,2,2,1,2,3,4,1,3,5,6,4,4,1,1,4,4,2,4,2,2,1,1,2,2
M145543,1,2,2,2,3,3,5,5,3,3,2,2,2,2,2,2,2,2,3,3,3,5,1,1,3,3,1,3,3,3,1,5,3,5,2,3,1,3,2,2,1,2,1,1,1,4,1,1,2,3,2,2,1,3,2,2,3,3,3,4,4,4,1,1,5,5,1,1,1,3,2,2,3,3,3,3,5,6,4,4,3,3,4,4,1,7,3,3,3,3,1,1,5,5,3,3,3,4,2,2,2,3,2,2,3,4,1,3,1,2,3,4,2,4,2,3,3,3,1,3,2,3,2,3,2,4,4,6,1,2,2,2,1,5,4,4,1,2,1,3,1,1,3,3,1,3,1,1,4,5,1,1,2,3,1,3,1,3,1,2,1,1,2,2,1,3,1,1,1,3,1,2,2,5,2,2,3,4,1,1,3,3,2,2,2,4,4,4,3,4,2,3,3,4,2,4,2,2,2,2,4,4,1,2,2,3,2,2,2,3,3,3,2,2,3,3,1,3,1,2,2,2,1,1,1,4,1,2,4,4,1,1,1,3,3,4,1,1,4,5,4,4,2,3,1,1,2,2
M145544,1,4,2,2,3,3,5,5,2,3,2,2,2,3,1,2,2,2,3,3,2,5,1,1,3,3,3,3,2,3,1,5,5,5,2,3,1,3,2,2,1,2,1,3,1,2,1,2,2,2,2,2,3,3,2,2,1,3,2,3,2,4,1,1,5,5,1,1,1,3,3,3,2,3,3,3,5,6,4,5,2,3,4,4,7,7,2,3,3,3,1,1,1,6,3,3,1,3,3,3,1,4,2,2,2,4,2,3,2,2,3,3,4,4,1,5,3,3,3,3,3,3,1,3,1,4,2,6,1,1,2,2,1,1,4,4,1,2,3,3,1,1,3,3,1,3,1,1,4,5,1,1,3,3,1,1,1,3,1,1,1,1,2,3,1,1,1,1,2,3,2,2,2,2,2,2,2,2,1,1,1,3,2,2,4,4,4,4,3,4,3,3,3,3,4,4,2,2,1,2,4,4,1,4,2,3,3,4,2,3,1,3,2,2,3,3,1,2,2,2,2,2,1,1,2,4,1,2,1,4,1,3,1,6,4,4,1,3,4,4,2,4,2,2,1,1,1,2
M145545,1,4,2,2,3,3,3,4,1,3,2,2,2,2,2,7,1,1,3,3,5,5,1,1,3,3,1,3,1,3,4,5,5,5,2,3,3,3,2,2,1,2,1,3,1,4,1,2,2,2,2,2,1,1,2,2,2,3,2,4,4,4,1,1,5,5,1,1,3,4,2,3,2,3,1,2,5,5,4,4,1,1,4,4,1,3,3,3,3,3,1,2,1,4,3,3,3,3,2,3,1,3,2,3,4,4,2,2,1,2,3,3,3,4,2,5,3,3,1,3,3,3,1,3,4,5,2,6,1,1,1,1,1,1,4,4,1,2,3,3,1,1,3,3,1,3,1,1,5,5,1,1,3,5,3,4,1,1,1,2,1,2,2,3,1,1,1,2,1,3,1,2,2,2,2,2,2,3,1,1,1,1,2,2,2,4,4,4,3,3,2,2,3,4,4,4,2,2,2,2,4,5,1,3,3,3,3,3,2,3,3,3,2,2,1,3,1,1,2,2,2,2,1,1,2,4,1,1,1,4,1,1,3,3,5,5,1,3,4,4,4,4,2,2,1,1,2,2
M145546,1,4,1,2,3,3,5,5,3,3,2,2,2,3,2,7,1,2,3,3,2,5,1,2,3,3,1,3,2,3,1,5,5,5,1,3,3,3,2,2,1,2,1,1,1,2,2,2,2,2,2,2,3,3,2,2,3,3,2,3,4,4,1,1,5,5,1,1,1,3,2,3,3,3,3,3,5,6,4,4,2,3,4,4,7,7,3,3,3,3,1,2,1,1,3,3,3,3,2,3,2,3,2,2,3,3,2,2,1,2,1,3,4,4,2,5,3,4,1,1,2,2,1,1,1,4,2,4,1,1,1,2,1,1,4,4,1,2,3,5,1,1,3,3,3,3,1,1,3,4,2,2,3,3,1,4,1,1,1,1,1,2,2,2,1,1,1,1,1,3,2,2,2,2,2,2,2,3,1,1,1,1,2,2,4,4,4,4,3,3,2,2,3,3,3,4,1,2,2,2,4,4,3,3,3,3,3,3,2,4,3,3,1,2,3,3,1,2,1,2,2,2,1,1,2,4,1,2,1,4,1,3,5,5,4,4,1,1,3,4,2,3,2,2,1,1,2,2
M145547,1,4,2,2,3,3,5,5,1,3,2,2,2,2,2,2,2,2,3,3,2,5,1,1,1,3,1,3,1,3,1,5,5,5,2,3,3,3,2,2,1,1,1,3,1,2,1,2,2,5,2,2,1,1,2,2,3,3,3,3,4,4,1,3,3,5,1,1,1,3,2,3,2,3,3,3,5,6,4,5,1,2,3,4,7,7,2,3,3,3,1,1,1,6,3,3,3,3,3,3,1,1,1,1,3,4,2,2,2,2,3,3,4,4,1,2,3,3,2,3,3,3,1,3,4,4,2,6,1,1,1,2,1,1,4,4,1,2,3,3,1,1,3,3,3,3,1,1,4,5,1,1,3,3,1,1,1,3,1,1,1,1,2,3,1,3,1,1,1,2,2,2,2,5,2,2,2,4,1,2,3,3,2,2,4,4,4,4,3,4,3,3,3,3,4,4,1,2,1,1,4,4,1,4,3,3,3,4,2,2,3,3,2,2,3,3,1,2,2,2,2,2,1,1,2,4,1,2,1,4,3,3,4,5,3,4,1,2,4,4,4,4,2,3,1,1,1,2
M145548,2,4,2,2,3,3,4,5,1,3,2,2,3,3,1,7,1,1,3,4,5,5,1,1,3,3,2,2,1,3,1,5,2,3,2,3,1,3,2,2,1,2,1,3,2,4,1,1,2,2,2,2,1,1,2,2,2,3,3,4,4,4,1,1,2,5,1,2,1,3,2,3,2,2,1,3,5,5,1,4,2,2,4,4,1,7,3,3,2,3,1,2,1,1,3,3,3,3,3,3,3,3,2,3,2,4,1,2,1,2,1,4,4,4,2,4,4,4,1,3,3,3,1,3,4,4,2,6,1,1,1,2,3,3,4,4,1,2,3,3,1,1,3,3,1,3,1,1,4,4,1,1,3,5,1,3,1,1,1,2,1,1,2,2,1,2,1,1,3,3,2,2,1,2,2,2,3,3,1,1,1,3,2,2,2,4,4,4,2,3,2,2,3,3,4,6,1,2,1,1,4,5,3,3,1,3,3,4,2,2,3,3,2,2,1,3,1,3,2,2,2,4,1,1,4,4,1,1,1,4,2,3,3,4,3,3,1,2,4,4,2,4,2,3,1,1,2,2
M145549,1,2,2,2,3,3,3,5,2,3,1,2,2,3,2,2,1,1,3,3,2,5,1,1,1,3,1,3,1,3,1,5,5,5,2,3,3,3,2,2,1,1,1,1,1,2,1,1,2,5,2,2,3,3,2,2,3,3,3,4,4,4,1,3,3,5,1,1,1,3,3,3,2,3,2,3,5,5,5,5,2,3,4,4,7,7,2,3,3,3,1,1,1,6,3,3,1,3,2,3,1,1,1,2,3,4,2,3,2,2,3,3,4,4,2,5,3,3,3,3,2,3,1,3,4,7,2,4,1,1,2,2,1,1,4,4,1,2,3,3,1,1,3,3,3,3,1,1,4,5,1,1,3,3,1,1,1,3,1,1,1,1,2,3,1,3,1,1,3,3,2,2,2,5,2,2,2,4,1,2,1,3,2,2,4,4,4,4,3,4,3,3,3,3,4,4,1,2,1,2,2,5,1,4,3,3,4,4,2,3,3,3,2,3,3,3,1,2,2,2,2,2,1,1,2,4,1,1,1,4,2,3,1,4,4,4,1,3,4,4,4,4,2,2,1,1,2,2
M145550,1,2,2,2,3,3,5,5,3,3,2,2,2,2,2,2,1,1,3,5,3,4,1,1,3,3,2,3,3,3,1,5,5,5,2,3,1,3,2,2,1,2,1,1,2,4,1,1,2,3,2,2,2,3,2,2,3,3,3,3,4,4,1,3,5,5,1,1,3,3,2,2,3,3,3,3,5,6,4,4,1,1,4,4,7,7,3,3,3,3,1,1,6,6,3,3,3,4,2,2,2,3,2,3,3,4,1,2,1,1,3,3,4,4,2,3,3,3,1,3,2,3,1,3,2,4,4,5,1,2,2,2,1,1,4,4,1,2,1,3,1,1,3,3,3,3,1,1,2,4,1,1,3,3,1,3,1,1,1,1,1,1,2,2,1,1,1,1,3,3,2,2,2,2,2,2,2,2,1,1,3,3,2,2,3,4,4,4,3,3,2,2,3,3,2,4,2,2,2,2,4,4,1,2,2,3,2,2,2,3,3,3,2,2,3,3,1,3,1,1,2,2,1,1,1,4,1,1,1,4,2,2,1,1,3,4,1,3,3,4,2,4,2,3,1,1,2,2
M145551,1,4,2,2,3,3,5,5,3,3,2,2,2,2,2,2,1,2,3,3,2,2,1,1,1,3,1,3,2,2,1,5,5,5,2,3,3,3,2,2,1,1,1,3,1,2,1,1,2,5,2,2,3,3,2,2,3,3,2,3,4,4,1,3,5,5,1,1,1,3,3,3,2,3,3,3,5,6,4,5,1,2,4,4,7,7,2,3,3,3,1,1,1,6,3,3,3,3,3,3,1,1,1,1,3,4,2,3,2,2,3,3,4,4,2,5,3,3,1,3,3,3,3,3,4,4,2,6,1,1,1,2,1,5,4,4,1,1,3,3,1,1,3,3,3,3,1,1,4,5,1,1,3,3,1,3,1,3,1,1,1,1,2,3,1,3,1,2,3,3,2,2,2,5,2,2,2,4,1,2,1,1,2,2,4,4,4,4,3,4,3,3,3,3,4,4,1,2,2,2,4,4,3,4,3,3,3,4,2,3,3,3,2,2,3,3,1,2,2,2,2,2,1,1,2,4,1,1,1,4,3,3,4,5,3,4,1,2,4,4,4,4,2,2,1,1,1,2
M145552,1,1,2,2,3,3,4,5,1,3,2,2,2,3,2,2,1,2,3,3,2,2,1,1,3,3,3,3,3,3,1,5,2,5,2,3,3,3,2,2,1,2,1,1,1,5,1,2,2,5,2,2,3,3,2,2,2,3,3,3,4,4,1,1,5,5,1,1,1,3,2,3,2,3,1,3,5,6,4,5,1,2,3,4,7,7,2,3,3,3,1,1,1,6,3,3,3,3,2,3,1,3,2,3,4,4,2,2,2,2,3,3,4,4,2,5,3,3,2,3,2,3,1,3,1,4,2,6,1,1,1,2,1,3,2,4,2,2,1,3,1,1,3,3,1,3,1,1,4,4,1,1,3,5,1,3,1,3,1,3,1,2,3,3,1,1,1,1,3,3,2,2,2,3,2,2,2,3,2,3,3,3,2,2,2,4,4,4,2,3,2,2,3,3,3,4,2,2,1,2,4,5,1,1,3,3,4,4,2,4,3,3,2,2,1,3,1,1,2,2,2,2,1,1,4,4,1,2,4,4,1,3,1,1,4,4,1,1,4,4,4,4,2,2,1,1,1,2
M145553,1,1,2,2,3,3,5,5,1,3,2,2,2,3,2,2,1,1,3,3,2,5,1,1,3,3,3,3,2,2,1,5,3,5,2,2,3,3,2,2,1,1,1,1,1,1,1,2,2,2,2,2,3,3,2,2,2,3,2,3,4,4,1,1,5,5,1,1,1,3,2,2,2,3,3,3,5,5,4,5,2,3,3,4,4,7,2,3,3,3,1,2,1,6,3,3,3,3,2,3,1,1,2,2,3,4,2,2,1,2,3,3,3,4,1,5,3,3,2,3,3,3,1,3,2,4,2,4,1,2,1,2,1,1,4,4,2,2,1,3,1,1,3,3,3,3,1,1,4,4,1,2,3,3,3,3,3,3,1,2,1,1,2,3,1,1,1,1,3,3,2,2,2,2,2,2,2,4,1,2,1,1,2,2,2,4,4,4,3,3,2,2,3,3,4,4,1,2,2,2,4,5,3,3,3,3,3,3,4,4,3,3,2,2,3,3,1,4,2,2,2,2,1,1,4,4,1,2,4,4,3,3,1,5,4,4,1,3,4,4,3,4,2,2,1,1,1,2
M145554,1,4,2,2,3,3,5,5,1,3,1,2,3,3,2,2,1,1,3,3,2,5,1,1,2,3,3,3,2,3,1,5,3,5,2,2,2,3,2,2,1,1,1,1,2,4,1,2,2,2,2,2,1,3,2,2,2,3,2,3,4,4,1,1,5,5,1,1,3,3,2,3,3,3,3,3,5,6,4,5,2,2,3,3,4,7,2,3,3,3,1,1,1,6,3,3,3,3,3,3,1,1,2,2,4,4,2,2,1,2,3,3,3,4,5,5,3,3,2,3,2,3,3,3,2,4,2,4,1,2,1,2,1,1,4,4,2,2,1,3,1,1,3,3,3,4,1,1,4,4,1,1,3,3,1,3,1,3,1,2,1,2,2,3,1,1,1,2,3,3,2,2,2,2,2,2,3,4,2,2,1,1,2,2,2,4,4,4,3,3,2,2,3,3,3,4,2,2,2,2,5,5,1,3,3,3,3,4,2,3,3,3,2,2,3,3,1,1,2,2,2,2,1,1,2,4,2,2,4,4,2,3,1,5,4,4,1,3,3,4,3,4,2,2,1,1,1,2
M145555,1,3,2,2,3,3,2,4,3,3,2,2,2,3,2,7,1,2,3,3,2,5,1,1,3,3,1,3,2,3,1,1,5,5,2,3,1,3,2,2,1,1,1,3,1,2,1,2,2,2,2,2,1,1,2,2,2,3,3,3,4,4,1,3,5,6,1,1,1,1,3,3,2,2,1,3,5,5,4,5,1,3,2,4,7,7,3,3,3,3,1,1,1,1,3,3,3,3,2,3,1,3,2,3,4,4,2,2,2,2,1,3,4,4,2,5,3,3,1,1,3,3,3,3,4,4,4,6,1,2,2,2,1,3,3,4,1,2,3,3,1,1,2,3,1,1,1,1,4,4,1,1,3,3,3,4,1,1,1,1,1,1,2,2,1,2,1,1,3,3,1,2,2,2,2,2,3,3,1,1,1,1,2,2,4,4,4,4,3,3,2,2,3,4,3,4,2,2,2,2,4,5,1,3,3,3,2,3,2,2,3,3,2,3,3,3,1,1,1,2,2,5,1,3,4,4,1,1,3,3,1,1,1,3,4,5,2,2,4,5,4,4,2,2,1,1,1,2
M145556,1,3,1,1,3,3,5,5,3,3,1,1,2,3,1,2,1,2,3,4,3,5,1,1,3,3,1,1,2,3,5,5,5,5,2,3,3,3,2,2,1,1,1,1,2,2,1,2,2,2,2,2,3,3,2,2,1,2,2,3,4,4,1,3,5,5,1,2,1,4,3,3,2,2,3,3,5,5,4,4,3,3,4,4,1,1,3,3,3,3,1,1,4,4,3,3,3,3,2,3,1,3,2,2,3,4,1,1,2,2,1,3,4,4,1,2,3,3,1,3,3,3,3,3,2,4,2,4,1,1,1,1,1,3,4,4,1,2,3,3,1,1,3,3,3,3,1,1,4,4,1,2,3,3,1,1,1,1,2,3,1,2,2,2,1,3,1,1,1,2,1,2,3,5,2,2,2,3,1,1,1,1,2,2,2,2,4,4,3,3,0,0,3,3,1,4,2,2,2,2,4,4,1,1,1,3,3,3,3,3,3,3,2,2,1,3,1,1,2,2,2,2,1,1,4,4,2,2,1,4,2,3,3,3,2,3,2,2,4,4,3,4,2,2,1,1,1,2
M145557,1,2,2,2,3,3,5,5,3,3,2,2,2,3,2,7,1,1,3,3,2,5,1,1,2,3,1,3,2,2,5,5,5,5,2,3,3,3,2,2,1,1,1,1,2,2,2,2,2,2,2,2,1,3,2,2,2,3,2,3,2,4,1,1,5,5,1,1,2,3,2,3,3,3,3,3,5,6,4,5,1,2,3,4,7,7,2,2,3,3,1,1,1,6,3,3,3,3,2,2,1,3,2,2,4,4,1,2,2,2,1,3,4,4,1,5,3,3,2,3,3,3,1,1,4,4,2,6,1,1,1,1,1,1,4,4,1,2,1,3,1,1,3,3,3,3,1,1,4,4,1,1,3,3,1,4,1,3,1,1,1,1,3,3,1,1,1,1,2,3,2,2,2,2,2,2,2,2,1,1,2,3,2,2,4,4,4,4,4,4,0,0,3,4,2,4,2,2,1,2,4,4,1,1,3,3,3,4,2,2,3,3,2,2,3,3,1,1,2,2,2,2,1,1,2,4,1,2,4,4,1,3,1,5,4,5,1,3,3,4,4,4,2,2,1,1,1,2
M145558,1,4,2,2,3,3,4,4,1,3,2,2,2,3,2,5,2,2,3,3,2,5,1,1,3,3,1,2,2,2,5,5,2,5,3,3,3,3,2,2,2,2,1,1,1,5,1,1,2,2,2,2,3,3,2,2,3,3,3,3,4,4,1,1,5,5,1,1,3,3,3,3,3,3,3,3,5,5,4,5,1,3,3,3,7,7,3,3,3,3,1,2,1,4,3,3,3,3,3,3,2,4,2,3,4,4,2,2,2,2,1,1,4,4,2,2,4,4,1,1,3,3,1,1,2,4,2,4,1,2,1,2,1,3,4,4,2,2,1,3,1,1,2,3,3,3,1,1,3,4,1,1,3,3,1,1,1,3,1,1,1,2,2,3,1,1,1,1,3,3,2,2,2,2,2,2,2,4,1,1,1,1,1,2,4,4,4,4,3,3,2,3,3,3,4,6,2,2,1,2,4,4,3,4,3,3,3,4,2,4,1,3,1,2,3,3,1,1,1,1,2,2,1,1,2,2,1,2,1,4,1,1,3,5,3,4,1,1,4,4,2,3,2,2,1,1,2,2
M145559,2,4,1,2,3,3,5,5,3,3,1,2,2,2,1,1,2,2,3,3,5,5,1,1,1,3,1,3,3,3,1,1,5,5,3,3,3,3,2,2,1,1,1,1,1,5,2,2,2,2,2,2,1,1,2,2,2,3,2,3,4,4,1,1,5,5,1,1,1,4,2,3,2,3,3,3,5,5,4,4,1,3,3,4,1,7,3,3,3,3,1,1,1,2,3,3,3,3,2,2,3,3,2,2,4,4,2,3,1,1,1,3,3,4,1,2,3,4,1,1,3,3,1,3,4,4,4,6,1,1,1,2,1,3,1,4,1,2,3,5,1,3,2,2,3,3,1,1,4,4,1,2,3,5,3,3,1,1,1,3,1,1,2,2,1,1,1,1,3,3,1,2,1,1,2,2,2,3,1,1,1,3,2,2,2,4,4,4,2,3,2,2,3,3,4,4,2,2,2,2,4,4,3,3,2,3,3,3,2,2,3,3,2,2,1,3,1,2,2,2,2,2,1,3,4,4,1,1,1,4,1,1,3,6,3,3,1,2,3,4,3,4,2,2,1,1,2,2
M145560,1,1,2,2,3,3,5,5,3,3,1,2,2,3,1,7,1,1,3,3,2,2,1,1,3,3,1,3,2,3,5,5,5,5,2,3,3,3,2,2,1,2,1,1,1,4,1,2,2,2,2,2,1,3,2,2,3,3,2,4,4,4,1,3,5,5,1,1,3,3,2,2,2,3,3,3,5,5,4,5,2,3,3,4,7,7,3,3,3,3,1,1,5,6,3,3,3,3,2,2,3,3,2,2,4,4,2,3,1,2,3,3,4,4,1,5,3,3,1,3,2,3,1,3,4,4,1,2,1,1,1,2,1,3,4,4,1,2,1,3,1,1,3,3,3,3,1,1,2,4,1,1,3,3,3,3,1,3,1,1,1,1,1,3,1,1,1,2,2,3,2,2,2,5,2,2,2,4,1,2,1,1,2,2,4,4,4,4,3,3,2,2,3,3,3,4,1,2,2,2,4,5,3,4,3,3,3,3,2,4,3,3,2,3,3,3,1,1,1,2,2,2,1,1,4,4,2,2,4,4,1,3,1,5,3,4,1,3,4,4,4,4,2,2,1,1,1,2
M145561,2,2,2,2,2,3,5,5,3,3,2,2,2,2,5,7,1,2,3,3,2,5,1,2,3,3,1,3,2,3,1,5,5,5,3,3,3,3,2,2,1,1,1,1,1,2,1,2,2,2,2,2,1,3,2,2,2,3,2,3,4,4,1,1,5,5,1,1,1,3,3,3,3,3,3,3,6,6,4,4,1,3,4,4,7,7,3,3,3,3,1,1,2,2,3,3,3,3,2,3,1,3,2,2,3,3,2,3,2,2,1,3,4,4,2,2,3,3,1,1,3,3,1,3,1,5,1,2,1,1,1,1,1,1,4,4,1,1,1,3,1,3,3,3,3,3,1,1,1,4,1,1,3,5,3,4,1,1,1,1,1,2,2,2,1,1,1,1,3,3,2,2,1,2,2,2,2,3,1,3,1,1,2,2,4,4,4,4,3,3,2,3,3,4,4,4,1,2,2,2,4,4,3,3,3,3,3,3,2,4,3,3,2,2,3,3,1,1,1,1,2,2,1,1,4,4,1,1,1,3,1,3,3,3,3,4,1,2,3,4,2,3,2,3,1,1,2,2
M145562,1,4,2,2,3,3,2,5,3,3,1,2,2,2,5,7,2,2,3,3,4,5,1,2,3,3,3,3,1,1,1,5,2,5,3,3,3,3,2,2,1,2,1,1,1,1,1,1,2,5,2,3,1,1,2,2,3,3,3,3,2,4,1,1,5,5,1,1,1,1,2,3,2,2,3,3,6,6,1,4,1,2,4,4,3,6,3,3,3,3,1,1,4,6,3,3,3,3,2,3,3,3,1,2,2,3,2,3,2,2,3,3,4,4,2,2,3,3,3,3,3,3,2,3,4,5,4,6,1,1,1,2,1,4,4,4,1,1,1,3,1,3,2,3,3,3,1,1,4,4,1,1,2,3,3,4,1,1,1,1,2,2,2,2,1,3,1,2,3,3,1,1,2,3,2,2,2,3,1,1,1,1,2,2,4,4,4,4,3,3,2,2,3,4,4,6,2,2,2,2,4,5,3,3,3,3,2,3,2,3,3,3,2,2,3,3,1,4,1,2,2,5,1,1,4,4,1,1,4,4,3,3,3,3,4,5,1,2,3,5,4,4,2,2,1,1,1,2
M145563,1,2,2,2,3,3,4,5,3,3,2,2,2,2,7,7,2,2,3,3,5,5,1,1,3,3,1,3,1,2,5,5,5,5,3,3,3,3,2,2,1,2,1,1,2,2,1,2,2,2,2,2,1,1,2,2,2,3,2,2,4,4,1,1,5,5,1,1,3,3,2,3,2,2,3,3,5,5,3,4,1,1,4,4,3,3,3,3,3,3,1,1,4,4,3,3,3,3,3,3,1,1,1,3,4,4,1,2,1,2,3,3,4,4,2,2,3,3,3,3,3,3,1,3,4,4,6,6,1,1,1,1,1,1,4,4,1,2,3,3,1,1,3,3,3,3,1,1,5,5,1,1,3,3,4,4,1,1,1,1,1,1,2,2,1,1,2,2,1,1,1,2,2,2,2,2,2,3,1,1,1,1,2,2,4,4,4,5,3,3,2,2,3,4,4,6,2,2,2,2,4,4,1,3,2,3,2,3,2,2,1,3,2,2,3,3,1,1,2,2,2,5,1,1,4,4,1,2,3,4,1,3,3,3,3,5,2,2,4,4,4,4,2,2,1,1,2,2
M145564,2,2,2,2,3,3,5,5,1,3,2,2,2,2,2,5,1,2,3,3,2,5,1,2,3,3,2,3,3,3,1,5,5,5,2,3,3,3,2,2,1,2,1,3,4,4,1,1,2,3,2,2,1,3,2,2,2,2,2,4,2,4,1,1,5,5,1,1,1,4,3,3,2,3,3,3,5,6,4,5,1,2,3,4,1,7,3,3,3,3,1,2,1,1,1,3,3,3,2,2,3,3,2,2,4,4,1,2,1,2,1,3,4,4,2,4,4,4,3,3,3,3,3,3,4,4,6,6,1,1,1,1,1,3,4,4,2,2,3,3,1,3,3,3,3,3,1,1,4,4,1,1,3,3,3,3,1,1,1,2,1,1,2,3,1,1,1,1,3,3,2,2,2,3,2,2,2,3,1,3,1,1,2,2,2,4,4,4,3,3,2,2,4,4,3,3,2,2,2,2,4,4,2,3,1,3,3,3,2,4,3,3,2,2,1,3,1,2,2,2,2,2,1,1,4,4,1,2,1,3,3,3,1,3,3,4,1,3,4,4,2,2,2,2,1,1,1,2
M145565,1,4,2,2,3,3,5,5,1,2,2,2,2,2,1,2,1,2,3,3,2,5,1,1,1,3,1,3,1,2,1,5,5,5,2,3,3,3,2,2,1,1,1,3,1,2,1,1,2,5,2,2,1,1,2,2,3,3,3,4,4,4,1,1,5,5,1,1,1,3,2,3,2,3,3,3,5,6,5,5,1,2,3,4,7,7,3,3,3,3,1,1,1,6,3,3,1,3,3,3,1,3,1,1,3,4,2,2,2,2,3,3,4,4,2,5,3,4,2,3,3,3,3,3,4,4,2,6,1,1,2,2,1,1,4,4,2,2,3,3,1,1,3,3,3,3,1,1,4,4,1,1,3,3,1,1,1,3,1,1,1,1,2,3,1,1,1,2,1,2,2,2,2,3,2,2,2,4,1,1,3,3,2,2,4,4,4,4,3,4,3,3,3,3,4,4,1,2,1,1,4,5,1,3,3,3,3,4,2,3,3,3,2,2,3,3,1,2,2,2,2,2,1,1,2,4,1,2,1,4,3,3,4,5,4,4,1,3,4,4,4,4,2,3,1,1,2,2
M145566,1,2,2,2,3,3,5,5,3,3,1,2,2,3,1,2,1,2,3,3,2,3,1,2,3,3,3,3,2,3,5,5,5,5,2,2,3,3,2,2,1,2,1,1,2,5,1,1,2,2,2,2,1,1,2,2,3,3,2,3,2,4,1,3,5,5,1,2,1,3,2,3,3,3,3,3,5,5,4,4,1,2,4,4,7,7,2,3,3,3,1,2,1,6,3,3,1,3,2,2,1,3,2,3,3,4,2,2,2,2,1,3,3,4,1,2,3,4,3,3,2,3,1,3,2,4,2,4,1,2,1,2,1,5,3,4,2,2,3,4,1,1,2,3,3,3,1,1,1,4,1,1,3,3,1,3,1,3,1,2,1,1,2,3,1,1,1,1,2,3,2,2,2,2,2,2,2,2,1,1,1,1,2,2,2,4,4,4,3,4,2,2,3,3,4,4,1,2,2,2,4,4,1,3,3,3,3,3,2,3,3,3,2,2,3,3,1,4,2,2,2,2,1,1,4,4,1,2,4,4,1,3,1,5,3,4,1,2,4,4,4,4,2,3,1,1,2,2
M145567,2,3,2,2,0,0,5,5,3,3,2,2,2,2,1,7,2,2,3,3,1,2,1,2,3,3,3,3,3,3,1,1,2,5,1,3,3,3,2,2,1,1,1,1,1,2,1,2,2,2,2,2,1,3,2,2,3,3,2,3,3,4,1,1,5,5,1,2,1,3,3,3,2,2,3,3,6,6,4,5,1,2,4,4,7,7,3,3,3,3,1,1,1,2,3,3,3,3,2,2,1,3,3,3,4,4,2,2,1,2,3,3,4,4,2,2,3,4,1,1,3,3,3,3,1,2,4,4,1,2,1,1,1,5,4,4,1,2,1,3,1,1,2,3,3,3,1,1,4,4,1,1,3,3,3,3,1,1,1,1,1,1,2,2,1,1,1,1,1,3,2,2,1,5,2,2,2,3,1,1,1,3,2,2,4,4,4,5,3,3,2,3,3,3,3,4,2,2,2,2,4,4,3,3,3,3,2,3,2,4,3,3,2,2,3,3,1,2,1,2,2,2,1,1,3,4,1,1,3,4,1,3,3,3,4,5,1,1,4,5,3,4,2,4,1,1,2,2
M145568,4,4,2,3,2,3,5,5,3,3,2,2,2,3,1,7,1,2,3,3,2,5,1,2,3,3,3,3,1,2,1,4,2,2,3,3,1,1,2,2,1,2,1,1,1,2,2,2,2,5,2,2,1,3,2,2,2,2,3,4,4,4,1,1,5,5,1,2,1,1,3,3,2,2,2,3,5,6,1,5,2,3,4,4,7,7,3,3,3,3,1,1,1,2,3,3,1,3,2,2,1,3,3,3,3,4,2,3,2,2,1,1,4,4,2,5,3,4,1,3,3,3,3,3,1,5,1,4,1,2,1,2,3,5,1,4,1,1,1,2,1,1,2,3,1,1,1,1,4,4,1,1,3,3,3,3,1,1,1,1,1,1,2,2,1,2,1,1,3,3,1,2,2,3,2,2,3,3,1,1,1,2,2,2,3,4,4,4,3,3,2,2,3,4,3,4,2,2,1,2,4,5,3,3,3,3,2,2,2,2,3,3,2,2,3,3,2,2,2,2,2,2,1,1,4,4,2,2,3,4,2,3,1,5,3,4,1,2,5,5,4,4,2,2,1,1,1,2
M145569,4,4,2,2,3,4,4,5,3,3,1,2,3,3,2,7,1,1,3,5,2,5,1,1,3,3,2,3,1,3,1,1,3,5,3,3,2,3,2,2,1,2,1,1,2,2,1,2,2,2,1,2,1,3,2,2,2,2,3,4,4,4,1,1,2,5,1,2,3,4,3,3,2,2,2,3,5,6,1,4,2,3,4,4,1,1,3,3,2,3,1,1,1,1,3,3,3,3,2,2,1,4,2,2,2,4,2,2,1,2,3,4,3,4,2,4,3,3,1,3,3,3,1,3,3,4,2,6,1,1,1,2,1,3,3,4,2,2,2,3,1,3,3,3,3,3,1,1,4,4,1,1,3,3,1,3,1,1,2,2,1,1,2,2,1,2,1,1,3,3,2,2,1,2,2,2,2,3,1,1,3,3,2,2,2,2,1,4,2,3,2,2,3,3,4,6,1,2,1,2,4,4,1,3,1,3,3,3,2,2,1,3,2,2,1,1,1,3,2,2,2,4,1,2,4,4,1,1,1,4,3,3,3,4,3,3,1,2,3,4,2,2,2,2,1,1,2,2
M145570,1,4,2,2,3,3,5,5,1,3,1,2,2,3,2,2,2,2,3,3,2,5,1,1,3,3,3,3,2,3,1,5,3,5,2,2,2,3,2,2,1,1,1,1,1,2,1,2,2,2,2,2,1,3,2,2,2,3,3,3,4,4,1,1,5,5,1,1,1,3,2,2,2,3,2,3,5,5,4,5,2,2,3,3,4,7,2,3,3,3,1,1,1,6,3,3,3,3,3,3,1,3,2,2,4,4,2,2,2,2,3,3,3,4,1,5,3,3,2,2,2,3,1,3,2,4,2,4,1,2,1,2,1,1,4,4,1,2,1,3,1,1,3,3,3,3,1,1,4,4,1,1,3,3,3,3,3,3,1,2,1,1,2,3,1,1,1,2,1,2,2,2,2,2,2,2,3,4,1,2,1,3,2,2,2,4,4,4,3,3,2,2,3,3,3,4,1,2,1,2,4,5,3,3,3,3,3,3,4,4,3,3,2,2,3,3,1,4,2,2,2,2,1,1,4,4,1,2,4,4,2,3,5,5,2,4,1,2,4,4,3,4,2,2,1,1,1,2
M145571,1,2,2,2,3,3,5,5,2,3,1,2,2,3,2,2,2,2,3,3,2,2,1,1,1,3,1,3,1,2,1,5,5,5,2,3,3,3,2,2,1,1,1,1,1,1,1,1,2,5,2,2,1,1,2,2,3,3,2,4,4,4,1,1,3,5,1,1,1,3,2,3,2,3,3,3,5,6,4,5,2,3,3,4,7,7,3,3,3,3,1,1,1,6,3,3,1,3,3,3,1,3,2,2,3,4,2,3,2,2,3,3,4,4,2,5,3,4,1,3,2,3,3,3,4,4,2,6,1,1,2,2,1,5,4,4,1,2,3,3,1,1,3,3,3,3,1,1,4,5,1,1,3,3,1,3,1,3,1,1,1,1,2,3,1,3,1,2,2,3,2,2,2,5,2,2,2,4,1,1,1,1,2,2,4,4,4,4,3,4,3,3,3,3,4,4,1,2,2,2,2,5,3,3,3,3,3,3,2,4,1,3,2,3,3,3,1,2,2,2,2,2,1,1,2,4,1,2,1,4,2,3,1,4,4,4,3,3,4,4,4,4,2,2,1,1,2,2
M145572,1,2,2,2,3,3,5,5,3,3,2,2,2,2,1,2,2,2,3,3,2,5,1,1,1,3,3,3,1,3,1,5,5,5,2,3,3,3,2,2,1,2,1,1,1,2,1,1,2,5,2,2,1,3,2,2,3,3,3,3,4,4,1,1,3,5,1,1,1,3,2,3,2,3,3,3,5,6,5,5,2,3,3,4,7,7,3,3,3,3,1,1,1,6,3,3,3,3,3,3,1,3,1,1,3,4,2,3,2,2,3,3,4,4,2,5,3,4,2,3,2,3,3,3,4,7,2,4,1,1,1,2,1,1,4,4,2,2,3,3,1,1,3,3,3,3,1,1,4,5,1,1,3,3,1,1,1,3,1,1,1,1,2,3,1,3,1,2,1,2,2,2,2,5,2,2,2,2,1,1,3,3,2,2,4,4,4,4,3,4,3,3,3,3,4,4,2,2,1,1,2,5,1,3,3,3,3,4,2,2,3,3,2,3,3,3,1,2,2,2,2,2,1,1,2,4,1,1,1,4,2,3,4,5,3,4,1,2,4,4,4,4,2,2,1,1,1,2
M145573,2,4,2,2,3,3,4,4,3,3,2,2,2,2,1,7,2,2,3,3,5,5,1,1,3,3,1,3,1,1,1,5,5,5,3,3,3,3,2,2,1,2,1,1,2,5,2,2,2,2,2,2,1,3,2,2,3,3,3,3,2,4,1,2,5,5,1,2,3,4,2,3,2,2,3,3,5,5,4,4,1,2,4,4,1,1,2,3,2,3,1,1,1,4,3,3,3,3,0,0,1,3,2,3,4,4,1,2,1,2,1,1,2,4,1,2,3,3,3,3,3,3,2,2,4,5,4,6,1,1,1,2,1,1,4,4,1,1,1,3,3,3,2,3,1,3,1,1,4,4,1,1,3,5,3,4,1,3,2,2,1,2,2,2,1,3,1,2,3,3,1,2,2,3,2,2,2,4,1,1,1,1,2,2,2,2,4,4,3,4,2,2,3,5,4,6,2,2,2,2,4,4,1,3,3,3,2,2,2,3,3,3,2,2,1,1,1,1,2,2,2,2,1,1,2,4,1,1,1,4,1,3,1,4,4,5,1,2,4,4,4,4,2,3,1,1,2,2
M145574,1,4,2,2,3,3,5,5,3,3,1,2,2,3,2,2,1,2,3,3,2,5,1,1,2,3,3,3,2,3,1,5,3,5,2,2,2,3,2,2,1,1,1,1,1,2,1,1,2,2,2,2,1,3,2,2,2,3,2,3,4,4,1,1,5,5,1,1,1,3,2,3,3,3,3,3,5,6,4,5,2,2,3,3,4,7,3,3,3,3,1,1,1,6,3,3,3,3,2,3,1,3,2,2,4,4,2,2,2,2,3,3,3,4,5,5,3,3,2,3,2,3,3,3,1,4,2,6,1,1,1,2,1,1,4,4,1,2,1,3,1,1,3,3,3,3,1,1,4,4,1,1,3,3,1,3,1,3,1,2,1,1,2,3,1,1,1,2,1,2,2,2,2,2,2,2,2,3,1,2,1,3,2,2,2,4,4,4,3,3,2,2,3,3,3,4,2,2,1,2,4,5,1,3,3,3,3,4,2,4,3,3,2,2,3,3,1,1,2,2,2,2,1,1,2,4,2,2,4,4,3,3,5,5,2,4,2,3,4,4,3,4,2,3,1,1,2,2
M145575,1,1,2,2,3,3,5,5,3,3,1,2,2,2,2,2,1,2,4,5,4,5,1,1,3,3,3,3,3,3,1,5,2,5,2,2,3,3,2,2,1,1,1,1,1,2,1,1,2,2,2,2,1,2,2,2,2,2,3,3,4,4,1,1,5,5,1,1,1,1,2,3,3,3,3,3,5,6,4,4,2,3,4,4,7,7,3,3,3,3,1,2,1,6,3,3,3,3,2,3,1,3,2,2,3,4,2,3,2,2,3,3,4,4,5,5,3,3,1,3,2,3,3,3,2,2,4,6,1,2,2,2,1,3,1,4,2,2,1,1,1,3,3,3,1,3,1,1,4,4,1,2,2,3,1,3,1,3,1,1,1,1,2,2,1,1,1,1,1,3,2,2,2,2,2,2,3,3,1,2,1,3,2,2,3,4,4,4,3,3,2,3,3,3,2,4,2,2,2,2,4,4,3,3,1,3,3,3,3,4,3,3,2,2,3,3,3,4,1,2,2,2,1,1,1,4,1,2,4,4,2,2,1,5,4,5,1,3,4,5,2,3,2,3,1,1,2,2
M145576,2,4,1,2,3,3,5,5,3,3,2,2,2,3,2,5,2,2,3,3,2,5,1,1,3,3,3,3,1,3,1,5,5,5,3,3,3,3,2,2,1,2,1,1,1,2,2,2,2,5,2,2,1,3,2,2,3,3,2,2,4,4,1,1,5,5,1,2,1,3,2,3,2,3,3,3,5,6,4,4,2,3,4,4,7,7,3,3,3,3,1,1,1,2,3,3,3,3,2,3,3,4,2,3,3,3,1,3,1,2,3,3,4,4,2,2,3,4,1,1,3,3,1,3,2,4,4,4,1,2,1,2,1,1,4,4,1,2,3,5,1,1,3,3,3,3,1,1,4,4,1,2,3,3,1,4,1,3,1,1,2,2,2,2,1,1,1,1,1,3,2,2,1,2,2,2,2,2,1,1,1,1,2,2,4,4,4,5,3,3,2,3,3,3,4,6,2,2,2,2,4,4,3,3,3,3,3,3,2,4,3,3,2,2,3,3,1,1,1,2,2,2,1,1,2,4,1,2,1,4,1,3,3,3,4,4,1,1,4,5,3,4,2,2,1,1,2,2
M145577,0,0,2,2,0,0,0,0,0,0,0,0,0,0,0,0,2,2,0,0,0,0,0,0,0,0,0,0,0,0,0,0,0,0,0,0,0,0,0,0,0,0,0,0,0,0,0,0,0,0,0,0,0,0,0,0,0,0,0,0,0,0,0,0,0,0,0,0,1,1,0,0,0,0,0,0,0,0,0,0,0,0,0,0,0,0,3,3,0,0,0,0,0,0,0,0,0,0,0,0,0,0,0,0,0,0,0,0,0,0,0,0,0,0,0,0,0,0,0,0,0,0,0,0,0,0,0,0,0,0,0,0,0,0,0,0,0,0,0,0,0,0,0,0,0,0,0,0,0,0,1,1,0,0,0,0,0,0,0,0,0,0,0,0,0,0,0,0,0,0,0,0,0,0,0,0,0,0,0,0,1,1,0,0,0,0,0,0,0,0,0,0,0,0,0,0,0,0,0,0,0,0,0,0,0,0,0,0,0,0,0,0,0,0,0,0,0,0,0,0,0,0,0,0,0,0,0,0,3,3,0,0,0,0,0,0,0,0,0,0,0,0,0,0,0,0,0,0
M145578,1,4,2,2,3,3,5,5,3,3,2,2,2,2,1,2,1,2,3,3,2,2,1,1,1,3,1,3,2,2,1,5,5,5,2,3,3,3,2,2,1,1,1,3,1,2,1,2,2,5,2,2,3,3,2,2,3,3,3,4,4,4,1,3,5,5,1,1,1,3,2,3,2,3,3,3,5,5,5,5,1,2,3,4,7,7,2,3,3,3,1,1,1,6,3,3,3,3,2,3,1,1,1,2,3,4,2,3,2,2,3,3,4,4,2,5,3,4,1,3,3,3,1,3,4,4,2,6,1,1,1,2,1,5,4,4,2,2,3,3,1,1,3,3,3,3,1,1,4,4,1,1,3,3,1,1,1,3,1,1,1,1,2,3,1,3,1,1,1,3,2,2,2,5,2,2,2,2,1,2,1,3,2,2,4,4,4,4,3,4,3,3,3,3,4,4,2,2,2,2,4,5,3,3,3,3,3,4,2,2,3,3,2,2,3,3,1,2,2,2,2,2,1,1,2,4,1,2,1,4,3,3,1,4,4,4,1,3,4,4,4,4,2,2,1,1,1,2
M145579,3,3,2,3,3,3,4,5,3,3,2,2,2,2,1,7,1,2,3,3,3,5,1,1,3,3,3,3,2,3,1,5,2,2,3,3,3,3,2,2,2,2,1,2,1,4,1,2,2,3,2,2,1,1,2,2,2,3,3,4,2,4,1,1,5,5,1,1,4,4,2,3,3,3,3,3,5,6,4,5,1,3,4,4,7,7,3,3,3,3,1,1,1,4,3,3,3,3,3,3,1,1,2,3,2,2,2,2,1,1,1,1,4,4,2,4,3,4,1,1,3,3,1,1,4,5,1,6,1,1,1,1,3,4,4,4,2,2,1,1,1,3,2,3,1,3,1,1,4,4,1,1,1,3,1,3,1,1,1,1,1,1,2,2,1,1,1,1,3,3,2,2,2,2,2,2,2,3,1,1,1,2,2,2,4,4,1,4,3,3,2,3,3,3,4,4,1,2,2,2,4,4,1,1,2,3,3,3,2,3,3,3,2,2,3,3,1,1,2,2,2,2,1,3,4,4,2,2,2,4,2,3,3,5,4,4,1,2,4,4,2,3,2,2,1,1,2,2
M145580,1,4,1,2,3,3,5,5,1,2,2,2,2,2,1,2,2,2,3,3,2,2,1,1,3,3,1,3,2,3,5,5,5,5,2,3,1,3,2,2,1,1,1,3,1,2,1,1,2,2,2,2,1,1,2,2,2,3,2,3,2,4,1,1,5,5,1,1,1,3,2,3,2,3,3,3,5,5,4,4,2,2,3,4,7,7,3,4,3,3,1,1,1,6,3,3,1,3,2,3,1,3,2,2,3,4,2,2,1,2,3,3,4,4,2,5,3,3,1,2,2,3,1,3,4,4,1,2,1,1,2,2,1,5,4,4,1,1,3,3,1,3,2,3,1,3,1,1,4,5,1,1,3,3,1,3,1,3,1,1,1,2,2,3,1,1,1,2,1,2,2,2,2,5,2,2,2,2,1,1,1,3,1,2,4,4,4,4,4,4,0,0,3,3,4,4,1,1,1,2,4,4,1,1,3,3,2,4,3,4,3,3,2,2,3,3,1,2,2,2,2,2,1,1,2,4,1,1,4,4,3,3,1,6,3,4,3,3,4,4,3,4,2,2,1,1,2,2
M145581,1,4,2,2,3,3,5,5,3,3,2,2,2,2,2,2,1,1,3,3,2,5,1,1,2,3,3,3,2,2,1,5,3,5,2,2,3,3,2,2,1,1,1,1,1,2,1,2,2,2,2,2,1,3,2,2,2,3,2,3,4,4,1,1,5,5,1,1,3,3,2,2,2,3,3,3,5,6,4,4,2,3,3,3,4,7,2,3,3,3,1,1,1,6,3,3,3,3,3,3,1,1,2,2,3,4,2,2,1,2,3,3,3,4,1,5,3,3,2,2,2,3,3,3,2,4,2,4,1,2,1,2,1,1,4,4,2,2,1,3,1,1,3,3,3,4,1,1,4,4,1,1,3,3,3,3,1,3,1,2,1,1,2,3,1,1,1,1,1,3,2,2,2,2,2,2,2,4,2,2,1,3,2,2,2,4,4,4,3,3,2,2,3,3,3,4,2,2,1,2,4,5,3,3,3,3,3,3,2,4,3,3,2,2,3,3,1,1,2,2,2,2,1,1,2,4,1,2,4,4,3,3,1,5,2,4,2,3,3,4,3,4,2,3,1,1,1,2
M145582,1,4,2,2,3,3,3,5,1,3,1,2,2,3,1,2,1,2,3,3,2,2,1,1,1,3,1,3,1,2,1,5,5,5,2,3,3,3,2,2,1,1,1,3,1,1,1,2,2,5,2,2,1,3,2,2,3,3,2,3,4,4,1,1,3,5,1,1,1,3,2,2,2,3,2,3,5,6,4,5,1,2,3,4,7,7,2,3,3,3,1,1,1,6,3,3,3,3,2,3,1,1,1,2,3,4,2,2,2,2,3,3,4,4,1,2,3,4,1,3,2,3,3,3,4,4,2,6,1,1,1,2,1,5,4,4,1,1,3,3,1,1,3,3,3,3,1,1,4,4,1,1,3,3,1,3,1,3,1,1,1,1,2,3,1,1,1,2,1,3,2,2,2,3,2,2,2,4,1,1,1,1,2,2,4,4,4,4,3,4,3,3,3,3,4,4,1,2,2,2,4,4,3,3,3,3,3,3,2,4,3,3,2,2,3,3,1,2,2,2,2,2,1,1,2,4,1,2,1,4,2,3,1,4,4,4,3,3,4,4,4,4,2,3,1,1,1,2
M145583,2,4,2,2,3,3,5,5,2,3,1,2,2,2,7,7,1,2,3,3,3,3,1,1,2,3,3,3,3,3,1,5,5,5,2,3,2,3,2,2,1,1,1,1,1,1,1,2,2,2,2,2,1,3,2,2,3,3,4,4,4,4,1,1,5,5,1,1,1,3,3,3,1,2,3,3,4,5,4,4,2,3,4,4,7,7,3,4,3,3,1,1,1,3,1,3,3,3,2,2,1,3,2,2,3,4,2,2,2,2,1,4,4,4,1,2,3,4,3,3,3,3,3,3,4,4,6,6,1,1,1,2,1,3,4,4,2,2,1,3,1,3,3,3,3,3,1,1,4,4,1,1,3,3,3,3,1,1,1,1,1,2,2,2,1,1,1,1,1,3,1,2,2,2,2,2,3,3,1,1,1,1,2,2,4,4,4,5,3,3,2,2,3,4,2,4,2,2,2,2,4,4,1,3,1,3,2,3,2,4,3,3,2,2,3,3,1,1,1,2,2,2,1,1,2,4,1,2,3,4,2,3,3,5,3,3,1,3,3,4,3,4,2,3,1,1,2,2
M145584,1,4,2,2,3,3,3,5,1,2,1,2,2,2,1,2,1,1,3,3,2,5,1,1,3,3,3,3,2,3,1,5,5,5,2,3,3,3,2,2,1,2,1,3,1,2,1,2,2,5,2,2,1,3,2,2,3,3,3,4,2,4,1,1,5,5,1,1,1,3,2,3,2,3,2,3,5,5,4,5,1,2,3,4,7,7,3,3,3,3,1,1,1,6,3,3,1,3,3,3,1,3,1,1,3,4,2,2,2,2,3,3,4,4,2,5,3,4,2,3,2,3,1,3,4,7,2,4,1,1,2,2,1,1,4,4,2,2,3,3,1,1,3,3,3,3,1,1,4,5,1,1,3,3,1,3,3,3,1,1,1,1,2,3,1,1,1,2,1,2,2,2,2,3,2,2,2,4,1,1,3,3,2,2,4,4,4,4,3,3,3,3,3,3,4,4,1,2,1,1,4,5,3,3,3,3,3,4,2,2,3,3,2,2,3,3,1,1,2,2,2,2,1,1,2,4,1,2,1,4,3,3,1,3,4,4,1,3,4,4,4,4,2,3,1,1,1,2
M145585,1,1,2,2,3,3,5,5,3,3,1,1,3,3,1,2,1,2,3,4,2,5,1,1,2,3,3,3,2,2,1,5,2,5,2,2,3,3,2,2,1,1,1,1,1,1,1,1,2,2,2,2,3,3,2,2,2,3,2,3,4,4,1,1,5,5,1,1,1,3,2,3,3,3,2,3,5,6,4,4,2,3,3,4,7,7,2,3,3,3,1,2,1,6,3,3,3,3,3,3,1,1,2,2,3,4,2,2,1,2,3,3,4,4,5,5,3,3,1,2,3,3,3,3,1,4,2,6,1,1,1,2,1,3,4,4,1,2,1,3,1,1,3,3,3,3,1,1,4,4,1,2,3,3,1,3,1,3,1,1,1,2,2,3,1,1,1,1,1,2,2,2,2,2,2,2,2,4,2,2,1,3,2,2,4,4,4,4,3,4,2,2,3,3,4,4,2,2,1,2,4,5,1,3,3,3,3,4,4,4,3,3,2,2,3,3,1,1,2,2,2,2,1,1,2,4,1,2,4,4,2,3,5,5,2,4,2,3,4,4,3,4,2,3,1,1,1,2
M145586,1,4,2,2,3,3,5,5,1,3,1,2,2,3,1,2,2,2,3,4,2,5,1,1,2,3,3,3,2,3,1,5,2,5,2,2,2,3,2,2,1,1,1,1,1,2,1,1,2,2,2,2,3,3,2,2,2,3,3,3,4,4,1,1,5,5,1,1,3,3,2,2,3,3,2,3,5,6,4,5,2,2,3,4,7,7,2,3,3,3,1,1,1,6,3,3,3,3,2,3,1,1,2,2,4,4,2,2,1,2,3,3,4,4,1,5,3,3,1,2,2,3,1,3,1,4,2,6,1,1,1,2,1,3,4,4,1,2,1,3,1,1,3,3,3,4,1,1,4,4,1,2,3,3,3,3,1,3,1,1,1,1,2,3,1,1,1,2,1,2,2,2,2,2,2,2,2,2,2,2,1,3,2,2,4,4,4,4,3,4,2,2,3,3,3,4,2,2,1,2,4,5,3,3,3,3,3,3,2,4,3,3,2,2,3,3,1,1,2,2,2,2,1,1,2,4,1,2,4,4,3,3,5,5,2,4,1,2,3,4,3,4,2,2,1,1,1,2
M145587,1,2,2,2,3,3,5,5,3,3,2,2,2,2,2,2,1,2,3,3,2,5,1,1,3,3,1,3,1,2,5,5,3,5,2,3,1,3,2,2,1,2,1,1,1,2,1,1,2,2,2,2,1,3,2,2,3,3,3,3,4,4,1,1,5,5,1,1,1,1,2,3,2,3,3,3,5,6,4,4,3,3,4,4,1,7,3,3,3,3,1,1,1,1,3,3,3,4,2,2,2,3,2,3,3,4,1,2,1,1,1,3,2,4,2,5,3,3,1,3,3,3,2,3,2,4,1,6,1,1,1,2,3,5,4,4,2,2,1,3,1,1,3,3,1,3,1,1,4,5,1,1,3,3,1,3,1,3,1,2,1,1,2,2,1,3,1,1,1,3,1,2,2,2,2,2,2,4,1,1,1,3,2,2,2,4,4,4,3,4,2,2,3,4,2,4,2,2,2,2,4,4,1,2,1,3,2,2,2,3,3,3,2,2,3,3,1,3,1,2,2,2,1,1,1,4,1,2,4,4,1,1,1,3,3,4,1,3,4,5,4,4,2,3,1,1,2,2
M145588,4,4,2,2,2,3,5,5,3,3,2,2,2,2,5,7,1,2,3,3,2,5,1,1,3,3,1,3,1,3,1,5,5,5,3,3,3,3,2,2,1,1,1,3,1,2,1,2,2,5,2,2,1,3,2,2,3,3,2,3,4,4,1,1,5,5,1,2,1,3,2,3,2,2,3,3,6,6,4,4,1,3,4,4,7,7,3,3,3,3,1,1,1,2,3,3,3,3,2,3,1,3,2,3,2,4,2,2,1,2,1,3,4,4,4,5,3,3,1,1,2,3,1,3,1,5,1,2,1,1,1,1,1,1,4,4,1,2,1,3,1,3,3,3,3,3,1,1,1,4,1,2,3,5,4,4,1,3,1,1,2,2,2,2,1,1,1,1,3,3,2,2,2,2,2,2,3,3,1,3,1,1,2,2,4,4,4,4,3,3,2,3,3,3,3,4,1,2,2,2,4,4,3,3,3,3,2,3,2,4,3,3,2,2,3,3,2,2,1,1,2,2,1,1,2,4,1,1,1,4,1,1,4,5,4,5,1,2,4,5,3,4,2,3,1,1,2,2
M145589,2,3,2,2,3,3,5,5,3,3,2,2,2,2,2,7,2,2,3,3,1,2,2,2,3,3,3,3,2,3,1,1,2,5,3,3,3,3,2,2,1,1,1,1,1,2,1,2,2,2,2,2,3,3,2,2,3,3,2,3,3,4,1,1,5,5,1,2,1,3,3,3,2,2,3,3,5,6,4,5,1,3,4,4,7,7,3,3,3,3,1,1,1,2,3,3,3,3,2,3,1,3,2,2,4,4,2,2,2,2,1,3,4,4,2,2,3,4,1,1,3,3,3,3,2,4,4,4,1,2,1,1,1,5,4,4,2,2,1,3,1,3,2,3,3,3,1,1,4,5,1,1,3,3,3,3,1,1,1,1,1,1,2,2,1,1,1,1,1,3,2,2,1,5,2,2,2,3,1,3,1,3,2,2,4,4,4,4,3,4,2,3,3,3,4,4,1,2,2,2,4,4,3,3,3,3,2,3,2,2,3,3,2,2,3,3,1,2,1,2,2,2,1,1,3,4,1,2,3,4,1,3,3,5,4,4,1,1,4,5,3,4,2,4,1,1,2,2
M145590,1,2,2,2,3,3,5,5,3,3,2,2,2,2,2,2,1,1,3,5,3,4,1,1,3,3,2,3,3,3,5,5,5,5,2,2,1,3,2,2,1,2,1,1,1,2,1,1,2,3,2,2,2,3,2,2,2,3,3,3,4,4,1,3,5,5,1,1,3,3,2,3,2,3,3,3,5,6,4,4,3,3,4,4,7,7,3,3,3,3,1,1,5,5,3,3,3,4,2,2,2,3,2,2,3,4,1,2,1,2,3,3,4,4,2,5,3,3,1,3,3,3,1,2,2,2,4,6,1,2,2,2,1,1,1,4,2,2,1,3,1,1,3,3,1,3,1,1,4,5,1,1,2,3,1,3,1,3,1,1,1,1,2,2,1,3,1,1,1,1,1,2,2,5,2,2,2,3,1,1,3,3,2,2,3,4,4,4,3,4,2,3,3,4,2,4,2,2,2,2,4,4,1,3,2,3,2,3,2,3,3,3,2,2,3,3,1,3,1,1,2,2,1,1,1,4,1,2,1,4,1,2,1,3,3,5,3,3,4,5,2,4,2,3,1,1,2,2
M145591,3,4,2,2,3,3,5,5,3,3,2,2,2,2,2,7,1,2,3,3,1,2,2,2,3,3,3,3,2,3,1,1,2,5,1,2,3,3,2,2,1,1,1,1,1,2,1,2,2,2,2,2,1,1,2,2,3,3,2,3,3,4,1,1,5,5,1,2,1,3,3,3,2,2,3,3,5,6,4,4,1,3,4,4,7,7,3,3,3,3,1,1,1,1,3,3,3,3,2,2,3,3,2,3,4,4,2,3,1,2,3,3,4,4,2,2,3,4,1,1,3,3,3,3,1,5,2,4,1,1,1,1,1,5,4,4,1,2,1,3,1,1,2,3,3,3,1,1,4,4,1,2,3,3,3,3,1,1,1,1,1,1,2,2,1,1,1,1,3,3,2,2,1,5,2,2,2,3,1,3,1,3,2,2,4,4,4,4,3,3,2,3,3,3,3,3,1,2,2,2,4,4,3,3,3,3,2,3,2,2,3,3,2,2,3,3,1,2,1,2,2,2,1,1,3,4,1,1,1,1,1,3,3,5,4,5,2,2,4,5,3,4,2,4,1,1,2,2
M145592,1,4,2,2,3,3,4,5,3,3,2,2,2,2,2,7,1,2,3,3,2,5,1,1,1,3,1,3,1,3,1,5,5,5,2,3,3,3,2,2,1,2,3,3,1,4,1,2,2,2,2,2,1,1,2,2,2,3,2,4,4,4,1,3,5,5,1,1,1,1,2,2,2,3,3,3,5,5,4,4,1,1,3,4,3,7,3,3,3,3,1,1,0,0,3,3,3,3,2,3,1,3,1,3,2,3,2,2,1,2,1,3,4,4,2,2,3,4,1,3,3,3,1,3,3,7,4,6,1,1,1,1,1,5,4,4,1,1,3,3,1,3,3,3,3,3,1,1,5,5,1,1,3,5,1,4,1,1,1,1,1,1,2,2,1,1,1,2,3,3,1,2,2,2,2,2,2,3,1,1,1,1,2,2,4,4,4,4,3,3,2,2,3,4,4,6,2,2,2,2,4,4,1,3,2,3,3,3,2,3,3,3,2,2,3,3,1,2,2,2,2,2,1,1,2,4,1,2,1,4,1,1,3,4,5,5,1,2,4,6,4,4,2,3,1,1,2,2
M145593,2,2,2,2,3,3,5,5,3,3,1,2,3,3,2,5,2,2,3,3,3,5,1,1,3,3,1,3,1,2,1,1,5,5,2,3,3,3,2,2,1,1,1,1,1,1,1,2,4,5,2,2,1,3,2,2,2,2,2,2,4,4,1,1,5,5,1,1,3,3,2,3,2,3,2,2,5,6,4,4,1,2,4,4,4,7,3,3,2,3,1,2,1,2,3,3,3,3,2,2,3,3,2,2,2,4,1,2,2,2,3,3,3,4,2,5,3,4,1,1,2,2,2,3,1,4,4,6,1,1,2,2,1,1,4,4,1,2,1,3,1,1,3,3,1,3,1,1,1,1,1,1,3,3,1,4,1,1,1,3,1,2,2,2,1,1,1,1,1,3,1,2,2,2,2,2,2,2,1,1,1,1,2,3,1,4,4,4,3,3,2,2,3,3,3,4,2,2,2,2,4,4,1,3,2,3,3,3,2,3,1,3,2,3,3,3,1,1,2,2,2,2,1,1,2,4,2,2,4,4,3,3,5,5,4,4,2,3,4,4,2,3,2,2,1,1,2,2
M145594,3,4,2,3,3,4,5,5,1,3,2,2,2,3,5,7,2,2,3,3,2,5,1,1,3,3,3,3,2,2,1,5,2,5,2,3,3,3,2,2,1,1,1,1,1,2,1,2,2,2,2,2,1,3,2,2,2,2,3,3,4,4,1,1,5,5,1,2,3,3,2,3,2,3,1,1,5,6,4,4,3,3,3,4,7,7,3,3,3,3,1,2,1,1,3,3,1,3,2,2,1,1,2,2,4,4,3,3,1,2,3,3,4,4,2,2,1,3,1,1,3,3,2,3,1,4,1,1,1,1,1,2,1,1,4,4,2,2,1,5,1,1,2,2,3,3,1,1,4,4,1,1,3,3,3,3,1,3,1,1,1,1,1,2,1,2,1,1,3,3,2,2,1,2,2,2,3,3,1,1,1,3,2,2,4,4,4,5,2,3,2,3,3,3,3,4,2,2,2,2,4,4,1,1,1,2,2,3,2,2,3,3,2,2,3,3,1,3,2,2,2,2,1,3,2,4,1,2,4,4,2,3,1,3,3,4,1,1,4,4,4,4,2,2,1,1,2,2
M145595,1,1,2,2,3,3,5,5,1,3,2,2,2,2,1,1,1,1,3,3,1,2,1,2,3,3,3,3,1,3,1,1,2,5,3,3,1,3,2,2,1,2,1,1,2,5,1,2,2,2,2,2,3,3,2,2,2,2,3,3,4,4,1,1,5,5,2,2,1,4,2,3,3,3,3,3,5,6,4,4,1,3,3,4,7,7,3,3,3,3,1,1,1,1,3,3,3,3,2,3,1,1,2,2,3,4,1,3,1,1,1,3,4,4,2,5,3,4,1,1,3,3,3,3,1,4,4,4,1,2,2,2,1,5,4,4,2,2,1,3,1,3,2,3,3,3,1,1,4,4,1,1,3,3,1,3,1,3,1,1,1,1,2,2,1,1,1,1,3,3,2,2,2,2,2,2,2,3,1,1,1,3,2,2,4,4,4,4,3,4,2,2,3,4,4,4,2,2,2,2,4,4,1,3,2,3,3,3,2,2,3,3,2,2,3,3,2,2,2,2,2,2,1,1,4,4,1,2,1,3,1,1,3,5,4,4,2,2,4,4,2,3,2,2,1,1,2,2
M145596,2,4,2,3,3,3,4,5,3,3,1,2,2,2,1,5,1,2,3,3,2,3,1,1,3,3,1,2,1,2,5,5,2,5,2,2,3,3,2,2,1,1,1,1,1,4,1,2,2,2,2,2,1,3,2,2,2,3,3,3,2,4,1,1,2,5,1,1,3,4,3,3,2,3,3,3,5,6,4,4,1,2,4,4,7,7,3,3,3,3,1,1,1,1,3,3,2,3,3,3,1,4,2,2,3,3,1,2,2,2,1,3,4,4,2,2,3,3,1,3,3,3,3,3,2,4,4,6,1,2,1,1,1,5,4,4,1,1,1,5,1,1,2,3,3,3,1,1,4,4,1,1,3,3,3,4,1,1,1,1,1,1,2,3,1,1,1,1,3,3,1,2,2,3,2,2,2,3,1,1,1,1,1,2,4,4,4,4,3,3,2,2,3,3,3,3,2,2,1,2,4,5,4,4,3,3,3,3,2,2,3,3,2,2,3,3,1,1,1,1,2,2,1,1,2,4,1,2,1,1,2,3,3,3,4,5,2,2,4,4,3,4,2,2,1,1,2,2
M145597,4,4,2,2,3,4,4,5,3,3,2,2,2,2,5,6,2,2,3,3,2,3,1,2,2,3,3,3,3,3,1,1,5,5,3,3,3,3,2,2,1,1,1,1,2,2,1,2,2,2,2,2,1,1,2,2,3,3,2,3,2,4,1,2,3,5,1,1,3,3,3,3,2,3,3,3,5,6,4,4,3,3,4,4,7,7,2,4,3,3,1,1,1,2,3,3,3,4,3,3,1,1,2,2,2,4,2,3,2,2,1,3,4,4,2,4,3,3,1,3,2,3,1,3,4,4,1,4,1,1,1,2,1,3,3,4,1,2,1,3,1,1,3,3,2,4,1,1,4,4,1,1,3,5,3,3,1,1,1,1,1,1,2,3,1,1,1,1,2,3,2,2,2,3,2,2,2,2,1,1,2,3,2,2,4,4,4,5,3,3,2,3,3,3,4,4,2,2,2,2,4,4,1,3,1,3,3,3,2,2,3,3,2,2,3,3,1,2,2,2,2,2,1,3,2,4,1,1,1,3,1,1,3,6,3,3,1,2,4,4,2,4,2,2,1,1,2,2
M145598,1,3,2,2,3,3,4,5,3,3,2,2,3,3,1,1,2,2,3,3,5,5,1,1,3,3,3,3,2,3,1,5,5,5,2,3,1,3,2,2,1,1,1,1,1,1,1,1,2,4,2,2,1,1,2,2,2,3,2,3,2,4,3,3,5,6,1,2,1,1,3,3,2,3,2,3,1,5,4,4,1,3,4,4,6,7,3,3,3,3,1,1,1,1,3,3,3,3,2,2,3,4,2,2,3,4,1,1,1,1,1,3,4,5,4,5,3,4,1,1,2,3,1,3,1,4,4,6,1,1,1,1,1,3,3,4,2,2,3,3,1,1,2,2,2,3,1,1,4,4,1,1,3,3,1,3,3,3,1,1,1,1,2,2,1,1,1,1,3,3,2,2,2,2,2,2,3,3,1,2,1,1,2,2,4,4,4,5,2,3,2,3,3,4,4,4,2,2,2,2,4,4,3,3,3,3,3,3,2,3,1,3,2,2,3,3,1,1,1,2,2,2,1,1,2,2,1,1,1,1,1,3,3,5,3,4,1,2,4,4,2,4,2,2,1,1,1,2
M145599,1,2,2,2,3,3,5,5,3,3,1,2,2,3,2,2,2,2,3,3,2,2,1,1,3,3,2,3,1,3,1,5,2,5,3,3,3,3,2,2,1,2,1,3,4,5,1,1,2,5,2,2,1,1,2,2,2,3,2,3,4,4,1,3,5,5,1,1,3,4,2,3,1,2,1,3,5,5,4,4,1,2,4,4,7,7,2,3,3,3,1,2,2,2,3,3,3,3,2,2,1,3,2,2,3,4,1,2,2,2,3,3,4,4,2,2,3,4,3,3,2,3,3,3,4,4,1,2,1,1,1,2,3,5,4,4,1,2,3,3,1,3,3,3,3,3,1,1,4,5,1,1,3,3,4,4,1,3,1,1,1,2,2,2,1,1,1,1,1,3,2,2,2,2,2,2,1,3,1,2,1,1,2,2,4,4,4,4,3,3,2,2,3,4,4,4,2,2,2,2,4,4,3,3,3,3,2,3,2,3,1,3,2,2,3,3,1,2,2,2,2,2,1,3,4,4,2,2,2,3,2,2,3,5,4,4,2,2,4,4,4,4,2,2,1,1,2,2
M145600,2,3,2,2,3,3,2,4,3,3,1,2,2,2,1,5,1,2,3,3,2,5,1,2,3,3,3,3,1,3,1,5,2,5,3,3,3,3,2,2,1,1,1,1,5,5,1,1,2,3,2,2,1,3,2,2,3,3,3,3,4,4,1,1,5,5,1,1,1,4,2,2,2,3,1,3,5,6,4,4,1,1,4,4,7,7,3,3,3,3,1,2,1,1,3,3,1,3,2,3,3,4,2,2,3,4,2,3,1,2,3,3,4,4,2,2,3,4,1,1,3,3,3,3,4,4,6,6,1,1,1,1,3,5,3,4,1,2,3,3,1,1,2,3,2,3,1,1,4,4,1,1,3,3,1,4,1,1,1,1,1,1,2,2,1,2,1,1,3,3,2,2,2,2,2,3,3,3,1,1,1,1,2,3,4,4,4,4,2,2,2,3,3,3,4,4,1,2,1,2,1,4,3,3,2,3,2,3,2,2,3,3,2,2,3,3,1,3,2,2,2,5,1,1,2,2,1,2,1,3,1,1,1,3,4,5,1,1,3,5,4,4,2,3,1,1,2,2
M145601,0,0,0,0,0,0,0,0,0,0,0,0,0,0,0,0,0,0,0,0,0,0,0,0,0,0,0,0,0,0,0,0,0,0,0,0,0,0,0,0,0,0,0,0,0,0,0,0,0,0,0,0,0,0,0,0,0,0,0,0,0,0,0,0,0,0,0,0,0,0,0,0,0,0,0,0,0,0,0,0,0,0,0,0,0,0,0,0,0,0,0,0,0,0,0,0,0,0,0,0,0,0,0,0,0,0,0,0,0,0,0,0,0,0,0,0,0,0,0,0,0,0,0,0,0,0,0,0,0,0,0,0,0,0,0,0,0,0,0,0,0,0,0,0,0,0,0,0,0,0,1,1,0,0,0,0,0,0,0,0,0,0,0,0,0,0,0,0,0,0,0,0,0,0,0,0,0,0,0,0,0,0,0,0,0,0,0,0,0,0,0,0,0,0,0,0,0,0,0,0,0,0,0,0,0,0,0,0,0,0,0,0,0,0,0,0,0,0,0,0,0,0,0,0,0,0,0,0,0,0,0,0,0,0,0,0,0,0,0,0,0,0,0,0,0,0,0,0
M145602,3,3,2,2,3,3,5,5,1,3,2,2,2,2,1,5,1,2,3,3,3,5,1,2,3,3,2,3,1,2,1,1,2,5,3,3,1,1,2,2,1,1,1,1,2,2,1,1,2,2,2,2,1,3,2,2,2,2,3,3,2,4,1,1,2,5,1,1,1,4,3,3,2,2,3,3,5,6,4,4,1,2,3,3,7,7,3,3,3,3,1,2,1,4,3,3,3,4,2,2,3,4,2,2,4,4,2,3,1,2,3,3,4,4,2,5,3,3,1,1,3,3,1,3,4,4,6,6,1,1,1,1,1,5,4,4,2,2,3,3,1,3,3,3,1,3,1,1,4,4,1,1,3,5,3,3,1,1,1,1,1,1,2,2,1,1,1,1,1,3,2,2,2,2,2,2,2,3,1,1,1,1,2,2,4,4,4,4,3,3,2,2,3,4,3,4,2,2,2,2,4,4,1,3,3,3,3,3,3,3,1,3,2,3,3,3,2,3,1,2,2,2,1,1,4,4,1,1,4,4,2,3,3,5,3,4,2,2,3,5,2,2,2,2,1,1,2,2
M145603,1,4,2,2,3,3,5,5,3,3,2,2,2,2,2,2,1,2,3,3,2,5,1,1,3,3,2,3,2,2,1,1,2,5,3,3,2,3,2,2,1,1,1,1,1,2,1,2,2,2,2,2,1,3,2,2,2,3,3,3,4,4,1,3,5,5,1,2,3,4,2,3,2,2,2,3,6,6,4,4,1,3,3,4,7,7,3,3,3,3,1,1,1,4,3,3,3,3,3,3,1,3,2,3,4,4,3,3,1,2,3,3,4,4,2,5,3,3,1,3,2,3,1,2,1,4,4,6,1,1,2,2,3,5,4,4,1,2,3,3,1,1,3,3,1,3,1,1,1,4,1,1,3,3,3,3,1,1,1,1,1,1,2,3,1,1,1,1,1,1,2,2,2,2,2,2,2,2,1,1,1,2,2,2,4,4,1,4,2,4,2,2,3,3,3,4,2,2,2,2,4,4,3,3,3,3,3,3,2,2,3,3,2,2,3,3,1,1,2,2,2,2,1,1,4,4,1,1,3,4,1,1,1,3,3,4,1,2,3,4,3,4,2,2,1,1,2,2
M145604,4,4,2,3,3,3,5,5,3,3,2,2,2,3,2,7,1,1,3,3,1,3,1,2,3,3,3,3,1,3,1,5,5,5,2,3,1,3,2,2,1,2,1,1,2,2,1,1,2,5,2,2,1,3,2,2,2,2,2,3,4,4,1,1,5,5,1,1,4,4,3,3,3,3,3,3,5,5,4,4,1,2,2,3,7,7,2,3,3,3,1,1,1,2,3,3,3,3,2,2,1,1,2,3,3,4,2,2,2,2,3,3,4,4,5,5,4,4,1,1,1,3,2,3,2,6,4,4,1,2,2,2,1,5,4,4,1,1,3,3,1,3,2,3,3,3,1,1,1,4,1,1,3,3,1,4,1,3,1,1,1,1,2,2,1,1,1,1,2,3,2,2,2,2,2,2,2,3,1,1,1,3,2,2,4,4,4,4,3,4,2,2,3,4,2,3,2,2,2,2,4,4,3,3,3,3,3,3,3,3,3,3,2,3,3,3,2,3,2,2,2,5,1,1,4,4,1,2,1,4,1,3,1,1,3,4,1,1,4,4,4,4,2,2,1,1,2,2
M145605,2,3,2,2,3,3,2,5,3,3,1,2,2,2,2,2,2,2,3,3,2,3,1,2,2,3,3,3,3,3,1,5,2,5,3,3,3,3,2,2,1,1,1,1,1,2,1,2,2,3,2,2,1,3,2,2,2,3,3,3,4,4,1,1,5,5,1,1,3,4,3,3,2,3,1,3,5,6,4,4,1,1,4,4,7,7,3,3,3,3,1,2,1,1,3,3,1,1,2,3,1,4,2,3,4,4,2,3,1,2,3,3,4,4,2,5,3,3,1,1,2,3,2,3,1,4,4,6,1,1,1,2,3,5,4,4,1,2,3,3,1,1,3,3,2,3,1,1,4,4,1,1,3,3,3,3,1,1,1,1,1,2,2,2,1,1,1,1,3,3,2,2,2,2,2,3,3,3,1,1,1,1,2,2,3,4,4,4,2,3,2,3,3,3,4,4,2,2,1,2,1,4,1,3,3,3,2,3,2,2,3,3,2,2,3,3,1,1,1,2,2,5,1,1,2,4,1,2,1,4,1,1,1,3,4,5,1,1,3,4,4,4,2,3,1,1,2,2
M145606,1,4,2,2,3,3,4,5,1,3,2,2,2,2,7,7,2,2,3,4,2,5,1,1,2,3,3,3,3,3,5,5,3,5,2,3,3,3,2,2,1,2,1,1,2,4,1,1,2,2,2,2,1,1,2,2,2,2,2,3,2,4,1,1,5,5,1,2,4,4,3,3,2,2,1,3,5,5,4,4,1,2,4,4,7,7,3,3,2,3,1,2,0,0,1,3,3,3,2,3,1,3,2,2,3,3,1,3,2,2,1,3,4,4,2,2,3,3,1,3,2,3,1,3,4,5,1,6,1,1,1,2,1,1,3,3,1,2,3,5,1,3,2,3,1,3,1,1,4,5,1,1,3,3,4,4,1,1,1,3,1,1,2,2,1,1,1,1,3,3,2,2,2,2,2,3,2,2,1,1,1,1,2,2,2,4,4,4,3,3,2,2,3,4,4,4,2,2,2,2,4,4,3,3,2,2,2,3,3,3,2,3,3,3,1,3,1,1,1,2,2,2,1,1,2,2,1,2,1,4,1,2,3,5,2,3,1,2,4,4,4,4,3,3,1,1,2,2
M145607,2,4,2,2,3,3,3,5,3,3,2,2,2,3,2,5,2,2,3,3,2,3,1,1,1,3,1,2,3,3,1,5,5,5,3,3,3,3,2,2,1,1,1,1,2,4,1,1,2,5,2,2,1,1,2,2,2,3,3,3,1,4,1,1,5,5,1,1,1,4,2,3,2,3,3,3,5,5,4,4,3,3,4,4,7,7,3,3,3,3,1,2,6,6,3,3,3,3,3,3,1,3,1,1,4,4,2,2,1,2,1,4,4,4,2,2,3,4,1,1,3,3,1,3,2,4,4,6,1,2,1,1,1,1,4,4,1,2,2,3,1,3,3,3,1,3,1,1,4,4,1,1,3,3,3,3,1,1,1,1,2,2,2,2,1,1,1,2,3,3,1,2,1,2,2,2,2,2,1,1,1,3,2,2,4,4,4,4,3,4,2,2,3,4,4,4,2,2,2,2,4,4,3,4,3,3,3,3,1,3,1,3,2,2,3,3,1,1,2,2,2,2,1,1,4,4,1,1,3,4,2,3,5,5,3,5,1,2,4,4,0,0,2,2,1,1,2,2
M145608,3,4,2,2,3,3,4,5,1,3,2,2,2,3,2,5,1,2,3,3,2,2,1,2,2,3,2,3,2,3,5,5,5,5,3,3,3,3,2,2,1,1,1,1,1,2,1,1,1,2,2,2,1,3,2,2,2,3,3,4,2,4,1,1,5,5,1,2,3,4,3,3,3,3,3,3,5,5,4,4,3,3,4,4,7,7,3,3,3,3,1,1,2,2,3,3,3,3,2,3,3,3,1,2,2,4,2,2,2,2,3,3,4,4,2,5,3,3,1,1,2,3,3,3,2,4,2,4,1,1,1,2,3,3,3,4,1,2,1,3,1,1,3,3,3,3,1,1,4,4,1,2,3,5,1,4,1,3,1,1,1,1,2,2,1,1,1,1,2,3,2,2,2,2,2,2,3,3,1,1,1,3,2,2,4,4,4,4,3,4,2,2,3,3,4,4,1,2,2,2,4,4,2,3,1,2,2,2,2,3,1,3,2,2,3,3,1,3,2,2,2,2,1,1,1,2,1,1,4,4,3,3,3,5,3,4,2,2,3,4,4,4,2,3,1,1,1,2
M145609,1,3,2,2,3,3,2,5,3,3,2,2,2,2,2,2,1,2,3,3,5,5,1,1,3,3,2,3,1,1,1,1,5,5,3,3,3,3,2,2,1,1,1,1,2,2,1,2,2,2,1,2,1,3,2,2,2,2,2,3,4,4,1,1,5,5,1,1,4,4,3,3,2,2,1,3,5,6,4,4,1,1,3,4,7,7,2,3,3,3,1,1,1,1,3,3,3,3,3,3,3,4,3,3,4,4,1,2,2,2,3,3,4,4,2,5,3,4,1,3,2,2,2,3,1,4,1,6,1,1,1,2,1,3,4,4,1,1,3,3,1,1,3,3,3,3,1,1,4,4,1,2,3,3,3,3,1,1,1,1,1,1,1,2,1,1,1,1,2,3,2,2,2,2,2,2,2,3,1,1,1,1,2,2,4,4,4,4,3,3,2,3,3,3,2,3,2,2,2,2,4,5,3,3,1,3,2,3,2,3,3,3,2,3,3,3,1,2,2,2,2,5,1,1,4,4,1,1,3,4,3,3,3,5,3,4,1,2,4,4,2,4,2,3,1,1,2,2
M145610,3,4,2,2,3,3,3,5,3,3,2,2,2,2,2,2,1,2,3,3,2,5,1,2,3,3,2,2,2,3,1,5,2,3,3,3,3,3,2,2,1,1,1,1,2,4,1,1,5,5,2,2,1,1,2,2,2,2,2,2,4,4,1,1,2,5,1,1,3,3,3,3,2,3,1,3,5,5,3,5,1,2,4,4,7,7,2,3,3,3,2,2,1,2,3,3,1,3,2,2,1,2,2,3,4,4,1,2,1,1,1,3,4,4,2,4,3,4,1,3,3,3,1,3,2,7,1,4,1,1,2,2,1,1,4,4,2,2,3,3,1,3,2,3,2,3,1,1,1,4,1,1,3,5,3,4,1,1,1,1,1,1,2,3,1,1,1,1,1,3,2,2,2,3,2,2,2,3,2,3,1,1,2,2,4,4,4,4,2,3,2,2,3,3,3,3,2,2,1,2,4,4,3,3,3,3,2,3,2,3,3,3,2,2,3,3,1,2,2,2,2,2,1,3,2,4,2,2,4,4,1,3,1,5,4,4,1,2,3,3,4,4,2,3,1,1,2,2
M145611,2,4,2,2,3,3,2,5,3,3,1,2,2,2,1,5,2,2,3,3,2,5,1,1,3,3,1,1,3,3,1,5,2,5,3,3,3,3,2,2,1,1,1,1,2,2,1,2,2,4,2,3,1,3,2,2,2,3,3,3,1,4,1,1,5,5,1,2,1,4,3,3,2,3,1,1,6,6,3,4,1,3,3,4,3,7,3,3,3,3,1,1,1,2,3,3,3,3,3,3,1,1,1,2,4,4,2,3,1,2,3,4,4,4,2,2,3,4,1,1,3,3,1,1,4,4,2,4,1,2,1,2,1,3,3,4,1,1,1,3,1,1,2,3,1,3,1,1,4,5,1,1,3,3,3,4,1,1,1,1,1,2,2,2,1,1,1,2,3,3,1,1,1,2,2,2,2,3,1,1,1,1,2,3,4,4,4,4,2,4,2,2,3,3,4,4,2,2,2,2,1,4,3,3,3,3,3,3,1,2,3,3,2,3,3,3,1,1,2,2,2,5,1,1,2,4,1,1,3,4,3,3,5,5,4,4,2,3,4,4,3,4,2,2,1,1,2,2
M145612,2,4,2,2,3,3,4,5,3,3,2,2,2,2,1,5,1,2,3,3,3,5,1,1,3,3,3,3,3,3,1,5,3,5,2,3,1,3,2,2,2,2,1,1,1,2,1,1,2,2,2,2,1,3,2,2,2,2,3,3,2,4,1,1,5,6,1,1,3,3,2,3,2,3,1,3,5,6,4,4,1,3,4,4,7,7,3,3,3,3,1,1,2,6,3,3,3,3,2,2,4,4,2,3,3,4,2,3,1,2,1,3,4,4,2,4,3,4,1,3,3,3,1,1,4,7,2,4,1,1,1,2,3,3,4,4,1,2,1,3,1,1,3,3,3,3,1,1,4,4,1,1,3,3,1,4,1,1,1,1,1,2,2,2,1,2,1,1,3,3,1,2,2,5,2,2,2,2,1,1,3,3,2,3,4,4,1,4,3,3,2,2,2,3,3,4,2,2,2,2,4,5,3,3,2,3,2,3,3,3,1,3,3,3,3,3,1,1,2,2,2,2,1,3,4,4,1,2,1,1,1,2,1,3,3,4,2,2,3,4,2,4,2,2,1,1,2,2
M145613,1,2,2,2,3,3,3,5,3,3,2,2,2,3,2,2,1,2,3,3,2,5,1,1,1,3,2,3,3,3,4,4,5,5,3,3,3,3,2,2,1,2,1,3,1,2,1,1,2,5,2,2,1,3,2,2,2,2,3,3,4,4,1,1,5,5,1,1,1,4,3,3,2,3,3,3,5,5,4,4,3,3,4,4,7,7,3,3,3,3,1,2,1,1,3,3,3,3,2,3,1,4,2,2,4,4,2,2,2,2,1,3,4,4,2,5,3,4,1,1,3,3,3,3,2,4,4,6,1,1,1,2,1,1,4,4,1,2,1,3,1,3,2,3,3,3,1,1,1,4,1,1,3,5,3,4,1,3,1,1,2,2,2,2,1,1,1,1,1,3,2,2,2,2,2,2,2,3,1,1,1,1,2,2,4,4,4,4,2,4,2,2,3,4,3,4,2,2,2,2,4,4,3,3,3,3,3,3,2,3,1,3,2,3,3,3,1,2,1,1,2,2,1,1,4,4,1,1,3,3,1,2,5,5,3,3,1,1,4,4,4,4,2,2,1,1,2,2
M145614,2,4,2,2,3,4,5,6,3,3,2,2,2,2,1,1,2,2,3,3,2,3,1,1,3,3,1,3,3,3,1,1,3,5,3,3,3,3,2,2,1,2,1,3,1,1,1,2,2,2,2,2,1,3,2,2,2,2,3,3,4,4,1,3,5,6,1,2,4,4,2,3,2,2,3,3,5,6,4,4,3,3,4,4,2,3,3,3,3,3,1,2,1,6,3,3,3,3,2,3,1,4,2,3,2,4,2,3,2,2,3,3,4,4,2,2,3,4,3,3,1,3,1,3,4,7,4,6,1,1,1,1,1,3,4,4,2,2,3,3,1,1,2,3,3,3,1,1,4,5,1,1,3,3,1,4,1,1,1,1,1,2,2,2,1,1,1,1,3,3,1,1,2,5,2,2,2,2,1,1,1,1,2,2,4,4,4,5,2,3,2,2,3,3,4,4,2,2,2,2,4,4,1,3,3,3,3,3,2,3,3,3,2,2,3,3,1,1,1,2,2,2,1,1,2,2,1,1,1,1,1,3,5,5,3,4,1,1,4,4,3,4,2,3,1,1,2,2
M145615,3,4,2,2,3,3,4,5,1,3,2,2,2,2,1,7,2,2,3,3,5,5,1,1,3,3,3,3,2,3,3,5,2,5,3,3,3,3,2,2,1,1,1,1,1,4,1,2,1,2,2,2,1,3,2,2,2,2,3,3,2,4,1,1,5,5,1,1,1,4,3,3,2,6,1,3,5,6,4,5,1,2,4,4,2,7,3,4,3,3,1,1,1,1,3,3,3,3,2,3,1,1,3,3,4,4,1,2,1,2,1,3,4,4,2,5,3,4,1,1,2,3,3,3,2,4,1,4,1,1,1,2,3,5,2,4,1,2,3,3,1,1,3,3,1,3,1,1,4,5,1,1,3,3,3,3,1,3,1,1,1,2,2,2,1,3,1,1,1,1,2,2,2,2,2,2,2,2,1,2,1,1,2,2,4,4,4,4,3,3,2,2,3,4,4,4,1,2,1,2,4,4,1,3,2,3,2,3,3,4,3,3,2,2,3,3,1,2,2,2,2,2,1,1,4,4,1,2,1,3,1,3,4,5,3,4,1,1,4,4,4,4,2,2,1,1,2,2
M145616,3,4,2,3,3,3,5,5,3,3,2,2,2,2,2,7,2,2,3,3,2,5,1,1,3,3,2,2,1,3,1,1,2,5,2,2,3,3,2,2,1,1,1,1,1,2,1,2,2,2,2,2,1,3,2,2,2,2,2,3,2,2,1,1,5,5,1,2,1,4,2,3,2,3,3,3,5,6,4,4,2,3,3,4,7,7,3,3,3,3,1,2,1,2,3,3,3,3,2,3,1,3,3,3,3,4,2,2,1,2,3,3,4,4,2,4,3,4,1,1,2,3,1,3,4,7,6,6,1,1,2,3,1,1,4,4,2,2,1,3,1,3,2,3,1,3,1,1,4,4,1,1,3,3,3,3,1,1,1,1,1,1,1,2,1,1,1,1,3,3,2,2,2,2,2,2,2,3,2,3,1,1,2,2,4,4,4,5,3,3,2,2,3,4,2,4,2,2,2,2,4,4,3,3,3,3,3,3,2,2,3,3,2,2,3,3,1,2,1,2,2,2,1,3,4,4,1,1,3,3,2,3,4,5,4,4,2,2,5,5,2,3,2,2,1,1,2,2
M145617,2,4,2,3,3,3,4,5,3,3,2,2,2,2,2,7,1,2,3,3,3,3,1,1,3,3,1,2,3,3,1,5,2,5,2,3,3,3,2,2,1,1,1,1,1,1,1,1,2,2,2,2,1,1,2,2,2,2,2,3,4,4,1,2,5,5,1,1,3,4,3,3,2,3,3,3,5,5,4,4,2,3,2,4,7,7,3,3,3,3,1,2,2,5,3,3,3,3,2,2,3,3,2,2,3,4,2,2,2,2,3,3,4,4,2,5,3,4,1,1,2,3,3,3,4,5,4,4,1,1,1,2,3,5,4,4,2,2,3,3,1,1,2,3,1,3,1,1,4,4,1,1,3,4,3,4,1,1,1,1,2,2,2,3,1,1,1,1,1,3,2,2,2,2,2,2,2,3,1,1,1,2,2,2,4,4,4,4,3,3,2,2,4,4,3,4,2,2,2,2,4,6,1,3,3,3,3,3,2,3,3,3,2,3,3,3,1,3,1,2,2,2,1,1,4,4,1,1,1,1,1,1,1,7,3,3,1,2,4,5,3,4,2,3,1,1,2,2
M145618,3,4,2,2,3,3,5,5,3,3,2,2,2,3,2,2,2,2,3,3,3,5,1,1,3,3,3,3,1,3,1,5,3,5,3,3,2,3,2,2,1,1,1,1,2,2,1,1,2,4,1,2,2,3,2,2,3,3,2,3,1,2,1,2,5,5,1,1,1,4,2,3,2,2,3,3,5,6,4,4,1,1,4,4,6,7,3,3,3,3,2,2,1,2,3,3,3,3,3,3,1,4,2,3,4,4,2,3,2,3,1,3,4,4,5,5,3,3,1,1,3,3,3,3,1,4,2,6,1,1,1,2,3,3,3,4,1,2,3,5,1,1,2,2,3,3,1,1,1,4,1,1,3,5,3,3,1,1,1,1,2,3,2,3,1,1,1,1,1,3,2,2,1,3,2,2,2,3,1,1,1,1,2,2,4,4,4,4,3,3,2,2,4,4,4,4,2,2,1,2,3,4,3,3,3,3,3,3,3,3,1,3,2,2,3,3,1,2,1,2,2,2,1,1,2,4,1,2,3,3,3,3,1,5,4,4,1,1,3,4,3,4,2,2,1,1,2,2
M145619,2,4,2,2,3,3,5,5,1,3,2,2,2,2,1,2,2,2,3,3,2,5,1,1,3,3,3,3,1,3,4,5,5,5,3,3,1,3,2,2,1,1,1,1,1,2,1,1,2,2,2,2,1,3,2,2,2,3,2,2,4,4,1,1,5,5,1,1,4,4,2,3,2,3,3,3,5,5,1,1,2,2,4,4,3,7,3,3,3,3,1,1,1,4,3,3,3,3,3,3,2,3,2,2,4,4,2,3,2,2,3,3,4,4,2,5,3,3,3,3,3,3,1,3,5,5,1,4,1,2,2,2,1,1,4,4,1,2,1,3,1,1,2,3,3,3,1,1,4,5,1,1,3,3,3,3,1,1,1,1,2,2,2,3,1,3,1,1,3,3,2,2,2,2,2,2,2,2,1,1,1,1,2,2,4,4,4,4,3,4,2,2,3,4,4,4,2,2,2,2,4,4,3,3,3,3,3,3,3,3,3,3,2,2,3,3,1,2,2,2,2,2,1,1,4,4,1,2,4,4,1,1,3,3,3,5,1,2,4,4,3,3,2,2,1,1,1,2
M145620,2,4,2,2,3,4,4,5,1,3,2,2,2,2,5,7,1,1,3,3,3,5,1,1,2,3,3,3,1,3,1,5,5,5,2,3,1,3,2,2,1,1,1,1,1,1,1,2,2,2,2,2,1,1,2,2,2,3,2,3,2,4,1,2,5,5,1,1,3,4,3,3,2,2,3,3,5,6,4,4,1,1,4,4,7,7,2,3,3,3,1,1,2,5,1,3,3,3,2,3,3,3,2,3,2,3,2,2,1,2,1,3,4,4,1,2,3,4,3,3,3,3,1,3,1,7,2,4,1,1,1,1,3,3,4,4,2,2,3,3,1,3,3,3,3,3,1,1,4,4,1,1,3,3,3,3,1,1,1,1,1,1,2,3,1,1,1,1,3,3,1,2,1,2,2,2,2,3,1,1,1,2,2,2,4,4,4,4,3,3,2,2,3,4,3,4,1,2,2,2,4,4,3,4,1,3,3,3,2,2,3,3,2,2,3,3,1,1,2,2,2,2,1,1,2,4,2,2,3,4,3,3,3,3,4,4,1,1,3,4,3,4,2,3,1,1,2,2
M145621,4,4,2,2,3,3,5,5,3,3,2,2,2,2,1,5,2,2,3,3,2,2,1,1,3,3,3,3,2,2,1,5,2,5,3,3,2,3,2,2,1,1,1,1,1,1,1,1,2,2,1,2,1,3,2,2,2,2,3,3,4,4,1,1,5,5,1,1,3,4,3,3,2,3,2,3,5,5,4,4,1,3,4,4,7,7,3,3,3,3,1,1,4,5,3,3,1,3,2,2,1,1,2,3,3,4,2,3,1,2,1,3,4,4,2,2,3,4,1,1,2,3,3,3,2,4,4,6,1,1,1,2,1,1,3,4,2,2,2,3,1,1,2,3,1,3,1,1,1,4,1,1,3,3,1,4,1,3,1,1,1,2,2,2,1,1,1,1,1,1,1,2,3,3,2,2,2,3,1,1,1,1,1,2,4,4,1,4,2,3,2,2,3,4,4,4,1,2,2,2,1,4,1,3,2,2,2,3,2,3,1,2,2,2,3,3,1,2,1,1,2,5,1,1,2,4,1,1,3,4,1,2,3,5,4,5,2,3,3,4,3,3,2,2,1,1,2,2
M145622,1,2,2,2,3,4,5,5,1,3,1,2,2,2,1,1,2,2,3,3,2,5,1,2,2,3,3,3,1,3,1,1,2,5,3,3,3,3,2,2,1,1,1,1,2,5,1,2,2,2,2,2,1,1,2,2,2,2,3,3,4,4,1,1,5,5,1,1,4,4,2,3,2,2,3,3,5,5,4,4,1,3,4,4,7,7,3,3,3,3,1,1,1,1,3,3,3,3,2,3,3,3,2,2,3,4,1,3,1,2,1,1,4,4,2,5,3,4,1,1,3,3,3,3,1,4,4,4,1,2,2,2,1,3,4,4,2,2,1,5,1,3,2,2,1,3,1,1,1,4,1,1,3,3,3,4,1,3,1,1,1,1,2,2,1,1,1,1,3,3,1,2,2,2,2,2,2,3,1,1,1,3,2,2,4,4,4,4,3,3,3,3,4,4,4,4,2,2,1,2,4,4,3,3,2,3,3,3,2,2,3,3,3,3,3,3,1,1,2,2,2,2,1,3,2,4,1,2,1,3,2,3,1,3,3,4,2,2,4,5,2,3,2,2,1,1,2,2
M145623,2,2,2,2,3,3,5,5,3,3,2,2,2,2,1,2,1,2,3,3,2,5,1,1,3,3,3,3,2,3,1,4,5,5,3,3,1,3,2,2,1,1,1,1,1,2,1,2,2,5,2,2,1,1,2,2,3,3,3,4,3,4,1,2,5,5,1,1,3,4,2,3,3,3,3,3,5,6,4,4,1,3,4,4,7,7,3,3,3,3,2,2,1,4,3,3,3,3,3,3,1,3,2,3,3,4,2,2,1,2,3,3,4,4,2,4,3,4,1,1,3,3,3,3,4,4,4,6,1,2,1,2,1,5,4,4,2,2,3,3,1,3,1,3,3,3,1,1,4,4,1,1,3,5,3,3,1,2,1,1,1,2,2,2,1,2,1,2,1,3,2,2,2,5,2,3,2,2,1,3,1,1,2,3,4,4,4,4,2,3,2,2,3,4,3,4,2,2,2,2,4,4,3,4,1,3,3,3,1,2,3,3,2,2,3,3,2,2,1,2,2,2,1,1,4,4,1,2,4,4,1,2,5,5,3,4,2,3,3,4,0,0,2,3,1,1,2,2
M145624,2,4,2,2,3,3,1,5,3,3,2,2,2,2,2,6,1,2,3,3,3,5,1,1,3,3,2,3,2,2,1,1,5,5,3,3,3,3,2,2,1,1,1,1,2,4,1,2,2,5,2,2,1,1,2,2,2,3,3,3,2,4,1,3,5,5,1,2,3,4,3,3,2,3,3,3,5,6,4,4,1,3,3,4,7,7,3,3,3,3,1,1,2,2,3,3,1,1,2,3,1,1,2,2,3,3,2,3,1,2,3,3,4,4,2,2,3,4,1,1,2,3,1,1,1,4,6,6,1,1,1,1,1,3,4,4,1,2,1,3,1,1,3,3,1,1,1,1,4,4,1,1,3,3,3,3,1,3,1,1,1,2,2,3,1,1,1,1,1,3,2,2,2,2,2,2,2,3,1,1,1,3,2,2,4,4,4,4,4,4,2,2,3,4,2,4,2,2,2,2,4,4,1,3,3,3,3,4,2,2,3,3,2,2,3,3,1,1,1,2,2,2,1,3,2,4,1,2,3,4,2,3,3,3,3,4,2,2,4,4,2,3,2,2,1,1,2,2
M145625,4,4,2,2,3,3,5,5,3,3,2,2,2,2,2,7,2,2,3,3,2,3,1,1,3,3,3,3,2,2,1,1,5,5,3,3,3,3,2,2,1,1,1,1,2,4,1,2,2,2,2,2,1,1,2,2,2,2,3,3,4,4,1,1,5,5,2,2,3,4,3,3,2,3,1,3,5,6,4,4,1,3,4,4,7,7,3,3,3,3,1,1,1,2,3,3,1,3,3,3,1,1,2,3,4,4,2,3,1,2,3,3,4,4,2,5,4,4,1,1,3,3,1,1,1,4,6,6,1,1,1,2,3,5,4,4,1,1,1,3,1,1,3,3,3,3,1,1,4,4,1,1,3,3,3,3,1,1,1,1,1,2,2,3,1,1,1,1,1,3,1,2,2,2,2,2,2,2,1,1,1,3,2,2,4,4,4,4,3,4,2,2,3,4,3,4,2,2,2,2,4,4,3,3,3,3,3,3,2,2,3,3,2,2,3,3,1,1,1,2,2,2,1,3,2,4,1,1,3,4,2,3,1,3,3,4,1,2,4,4,2,3,2,2,1,1,2,2
M145626,2,4,2,2,3,3,5,5,3,3,2,2,2,2,2,6,2,2,3,3,2,2,1,1,3,3,3,3,1,3,1,5,5,5,3,3,3,3,2,2,1,1,1,1,2,2,1,1,2,2,2,2,1,3,2,2,3,3,2,3,4,4,1,3,3,5,1,2,1,4,2,3,3,3,3,3,2,5,4,4,2,3,4,4,7,7,3,3,3,3,1,2,1,2,3,3,3,4,2,3,1,3,2,2,2,2,2,2,1,2,1,3,4,4,2,2,3,3,1,1,2,2,2,3,2,7,1,4,1,2,1,2,1,1,4,4,1,1,3,5,1,1,3,3,3,4,1,1,4,4,1,1,3,5,1,3,1,1,1,1,1,2,2,2,1,1,1,1,3,3,2,2,2,2,2,2,2,3,1,1,1,1,2,2,4,4,4,4,2,3,2,2,3,4,3,4,2,2,2,2,4,4,1,1,3,3,3,3,2,3,3,3,2,2,3,3,1,2,2,2,2,2,3,3,2,4,1,1,3,3,1,3,3,6,3,4,1,2,4,5,2,4,2,3,1,1,2,2
M145627,1,2,2,2,3,3,5,5,1,1,2,2,2,2,1,1,2,2,3,3,2,2,1,1,3,3,3,3,1,1,4,5,2,5,3,3,1,1,2,2,1,1,1,1,1,1,1,2,2,2,2,2,3,3,2,2,2,3,2,3,4,4,1,1,5,5,1,1,4,4,2,3,2,2,3,3,5,5,4,4,1,2,4,4,7,7,3,3,3,3,1,1,1,2,3,3,3,3,2,3,3,4,2,2,4,4,2,3,1,1,3,3,4,4,1,4,3,4,1,1,2,3,3,3,4,5,1,2,1,2,1,2,1,3,1,4,2,2,1,3,1,1,3,3,3,3,1,1,4,4,1,1,3,3,3,3,1,3,1,1,1,2,2,2,1,1,1,1,1,3,2,2,2,2,2,2,2,2,1,1,1,1,2,2,4,4,4,4,3,4,2,3,3,3,4,4,2,2,2,2,4,4,3,3,2,3,2,3,2,3,2,3,2,3,3,3,1,1,2,2,2,2,1,1,2,4,1,2,1,4,1,2,5,5,4,4,1,1,3,4,2,2,2,2,1,1,2,2
M145628,1,3,2,2,3,3,4,5,3,3,2,2,2,2,1,5,1,2,3,3,3,5,1,1,3,3,1,2,3,3,5,5,2,5,3,3,1,3,2,2,1,2,1,1,1,2,1,1,2,2,2,2,1,3,2,2,2,2,3,3,2,4,1,1,5,5,2,2,3,3,2,3,2,2,3,3,5,6,4,4,3,3,3,4,7,7,3,3,3,3,1,2,6,6,3,3,3,3,2,2,1,4,2,2,3,4,2,3,2,2,1,3,4,4,2,2,3,4,1,1,3,3,3,3,4,4,1,6,1,1,2,2,3,3,4,4,2,2,3,3,1,1,2,3,1,1,1,1,4,4,1,1,3,3,3,4,1,1,1,1,1,2,2,2,1,1,1,1,3,3,2,2,2,3,2,2,2,2,1,1,1,2,2,2,4,4,4,4,3,4,2,2,3,4,4,4,2,2,2,2,4,4,3,3,2,3,2,3,2,3,3,3,2,2,3,3,1,2,1,2,2,2,1,1,4,4,2,2,3,3,1,3,3,5,2,4,2,2,3,4,2,3,2,2,1,1,2,2
M145629,4,4,2,3,3,3,3,3,1,3,2,2,2,3,1,2,1,2,3,3,2,2,1,1,3,3,3,3,3,3,1,1,5,5,2,3,3,3,2,2,1,1,1,3,2,2,1,2,2,2,2,2,3,3,2,2,2,3,2,3,4,4,1,3,5,5,1,1,1,4,2,3,2,3,2,3,5,5,4,4,1,2,4,4,7,7,2,3,3,3,1,2,1,1,3,3,3,3,3,3,3,3,2,2,4,4,3,3,1,2,1,3,4,4,2,2,3,4,1,3,3,3,1,3,4,4,4,6,1,1,1,1,1,5,4,4,1,2,1,3,1,1,2,3,3,3,1,1,4,4,1,2,3,3,3,3,1,1,1,1,1,2,2,2,1,1,1,1,3,3,2,2,2,2,2,2,2,2,1,1,1,1,2,2,4,4,4,4,3,4,2,2,3,4,4,4,2,2,2,2,4,4,3,3,1,3,3,3,2,3,2,3,2,3,3,3,1,2,2,2,2,2,1,1,4,4,1,2,3,4,1,3,1,3,4,4,1,2,4,4,3,3,2,2,1,1,2,2
M145630,4,4,1,2,3,3,5,5,3,3,2,2,2,2,1,1,1,2,3,3,2,3,1,2,3,3,3,3,3,3,1,5,3,5,2,3,3,3,2,2,1,2,1,1,1,2,1,2,2,2,1,2,1,3,2,2,2,3,3,3,4,4,1,1,2,5,1,1,4,4,2,3,2,2,1,3,5,6,4,5,2,3,4,4,6,7,2,3,3,3,1,1,1,5,3,3,3,3,2,2,3,3,2,2,3,4,1,3,2,2,1,1,4,4,2,2,4,4,1,1,2,2,3,3,2,4,2,4,1,1,1,1,3,3,4,4,1,2,3,3,1,1,3,3,3,3,1,1,1,5,1,1,3,5,3,4,1,3,1,1,1,1,2,2,1,1,1,1,3,3,1,2,2,5,2,2,2,2,1,1,1,1,2,3,4,4,4,4,3,4,3,3,3,4,3,4,2,2,1,2,4,4,1,3,2,3,3,3,3,4,1,3,2,3,3,3,1,1,1,1,2,2,1,3,2,4,1,2,1,3,1,1,1,3,4,4,1,2,3,4,3,4,2,2,1,1,2,2
M145631,3,4,2,2,3,3,4,5,1,3,2,2,2,3,1,5,1,2,3,4,5,5,1,1,3,3,2,3,3,3,1,5,5,5,3,3,3,3,2,2,1,1,1,1,1,4,1,2,1,2,2,2,1,1,2,2,2,2,3,4,4,4,1,1,5,5,1,1,3,4,3,3,2,3,1,1,5,6,4,4,1,3,4,4,7,7,3,3,3,3,1,1,1,1,3,3,3,3,2,3,1,1,2,3,1,3,2,2,2,2,3,3,4,4,1,2,3,4,1,1,3,3,1,3,4,5,6,6,1,1,1,2,1,1,3,4,1,2,1,3,1,1,2,3,1,3,1,1,4,4,1,1,3,5,3,4,1,1,1,1,1,2,2,2,1,1,1,1,3,3,1,2,2,3,2,2,2,3,1,1,1,1,2,2,4,4,4,5,2,4,2,2,4,4,4,4,2,2,2,2,4,4,3,3,1,2,3,3,2,2,3,3,2,2,3,3,1,3,1,2,2,2,1,1,2,4,1,1,3,4,3,3,3,5,4,4,2,3,4,4,3,4,2,2,1,1,1,2
M145632,1,4,2,3,3,3,5,5,3,3,2,2,2,2,1,2,2,2,3,3,3,5,1,2,3,3,3,3,2,3,1,5,2,2,3,3,1,3,2,2,1,1,1,1,1,1,1,1,2,2,2,2,3,3,2,2,2,2,3,3,4,4,1,1,5,5,1,1,4,4,3,3,2,3,3,3,5,6,4,5,1,3,3,4,7,7,3,3,3,3,1,1,1,4,3,3,3,3,2,3,1,4,2,2,3,4,2,3,2,2,1,3,4,4,2,2,4,4,3,3,2,3,1,3,2,4,4,6,1,1,2,2,1,3,4,4,2,2,3,3,1,1,2,2,3,3,1,1,1,4,1,1,3,3,1,4,1,1,1,1,1,1,2,2,1,1,1,1,3,3,1,2,2,2,2,2,2,2,1,1,1,2,2,2,4,4,4,4,2,2,2,2,3,4,3,4,2,2,2,2,4,4,1,3,3,3,3,3,2,3,2,3,2,2,3,3,1,1,2,2,2,2,1,3,2,4,1,1,4,4,1,3,3,5,3,4,2,2,3,3,4,4,2,2,1,1,2,2
M145633,3,4,2,2,3,3,5,5,3,3,2,2,2,2,1,2,2,2,3,3,2,5,1,1,3,3,1,3,2,3,4,5,5,5,3,3,1,3,2,2,1,1,1,1,2,2,1,2,2,2,2,2,3,3,2,2,2,2,2,3,4,4,1,3,5,5,1,1,3,4,2,3,2,2,3,3,5,6,4,4,1,1,3,4,7,7,3,3,3,3,1,1,4,5,3,3,3,3,3,3,3,3,2,2,3,4,2,3,2,2,1,3,4,4,1,5,3,4,1,3,3,3,1,3,2,2,4,4,1,1,1,1,1,3,1,4,1,2,3,3,1,3,2,3,3,3,1,1,4,4,1,1,3,5,3,3,1,3,1,1,2,2,2,2,1,2,1,1,3,3,2,2,2,2,2,2,2,2,1,1,1,1,2,2,4,4,4,4,3,3,2,2,3,4,3,4,2,2,2,2,4,4,3,3,2,2,3,3,2,3,3,3,2,2,3,3,2,2,2,2,2,2,1,1,4,4,1,1,1,3,1,2,3,6,4,5,1,2,3,4,4,4,2,2,1,1,2,2
M145634,1,4,2,3,3,3,2,5,3,3,2,2,2,2,1,2,1,2,3,3,2,3,1,1,3,3,1,3,3,3,1,4,5,5,2,2,1,3,2,2,1,1,1,1,1,1,1,1,2,2,2,2,3,3,2,2,2,2,3,3,2,4,1,1,5,6,1,1,4,4,3,3,2,2,1,3,5,6,4,4,1,3,4,4,7,7,3,3,3,3,1,2,1,1,3,3,2,3,3,3,1,3,2,2,4,4,2,2,1,2,3,3,4,4,2,2,3,3,1,3,2,2,2,3,4,4,4,4,1,1,1,2,5,5,4,4,1,2,1,1,1,3,2,3,1,3,1,1,1,4,1,1,3,3,1,1,1,1,1,1,1,2,2,2,1,1,1,1,1,3,2,2,2,2,2,2,2,2,1,1,1,1,2,2,4,4,4,4,3,3,2,2,3,4,3,4,2,2,2,2,4,4,1,3,2,3,3,3,2,3,2,2,2,3,3,3,1,3,1,1,2,2,3,3,1,4,1,1,3,4,2,3,1,5,3,3,1,2,4,5,4,4,2,2,1,1,2,2
M145635,1,2,2,3,1,3,5,5,3,3,2,2,2,2,1,1,1,1,3,3,3,3,1,2,2,3,3,3,2,3,3,3,5,5,3,3,3,3,2,2,1,1,1,1,1,1,1,2,2,2,2,2,3,3,2,2,2,3,2,4,2,2,1,1,5,5,1,1,1,3,3,3,2,3,3,3,5,6,4,5,1,2,4,4,7,7,3,3,3,3,1,1,2,2,3,3,3,3,2,3,1,1,2,2,4,4,1,3,1,2,3,3,4,4,2,2,4,4,1,1,3,3,3,3,1,4,2,4,1,1,1,2,1,5,4,4,1,2,1,3,1,1,2,3,1,3,1,1,1,1,1,1,3,3,3,3,3,3,1,1,1,2,2,2,1,2,1,1,3,3,2,2,2,5,2,2,2,2,1,1,1,1,2,3,4,4,1,4,3,3,2,3,3,4,4,4,2,2,2,2,4,4,3,3,3,3,2,4,2,3,1,3,2,2,3,3,1,2,1,2,2,2,1,1,2,2,1,1,3,3,3,3,3,5,4,5,1,2,4,5,2,2,2,2,1,1,2,2
M145636,2,2,1,3,3,3,2,5,3,3,1,2,2,3,2,2,1,1,3,3,2,3,1,2,3,3,1,3,3,3,1,1,5,5,2,3,1,3,2,2,1,1,1,1,2,4,1,1,2,4,2,2,1,3,2,2,2,2,3,3,4,4,1,3,5,5,1,2,1,3,3,3,2,3,2,3,5,5,4,4,2,3,3,4,4,7,3,3,2,3,1,2,1,2,3,3,3,3,2,2,1,1,2,3,4,4,2,3,1,2,1,3,3,4,2,5,3,3,1,1,2,3,1,3,1,4,4,6,1,1,1,2,1,3,4,4,2,2,3,5,1,1,3,3,3,3,1,1,4,4,1,1,3,3,3,3,1,1,1,3,1,2,2,2,1,1,1,1,3,3,1,2,1,2,2,2,2,2,1,1,1,1,2,2,1,4,4,4,2,3,2,2,2,3,3,4,2,2,2,2,4,4,1,3,3,3,3,3,2,2,3,3,2,2,3,3,1,1,1,2,2,2,1,3,4,4,1,2,3,4,3,3,5,5,3,3,1,3,4,4,3,4,2,2,1,1,2,2
M145637,1,4,2,2,3,3,5,5,3,3,2,2,2,2,1,2,2,2,3,3,2,5,1,1,3,3,2,3,1,2,1,5,2,5,3,3,1,3,2,2,1,1,1,1,1,2,1,2,2,2,2,2,3,3,2,2,2,2,3,3,4,4,1,1,5,5,1,1,4,4,3,3,2,2,3,3,5,5,4,5,1,3,4,4,7,7,3,3,3,3,1,1,1,4,3,3,1,3,3,3,1,1,2,3,3,4,3,3,2,2,3,3,4,4,2,5,4,4,1,3,2,2,1,2,2,7,4,6,1,1,1,2,3,5,4,4,1,1,3,3,1,1,2,3,3,3,1,1,1,4,1,1,3,3,4,4,1,1,1,1,2,2,2,3,1,1,1,1,1,3,2,2,2,3,2,2,2,2,1,1,1,2,2,2,4,4,4,4,2,4,2,2,3,3,3,4,2,2,2,2,4,4,1,3,3,3,3,3,2,2,3,3,2,2,3,3,1,2,2,2,2,2,1,1,4,4,1,1,4,4,1,1,1,3,4,5,2,2,3,4,3,3,2,3,1,1,2,2
M145638,2,4,2,2,3,3,2,5,1,3,2,2,2,2,1,1,1,2,3,3,2,5,1,1,3,3,3,3,3,3,5,5,5,5,2,3,3,3,2,2,1,2,1,1,1,2,1,2,2,2,2,2,1,1,2,2,2,2,2,3,2,4,1,1,5,5,1,1,3,3,2,3,2,3,1,3,5,5,4,4,3,3,3,4,7,7,3,3,3,3,1,2,1,2,3,3,3,3,3,3,3,4,2,3,3,4,2,2,1,2,3,3,4,4,2,2,4,4,1,1,2,3,1,3,2,6,2,4,1,1,2,2,3,5,4,4,1,1,3,3,1,3,1,3,3,3,1,1,4,5,1,1,3,3,1,3,1,3,1,1,1,2,2,2,1,1,1,1,1,2,2,2,2,2,2,2,2,3,1,3,1,1,2,2,4,4,4,4,2,3,1,2,3,4,3,4,2,2,2,2,4,4,3,3,2,3,2,3,2,2,3,3,2,3,3,3,1,2,2,2,2,2,1,1,2,4,1,2,1,4,1,3,1,5,3,5,1,1,3,4,4,4,2,2,1,1,2,2
M145639,2,3,2,3,3,3,4,5,3,3,2,2,2,3,5,7,1,2,3,3,5,5,1,2,3,3,2,3,3,3,1,4,5,5,3,3,3,3,2,2,1,1,1,1,2,2,1,1,2,5,2,2,1,1,2,2,3,3,2,3,1,4,1,1,5,5,1,2,1,4,2,3,2,3,1,3,5,6,4,4,1,3,4,4,7,7,3,4,3,3,1,2,1,1,3,3,3,4,2,3,1,3,3,3,3,4,1,3,1,2,1,3,4,4,2,2,3,3,1,1,3,3,1,3,1,2,4,6,1,1,1,2,3,3,4,4,2,2,1,3,1,1,2,3,1,3,1,1,4,4,1,2,3,4,1,3,1,1,1,1,1,2,2,2,1,1,1,1,3,3,2,2,2,3,2,2,3,3,1,1,1,1,2,2,4,4,4,4,3,3,2,2,3,4,3,4,2,2,2,2,4,4,2,3,3,3,3,3,2,4,1,3,2,2,3,3,2,3,2,2,2,2,1,3,4,4,1,1,1,1,3,3,1,5,4,4,1,1,4,4,2,2,2,2,1,1,1,2
M145640,1,3,2,3,3,3,5,5,1,3,2,2,2,3,1,5,0,0,3,4,3,5,1,2,3,3,3,3,3,3,1,1,2,5,3,3,1,3,2,2,1,1,1,3,2,2,1,1,2,2,2,2,3,3,2,2,2,3,3,3,1,4,1,1,5,5,1,1,3,4,3,3,3,3,3,3,5,5,5,5,1,2,3,3,7,7,3,3,3,3,1,1,4,4,3,3,3,3,2,2,1,4,2,2,3,4,1,2,1,2,1,3,4,4,2,2,3,4,1,1,3,3,1,1,4,7,2,6,1,1,1,1,3,5,4,4,2,2,3,3,1,3,2,3,3,3,1,1,4,4,1,1,3,3,1,3,1,1,1,1,1,2,2,2,1,1,1,1,3,3,2,2,2,2,2,2,2,3,1,1,1,1,2,3,4,4,1,4,2,4,2,2,3,4,4,4,2,2,2,2,4,4,3,3,3,3,3,3,2,2,1,3,2,2,3,3,1,2,2,2,2,2,1,1,2,4,1,1,3,4,1,3,5,5,3,4,1,3,3,4,3,3,2,3,1,1,2,2
M145641,4,4,2,2,3,3,5,5,3,3,2,2,2,2,1,1,2,2,3,4,2,2,1,1,3,3,2,3,1,1,1,1,5,5,2,3,3,3,2,2,1,2,1,1,2,4,1,2,2,2,2,2,1,3,2,2,2,2,3,3,4,4,1,3,5,5,1,1,3,4,3,3,2,3,1,3,5,5,4,4,2,3,2,4,7,7,2,3,3,3,1,1,4,6,3,3,3,4,3,3,1,1,2,2,2,4,2,3,2,2,1,3,4,4,1,5,3,4,1,1,2,2,1,3,4,4,1,4,1,1,1,2,1,3,3,4,1,2,3,3,1,3,3,3,3,3,1,1,4,4,1,1,3,5,3,3,1,1,1,1,1,1,2,2,1,1,1,1,1,3,2,2,2,2,2,2,2,2,1,3,1,1,2,2,4,4,4,4,3,3,2,2,3,3,3,4,2,2,2,2,4,4,3,5,3,3,3,3,2,4,1,3,2,2,3,3,1,1,2,2,2,2,1,3,2,4,1,1,1,1,1,3,3,6,3,4,2,3,4,5,3,4,2,3,1,1,2,2
M145642,2,4,1,2,3,3,5,5,3,3,2,2,2,2,1,2,1,2,3,3,2,2,1,2,3,3,3,3,1,3,1,5,2,5,3,3,1,3,2,2,1,1,1,1,2,2,1,2,2,2,2,2,1,3,2,2,2,2,2,3,4,4,1,1,5,5,1,1,4,4,2,3,2,3,3,3,5,6,1,4,1,3,4,4,3,7,3,3,3,3,1,1,1,4,3,3,3,3,3,3,2,4,3,3,3,4,2,3,2,2,3,3,4,4,4,4,3,3,1,1,3,3,1,3,2,5,1,6,1,1,1,2,1,1,4,4,2,2,3,3,1,1,2,3,3,3,1,1,4,5,1,2,3,3,3,4,1,1,1,1,1,1,2,2,1,3,1,1,1,3,2,2,2,2,2,2,2,3,1,2,1,1,2,2,4,4,4,4,3,4,2,2,3,4,4,4,2,2,2,2,4,4,1,3,3,3,2,3,2,3,3,3,2,2,3,3,1,1,2,2,2,2,1,1,4,4,1,2,1,4,1,1,3,5,3,4,1,2,4,4,2,4,2,2,1,1,2,2
M145643,3,3,2,3,3,4,4,5,3,3,1,2,2,2,1,2,1,2,3,3,5,5,1,1,3,3,3,3,1,3,1,5,2,5,3,3,3,3,2,2,1,1,1,1,2,2,1,2,2,2,2,2,1,3,2,2,3,3,3,3,2,3,1,3,5,6,1,2,1,3,3,3,2,2,3,3,5,5,1,4,2,3,4,4,7,7,2,3,3,3,1,1,1,2,3,3,0,0,2,3,1,3,2,3,3,4,2,3,1,2,1,3,4,4,1,2,3,4,1,1,3,3,1,3,4,4,1,2,1,1,1,1,1,3,1,4,1,2,1,5,1,1,2,3,3,3,1,1,4,5,1,2,3,3,3,4,1,1,1,1,1,2,2,2,1,1,1,1,3,3,2,2,2,2,2,2,2,3,1,1,1,1,2,3,3,4,4,5,3,3,2,2,4,4,3,4,2,2,2,2,4,5,1,3,2,2,3,3,2,3,3,3,2,2,3,3,1,1,1,2,2,2,1,1,4,4,1,2,1,4,3,3,1,3,3,5,1,1,4,4,4,4,2,2,1,1,2,2
M145644,2,4,2,2,3,3,2,5,3,3,2,2,2,2,2,5,2,2,3,3,2,5,1,1,3,3,1,2,2,3,1,1,2,5,3,3,3,3,2,2,1,1,1,1,2,2,1,2,2,4,2,2,1,3,2,2,2,3,3,3,1,4,1,1,5,5,2,2,1,4,2,3,2,2,1,3,5,6,4,4,3,3,3,4,3,7,3,3,3,3,1,1,1,1,3,3,3,3,3,3,1,1,1,2,4,4,2,3,1,2,3,3,4,4,2,2,3,3,1,1,3,3,1,1,4,4,2,4,1,2,1,1,1,3,3,4,1,2,3,3,1,1,3,3,1,3,1,1,1,4,1,1,3,3,3,4,1,1,1,1,1,2,2,2,1,2,1,1,3,3,1,2,2,2,2,2,2,3,1,1,1,1,2,2,4,4,4,4,3,4,2,2,3,4,4,4,2,2,2,2,4,4,3,3,3,3,3,3,1,2,3,3,2,3,3,3,1,3,2,2,2,5,1,1,2,4,1,1,3,4,3,3,5,5,4,5,2,2,4,4,4,4,2,2,1,1,2,2
M145645,1,4,2,2,3,3,5,5,1,3,2,2,2,2,1,5,1,2,3,3,5,5,1,2,3,3,3,3,3,3,1,5,2,5,3,3,3,3,2,2,1,1,1,3,1,1,1,2,2,3,2,2,1,1,2,2,2,2,3,3,4,4,1,1,5,5,1,2,4,4,3,3,2,3,3,3,5,5,4,4,1,2,4,4,7,7,3,3,3,3,1,1,1,1,3,3,3,3,3,3,1,4,2,3,3,4,2,2,1,2,1,3,4,4,2,5,3,4,1,1,2,3,3,3,4,7,2,6,1,2,1,2,3,5,4,4,1,2,3,3,1,3,2,3,3,3,1,1,4,4,1,1,3,3,3,3,1,1,1,1,1,2,2,2,1,1,1,1,1,2,2,2,2,2,2,2,2,2,1,3,1,1,2,3,4,4,4,4,3,3,2,3,3,4,4,4,2,2,2,2,4,5,3,3,3,3,3,3,2,3,3,3,2,2,3,3,1,3,2,2,2,2,1,3,2,4,1,1,4,4,3,3,5,6,3,3,1,3,4,4,3,4,2,2,1,1,2,2
M145646,4,4,2,3,3,3,5,5,3,3,2,2,2,2,1,2,2,2,3,3,2,2,1,2,3,3,3,3,2,3,1,5,2,5,2,3,1,3,2,2,1,1,1,1,1,5,1,2,5,5,2,2,1,1,2,2,2,3,3,3,2,4,1,1,5,6,1,2,1,4,2,2,2,3,1,3,5,5,4,4,3,3,3,4,7,7,3,3,3,3,1,1,2,2,3,3,3,3,2,2,1,1,2,2,3,4,2,2,1,2,3,3,4,4,2,4,3,4,1,1,2,3,1,3,4,4,2,4,1,1,1,2,3,3,1,3,2,2,1,2,1,3,3,3,3,3,1,1,4,4,1,1,3,5,3,3,1,3,1,1,1,1,2,2,1,1,1,1,3,3,1,1,2,2,2,2,2,3,1,1,1,3,2,3,4,4,4,4,4,4,2,2,3,4,4,4,2,2,2,2,4,4,1,3,3,3,2,3,2,2,3,3,2,2,3,3,1,1,2,2,2,2,1,3,4,4,1,2,1,3,3,3,1,6,3,4,1,1,4,5,2,3,2,2,1,1,2,2
M145647,2,4,2,2,3,3,5,5,3,3,2,2,2,2,2,2,1,2,3,3,3,5,1,2,3,3,2,3,1,3,1,5,3,5,2,3,2,3,2,2,1,1,1,1,1,2,1,2,2,5,1,2,1,3,2,2,3,3,3,3,4,4,1,1,5,5,1,1,3,4,2,3,2,2,3,3,5,6,4,4,1,2,4,4,6,7,2,3,3,3,1,1,1,1,3,3,3,3,2,2,3,3,2,2,3,4,3,3,2,2,1,1,4,4,2,2,3,4,1,1,2,3,3,3,2,4,4,4,1,1,1,1,3,3,1,4,1,2,1,3,1,1,2,3,1,3,1,1,1,1,1,1,3,5,3,3,1,3,1,1,1,2,2,3,1,1,1,1,3,3,2,2,2,5,2,2,2,3,1,1,1,1,2,2,4,4,4,4,3,4,3,3,3,4,3,4,2,2,1,2,4,4,3,3,2,3,3,3,4,4,1,3,3,3,3,3,1,2,1,2,2,2,1,1,2,4,1,2,3,3,1,1,1,3,4,4,1,2,4,4,3,4,2,3,1,1,2,2
M145648,4,4,2,2,3,3,5,5,3,3,2,2,2,3,1,2,1,2,3,3,2,3,1,1,3,3,2,3,1,3,1,5,2,3,2,3,2,3,2,2,1,2,1,1,1,1,2,2,2,2,2,2,1,3,2,2,2,3,3,3,2,4,1,1,5,5,1,1,1,3,2,3,3,6,3,3,5,6,4,4,2,3,4,4,7,7,3,3,3,3,1,2,1,2,3,3,3,3,2,3,1,4,2,3,3,3,2,2,2,2,1,1,4,4,4,4,3,4,1,3,2,3,1,1,5,7,2,4,1,1,1,2,1,3,3,4,1,2,3,3,1,1,3,3,3,3,1,1,4,5,1,1,3,3,4,4,1,1,1,1,1,1,2,2,1,1,1,1,3,3,2,2,1,3,2,2,2,3,1,1,1,3,2,3,4,4,4,4,3,3,2,2,3,4,4,6,2,2,2,2,4,5,1,3,3,3,2,3,2,3,1,3,3,3,3,3,1,3,2,2,2,2,1,3,4,4,1,1,1,4,1,3,1,3,4,4,2,2,3,4,2,2,2,2,1,1,2,2
M145649,3,4,2,3,3,3,5,5,1,3,2,2,2,3,2,5,1,1,3,3,1,5,1,2,3,3,3,3,3,3,1,1,5,5,2,3,3,3,2,2,1,1,1,3,2,2,1,1,2,2,2,2,3,3,2,2,2,2,3,3,4,4,1,1,5,5,1,1,3,4,3,3,2,3,3,3,6,6,5,5,2,3,3,4,7,7,3,3,3,3,1,1,1,1,3,3,3,3,3,3,1,4,2,3,3,4,1,2,1,2,3,3,4,4,2,2,4,4,1,1,3,3,1,3,4,7,2,6,1,1,1,1,3,5,4,4,2,2,3,3,3,3,2,3,3,3,1,1,4,4,1,1,3,3,1,3,1,1,1,1,1,2,2,2,1,1,1,1,1,3,2,2,2,2,2,2,2,3,1,3,1,3,2,3,4,4,1,4,3,3,2,2,3,4,4,4,2,2,2,2,4,4,1,3,3,3,3,3,2,2,3,3,2,2,3,3,1,1,2,2,2,2,1,3,2,4,1,1,3,4,1,3,1,5,3,5,3,3,4,4,3,4,2,3,1,1,2,2
M145650,3,4,2,2,3,3,2,5,3,3,2,2,2,2,1,2,1,2,3,3,3,5,1,1,2,3,3,3,1,1,5,5,5,5,3,3,3,3,2,2,1,1,1,1,2,2,1,2,2,2,2,2,1,3,2,2,2,2,3,3,4,4,1,1,5,5,1,1,3,4,3,3,2,2,1,3,5,5,4,4,1,2,3,4,7,7,2,3,3,3,1,2,1,2,3,3,3,3,3,3,1,3,3,3,4,4,1,2,2,2,1,3,4,4,2,5,3,4,3,3,2,2,2,3,2,4,1,4,1,1,1,2,1,1,4,4,1,2,3,3,1,1,2,3,1,3,1,1,4,4,1,1,3,3,3,3,1,1,1,1,1,2,1,2,1,3,1,1,2,3,2,2,2,2,2,2,2,2,1,1,1,1,2,2,4,4,4,4,3,3,2,2,3,3,4,4,2,2,2,2,4,5,3,3,1,3,2,3,2,4,3,3,2,2,3,3,1,2,1,2,2,5,1,1,2,4,1,1,3,4,2,3,3,5,3,4,1,2,4,4,4,4,2,3,1,1,2,2
M145651,2,4,2,2,3,3,5,5,3,3,1,2,2,2,1,2,1,2,3,3,3,5,1,1,3,3,3,3,3,3,1,1,5,5,3,3,3,3,2,2,1,1,1,1,1,1,1,1,2,2,2,2,3,3,2,2,2,3,2,3,2,4,1,1,5,5,1,2,1,3,3,3,2,6,1,3,5,5,4,5,2,3,3,4,1,7,3,3,3,3,1,1,2,2,3,3,3,3,2,3,1,4,2,2,4,4,1,2,1,2,1,3,4,4,2,2,3,4,1,1,3,3,3,3,4,4,4,4,1,1,1,2,1,5,4,4,2,2,3,3,1,1,3,3,1,3,1,1,4,4,1,1,3,5,3,3,1,1,1,3,2,2,2,3,1,1,1,1,3,3,1,2,2,2,2,2,2,2,1,1,1,3,2,2,2,4,1,4,3,4,2,2,3,4,2,4,2,2,2,2,4,4,3,3,3,3,3,4,2,4,3,3,2,2,1,3,1,1,2,2,2,2,1,1,2,2,1,1,1,3,2,3,1,5,4,5,2,3,4,4,3,3,2,2,1,1,2,2
M145652,1,2,2,2,3,3,5,5,1,3,1,1,2,3,1,1,1,1,3,3,2,2,1,1,3,3,1,3,2,3,1,1,2,5,2,3,1,3,2,2,1,1,1,1,1,1,1,1,2,5,2,2,1,3,2,2,2,3,3,3,2,4,1,1,5,5,1,1,3,3,3,3,3,3,3,3,5,5,4,4,1,1,3,4,4,7,3,3,2,3,1,1,1,2,3,3,3,3,0,0,1,3,1,2,3,4,2,3,1,2,3,3,3,4,2,2,4,4,1,1,2,3,2,2,4,4,2,2,1,1,1,2,1,3,3,4,2,2,3,3,3,3,2,3,3,4,1,1,1,4,1,1,3,3,1,3,1,1,1,3,1,1,2,3,1,1,1,1,1,3,1,2,2,2,2,2,2,3,1,1,1,1,2,2,1,4,4,4,3,3,2,2,3,3,4,4,1,2,2,2,4,4,1,3,3,3,3,3,2,3,3,3,2,3,3,3,1,1,2,2,2,2,1,3,2,2,2,2,4,4,1,3,3,5,3,4,2,2,4,4,4,4,2,2,1,1,2,2
M145653,4,4,2,3,3,3,5,5,3,3,1,1,2,2,2,5,2,2,3,3,2,5,1,1,3,3,3,3,2,3,5,5,5,5,3,3,3,3,2,2,1,1,1,1,1,2,1,1,2,2,2,2,1,3,2,2,3,3,2,3,2,4,1,1,5,5,1,1,3,4,2,3,2,3,1,3,5,5,4,5,2,3,3,4,1,7,3,3,3,4,1,1,1,2,3,3,3,3,2,3,1,4,2,2,4,4,2,3,1,2,3,3,2,4,1,2,3,4,1,1,2,3,2,3,4,4,1,6,1,1,1,1,1,3,4,4,2,2,1,5,1,3,3,3,3,3,1,1,4,4,1,1,3,3,1,4,1,3,1,3,1,2,1,3,1,1,1,1,3,3,2,2,2,2,2,2,2,3,1,2,1,3,2,2,2,4,4,4,3,3,2,2,3,4,4,4,2,2,2,2,4,4,3,3,1,2,2,3,2,2,3,3,2,2,1,4,1,1,1,2,2,2,1,1,4,4,1,2,2,3,2,3,3,6,4,4,2,2,3,4,3,4,2,2,1,1,2,2
M145654,2,4,2,2,3,3,2,2,3,3,2,2,2,3,1,5,1,2,3,3,2,5,1,2,3,3,3,3,1,2,1,4,5,5,2,3,2,3,2,2,1,1,1,1,2,2,2,2,2,2,2,3,1,1,2,2,2,2,2,3,4,4,1,1,5,6,1,2,1,3,2,3,2,3,1,3,5,5,4,4,1,2,3,4,7,7,3,3,3,3,1,1,1,1,3,3,2,3,3,3,1,3,2,2,3,4,1,1,2,2,3,3,4,4,2,2,4,4,1,1,2,3,3,3,1,4,4,6,1,2,2,2,3,5,4,4,1,2,1,3,1,1,2,3,1,3,1,1,4,4,1,1,3,5,3,3,1,1,1,1,1,1,2,2,1,1,1,1,1,3,2,2,2,3,2,2,1,3,1,1,1,1,2,2,4,4,4,4,3,3,2,3,3,3,4,4,2,2,2,2,4,4,3,3,3,3,3,3,3,4,1,3,2,3,3,3,2,2,1,2,2,2,1,1,2,4,1,2,1,4,1,3,5,5,2,4,1,1,4,4,4,4,2,3,1,1,2,2
M145655,3,4,2,2,3,4,4,5,3,3,1,2,2,2,1,6,2,2,3,3,2,3,1,1,3,3,3,3,1,3,1,5,5,5,3,3,3,3,2,2,1,1,1,1,2,2,1,2,2,2,2,2,1,1,2,2,3,3,2,3,4,4,1,1,5,5,1,1,3,4,3,3,2,3,1,3,5,5,4,4,3,3,4,4,7,7,3,4,3,3,1,1,2,6,3,3,2,4,3,3,1,3,2,2,4,4,1,3,2,2,3,3,4,4,2,2,3,3,1,3,2,3,3,3,4,4,1,4,1,1,1,2,1,3,3,4,1,1,1,3,1,1,3,3,3,4,1,1,4,4,1,1,3,3,1,3,1,1,1,1,1,2,2,2,1,1,1,1,2,3,1,2,2,3,2,2,2,2,1,1,2,3,2,2,4,4,4,5,3,3,2,3,3,4,3,4,2,2,2,2,4,4,1,2,1,3,3,3,2,3,3,3,2,2,3,3,1,1,2,2,2,2,1,3,2,2,1,1,1,1,1,1,5,6,3,3,2,2,3,4,2,4,2,2,1,1,2,2
M145656,4,4,2,2,3,3,5,5,1,3,2,2,2,2,1,5,1,2,3,3,1,2,1,1,3,3,2,3,1,3,1,5,2,5,3,3,2,3,2,2,1,1,1,3,1,1,1,1,2,3,1,2,1,3,2,2,2,2,3,3,2,4,1,1,5,5,1,1,4,4,3,3,2,3,3,3,5,5,4,4,1,3,4,4,7,7,3,3,3,3,1,1,1,5,3,3,3,3,3,3,1,1,3,3,3,3,2,3,2,2,1,3,4,4,2,2,3,4,3,3,2,3,2,3,4,4,4,6,1,1,1,2,1,1,3,4,1,2,3,3,1,1,2,3,3,3,1,1,4,4,1,1,3,5,4,4,1,3,1,1,1,2,2,2,1,1,1,1,1,3,2,2,2,3,2,2,2,2,1,1,1,1,2,3,4,4,1,4,3,3,2,2,3,3,3,4,2,2,1,2,1,4,1,3,3,3,3,3,2,4,3,3,2,2,3,3,1,3,1,2,2,5,1,1,1,4,1,2,1,3,1,3,3,5,3,4,2,3,3,3,3,4,2,2,1,1,2,2
M145657,4,4,2,2,3,3,5,5,3,3,2,2,2,2,2,7,1,1,3,3,5,5,1,1,3,3,3,3,2,3,1,1,5,5,3,3,3,3,2,2,1,2,1,3,1,2,1,2,2,2,2,2,1,3,2,2,2,3,3,3,2,4,1,3,5,5,1,2,4,4,2,3,2,3,3,3,5,6,4,4,2,3,4,4,7,7,3,3,3,3,1,1,1,2,3,3,3,3,3,3,1,1,2,3,4,4,3,3,1,2,3,3,4,4,5,5,3,4,1,1,2,2,1,1,1,4,4,6,1,1,2,2,1,3,4,4,2,2,1,3,1,3,3,3,3,3,1,1,4,4,1,1,3,3,1,1,1,3,1,1,1,2,3,3,1,1,1,1,1,3,1,2,2,2,2,2,2,2,1,1,1,3,2,2,4,4,4,4,2,3,2,2,3,3,4,4,2,2,1,2,4,4,2,3,3,3,2,3,2,2,3,3,2,2,3,3,1,1,2,2,2,2,1,1,4,4,1,1,3,4,2,2,3,3,3,4,2,2,4,4,3,4,2,2,1,1,2,2
M145658,2,2,2,2,3,4,3,4,1,3,2,2,2,3,1,7,1,2,3,3,1,5,1,1,3,3,3,3,1,1,1,5,2,5,2,3,3,3,2,2,1,1,1,1,1,1,1,1,2,2,2,2,1,1,2,2,3,3,3,3,4,4,1,1,5,5,1,1,3,3,3,3,2,3,3,3,5,6,4,4,3,3,4,4,7,7,3,3,3,3,1,1,1,2,1,3,3,3,2,2,1,3,2,3,4,4,2,2,1,2,1,1,4,4,1,4,4,4,3,3,3,3,2,3,1,2,2,4,1,2,1,2,3,4,4,4,1,2,3,3,1,3,3,3,1,3,1,1,4,4,1,1,3,3,3,3,1,3,1,1,1,2,2,3,1,1,1,1,1,3,1,2,2,3,2,2,2,2,1,1,1,1,2,2,4,4,4,4,3,3,2,2,4,4,4,4,2,2,2,2,4,4,3,4,2,2,3,3,2,2,2,3,2,2,3,3,1,2,2,2,2,4,1,1,2,4,2,2,1,4,1,3,3,5,4,4,2,2,3,4,4,4,2,2,1,1,2,2
M145659,3,4,2,2,3,3,2,5,3,3,2,2,2,2,1,2,1,1,3,3,2,5,1,1,2,3,2,3,1,2,4,5,5,5,3,3,3,3,2,2,1,1,1,3,2,4,1,2,2,2,2,2,1,1,2,2,2,2,2,4,4,4,1,1,5,5,1,1,1,3,1,2,2,3,3,3,5,5,4,5,2,3,3,4,1,6,3,3,2,3,1,2,1,4,3,3,3,3,2,3,1,3,2,3,3,4,2,2,2,2,1,3,3,4,2,5,3,4,1,1,3,3,3,3,5,7,1,2,1,2,1,2,1,3,3,4,2,2,1,2,1,1,3,3,1,3,1,1,1,4,1,2,3,3,1,1,1,1,1,3,1,1,2,2,1,1,1,1,1,1,1,2,2,5,2,2,2,2,3,3,1,1,2,2,2,3,4,5,3,3,2,2,3,4,4,4,2,2,2,2,4,4,1,3,2,2,2,2,2,3,3,3,2,2,1,3,1,1,2,2,2,2,1,1,2,4,1,1,3,4,1,3,3,5,3,5,1,2,4,4,4,4,2,2,1,1,2,2
M145660,2,3,2,3,3,3,5,5,1,3,2,2,2,2,2,2,1,2,3,3,1,2,1,1,3,3,3,3,2,3,1,5,2,5,3,3,3,3,2,2,1,1,1,1,1,1,1,1,2,2,2,2,1,3,2,2,2,2,3,3,4,4,1,1,5,5,1,1,3,4,2,3,2,2,1,3,1,5,4,4,1,3,4,4,7,7,3,3,3,3,1,1,1,2,3,3,3,3,2,2,1,3,2,2,3,4,1,2,2,2,1,3,4,4,2,2,3,4,1,3,3,3,3,3,2,4,4,6,1,1,1,2,1,3,3,4,1,2,3,3,1,1,2,3,3,3,1,1,4,4,1,1,3,5,1,4,1,3,1,1,2,2,2,2,1,1,1,1,1,3,2,2,1,3,2,2,2,2,1,1,1,1,1,2,4,4,4,4,3,3,2,2,3,4,4,4,2,2,1,2,1,4,3,3,1,2,2,3,2,4,1,3,2,2,3,3,1,3,2,2,2,5,1,1,1,4,2,2,1,3,2,3,3,3,4,5,1,2,4,5,3,3,2,2,1,1,2,2
M145661,4,4,2,2,3,3,5,5,3,3,2,2,2,2,1,2,1,2,3,3,2,2,1,1,3,3,3,3,3,3,1,1,5,5,3,3,1,3,2,2,1,1,1,1,1,2,1,1,2,2,2,2,1,1,2,2,2,3,3,3,4,4,1,1,5,5,1,1,1,4,3,3,2,3,2,3,5,5,4,4,2,2,3,4,6,7,3,3,3,3,1,1,1,6,3,3,3,4,3,3,1,3,2,3,2,4,2,3,2,2,1,3,4,4,2,2,3,3,1,3,2,3,1,3,4,7,1,4,1,1,1,1,3,3,4,4,1,1,3,5,1,1,3,3,3,4,1,1,1,4,1,1,3,5,3,3,1,1,1,1,1,2,2,2,1,1,1,1,2,3,1,2,2,2,2,2,2,2,1,3,1,3,2,2,4,4,4,4,3,3,2,2,2,4,3,4,2,2,2,2,4,4,1,3,3,3,3,3,2,4,3,3,2,2,3,3,1,1,2,2,2,2,1,3,4,4,1,2,1,4,2,3,5,6,3,4,2,3,3,4,3,3,2,3,1,1,2,2
M145662,1,2,2,2,3,4,5,5,1,3,2,2,2,2,1,5,2,2,3,3,3,5,1,1,3,3,3,3,3,3,1,1,3,5,3,3,3,3,2,2,1,2,1,3,2,5,1,1,2,5,2,2,1,1,2,2,2,3,2,3,4,4,1,3,5,5,1,1,4,4,3,3,2,2,1,3,5,6,4,4,2,3,4,4,7,7,3,4,3,3,1,2,1,2,3,3,3,3,2,3,1,1,2,2,4,4,1,3,1,2,1,1,4,4,2,2,3,4,3,3,3,3,1,3,4,4,1,4,1,1,1,3,1,3,3,4,2,2,1,3,1,1,3,3,1,3,1,1,4,4,1,1,3,3,1,3,1,3,1,1,1,2,2,2,1,1,1,1,3,3,1,2,2,2,2,2,2,3,1,1,1,1,2,3,3,4,4,4,3,4,2,3,3,4,4,4,2,2,2,2,4,4,2,3,1,3,3,3,2,3,1,3,2,2,3,3,1,1,2,2,2,2,1,1,4,4,2,2,3,4,1,3,3,3,4,4,1,3,4,4,4,4,2,2,1,1,1,2
M145663,4,4,2,2,3,3,5,5,1,3,2,2,2,2,1,1,1,2,3,3,5,5,1,1,3,3,1,2,1,2,1,4,5,5,3,3,1,3,2,2,1,1,1,3,1,1,1,2,2,5,2,2,1,3,2,2,2,2,3,3,4,4,1,1,5,5,1,2,3,4,2,3,2,3,3,3,5,6,4,4,2,3,3,4,4,7,2,3,3,3,1,1,1,4,3,3,3,3,2,3,1,1,2,3,3,3,1,2,1,2,1,3,3,4,5,5,3,3,3,3,1,3,2,3,4,4,6,6,1,1,1,1,1,3,4,4,1,2,1,3,1,1,3,3,2,3,1,1,1,4,1,1,3,5,3,3,1,1,1,2,1,1,2,2,1,1,1,1,3,3,2,2,2,2,2,2,2,2,1,1,1,3,2,2,2,4,4,4,3,3,2,2,3,3,4,4,2,2,2,2,4,4,3,3,2,3,3,3,2,2,1,3,2,3,3,3,1,1,2,2,2,2,1,3,2,4,2,2,1,1,2,3,5,6,3,4,1,2,5,5,3,3,2,2,1,1,2,2
M145664,1,1,2,2,3,3,4,5,3,3,2,2,2,3,1,2,1,1,3,3,3,5,1,2,3,3,2,3,1,2,5,5,3,5,2,3,2,3,2,2,1,1,1,1,4,5,1,2,2,5,1,2,1,3,2,2,2,3,3,3,4,4,1,1,5,5,1,2,4,4,3,3,3,3,3,3,5,5,4,5,1,3,4,4,7,7,3,3,3,3,1,1,1,1,3,3,3,3,2,3,1,4,2,2,4,4,1,3,2,2,3,3,4,4,5,5,3,3,1,3,3,3,3,3,2,4,4,6,1,1,1,2,1,3,3,4,1,2,1,3,1,1,2,3,1,3,1,1,1,4,1,1,3,3,3,4,1,1,1,1,1,1,2,2,1,1,1,1,1,3,2,2,2,2,2,2,2,3,1,1,1,1,2,3,4,4,4,4,3,4,3,3,3,4,4,4,2,2,1,2,4,4,1,3,3,3,3,3,2,3,3,3,2,3,3,3,2,2,2,2,2,2,1,1,2,4,1,2,1,3,2,3,3,6,4,5,1,2,3,3,3,3,2,2,1,1,2,2
M145665,2,4,2,3,3,4,2,5,1,1,2,2,2,2,1,2,1,2,3,3,2,2,1,1,3,3,1,3,1,2,1,5,2,5,3,3,1,3,2,2,1,1,1,1,1,2,1,2,2,2,2,2,1,3,2,2,2,3,2,2,4,4,1,1,5,5,1,2,1,4,2,3,2,3,1,3,5,5,4,4,1,2,3,4,7,7,3,3,3,3,1,1,1,1,3,3,3,3,3,3,3,3,2,3,3,4,3,3,1,1,1,1,4,4,4,4,3,4,1,1,2,3,3,4,4,5,1,4,1,2,1,2,1,1,3,4,1,2,1,3,1,1,3,3,1,3,1,1,4,4,1,2,3,3,4,4,1,1,1,1,1,2,2,2,1,1,1,1,3,3,1,2,1,2,2,2,2,2,1,1,1,1,2,2,4,4,4,4,3,4,2,2,3,3,4,4,2,2,2,2,4,4,1,3,3,3,2,3,2,3,3,3,2,2,3,3,1,3,2,2,2,2,1,1,4,4,1,2,4,4,1,3,5,5,4,4,1,2,4,4,3,3,2,2,1,1,2,2
M145666,1,3,2,2,3,3,4,5,3,3,2,2,2,3,2,6,1,2,3,3,3,5,1,1,3,3,3,3,2,3,1,4,5,5,2,3,3,3,1,2,1,1,1,1,1,2,1,1,2,2,2,2,1,1,2,2,2,3,2,4,2,4,1,1,5,6,1,1,1,3,2,3,2,2,3,3,5,5,4,4,1,2,3,4,7,7,2,3,3,3,1,1,1,6,3,3,3,3,2,2,1,3,2,3,4,4,2,2,2,2,3,3,4,4,2,2,3,3,1,1,2,3,3,3,2,4,4,6,1,2,2,2,1,1,4,4,1,2,2,5,1,3,3,3,1,3,1,1,4,4,1,1,3,4,4,4,1,1,1,1,1,2,2,2,1,1,1,1,1,2,2,2,1,2,2,2,2,2,1,1,1,3,2,2,4,4,4,4,3,4,2,3,4,4,4,5,1,2,2,2,4,4,3,3,2,3,2,4,2,2,3,3,2,3,3,3,1,1,2,2,2,2,1,1,2,4,1,1,1,3,1,2,4,5,3,4,1,2,4,4,0,0,2,3,1,1,2,2
M145667,4,4,2,2,3,3,5,5,3,3,2,2,2,2,2,2,1,2,3,3,5,5,1,1,3,3,2,3,2,2,1,5,2,5,3,3,2,3,2,2,1,1,1,1,1,1,1,1,2,2,2,2,1,3,2,2,2,3,3,3,2,4,1,1,5,5,1,1,4,4,2,3,2,3,2,3,5,6,4,5,3,3,3,4,7,7,3,3,3,3,1,1,1,2,3,3,1,3,3,3,1,3,2,3,3,4,3,3,2,2,3,3,4,4,2,2,3,3,1,3,2,3,2,3,1,2,4,6,1,1,1,2,1,3,4,4,1,2,3,3,1,1,2,3,3,3,1,1,1,4,1,1,3,3,3,3,1,3,1,1,1,1,2,2,1,1,1,1,1,3,2,2,2,2,2,2,2,2,1,1,1,2,2,2,4,4,4,4,2,4,2,2,3,4,3,4,2,2,2,2,4,4,1,3,2,3,3,4,2,2,3,3,2,2,3,3,1,1,2,2,2,2,1,1,4,4,1,1,3,3,1,2,3,3,3,4,1,2,3,4,3,4,2,2,1,1,2,2
M145668,2,2,2,2,3,3,5,5,1,3,1,2,2,3,2,2,2,2,3,3,2,5,1,1,3,3,3,3,1,3,1,4,5,5,3,3,3,3,2,2,1,1,1,1,1,1,2,2,2,2,2,2,1,3,2,2,2,3,2,3,2,4,1,1,5,5,1,2,3,4,3,3,3,3,3,3,5,6,3,5,1,3,4,4,6,7,3,3,3,3,1,1,4,4,3,3,1,3,2,3,3,4,3,3,4,4,2,2,2,2,3,3,4,4,2,5,3,4,1,3,2,3,2,3,4,5,1,2,1,2,2,2,1,3,3,4,1,2,3,5,1,1,3,3,3,3,1,1,1,5,1,1,3,3,4,4,1,3,1,1,1,2,1,3,1,1,1,1,3,3,2,2,1,2,2,2,2,2,1,2,1,3,2,2,3,4,4,4,3,3,2,2,3,3,4,4,2,2,2,2,4,4,1,3,1,3,3,3,2,2,1,3,2,2,3,3,1,2,1,2,2,5,1,1,4,4,1,2,3,4,1,3,3,3,3,4,1,3,4,4,4,4,2,2,1,1,2,2
M145669,1,2,2,3,1,3,5,5,3,3,2,2,2,2,1,1,1,2,3,3,3,3,1,2,2,3,3,3,1,3,3,3,5,5,3,3,3,3,2,2,1,1,1,1,1,1,1,1,2,2,2,2,1,3,2,2,2,2,2,4,2,2,1,1,5,5,1,1,1,3,3,3,2,6,3,3,5,6,4,5,1,2,3,4,7,7,3,3,3,3,1,1,2,2,3,3,3,3,2,3,1,3,2,2,4,4,2,2,2,2,1,3,4,4,2,2,4,4,1,1,3,3,3,3,4,4,2,6,1,1,1,2,1,1,3,4,1,2,3,3,1,1,2,3,3,3,1,1,1,1,1,1,3,5,3,3,1,3,1,1,1,2,2,2,1,1,1,1,3,3,2,2,2,2,2,2,2,3,1,1,1,1,2,3,4,4,1,5,3,4,2,2,3,3,4,4,2,2,2,2,4,4,3,3,3,3,3,4,2,2,1,3,2,2,3,3,1,2,1,2,2,2,1,1,2,2,1,2,1,3,2,3,3,3,4,4,1,2,4,4,2,2,2,2,1,1,2,2
M145670,1,3,2,2,3,3,2,5,3,3,2,2,2,2,2,2,1,2,3,3,2,5,1,1,3,3,1,3,3,3,1,1,2,5,3,3,3,3,2,2,1,1,1,1,4,5,1,1,2,2,2,2,1,3,2,2,2,2,3,3,4,4,1,1,5,5,1,1,3,4,3,3,2,3,3,3,5,5,4,4,2,3,4,4,7,7,3,3,3,3,1,1,2,2,3,3,3,3,2,2,1,4,2,2,3,4,2,2,2,2,3,3,4,4,2,2,3,4,1,1,2,3,3,3,5,7,6,6,1,1,2,2,3,3,4,4,2,2,1,3,1,3,3,3,3,3,1,1,4,4,1,1,3,5,1,3,1,1,1,1,2,3,2,3,1,1,1,1,1,1,2,2,2,5,2,2,2,3,1,3,1,1,2,2,4,4,4,4,2,3,2,2,4,4,3,4,2,2,2,2,4,4,3,3,2,3,3,3,2,3,1,3,2,2,3,3,2,3,2,2,2,2,1,1,4,4,1,1,1,3,1,3,3,3,4,4,1,2,4,4,2,4,2,2,1,1,1,1
M145671,2,4,2,2,2,3,5,5,1,3,2,2,2,2,2,7,2,2,3,3,5,5,1,1,3,3,3,3,1,3,5,5,2,5,2,3,1,1,2,2,1,1,1,1,2,2,1,1,2,5,2,2,1,3,2,2,2,2,2,3,4,4,1,1,5,6,1,1,1,4,2,3,3,3,3,3,5,6,4,4,1,3,4,4,7,7,3,3,3,3,1,2,1,1,3,3,3,3,2,3,1,3,2,3,3,4,2,3,1,2,1,3,4,4,2,4,3,4,1,3,2,2,2,3,2,4,4,6,1,1,2,2,1,3,4,4,1,2,1,3,1,1,2,3,1,4,1,1,4,4,1,1,3,3,4,4,1,1,1,1,1,1,2,2,1,1,1,1,3,3,2,2,1,2,2,2,2,2,1,1,1,2,2,2,4,4,1,4,3,4,2,2,3,4,4,4,2,2,2,2,4,4,1,3,3,3,2,3,2,3,1,3,2,2,3,3,1,1,2,2,2,2,1,1,2,4,1,2,4,4,1,1,3,3,4,5,1,2,3,4,3,4,2,2,1,1,2,2
M145672,1,4,2,2,3,3,5,5,1,3,1,2,2,2,2,5,1,2,3,3,2,5,1,2,3,3,2,3,2,3,1,1,5,5,3,3,3,3,2,2,1,2,1,1,1,1,1,2,2,2,2,2,1,1,2,2,2,2,3,3,2,4,1,1,5,5,1,2,3,4,3,3,2,2,1,3,5,6,4,4,1,3,3,4,7,7,3,3,3,3,1,1,2,2,3,3,1,3,3,3,3,3,1,2,3,4,2,3,1,2,3,3,4,4,2,5,3,4,1,1,2,3,1,3,1,4,6,6,1,1,1,2,3,5,3,4,1,2,3,3,1,1,3,3,3,3,1,1,4,4,1,1,3,3,3,3,1,3,1,1,1,1,2,3,1,2,1,1,3,3,2,2,2,2,2,2,2,3,1,1,1,1,2,3,4,4,4,4,4,4,2,2,4,4,4,4,1,2,2,2,1,4,3,3,3,3,3,3,2,2,3,3,2,2,3,3,1,1,2,2,2,5,1,1,2,4,1,1,1,3,1,1,3,3,4,4,1,2,4,4,2,3,2,3,1,1,2,2
M145673,4,4,2,2,3,3,5,5,3,3,2,2,2,2,1,5,2,2,3,3,5,5,1,1,3,3,1,2,3,3,1,5,5,5,3,3,1,3,2,2,1,1,1,3,1,4,1,1,2,2,2,2,3,3,2,2,2,2,2,3,2,4,1,1,5,5,1,1,3,4,2,3,2,2,3,3,5,6,4,5,3,3,4,4,2,7,3,3,3,3,1,1,1,1,3,3,3,3,3,3,1,1,2,2,3,4,1,3,1,2,1,3,4,4,2,2,4,4,1,1,2,3,2,3,5,7,4,6,1,1,1,2,3,3,4,4,2,2,3,3,3,3,2,3,3,3,1,1,4,4,1,1,3,3,1,3,3,3,1,1,1,2,2,2,1,1,1,1,1,2,2,2,2,2,2,2,2,3,1,2,1,1,2,2,4,4,1,4,2,3,2,2,3,4,4,4,1,2,2,2,4,4,3,3,3,3,2,3,2,2,3,3,2,3,3,3,2,3,2,2,2,2,1,1,4,4,1,1,3,4,1,3,5,6,3,3,2,3,4,4,4,4,2,2,1,1,1,2
M145674,1,2,1,2,3,3,5,5,1,3,2,2,2,3,1,6,1,2,3,4,5,5,1,1,3,3,3,3,1,2,1,5,5,5,2,3,1,1,2,2,1,1,1,1,1,2,1,1,2,2,2,2,1,3,2,2,2,2,2,3,4,4,1,1,5,5,1,1,4,4,3,3,2,3,3,3,5,5,4,5,1,1,4,4,7,7,3,3,3,3,1,2,1,4,3,3,3,3,2,3,1,4,3,3,4,4,3,3,1,2,1,3,4,4,5,5,3,3,1,3,2,3,3,3,2,4,4,4,1,1,2,2,1,5,3,4,1,2,1,1,1,1,2,3,3,3,1,1,4,4,1,1,3,3,3,3,1,1,1,1,1,2,2,2,1,1,1,1,1,3,1,2,2,2,2,2,2,2,1,1,1,1,2,2,4,4,1,4,3,3,2,3,3,3,4,4,2,2,2,2,4,4,3,3,2,3,3,3,2,3,3,3,2,3,3,3,1,1,2,2,2,2,1,1,4,4,1,2,1,3,1,1,5,6,4,4,1,1,4,4,2,4,2,2,1,1,2,2
M145675,1,4,2,2,3,3,5,5,3,3,2,2,2,2,2,2,1,2,3,3,2,5,1,1,3,3,2,3,1,2,1,1,2,5,3,3,2,3,2,2,1,1,1,1,1,1,1,2,2,2,2,2,3,3,2,2,2,2,3,3,4,4,1,1,5,5,1,2,4,4,3,3,2,2,2,3,6,6,4,5,3,3,4,4,7,7,3,3,3,3,1,1,1,4,3,3,3,3,3,3,1,1,2,3,3,4,3,3,2,2,3,3,4,4,2,5,4,4,1,3,2,3,2,3,4,7,4,6,1,1,2,2,3,5,4,4,1,2,1,3,1,1,2,3,1,3,1,1,4,4,1,1,3,3,4,4,1,1,1,1,1,2,2,3,1,1,1,1,3,3,2,2,2,2,2,2,2,2,1,1,1,2,2,2,4,4,4,4,3,4,2,2,3,4,3,4,2,2,2,2,4,4,1,3,2,3,3,3,2,2,3,3,2,2,3,3,1,2,2,2,2,2,1,1,4,4,1,1,3,4,1,1,1,3,4,5,1,2,3,4,3,3,2,2,1,1,2,2
M145676,3,3,2,2,4,4,5,5,3,3,2,2,3,3,1,2,1,2,3,3,2,5,1,2,3,3,3,3,1,1,1,1,5,5,3,3,3,3,2,2,1,1,1,1,1,2,1,2,2,5,1,2,1,1,2,2,2,3,3,3,2,4,1,3,5,5,2,2,1,4,3,3,2,3,3,3,5,6,4,4,2,2,2,4,7,7,3,3,3,3,1,1,1,1,1,3,3,3,2,2,3,4,3,3,3,4,2,3,2,2,3,3,4,4,1,2,3,4,1,1,2,3,3,3,4,4,1,4,1,1,1,2,1,3,4,4,1,1,1,1,1,3,3,3,3,3,1,1,4,4,1,1,3,3,3,3,3,3,1,1,1,2,2,3,1,1,1,1,2,3,1,2,2,2,2,2,3,3,1,1,1,1,2,2,4,4,4,4,3,4,2,2,3,4,4,4,2,2,2,2,4,4,3,3,3,3,3,3,2,4,3,3,2,2,3,3,1,2,1,2,2,2,1,1,2,4,1,1,3,4,3,3,3,3,4,5,2,3,3,4,3,3,2,3,1,1,2,2
M145677,4,4,2,2,3,3,5,5,3,3,2,2,2,2,1,1,2,2,3,3,2,5,1,1,3,3,3,3,3,3,1,5,5,5,2,3,1,3,2,2,1,1,1,1,2,2,1,1,2,5,1,2,1,1,2,2,2,2,3,3,4,4,1,1,3,5,1,1,3,4,2,3,2,6,3,3,5,6,4,4,2,2,4,4,7,7,3,3,3,3,1,1,1,1,3,3,3,3,2,3,1,4,2,3,4,4,2,3,2,2,3,3,4,4,2,2,3,3,1,3,2,2,1,3,4,4,1,6,1,1,2,2,1,3,4,4,1,2,3,3,1,1,2,3,3,4,1,1,4,4,1,1,3,3,3,3,1,1,1,1,1,1,2,3,1,1,1,1,3,3,2,2,2,2,2,2,2,3,1,1,1,3,2,2,4,4,1,4,3,3,2,2,3,3,3,4,1,2,2,2,4,4,3,5,3,3,2,3,2,2,3,3,2,2,3,3,1,1,2,2,2,2,1,3,2,4,1,1,1,4,2,3,5,5,4,5,2,2,4,4,3,3,2,3,1,1,2,2
M145678,1,1,2,2,3,3,4,5,3,3,1,2,2,3,1,2,1,1,3,3,2,2,1,1,2,3,3,3,2,3,1,1,2,5,3,3,1,3,2,2,1,1,1,1,1,2,1,1,2,2,2,2,1,3,2,2,2,2,2,3,2,4,1,1,5,5,1,2,3,3,3,3,2,3,3,3,5,5,4,4,1,3,4,4,7,7,3,3,3,3,1,2,1,1,3,3,3,3,2,3,1,3,2,2,3,4,2,2,1,1,1,3,4,4,2,5,3,3,1,1,3,3,3,3,4,4,6,6,1,1,1,2,1,1,3,4,2,2,1,3,1,3,2,3,3,4,1,1,4,4,1,1,3,5,3,3,1,3,1,1,1,1,2,2,1,1,1,1,2,3,2,2,2,2,2,2,2,3,1,1,1,1,1,2,4,4,4,4,2,3,2,2,3,4,2,4,1,1,2,2,4,4,1,3,3,3,2,2,2,2,1,1,2,2,3,3,1,2,2,2,2,2,1,1,2,2,1,2,1,3,1,3,3,3,4,4,1,2,4,4,4,4,2,2,1,1,1,2
M145679,2,2,2,2,3,3,5,5,3,3,2,2,2,2,1,5,2,2,3,3,2,5,1,1,3,3,1,3,3,3,1,1,2,5,3,3,3,3,2,2,1,1,1,1,1,2,1,2,2,5,2,2,3,3,2,2,2,2,3,3,2,4,1,1,5,5,1,2,3,4,3,3,2,3,3,3,5,5,4,4,1,2,4,4,7,7,3,3,3,3,1,1,1,1,3,3,3,3,2,2,3,4,2,2,3,3,1,2,2,2,1,3,4,4,2,2,3,4,1,3,2,2,3,3,4,4,1,4,1,1,1,1,3,3,4,4,1,1,1,3,1,3,3,3,3,3,1,1,1,4,1,1,3,3,3,4,1,3,1,1,2,2,2,2,1,1,1,1,3,3,2,2,2,2,2,2,2,2,1,2,1,3,2,2,4,4,4,4,2,3,2,2,3,3,2,4,2,2,2,2,4,4,3,3,3,3,3,3,2,3,1,3,2,2,3,3,1,1,1,2,2,2,1,1,4,4,1,2,1,3,1,3,5,5,4,5,1,3,4,4,3,4,2,2,1,1,2,2
M145680,4,4,2,2,3,3,5,5,3,3,2,2,2,3,1,7,1,2,3,3,2,5,1,1,3,3,3,3,1,1,1,5,2,5,3,3,1,3,2,2,1,1,1,1,1,1,1,1,2,2,2,2,1,3,2,2,2,2,3,3,4,4,1,1,5,6,1,1,3,4,3,3,2,3,3,3,5,5,4,5,1,3,4,4,7,7,3,3,3,3,1,1,2,4,3,3,3,3,2,2,1,4,2,3,3,4,2,3,2,2,3,3,4,4,2,5,4,4,1,3,2,3,2,3,2,2,4,6,1,1,2,2,3,3,4,4,1,2,3,3,1,1,2,3,1,3,1,1,4,4,1,1,3,3,3,4,1,1,1,1,1,2,2,2,1,1,1,1,3,3,2,2,2,2,2,2,2,2,1,1,1,2,2,2,4,4,4,4,3,3,2,2,3,3,4,4,2,2,2,2,4,4,1,3,2,3,2,3,2,2,2,3,2,2,3,3,1,2,2,2,2,2,1,1,2,4,1,1,3,4,1,1,3,3,4,5,2,3,3,4,3,4,2,2,1,1,2,2
M145681,1,2,2,2,3,3,5,5,1,3,2,2,2,2,1,2,2,2,3,3,2,5,1,2,3,3,3,3,1,1,4,5,5,5,3,3,3,3,2,2,1,2,1,1,1,5,1,1,2,4,2,2,1,1,2,2,2,2,2,3,4,4,1,1,5,5,2,2,1,3,2,3,2,3,3,3,6,6,4,4,3,3,4,4,7,7,3,3,3,3,1,2,1,2,3,3,3,3,2,3,1,1,2,2,3,3,3,3,1,2,3,3,4,4,5,5,3,3,1,1,2,3,3,3,2,2,4,6,1,2,1,2,3,5,2,4,1,1,1,2,1,1,2,3,1,1,1,1,4,5,1,1,3,3,1,3,1,1,1,1,1,2,2,2,1,3,1,1,3,3,2,2,2,2,2,2,2,3,1,1,1,3,2,2,4,4,4,4,4,4,2,2,3,4,3,4,2,2,2,2,4,4,3,3,2,3,2,3,2,2,3,3,2,2,3,3,1,2,2,2,2,2,1,3,2,4,1,2,1,3,1,1,3,3,4,5,1,1,4,4,3,4,2,2,1,1,2,2
M145682,2,3,2,2,3,4,5,5,1,3,2,2,2,2,1,1,2,2,3,3,2,5,1,1,3,3,3,3,1,2,1,5,3,5,3,3,2,3,2,2,1,1,1,1,2,2,2,2,2,2,2,2,3,3,2,2,2,3,3,3,4,4,1,3,5,5,1,1,4,4,2,3,2,2,1,3,5,6,4,5,1,3,4,4,7,7,3,3,3,3,1,2,1,6,3,3,3,3,2,3,1,4,2,3,2,4,2,3,2,2,3,3,4,4,2,3,3,4,1,3,1,2,1,3,2,4,2,4,1,1,1,1,1,5,4,4,1,2,3,3,1,3,2,2,1,3,1,1,4,5,1,1,3,3,1,3,1,1,1,1,1,2,2,3,1,1,1,1,2,3,1,1,2,2,2,2,2,3,1,1,1,3,2,3,4,4,1,4,3,4,2,2,3,3,4,4,2,2,1,2,4,4,1,3,3,3,2,3,3,3,3,3,2,2,3,3,1,1,2,2,2,2,1,3,4,4,1,1,3,4,3,3,3,5,3,5,2,3,4,4,2,4,2,2,1,1,2,2
M145683,1,4,2,2,3,3,5,5,3,3,2,2,2,2,1,2,2,2,3,3,5,5,1,1,3,3,3,3,3,3,5,5,5,5,3,3,2,3,2,2,1,1,1,1,1,5,1,1,2,2,2,2,1,1,2,2,3,3,2,4,4,4,1,2,5,5,1,1,4,4,2,3,2,2,2,3,6,6,4,4,1,2,3,4,1,7,3,3,3,3,1,1,1,2,3,3,3,3,2,3,1,3,2,2,3,4,1,2,2,2,3,3,2,4,2,5,1,3,1,1,3,3,1,3,1,4,6,6,1,2,2,2,3,5,4,4,1,1,1,3,1,3,2,3,3,3,1,1,4,4,1,1,3,3,3,3,3,3,1,2,1,1,2,2,1,2,1,1,3,3,2,2,1,5,2,2,2,3,1,1,1,1,2,3,2,4,4,4,3,3,2,2,3,4,3,4,2,2,2,2,4,4,1,3,2,3,3,3,2,3,2,3,2,3,1,3,1,1,1,2,2,2,1,1,2,4,1,1,1,4,1,2,3,5,4,4,2,2,3,3,3,4,2,2,1,1,2,2
M145684,2,3,2,2,3,3,2,5,3,3,2,2,2,2,1,5,1,1,3,3,2,3,1,1,3,3,1,3,2,3,5,5,3,5,2,3,3,3,2,2,1,1,1,1,1,2,1,1,2,2,2,2,1,1,2,2,2,2,2,2,1,4,1,1,5,5,1,2,3,3,3,3,2,2,3,3,1,5,4,4,1,2,4,4,7,7,3,3,3,3,1,1,6,6,3,3,3,3,2,2,4,4,2,2,4,4,1,2,1,1,1,4,4,4,1,2,3,3,1,3,3,3,2,2,2,7,2,4,1,1,1,2,3,3,3,4,1,2,1,3,1,1,2,3,3,4,1,1,4,4,1,2,3,3,1,3,1,1,1,1,1,2,2,3,1,1,1,1,3,3,1,2,2,2,2,2,2,2,1,1,1,2,2,2,3,4,4,4,3,4,0,0,3,3,4,4,1,2,2,2,4,4,3,4,1,3,3,3,2,2,1,3,2,3,3,3,2,3,2,2,2,2,1,3,4,4,1,2,1,4,1,1,3,5,3,5,1,3,4,5,3,4,2,2,1,1,2,2
M145685,2,2,2,2,3,3,4,5,3,3,2,2,2,2,1,5,2,2,3,3,5,5,1,1,3,3,1,3,2,3,1,1,5,5,2,3,3,3,2,2,1,1,1,3,1,2,1,1,2,5,2,2,1,3,2,2,2,2,2,3,2,4,1,1,5,5,1,2,1,3,3,3,2,2,3,3,5,6,4,4,2,3,3,4,7,7,2,4,3,3,1,2,1,1,3,3,3,3,3,3,1,1,2,2,3,4,2,2,1,2,3,3,4,4,2,5,3,4,3,3,3,3,2,3,4,7,6,6,1,1,1,2,1,3,3,4,1,2,3,3,1,3,3,3,3,3,1,1,4,4,2,2,3,3,3,3,1,3,1,1,1,1,2,3,1,1,1,1,1,1,2,2,2,2,2,2,3,3,1,1,1,3,2,3,4,4,4,4,2,3,2,3,3,3,4,4,2,2,2,2,4,5,1,3,1,3,2,4,2,3,1,3,2,3,3,3,1,4,1,1,2,2,1,3,4,4,1,1,1,4,1,3,1,1,3,3,1,3,4,4,3,4,2,2,1,1,2,2
M145686,2,4,2,2,3,3,4,5,3,3,2,2,2,2,2,2,2,2,3,3,2,3,1,1,3,3,3,3,2,3,1,5,2,5,2,3,1,2,2,2,1,1,1,1,1,1,1,1,2,5,2,2,1,3,2,2,2,3,3,3,4,4,1,3,5,5,1,1,1,3,2,3,2,3,3,3,5,6,4,4,3,3,4,4,7,7,3,3,3,3,1,1,1,4,3,3,1,3,1,2,1,3,2,2,3,4,1,2,1,2,3,3,4,4,2,5,3,4,1,1,3,3,3,3,4,4,2,2,1,1,1,2,3,4,1,4,2,2,1,2,1,1,2,3,3,3,1,1,4,4,1,1,3,5,1,3,1,1,1,1,1,1,1,2,1,1,1,1,1,3,1,1,2,2,2,2,2,4,1,1,3,3,2,3,4,4,4,4,4,4,2,3,3,4,4,4,1,2,2,2,4,4,3,3,1,3,3,3,2,2,3,3,2,3,3,3,1,1,2,2,2,5,1,1,4,4,1,1,1,3,3,3,1,7,3,4,1,1,4,5,4,4,2,2,1,1,2,2
M145687,1,3,2,2,3,3,2,5,3,3,2,2,2,2,2,2,2,2,3,3,3,5,1,1,3,3,3,3,1,2,5,5,2,5,2,3,3,3,2,2,1,1,1,1,2,2,1,2,2,2,2,2,1,3,2,2,2,3,3,3,4,4,1,1,5,5,1,1,4,4,3,3,2,2,1,1,5,5,4,4,1,1,4,4,7,7,2,3,3,3,1,1,1,1,3,3,3,3,2,3,1,3,2,3,3,4,2,3,2,2,1,3,4,4,5,5,3,4,1,3,2,2,2,3,2,4,1,4,1,1,1,1,3,3,2,4,2,2,3,5,1,3,2,3,3,3,1,1,4,4,1,1,3,3,3,3,1,1,1,1,1,2,2,2,1,3,1,1,1,3,2,2,2,2,2,2,2,3,1,1,1,1,2,2,4,4,4,4,2,3,2,2,3,3,2,3,2,2,2,2,4,4,1,3,1,3,3,4,2,3,3,3,2,3,3,3,1,2,2,2,2,2,1,3,4,4,1,2,3,4,3,3,3,5,3,4,1,2,4,4,4,4,2,2,1,1,2,2
M145688,2,2,2,2,3,3,5,5,1,3,2,2,2,2,1,1,2,2,3,3,2,2,1,1,3,3,3,3,1,3,1,5,2,5,3,3,1,3,2,2,1,1,1,1,1,2,1,1,2,2,2,2,1,3,2,2,2,3,2,3,4,4,1,3,5,5,1,1,4,4,2,3,2,2,3,3,5,5,1,4,2,3,4,4,3,7,3,3,3,3,1,1,1,4,3,3,3,3,3,3,2,3,2,2,4,4,2,3,1,2,3,3,4,4,2,5,3,3,3,3,3,3,1,3,5,5,1,6,1,2,2,2,1,1,4,4,1,2,1,3,1,1,2,3,3,3,1,1,4,5,1,1,3,3,3,4,1,1,1,1,2,2,2,2,1,3,1,1,3,3,2,2,2,2,2,2,2,3,1,1,1,1,2,2,4,4,4,4,3,4,2,2,3,4,4,4,2,2,2,2,4,4,3,3,3,3,3,3,3,3,3,3,2,2,3,3,1,2,2,2,2,2,1,1,4,4,1,2,3,4,2,3,3,3,4,4,1,2,4,4,3,4,2,2,1,1,2,2
M145689,2,4,2,2,3,3,1,5,3,3,2,2,2,2,2,6,1,2,3,3,5,5,1,1,3,3,2,3,2,3,1,1,5,5,3,3,3,3,2,2,1,1,1,1,2,4,1,1,2,5,2,2,1,3,2,2,2,2,2,3,4,4,1,1,5,5,1,2,3,4,3,3,2,3,1,3,5,6,4,4,1,1,3,4,7,7,3,3,3,3,1,1,2,2,3,3,1,1,3,3,1,3,2,3,3,4,2,3,1,2,3,3,4,4,2,5,4,4,1,1,2,3,1,3,1,4,6,6,1,1,1,1,1,3,4,4,1,2,3,3,1,1,3,3,1,3,1,1,4,4,1,1,3,3,3,3,1,1,1,1,1,2,2,2,1,3,1,1,1,3,1,2,2,2,2,2,2,2,1,1,1,1,2,2,4,4,4,4,3,4,2,2,3,3,2,4,2,2,2,2,4,4,3,3,1,3,3,3,2,2,3,3,2,2,3,3,1,1,2,2,2,2,1,3,2,4,1,2,3,4,1,3,1,3,4,4,1,3,4,4,3,4,2,2,1,1,2,2
M145690,4,4,2,2,3,3,5,5,3,3,2,2,2,2,1,1,2,2,3,3,2,2,1,1,3,3,3,3,1,3,1,5,5,5,3,3,3,3,2,2,1,2,1,3,1,2,1,1,2,2,2,2,1,1,2,2,2,2,2,3,4,4,1,1,3,5,1,1,4,4,2,3,2,3,3,3,5,5,4,4,3,3,4,4,7,7,2,3,3,3,1,2,1,2,3,3,4,4,3,3,1,4,2,3,2,4,1,3,2,2,1,1,4,4,4,5,3,4,1,1,2,2,1,3,2,7,1,4,1,1,1,1,1,1,4,4,1,2,1,3,1,1,3,3,3,3,1,1,4,4,1,1,4,5,3,3,1,1,1,1,1,2,2,2,1,1,1,1,2,3,2,2,2,2,2,2,2,3,1,3,1,2,2,2,4,4,4,4,3,3,2,2,3,4,3,3,2,2,2,2,4,4,3,5,2,3,3,3,2,3,3,3,2,3,3,3,1,1,2,2,2,2,1,1,2,2,1,1,1,1,1,3,3,5,3,4,2,2,3,5,2,4,2,3,1,1,2,2
M145691,2,4,2,2,3,3,4,4,1,3,2,2,2,2,2,6,1,1,3,3,2,5,1,1,3,3,3,3,1,2,1,1,2,5,3,3,3,3,2,2,1,2,1,1,2,2,1,1,2,4,2,2,3,3,2,2,2,3,2,3,3,4,1,1,5,5,1,1,1,4,2,3,2,2,2,3,5,5,4,4,2,3,3,4,7,7,3,3,3,3,1,1,1,1,3,3,3,3,2,3,1,3,2,2,3,4,2,2,1,2,3,3,4,4,5,5,3,4,1,3,3,3,2,3,4,7,5,6,1,1,1,1,1,3,3,4,2,2,1,3,1,1,3,3,3,3,1,1,1,4,1,1,3,4,3,4,1,1,1,1,2,2,2,2,1,2,1,1,1,2,1,2,2,2,2,2,2,2,1,1,1,2,2,2,4,4,4,4,3,3,2,3,4,4,2,4,2,2,2,2,4,4,3,3,2,3,3,4,2,2,2,3,2,2,3,3,1,2,2,2,2,2,1,1,4,4,1,2,1,4,3,3,1,5,3,4,2,2,4,4,2,4,2,2,1,1,1,2
M145692,1,1,2,2,3,3,5,5,1,3,2,2,2,2,1,1,1,1,3,3,1,2,1,2,3,3,3,3,1,3,1,1,2,5,3,3,1,3,2,2,1,2,1,1,2,5,1,2,2,2,2,2,3,3,2,2,2,2,3,3,4,4,1,1,5,5,2,2,1,4,2,3,3,3,3,3,5,6,4,4,1,3,3,4,7,7,3,3,3,3,1,1,1,1,3,3,3,3,2,3,1,1,2,2,3,4,1,3,1,1,1,3,4,4,2,5,3,4,1,1,3,3,3,3,1,4,4,4,1,2,2,2,1,5,4,4,2,2,1,3,1,3,2,3,3,3,1,1,4,4,1,1,3,3,1,3,1,3,1,1,1,1,2,2,1,1,1,1,3,3,2,2,2,2,2,2,2,3,1,1,1,3,2,2,4,4,4,4,3,4,2,2,3,4,4,4,2,2,2,2,4,4,1,3,2,3,3,3,2,2,3,3,2,2,3,3,2,2,2,2,2,2,1,1,4,4,1,2,1,3,1,1,3,5,4,4,1,2,4,4,2,3,2,2,1,1,2,2
M145693,1,1,2,2,3,3,3,5,3,3,2,2,2,2,2,2,2,2,3,3,2,3,1,1,3,3,3,3,1,3,1,5,3,5,3,3,2,3,2,2,1,1,1,1,1,2,1,1,2,2,2,2,1,3,2,2,3,3,3,4,4,4,1,1,5,5,1,2,4,4,2,3,2,2,3,3,4,5,4,5,1,3,3,4,2,7,3,3,3,3,1,1,1,2,3,3,1,3,2,3,4,4,2,3,4,4,1,2,1,2,3,4,4,4,1,2,3,4,1,1,3,3,3,3,2,4,2,4,1,2,1,1,1,5,4,4,1,1,1,1,1,1,2,3,3,3,1,1,4,5,1,1,3,3,1,3,1,1,1,1,1,2,2,2,1,1,1,1,3,4,2,2,5,5,2,3,3,3,1,2,1,3,2,2,4,4,4,4,2,4,2,2,3,4,4,4,2,2,1,2,4,5,1,3,3,3,3,3,2,2,3,3,2,2,3,3,2,4,1,2,2,2,1,1,2,2,1,2,4,4,2,2,3,3,4,4,2,2,4,4,3,3,2,2,1,1,2,2
M145694,2,4,2,2,3,3,5,5,3,3,2,2,2,2,1,1,1,2,3,4,1,2,1,1,3,3,2,3,1,2,1,5,3,5,2,3,3,3,2,2,1,2,1,1,1,4,1,1,2,2,2,2,1,1,2,2,2,2,2,2,2,4,1,1,5,5,1,2,3,3,3,3,2,3,3,3,5,6,4,4,2,3,4,4,7,7,3,3,3,3,1,1,1,2,3,3,3,3,3,3,3,3,2,2,3,4,1,1,1,2,1,1,4,4,2,4,4,4,3,3,3,3,3,3,5,5,2,6,1,1,1,1,1,1,4,4,2,2,3,3,1,3,2,2,3,3,1,1,1,4,1,2,3,5,1,3,1,3,1,1,2,2,2,2,1,1,1,1,4,4,2,2,2,5,2,2,2,3,1,1,1,1,2,3,4,4,4,4,3,4,2,2,3,3,4,4,1,2,1,2,4,4,1,1,1,3,3,3,3,3,3,3,2,3,3,3,2,2,2,2,2,5,1,1,4,4,1,2,4,4,3,3,3,5,4,4,2,3,3,4,2,2,2,2,1,1,2,2
M145695,2,4,2,2,3,3,3,5,1,3,2,2,2,2,1,7,1,1,3,4,1,5,1,1,3,3,3,3,3,3,1,1,3,5,2,3,1,3,2,2,1,1,1,1,1,2,1,2,2,2,2,2,1,2,2,2,3,3,3,4,2,4,1,1,5,5,1,2,1,3,2,2,3,6,3,3,5,5,4,4,2,3,4,4,7,7,2,3,3,3,1,1,1,1,3,3,3,3,2,3,1,3,2,2,3,4,2,2,2,2,1,3,4,4,2,3,3,4,3,3,2,3,3,3,2,4,2,4,1,2,1,1,1,3,4,4,2,2,1,3,1,1,2,3,3,3,1,1,4,4,1,1,3,3,3,4,1,3,1,1,2,2,2,2,1,1,1,1,1,3,2,2,2,2,2,2,2,4,1,1,1,1,2,3,4,4,4,4,3,3,2,3,3,3,2,4,2,2,1,1,4,4,1,3,1,1,3,3,2,2,3,3,2,2,3,3,2,2,1,1,2,5,1,1,4,4,1,2,1,3,3,3,3,6,4,5,1,3,4,4,3,4,2,3,1,1,2,2
M145696,3,4,2,2,3,4,3,5,1,1,2,2,2,3,1,1,2,2,3,3,2,5,1,1,3,3,3,3,1,2,3,4,4,5,3,3,3,3,2,2,2,2,1,1,1,4,1,2,1,2,2,2,1,1,2,2,2,3,3,3,4,4,1,1,5,5,2,2,3,4,2,3,2,2,3,3,5,5,4,4,3,3,4,4,1,7,2,3,3,3,1,2,1,5,3,3,3,3,2,3,1,4,1,2,3,4,2,2,2,2,3,3,4,4,2,2,1,3,1,3,3,3,3,3,4,4,2,6,1,1,1,1,1,3,4,4,2,2,1,2,1,3,2,2,3,3,1,1,4,4,1,2,3,3,3,4,1,3,1,2,1,1,2,2,1,1,1,2,1,3,2,2,2,3,2,2,3,4,1,3,1,1,2,2,2,4,4,4,4,4,2,2,3,4,3,4,2,2,1,1,4,4,1,1,2,3,3,3,2,3,3,3,2,3,1,3,1,1,2,2,2,5,1,1,4,4,2,2,4,4,1,2,1,3,3,4,1,3,4,4,2,4,2,3,1,1,2,2
M145697,1,3,2,2,3,3,3,5,1,3,2,2,2,2,2,7,1,2,3,3,2,2,1,1,3,3,3,3,3,3,1,1,2,5,3,3,3,3,2,2,1,2,1,1,1,1,1,2,2,5,2,2,1,1,2,2,3,3,3,3,4,4,1,1,5,5,1,2,1,3,2,3,2,3,3,3,5,6,4,5,3,3,4,4,1,7,2,3,3,3,1,2,4,4,3,3,3,3,3,3,3,3,2,3,4,4,2,2,2,2,3,3,2,4,2,2,1,3,1,2,2,3,3,3,1,2,1,4,1,2,2,2,1,1,4,4,1,2,1,3,1,3,3,3,3,3,1,1,1,4,1,2,3,3,3,3,1,1,1,2,1,1,2,2,1,2,1,1,1,3,1,2,1,3,2,2,2,3,1,1,1,3,2,2,2,4,4,4,3,3,2,2,3,4,3,4,2,2,1,1,4,5,3,3,2,3,2,3,2,2,1,3,2,3,1,3,1,1,2,2,2,2,1,3,4,4,1,1,1,1,2,2,3,5,4,4,1,2,4,4,4,4,2,2,1,1,2,2
M145698,2,4,2,2,3,3,5,5,3,3,2,2,2,2,2,7,1,2,3,3,2,2,1,1,3,3,2,3,1,3,1,1,5,5,2,3,1,1,2,2,1,2,1,1,1,2,1,1,3,5,2,2,1,1,2,2,1,2,3,4,2,4,1,1,5,5,1,1,1,3,2,3,2,2,3,3,5,6,4,5,1,2,4,4,7,7,3,4,3,3,1,1,1,5,3,3,1,3,2,2,1,3,2,2,3,4,1,2,2,2,1,3,4,4,1,4,3,4,1,1,2,3,3,4,1,4,1,4,1,1,1,2,3,5,4,4,1,2,1,1,1,1,2,3,3,3,1,1,1,4,1,1,3,3,3,4,1,3,1,1,1,2,2,2,1,1,1,1,1,3,2,2,2,5,2,2,1,2,1,1,1,1,2,2,4,4,4,4,3,4,2,3,3,3,4,6,2,2,2,2,4,5,1,3,1,3,3,3,2,3,3,3,2,2,3,3,1,2,2,2,2,5,1,1,4,4,1,1,1,4,1,3,3,5,4,4,1,2,4,4,4,4,2,2,1,1,2,2
M145699,2,2,2,2,3,3,3,5,3,3,2,2,2,2,1,1,2,2,3,3,3,5,1,1,3,3,3,3,3,3,1,5,5,5,2,3,1,3,2,2,1,2,1,1,1,1,1,1,2,2,2,2,1,3,2,2,1,3,3,3,4,4,1,1,5,5,1,2,3,4,2,3,2,3,3,3,5,6,4,4,1,3,4,4,7,7,3,3,3,3,1,1,4,5,3,3,3,3,2,2,3,4,2,3,4,4,2,3,1,1,1,3,4,4,1,1,3,4,1,3,3,3,1,3,2,4,1,4,1,2,1,1,1,3,4,4,1,1,1,1,1,1,1,3,3,3,1,1,3,5,1,2,3,5,3,4,1,1,1,1,1,1,2,2,1,1,1,1,1,3,2,2,2,3,2,2,1,2,1,1,1,3,2,2,4,4,4,4,3,3,2,2,3,3,4,4,2,2,1,2,4,4,1,3,3,3,3,3,2,3,3,3,2,3,3,3,1,2,2,2,2,2,1,1,2,4,1,2,4,4,2,3,3,5,4,4,1,2,4,4,3,4,2,2,1,1,2,2
M145700,2,4,2,2,3,3,3,5,3,3,2,2,2,2,1,1,2,2,3,4,1,5,1,1,3,3,3,3,2,3,1,5,3,5,2,3,1,1,2,2,1,1,1,1,1,1,1,1,2,2,2,2,1,2,2,2,1,2,3,3,2,4,1,1,5,5,1,1,1,3,2,2,2,3,3,3,5,5,4,4,1,2,4,4,7,7,2,3,3,3,1,1,1,1,3,3,3,3,2,2,1,3,2,2,4,4,2,2,2,2,1,1,4,4,2,5,3,3,3,3,3,3,3,3,2,4,1,4,1,2,1,2,1,3,4,4,1,2,1,3,1,1,3,3,3,3,1,1,4,5,1,1,3,3,4,4,3,3,1,1,1,1,2,2,1,1,1,1,1,3,2,2,2,2,2,2,2,2,1,2,1,3,2,2,4,4,4,4,2,2,2,3,3,3,3,4,2,2,1,2,4,4,1,3,1,3,3,3,2,3,3,3,2,2,3,3,2,2,1,2,2,2,1,1,4,4,1,1,4,4,2,3,3,6,4,4,1,2,4,4,4,4,2,2,1,1,2,2
M145701,2,4,2,2,3,3,5,5,3,3,2,2,2,2,1,2,1,2,3,3,2,3,1,2,3,3,3,3,2,3,1,5,3,5,2,3,3,3,2,2,1,2,1,1,1,2,1,1,2,2,2,2,3,3,2,2,3,3,3,3,2,2,1,1,5,5,1,2,3,3,2,3,3,3,3,3,5,6,4,4,2,3,4,4,7,7,3,3,3,3,1,1,1,1,3,3,1,3,2,2,3,4,2,3,2,4,3,3,2,2,3,3,3,4,2,2,1,3,1,3,3,3,1,3,4,4,2,2,1,1,1,2,3,5,3,4,1,1,3,3,1,1,3,3,1,3,1,1,4,5,1,1,3,3,3,4,1,3,1,3,1,1,2,3,1,1,1,1,3,3,2,2,2,5,2,2,4,4,1,1,1,3,2,2,2,4,4,4,2,3,2,2,3,3,3,4,2,2,1,1,4,4,1,1,3,3,2,3,3,4,3,3,2,3,1,3,1,3,1,2,2,2,1,1,1,4,2,2,4,4,1,2,3,5,3,4,2,3,4,5,3,4,2,2,1,1,2,2
M145702,2,2,2,2,3,3,5,5,3,3,2,2,2,2,1,7,1,2,3,3,2,2,1,1,3,3,3,3,3,3,1,5,2,5,2,3,1,1,2,2,1,1,1,1,1,1,1,1,2,5,2,2,1,1,2,2,1,2,3,3,2,4,1,1,5,5,1,1,3,3,2,3,2,2,3,3,5,5,4,4,1,2,4,4,1,7,3,3,3,3,1,1,1,5,3,3,1,3,2,2,1,3,2,2,3,4,1,2,1,1,3,3,2,4,1,4,3,4,1,1,3,3,3,3,4,4,1,4,1,1,1,2,3,3,4,4,1,1,1,1,1,1,3,3,3,3,1,1,4,5,1,1,3,3,3,4,1,1,1,2,1,2,2,2,1,1,1,1,1,3,2,2,2,5,2,2,1,2,1,1,1,1,2,2,2,4,4,4,2,4,2,2,3,3,4,6,2,2,1,2,4,5,1,3,1,3,3,3,3,3,3,3,2,3,1,3,1,2,2,2,2,5,1,1,2,4,1,1,1,4,1,3,3,5,3,4,2,2,4,4,3,4,2,2,1,1,2,2
M145703,2,4,1,1,3,4,5,5,3,3,2,2,2,2,6,7,1,2,3,3,2,5,1,1,3,3,1,3,3,3,1,1,5,5,2,3,3,3,2,2,1,2,1,1,1,4,1,2,2,2,2,2,1,3,2,2,1,2,3,3,2,4,1,1,5,5,1,2,4,4,2,3,2,6,3,3,5,5,5,5,2,3,4,4,7,7,3,3,3,3,1,2,1,1,3,3,3,3,2,3,1,3,2,2,3,4,2,3,1,2,3,3,4,4,2,2,3,3,3,3,2,3,2,3,4,5,2,6,1,1,1,1,1,3,4,4,1,2,2,3,1,1,2,3,1,3,1,1,1,4,1,1,3,3,3,4,1,3,1,1,2,2,1,2,1,1,1,1,3,3,2,2,2,2,2,2,3,4,1,1,1,1,2,3,4,4,4,4,3,3,2,2,3,4,2,4,2,2,1,2,4,4,1,2,1,1,2,3,3,4,3,3,2,2,3,3,2,2,1,2,2,2,1,1,4,4,1,1,4,4,2,3,3,3,3,4,1,3,4,4,4,4,2,2,1,1,2,2
M145704,1,4,2,2,3,3,5,5,3,3,1,2,2,3,2,6,2,2,3,4,2,2,1,1,3,3,3,3,2,2,1,1,2,5,2,3,3,3,2,2,1,2,1,1,1,2,1,1,2,2,2,2,1,1,2,2,2,3,3,3,4,4,1,1,5,5,1,1,1,4,2,2,2,3,2,3,5,5,4,4,1,3,4,4,7,7,3,3,3,3,2,2,4,5,3,3,1,3,2,3,1,3,2,2,3,3,1,2,1,2,3,4,4,4,4,5,3,3,1,2,3,3,2,3,2,4,4,6,1,2,1,2,3,3,4,4,1,2,1,3,1,1,2,3,3,4,1,1,4,4,1,1,3,3,3,3,1,1,1,1,1,2,1,2,1,1,1,1,3,3,2,2,2,5,2,2,2,2,1,1,1,1,2,2,4,4,4,4,3,3,2,2,3,3,3,4,2,2,1,2,4,4,3,3,1,3,3,3,2,2,3,3,2,2,3,3,1,1,2,2,2,2,1,1,4,4,1,1,3,4,3,3,3,4,3,4,2,2,4,4,4,4,2,2,1,1,2,2
M145705,2,4,2,2,3,4,3,5,3,3,2,2,2,2,1,7,1,2,3,3,3,5,1,1,3,3,2,3,3,3,1,1,5,5,2,3,1,3,2,2,1,1,1,1,1,4,1,2,2,5,2,2,1,1,2,2,2,2,2,3,4,4,1,3,5,5,2,2,3,4,3,3,2,2,3,3,5,6,4,5,1,2,4,4,1,7,3,3,3,3,1,1,1,5,3,3,3,3,2,3,3,3,2,2,4,4,2,3,1,1,1,3,4,4,1,4,2,4,3,3,2,2,3,3,1,2,1,4,1,2,1,2,3,5,4,4,1,2,1,3,1,1,2,3,3,3,1,1,1,4,1,1,3,3,3,3,1,1,1,2,1,1,2,2,1,1,1,1,1,1,2,2,2,2,2,2,1,2,1,1,1,3,2,3,2,4,4,4,3,3,2,2,3,4,4,4,2,2,2,2,4,4,1,5,1,3,3,3,3,3,3,3,2,3,1,3,2,2,2,2,2,2,1,3,2,4,1,1,1,4,2,3,3,5,3,4,2,2,3,4,3,4,2,4,1,1,2,2
M145706,2,4,2,2,3,3,4,5,3,3,2,2,2,2,1,2,1,1,3,4,2,5,1,1,3,3,3,3,3,3,1,1,2,5,2,3,3,3,2,2,1,1,1,1,1,1,1,1,2,2,2,2,1,1,2,2,3,3,3,3,4,4,1,1,5,5,1,2,3,4,2,3,3,6,3,3,4,5,4,5,1,1,4,4,1,7,3,3,3,3,1,2,1,2,3,3,3,4,2,2,1,3,2,2,3,4,2,2,2,2,3,3,2,4,2,3,3,3,1,3,3,3,3,3,4,5,4,6,1,1,1,2,1,3,4,4,1,2,1,2,1,1,3,3,3,3,1,1,3,4,1,1,3,3,3,4,1,3,1,2,1,2,2,2,1,1,1,1,3,3,2,2,2,5,2,2,2,4,1,1,1,1,2,3,2,4,4,4,3,4,2,2,3,4,2,4,2,2,1,2,4,4,3,3,1,1,3,3,3,4,3,3,2,2,1,3,1,2,1,2,5,5,1,1,4,4,1,2,3,4,1,3,3,4,3,5,2,3,4,4,3,3,2,3,1,1,2,2
M145707,2,4,2,2,3,3,3,5,3,3,2,2,2,2,1,2,1,2,3,4,1,5,1,1,3,3,2,3,3,3,1,5,3,5,2,3,1,1,2,2,1,2,1,1,1,2,1,1,2,5,2,2,1,1,2,2,1,2,2,3,2,4,1,1,5,5,1,2,3,3,2,3,2,3,3,3,6,6,4,4,1,3,4,4,7,7,3,3,3,3,1,1,1,1,3,3,3,3,2,2,1,3,2,2,4,4,2,2,1,2,1,3,4,4,1,2,3,3,3,3,3,3,1,3,1,2,1,4,1,2,1,2,1,3,4,4,1,2,1,3,1,1,2,3,1,3,1,1,1,4,1,1,3,3,4,4,1,3,1,1,1,2,2,2,1,1,1,1,1,3,2,2,2,2,2,2,2,2,1,2,1,3,2,2,4,4,4,4,3,3,2,2,3,3,3,4,2,2,1,2,4,4,1,3,1,3,3,3,2,2,3,3,2,2,3,3,2,2,1,2,2,2,1,1,2,4,1,1,1,4,3,3,3,6,3,3,1,2,4,4,3,4,2,2,1,1,2,2
M145708,2,4,1,2,3,3,5,5,3,3,2,2,2,2,2,7,2,2,3,3,2,5,1,1,3,3,2,3,2,3,1,1,5,5,2,2,1,3,2,2,1,2,1,1,1,3,1,1,5,5,2,2,1,3,2,2,1,1,3,3,4,4,1,3,5,5,1,1,3,3,2,3,2,2,3,3,5,5,4,5,1,1,2,4,7,7,3,3,3,3,1,2,1,1,3,3,3,3,0,0,3,3,2,2,4,4,2,3,1,2,1,1,4,4,1,2,3,3,1,3,2,3,1,3,1,4,1,1,1,1,1,1,3,3,4,4,2,2,1,1,1,3,3,3,3,3,1,1,1,4,1,1,3,3,3,4,1,3,1,1,1,2,2,2,1,1,1,1,1,3,2,2,2,2,2,2,1,3,1,3,1,3,2,2,4,4,4,4,3,3,2,2,3,3,2,4,2,2,1,2,4,4,1,3,3,3,3,4,2,3,3,3,2,2,3,3,1,2,2,2,2,2,1,1,4,4,1,2,1,4,2,3,3,3,2,4,2,2,3,4,2,4,2,2,1,1,2,2
M145709,2,4,2,2,3,3,4,5,3,3,2,2,2,2,1,1,2,2,3,4,3,5,1,1,3,3,2,3,2,3,1,1,3,5,2,3,1,3,2,2,1,2,1,3,1,4,1,2,2,2,2,2,1,1,2,2,2,2,2,3,2,4,1,1,5,5,1,1,1,3,2,3,2,3,2,3,5,6,4,4,2,2,4,4,1,7,3,3,3,3,1,1,1,1,3,3,3,3,2,3,3,3,2,2,3,4,3,3,1,2,1,1,4,4,2,4,3,4,1,1,3,3,3,3,2,5,4,6,1,2,1,2,1,5,4,4,2,2,3,3,1,3,2,2,3,3,1,1,1,4,1,2,3,3,3,4,1,3,1,2,2,2,2,2,1,1,1,1,4,4,2,2,2,2,2,2,2,4,1,1,1,1,2,3,2,4,4,4,3,4,2,2,3,3,4,4,2,2,1,2,4,4,1,1,1,3,2,3,3,3,3,3,2,2,1,3,2,2,2,2,2,2,1,3,4,4,2,2,1,4,3,3,3,3,3,3,1,2,3,4,3,4,2,2,1,1,2,2
M145710,1,2,2,2,3,3,3,5,3,3,2,2,2,2,1,7,1,2,3,3,2,5,1,1,3,3,3,3,3,3,1,1,5,5,2,2,1,3,2,2,1,1,1,1,2,2,1,1,2,5,2,2,1,1,2,2,1,2,2,3,2,4,1,3,5,5,1,1,3,4,3,3,2,3,3,3,5,6,4,5,1,2,4,4,7,7,3,3,3,3,1,1,1,5,3,3,3,3,2,2,3,3,2,2,4,4,2,2,1,1,1,3,4,4,1,4,3,4,1,3,2,2,3,3,1,4,1,6,1,1,1,1,3,5,4,4,1,2,1,3,1,1,2,3,3,3,1,1,4,5,1,1,3,3,3,4,1,1,1,1,1,2,2,2,1,1,1,1,1,1,2,2,2,2,2,2,2,2,1,1,1,3,2,3,4,4,4,4,2,3,0,0,3,4,3,4,2,2,2,2,4,4,1,1,1,3,3,3,2,4,3,3,2,3,3,3,2,2,1,2,2,2,1,3,4,4,1,1,4,4,2,3,3,3,3,4,2,2,3,4,3,4,2,2,1,1,2,2
M145711,4,4,2,2,3,3,4,5,3,3,2,2,2,2,1,1,1,2,3,3,3,5,1,1,3,3,3,3,2,2,5,5,5,5,2,3,1,3,2,2,1,2,1,3,1,1,1,1,2,2,2,2,1,1,2,2,2,2,2,2,2,4,1,1,5,5,1,2,1,3,2,3,2,3,2,3,5,6,4,4,2,2,4,4,1,7,3,3,3,3,1,1,1,2,3,3,3,3,2,3,3,3,2,2,3,4,1,1,2,2,3,3,4,4,2,4,3,4,1,1,3,3,3,3,5,5,2,2,1,1,1,2,1,5,4,4,2,2,3,3,1,3,2,2,3,3,1,1,1,4,2,2,3,5,3,4,1,3,1,2,2,2,2,2,1,1,1,1,4,4,2,2,2,5,2,2,2,4,1,1,1,1,2,3,2,4,4,4,3,4,2,2,3,3,4,4,2,2,2,2,4,4,1,1,3,3,2,3,2,2,3,3,2,2,1,3,1,2,2,2,2,5,1,1,4,4,1,2,4,4,3,3,3,5,3,3,1,2,3,3,3,4,2,2,1,1,2,2
M145712,2,4,2,2,3,3,5,5,3,3,2,2,2,2,1,2,2,2,3,3,2,5,1,1,3,3,3,3,2,3,1,1,5,5,2,2,1,3,2,2,1,2,1,1,2,4,1,1,2,5,2,2,1,3,2,2,2,3,3,3,2,4,1,1,5,5,1,1,3,3,2,3,2,2,3,3,5,6,4,5,1,1,4,4,7,7,3,3,3,3,1,2,4,5,3,3,3,3,2,3,3,3,2,2,3,4,2,3,1,1,1,1,4,4,5,5,2,3,1,3,3,3,1,3,1,4,1,4,1,1,1,1,3,3,4,4,1,2,1,1,1,1,3,3,3,3,1,1,1,4,1,1,3,3,1,3,1,3,1,1,1,1,2,2,1,1,1,1,1,3,2,2,2,2,2,2,1,3,1,1,1,3,2,2,4,4,4,5,2,4,2,2,3,3,2,4,2,2,1,2,4,4,3,5,3,3,3,3,2,3,3,3,2,2,3,3,1,2,2,2,2,2,1,1,4,4,1,1,1,4,2,3,3,3,4,4,1,2,4,4,3,4,2,2,1,1,2,2
M145713,2,4,1,1,3,3,4,5,3,3,2,2,2,2,6,7,1,2,3,3,5,5,1,1,3,3,3,3,1,3,1,1,5,5,2,3,3,3,2,2,1,1,1,1,2,4,1,1,2,2,2,2,1,3,2,2,3,3,3,3,2,4,1,1,5,5,1,2,3,4,2,3,2,2,3,3,5,5,4,4,2,2,4,4,7,7,3,3,3,3,1,2,1,2,3,3,3,3,2,2,1,3,2,2,4,4,2,2,2,2,3,3,4,4,3,5,3,4,1,3,3,3,3,3,4,5,6,6,1,1,1,1,3,3,4,4,1,2,1,2,1,1,2,3,1,3,1,1,1,3,1,1,3,3,3,3,1,3,1,1,1,1,2,2,1,1,1,1,3,3,2,2,2,2,2,2,3,4,1,1,1,1,2,3,4,4,4,4,3,3,2,2,3,4,3,4,2,2,1,2,4,4,1,3,1,3,3,4,2,4,3,3,2,2,3,3,2,2,1,2,2,5,1,1,4,4,1,2,1,3,2,3,3,3,3,4,1,3,4,4,4,4,2,3,1,1,2,2
M145714,4,4,2,2,3,3,5,5,3,3,2,2,2,2,2,7,2,2,3,3,2,2,1,1,3,3,3,3,1,3,1,1,5,5,2,3,1,3,2,2,1,2,1,1,1,2,1,1,3,5,2,2,1,1,2,2,2,3,3,3,2,4,1,3,5,5,1,1,1,3,2,3,2,2,3,3,5,6,4,4,1,1,4,4,7,7,3,3,3,3,1,2,1,5,3,3,1,3,2,2,1,3,2,2,4,4,1,2,1,1,3,3,4,4,2,5,2,3,1,1,3,3,3,4,1,4,2,4,1,1,1,2,3,5,4,4,1,2,1,1,1,1,3,3,3,3,1,1,4,5,1,1,3,3,3,4,1,3,1,1,1,2,2,2,1,1,1,1,1,3,2,2,2,4,2,2,1,2,1,1,1,1,2,2,4,4,4,4,2,4,2,3,3,3,4,4,2,2,2,2,4,4,3,5,1,3,3,3,2,3,3,3,2,2,3,3,1,2,2,2,2,2,1,1,2,4,1,1,4,4,1,3,3,5,3,3,2,2,3,4,3,4,2,2,1,1,2,2
M145715,2,4,2,2,3,4,5,5,1,3,2,2,2,2,2,6,1,2,3,3,2,5,1,1,3,3,3,3,1,3,1,1,5,5,2,3,3,3,2,2,1,1,1,1,1,4,1,1,2,5,2,2,1,3,2,2,1,3,4,4,2,4,1,1,5,5,1,2,3,4,2,3,2,6,3,3,4,5,4,4,1,3,4,4,7,7,3,3,3,3,1,2,0,0,3,3,3,3,3,3,1,3,2,2,3,4,2,2,1,2,3,3,4,4,2,2,3,3,3,3,2,3,3,3,2,4,4,6,1,2,1,1,1,3,4,4,1,2,1,1,1,1,2,3,1,3,1,1,1,3,1,1,3,3,3,3,1,3,1,1,2,2,2,2,1,1,1,1,3,3,2,2,2,2,2,2,3,4,1,1,1,1,2,2,4,4,4,4,3,3,2,2,4,4,3,4,2,2,1,2,4,4,2,3,1,3,3,3,4,4,1,3,2,2,3,3,2,2,1,2,2,5,1,1,4,4,1,2,3,4,2,2,3,5,2,3,2,3,3,4,2,3,3,3,1,1,2,2
M145716,4,4,2,2,3,3,5,5,3,3,2,2,2,2,2,7,1,2,3,3,2,5,1,1,3,3,2,3,1,3,1,5,2,5,2,3,1,1,2,2,1,2,1,1,1,1,1,1,2,5,2,2,1,1,2,2,1,3,3,3,4,4,1,3,5,5,1,1,3,3,3,3,2,2,3,3,5,6,4,4,1,2,4,4,1,7,3,3,3,3,1,2,1,1,3,3,1,3,2,2,1,3,2,2,4,4,1,2,2,2,3,3,2,4,1,2,2,3,1,3,3,3,1,3,4,4,1,4,1,1,1,2,3,3,4,4,1,2,1,1,1,1,3,3,3,3,1,1,1,4,1,1,3,3,4,4,1,3,1,2,1,2,2,2,1,1,1,1,1,3,2,2,2,5,2,2,2,2,1,1,1,3,2,2,2,4,4,4,2,4,2,2,3,3,4,4,2,2,1,2,4,5,3,5,1,3,3,3,2,3,3,3,2,2,1,3,1,2,2,2,2,5,1,1,4,4,1,1,1,4,1,3,3,4,3,3,2,2,3,4,3,4,2,2,1,1,2,2
M145717,2,2,2,2,0,0,1,5,2,3,2,2,2,2,2,6,1,2,3,3,3,5,1,1,3,3,2,3,2,3,1,1,5,5,3,3,3,3,2,2,1,2,1,3,3,4,1,1,2,2,2,2,1,3,2,2,1,3,3,3,4,4,1,1,5,5,1,2,4,4,3,3,2,2,3,3,5,5,4,5,1,3,4,4,2,7,1,3,3,3,2,2,6,6,3,3,3,3,3,3,3,3,2,2,3,4,2,3,1,1,3,3,4,4,2,5,3,3,1,3,3,3,1,3,4,4,2,2,1,1,1,1,1,1,4,4,1,2,1,3,3,3,2,3,3,3,1,1,3,4,1,2,3,3,1,3,1,1,1,1,1,1,2,2,1,1,1,1,3,3,2,2,5,5,2,2,2,3,1,3,1,1,2,2,4,4,4,5,3,3,2,2,3,4,4,4,2,2,1,2,4,5,3,3,3,3,3,4,2,2,3,3,3,3,3,3,1,1,2,2,2,2,1,1,2,4,1,2,4,4,1,2,3,3,2,2,1,1,4,4,4,4,2,2,1,1,2,2
M145718,4,4,2,2,3,4,5,5,3,3,2,2,2,2,1,2,1,2,3,3,2,5,1,1,3,3,2,3,3,3,1,5,2,5,2,3,1,1,2,2,1,2,1,1,1,2,1,1,2,5,2,2,1,1,2,2,2,3,3,3,4,4,1,3,5,5,1,2,3,3,2,3,2,3,3,3,6,6,4,5,1,2,4,4,1,7,3,4,3,3,1,2,1,1,3,3,1,3,2,2,1,3,1,2,4,4,1,2,1,1,3,3,2,4,2,5,2,3,1,3,2,3,1,3,4,4,2,4,1,1,1,2,3,3,4,4,1,2,1,1,1,1,2,3,3,3,1,1,4,5,1,1,3,3,3,4,3,3,1,2,1,2,2,2,1,1,1,1,1,3,2,2,2,4,2,2,1,2,1,1,1,3,2,2,2,4,4,4,2,4,2,2,3,3,4,4,2,2,1,2,4,5,3,5,1,3,3,3,2,3,3,3,2,2,1,3,1,2,2,2,2,2,1,1,4,4,1,1,4,4,1,3,3,4,3,4,2,2,3,4,3,4,2,2,1,1,2,2
M145719,2,2,2,2,3,3,3,5,1,3,2,2,2,2,1,2,1,1,3,4,5,5,1,1,3,3,3,3,2,3,1,1,3,5,2,3,1,3,2,2,1,1,1,1,1,2,1,1,2,2,2,2,1,2,2,2,2,2,2,4,2,4,1,1,5,5,1,2,1,3,2,2,2,6,3,3,4,5,4,4,2,2,4,4,7,7,2,3,3,3,1,1,5,5,3,3,3,3,2,3,1,3,2,2,3,3,1,2,1,2,1,3,4,4,2,2,3,4,1,3,3,3,3,3,2,4,4,6,1,2,1,1,1,3,4,4,1,2,1,2,1,1,2,3,3,3,1,1,3,4,1,1,3,3,4,4,1,3,1,1,2,2,2,2,1,1,1,1,3,3,2,2,2,2,2,2,2,4,1,2,1,3,2,2,4,4,4,4,3,3,2,2,3,3,2,3,2,2,1,2,4,4,1,1,1,1,2,3,2,2,3,3,2,2,3,3,1,2,1,2,2,2,1,1,4,4,1,2,1,4,2,2,5,6,3,3,1,1,4,4,3,4,2,3,1,1,2,2
M145720,2,2,2,2,3,3,5,5,3,3,2,2,2,2,2,7,2,2,3,3,2,2,1,1,3,3,3,3,3,3,1,5,3,5,2,3,1,1,2,2,2,2,1,1,1,4,1,1,2,3,2,2,1,3,2,2,2,3,3,3,4,4,1,1,5,5,1,2,1,3,2,3,2,3,3,3,5,5,4,4,1,1,4,4,7,7,3,3,3,3,1,1,1,5,3,3,3,3,2,3,3,3,2,2,4,4,2,3,1,2,3,3,4,4,1,2,2,3,1,1,2,3,3,3,1,4,1,6,1,1,1,1,3,3,4,4,1,2,1,1,1,1,2,3,3,3,1,1,1,4,1,1,3,3,3,3,1,1,1,1,1,1,2,2,1,1,1,1,1,1,2,2,2,4,2,2,2,3,1,1,1,1,2,2,4,4,4,4,3,4,2,2,3,3,4,4,2,2,2,2,4,4,3,5,1,3,3,3,3,3,1,3,2,3,3,3,1,2,2,2,2,2,1,3,2,2,1,1,1,4,3,3,3,5,4,4,1,2,4,4,3,4,2,2,1,1,2,2
M145721,2,4,2,2,3,3,3,5,3,3,2,2,2,2,1,2,2,2,3,3,2,2,1,1,3,3,3,3,3,3,1,1,3,5,2,2,1,3,2,2,2,2,1,1,2,4,1,1,3,5,2,2,1,1,2,2,1,2,3,3,3,4,1,3,5,5,1,2,1,3,2,2,2,2,3,3,5,6,4,4,1,3,2,4,7,7,3,3,3,3,1,1,1,6,3,3,3,3,2,3,3,3,2,2,4,4,2,3,1,1,1,3,4,4,2,5,2,3,1,1,2,3,3,3,1,4,2,4,1,1,1,1,3,3,3,4,2,2,1,1,1,1,2,3,3,3,1,1,1,4,1,1,3,3,3,4,1,3,1,1,1,1,2,2,1,1,1,1,1,4,2,2,2,2,2,2,1,4,1,1,1,1,2,2,4,4,4,4,3,4,2,2,3,3,4,4,2,2,2,2,4,4,3,5,1,3,3,3,2,3,1,3,2,2,3,3,1,2,2,2,2,2,1,1,4,4,1,1,1,1,3,3,3,6,3,4,1,2,3,4,3,4,2,2,1,1,2,2
M145722,2,2,1,2,3,4,3,4,3,3,2,2,2,2,1,7,1,1,3,4,5,5,1,1,3,3,3,3,3,3,1,1,3,5,2,3,1,3,2,2,1,1,1,1,1,4,1,2,2,2,2,2,1,2,2,2,3,3,2,3,2,4,1,1,5,5,1,2,3,3,2,2,3,6,3,3,5,5,4,4,1,3,4,4,7,7,3,3,3,3,1,1,5,5,3,3,3,3,2,3,1,3,2,2,3,4,2,2,1,2,1,3,4,4,2,3,3,4,1,3,2,3,3,3,2,4,4,6,1,2,1,2,1,3,4,4,2,2,2,3,1,1,2,3,1,3,1,1,4,4,1,1,3,3,3,4,1,3,1,1,1,2,2,2,1,1,1,1,1,3,2,2,2,2,2,2,2,4,1,1,1,3,2,3,4,4,4,4,3,3,2,3,3,4,3,3,2,2,1,2,4,4,1,3,1,1,3,3,3,4,3,3,2,2,3,3,2,2,1,2,2,2,1,1,4,4,1,2,4,4,2,3,3,6,3,5,1,3,4,4,3,3,2,3,1,1,2,2
M145723,2,2,2,2,4,4,3,5,1,3,2,2,2,2,1,2,1,1,3,3,5,5,1,1,3,3,3,3,3,3,1,1,3,5,1,2,1,3,2,2,1,2,1,1,1,1,1,1,2,2,2,2,1,1,2,2,3,3,2,3,2,4,1,1,5,5,1,2,3,4,2,2,3,6,3,3,4,5,4,5,2,2,4,4,7,7,3,3,3,3,1,1,1,1,3,3,3,3,2,2,1,3,2,2,3,4,2,2,1,1,3,3,4,4,2,3,3,4,1,3,3,3,3,3,4,4,2,6,1,1,1,2,3,3,4,4,2,2,1,3,1,1,2,3,1,3,1,1,3,4,1,1,3,3,4,4,1,3,1,1,1,1,2,2,1,1,1,1,1,3,2,2,2,2,2,2,2,4,1,1,1,3,2,2,4,4,4,4,2,3,2,2,3,4,3,3,2,2,1,1,4,4,1,1,1,1,3,3,2,2,3,3,2,2,3,3,1,2,1,2,2,2,1,1,4,4,1,2,1,4,2,3,5,6,3,5,1,1,4,4,3,4,2,3,1,1,2,2
M145724,1,4,2,2,3,3,5,5,3,3,2,2,2,2,1,7,2,2,3,3,2,5,1,1,3,3,2,3,3,3,1,5,5,5,2,3,1,3,2,2,1,2,1,1,1,2,1,1,2,5,2,2,1,1,2,2,1,3,3,3,2,4,1,3,5,5,1,2,3,3,3,3,2,3,2,3,5,5,4,4,1,3,4,4,7,7,3,3,3,3,1,2,1,5,3,3,3,3,2,2,3,3,2,3,4,4,2,3,1,2,1,1,4,4,1,2,3,3,1,1,3,3,1,1,1,4,1,1,1,1,1,2,3,3,4,4,2,2,1,3,1,1,2,3,3,3,1,1,1,4,1,1,3,3,4,4,1,3,1,1,1,1,2,2,1,1,1,1,1,1,2,2,2,5,2,2,2,2,1,1,1,3,2,2,4,4,4,4,3,3,2,2,3,3,4,4,2,2,1,2,4,4,1,2,1,3,3,3,2,3,3,3,2,2,3,3,2,2,1,2,2,2,1,1,4,4,1,1,1,4,1,3,3,4,4,4,1,2,3,4,4,4,2,2,1,1,2,2
M145725,2,4,1,2,3,3,5,5,3,3,2,2,2,2,6,7,2,2,3,3,2,2,1,1,3,3,1,2,3,3,1,1,5,5,2,3,1,3,2,2,1,2,1,1,1,4,1,1,2,5,2,2,1,3,2,2,1,3,3,3,2,4,1,1,5,5,1,2,3,3,3,3,2,2,3,3,5,5,4,5,1,2,4,4,7,7,3,3,3,3,1,2,1,1,3,3,3,3,2,2,1,3,2,2,4,4,2,3,1,2,1,3,4,4,1,5,3,4,1,3,3,3,1,2,2,4,2,4,1,2,1,1,1,3,4,4,1,1,1,3,1,1,3,3,1,3,1,1,1,5,1,1,3,3,3,4,3,3,1,1,1,1,1,2,1,1,1,1,1,3,2,2,2,2,2,2,1,3,1,1,1,1,2,2,4,4,4,4,2,3,2,2,3,4,4,4,2,2,2,2,4,4,1,1,1,3,3,4,3,3,3,3,2,3,3,3,2,2,2,2,2,2,1,1,2,4,1,1,4,4,2,3,3,3,3,4,2,3,3,4,4,4,2,2,1,1,2,2
M145726,2,2,1,2,3,3,5,5,1,3,2,2,2,2,2,7,1,2,3,4,2,5,1,1,3,3,3,3,1,3,1,1,5,5,2,3,3,3,2,2,1,2,1,1,1,2,1,2,2,3,2,2,1,1,2,2,2,2,3,4,4,4,1,1,5,5,1,2,1,4,2,2,3,6,3,3,5,6,4,4,1,2,4,4,7,7,3,3,3,3,1,1,1,2,3,3,3,4,2,2,1,3,2,2,3,3,2,2,1,1,3,3,4,4,2,4,3,4,1,3,2,3,3,3,4,5,4,6,1,1,1,2,1,5,4,4,1,2,1,1,1,1,2,3,3,3,1,1,3,4,1,1,3,3,3,4,1,3,1,1,1,2,2,2,1,1,1,1,3,3,2,2,2,5,2,2,2,4,1,1,1,1,2,3,4,4,4,4,3,4,2,2,3,3,2,6,2,2,2,2,4,4,1,3,1,1,2,3,2,3,3,3,2,2,3,3,1,2,1,2,2,5,1,1,4,4,1,1,4,4,1,3,4,5,3,5,2,3,4,4,3,3,2,3,1,1,2,2
M145727,1,1,1,2,3,3,4,4,3,3,2,2,2,2,1,1,2,2,3,3,2,5,1,1,3,3,3,3,2,3,1,5,3,5,2,3,3,3,2,2,1,2,1,1,2,2,1,2,2,2,2,3,1,3,2,2,3,3,3,3,4,4,1,1,5,5,1,1,1,1,3,3,2,3,3,3,5,5,4,4,1,3,4,4,7,7,3,3,3,3,1,2,1,4,3,3,3,3,3,3,1,3,3,3,4,4,1,3,2,2,1,1,4,4,2,5,3,4,1,1,3,3,3,4,1,4,6,6,1,1,1,2,3,3,4,4,2,2,1,3,1,1,2,2,3,3,1,1,4,5,1,1,3,3,3,3,1,1,1,1,1,2,1,2,1,1,1,1,3,3,2,2,1,2,2,2,3,4,1,1,1,1,3,3,4,4,4,4,3,3,2,2,3,3,4,4,2,2,2,2,4,4,1,3,1,3,3,4,2,2,1,1,2,2,3,3,2,2,2,2,2,5,1,1,2,4,1,1,1,3,1,3,1,1,3,3,2,3,4,4,3,4,2,3,1,1,2,2
M145728,2,4,2,2,3,3,4,5,3,3,2,2,2,2,1,3,2,2,3,3,1,2,1,1,3,3,2,2,3,3,1,1,5,5,2,3,1,3,2,2,1,1,1,1,1,1,1,1,2,5,2,2,1,1,2,2,1,3,3,4,4,4,1,3,5,5,1,2,3,3,3,3,2,3,3,3,5,6,4,4,1,1,4,4,1,7,3,3,3,3,1,2,5,6,3,3,3,3,3,3,3,3,2,2,4,4,1,2,2,2,3,3,2,4,1,2,3,3,1,3,3,3,1,2,1,4,1,4,1,1,1,2,1,3,3,4,1,1,1,3,1,1,3,3,1,3,1,1,5,5,1,1,3,3,4,4,1,1,1,3,1,1,2,2,1,1,1,1,1,3,2,2,2,5,2,2,2,2,1,1,1,3,2,2,2,4,4,4,2,3,0,0,3,3,4,4,2,2,2,2,4,4,1,3,3,3,3,3,3,3,1,3,2,3,1,3,2,2,2,2,2,2,1,1,2,4,1,1,4,4,1,3,1,3,2,3,1,2,3,4,3,4,2,2,1,1,2,2
M145729,2,4,1,2,3,3,5,5,3,3,2,2,2,2,2,2,1,1,3,3,2,5,1,1,3,3,3,3,3,3,1,1,5,5,2,3,1,3,2,2,2,2,1,1,1,1,1,2,2,3,2,2,1,1,2,2,3,3,3,4,4,4,1,1,5,5,1,2,1,4,2,3,2,6,3,3,4,6,5,5,1,2,4,4,7,7,3,4,3,3,1,2,1,2,3,3,3,4,2,2,1,3,2,2,4,4,2,2,1,2,3,3,4,4,2,3,3,3,1,3,2,3,3,4,4,5,4,6,1,1,1,2,3,5,4,4,1,2,1,2,1,1,2,3,3,3,1,1,4,4,1,1,3,3,3,4,1,3,1,1,1,2,2,2,1,1,1,1,3,3,2,2,2,4,2,2,2,4,1,1,1,1,2,2,4,4,4,4,3,4,2,3,3,4,3,4,2,2,1,2,4,5,3,3,1,1,3,3,2,3,3,3,2,2,3,3,1,1,1,2,2,5,1,1,4,4,1,1,4,4,1,2,3,4,3,3,2,3,4,4,3,3,2,3,1,1,2,2
M145730,2,4,2,2,3,3,5,5,3,3,2,2,2,2,1,6,2,2,3,3,2,5,1,1,3,3,2,3,3,3,1,5,5,5,2,3,1,3,2,2,1,2,1,1,2,4,1,1,5,5,2,2,1,3,2,2,2,3,3,3,2,4,1,3,5,5,1,2,3,3,2,3,2,2,3,3,5,6,4,5,1,1,2,4,7,7,3,3,3,3,1,2,1,4,3,3,3,3,2,3,3,3,2,2,3,4,2,3,2,2,1,3,4,4,5,5,2,3,1,3,2,3,3,3,4,4,2,2,1,1,1,1,3,5,4,4,1,2,1,1,1,3,3,3,3,3,1,1,4,5,1,1,3,3,1,3,1,1,1,1,1,1,2,2,1,1,1,1,1,3,2,2,2,2,2,2,2,3,1,3,1,3,2,2,4,4,4,5,3,3,2,2,3,3,2,4,2,2,2,2,4,4,3,5,3,3,3,3,2,3,3,3,2,2,3,3,1,2,1,2,2,2,1,1,4,4,1,1,1,4,2,3,3,3,2,3,2,2,3,4,2,4,2,2,1,1,2,2
M145731,2,4,2,2,3,4,3,5,3,3,2,2,2,2,1,7,1,2,3,3,2,3,1,1,3,3,2,2,3,3,1,5,5,5,2,2,1,3,2,2,2,2,1,1,2,4,1,2,2,5,2,2,1,1,2,2,2,2,2,3,4,4,1,3,5,5,1,1,3,4,2,3,2,3,3,3,5,6,4,5,1,3,4,4,1,7,3,3,3,3,1,1,1,5,3,3,3,3,2,3,3,3,2,2,4,4,2,3,1,1,1,3,4,4,2,5,2,3,1,1,2,3,1,3,4,4,2,6,1,1,1,2,3,5,4,4,1,2,1,3,1,1,3,3,3,3,1,1,4,5,1,1,3,3,3,3,1,1,1,2,1,1,2,2,1,1,1,1,1,1,2,2,2,2,2,2,1,2,1,1,1,1,2,3,2,4,4,4,2,3,2,2,3,3,4,4,2,2,2,2,4,4,3,5,1,3,3,4,2,3,3,3,2,3,1,3,2,2,2,2,2,2,1,3,4,4,1,1,1,1,2,3,3,5,3,4,2,2,3,4,3,4,2,4,1,1,2,2
M145732,2,4,2,2,3,4,5,5,3,3,2,2,2,2,2,7,1,2,3,4,2,5,1,1,3,3,3,3,1,3,1,1,5,5,2,3,3,3,2,2,1,1,1,1,2,4,1,1,2,5,2,2,1,3,2,2,2,3,4,4,4,4,1,1,5,5,1,2,3,3,2,3,2,2,3,3,5,5,4,4,2,2,4,4,7,7,3,3,3,3,1,2,0,0,3,3,3,3,3,3,1,3,2,2,4,4,2,2,2,2,3,3,4,4,2,5,3,4,3,3,2,3,3,3,4,4,2,6,1,1,1,1,1,1,4,4,1,2,1,1,1,1,2,3,1,3,1,1,3,4,1,1,3,3,3,4,1,3,1,1,2,2,2,2,1,1,1,1,3,3,2,2,2,2,2,2,3,4,1,1,1,1,2,3,4,4,4,4,3,3,2,2,3,4,2,4,2,2,2,2,4,4,1,1,1,1,2,4,2,4,3,3,2,2,3,3,1,2,1,2,2,2,1,1,4,4,1,2,4,4,2,2,3,6,2,5,2,3,3,4,2,3,3,3,1,1,2,2
M145733,2,4,2,2,3,4,5,5,3,3,2,2,2,2,1,7,1,2,3,3,2,5,1,1,3,3,3,3,3,3,1,5,5,5,2,3,1,3,2,2,1,1,1,1,1,1,1,1,3,5,2,2,1,1,2,2,2,2,3,4,4,4,1,3,5,5,1,1,1,3,2,2,2,3,3,3,5,5,4,4,1,1,4,4,7,7,3,3,3,3,1,1,1,5,3,3,1,3,2,2,1,3,1,2,3,4,1,2,1,1,1,3,4,4,4,5,2,4,1,3,3,3,3,3,1,4,1,4,1,1,1,2,3,5,4,4,2,2,1,1,1,1,3,3,3,3,1,1,4,5,1,1,3,3,3,3,3,3,1,1,1,2,2,2,1,1,1,1,1,3,2,2,2,5,2,2,1,2,1,1,1,3,2,2,4,4,4,4,3,4,2,2,3,3,4,6,2,2,2,2,4,4,3,5,1,3,3,3,3,3,3,3,2,2,3,3,1,2,2,2,2,5,1,1,4,4,1,1,4,4,1,3,3,4,3,4,1,2,3,4,4,4,2,2,1,1,2,2
M145734,1,2,2,2,3,4,5,5,3,3,2,2,2,2,7,7,2,2,3,3,2,5,1,1,3,3,2,3,3,3,1,1,5,5,2,2,1,3,2,2,1,2,1,1,2,4,1,2,2,5,2,2,1,1,2,2,2,2,3,4,2,4,1,3,5,5,1,2,3,4,2,3,2,2,3,3,5,5,4,5,1,2,4,4,7,7,3,3,3,3,1,1,1,5,3,3,3,3,2,3,3,3,2,2,4,4,2,3,1,2,1,3,4,4,4,5,2,4,1,3,2,3,1,3,1,4,2,6,1,1,1,2,3,5,4,4,1,2,1,3,1,1,2,3,1,3,1,1,1,3,1,1,3,3,3,3,1,3,1,1,1,1,2,2,1,1,1,1,1,1,2,2,2,2,2,2,2,2,1,1,1,3,2,3,4,4,4,4,3,3,2,2,3,4,3,4,2,2,2,2,4,4,1,5,3,3,3,3,2,3,3,3,2,3,3,3,2,2,1,2,2,2,1,1,2,4,1,2,4,4,2,3,3,3,3,5,2,3,3,4,3,4,2,4,1,1,2,2
M145735,1,3,2,2,3,3,3,5,1,1,2,2,2,2,1,2,2,2,3,3,3,5,1,2,1,3,3,3,3,3,1,4,5,5,3,3,3,3,2,2,1,2,1,1,1,4,1,2,2,2,2,2,1,3,2,2,2,3,2,3,4,4,1,1,5,5,2,2,3,3,2,2,2,2,3,3,5,5,4,4,1,3,4,4,7,7,3,3,3,3,1,2,1,5,3,3,3,3,2,3,1,4,1,3,3,4,2,2,1,2,3,3,4,4,2,2,1,3,1,3,3,3,3,3,4,4,2,6,1,1,1,2,3,3,4,4,1,2,1,2,1,1,2,3,3,3,1,1,3,4,1,2,3,3,4,4,1,3,1,1,1,1,2,2,1,1,1,1,1,3,2,2,2,5,2,2,4,4,1,1,1,1,2,2,4,4,4,4,3,3,2,2,3,3,3,4,2,2,1,1,4,4,1,3,3,3,3,3,2,3,3,3,2,3,3,3,1,2,1,2,2,2,1,1,2,4,2,2,3,4,1,3,4,5,3,4,1,1,4,4,4,4,2,2,1,1,2,2
M145736,2,4,2,2,3,3,5,5,3,3,2,2,2,2,2,7,2,2,3,3,2,2,1,1,3,3,3,3,3,3,1,5,2,5,2,3,1,3,2,2,1,2,1,1,1,1,1,1,3,5,2,2,1,1,2,2,1,3,3,3,4,4,1,3,5,5,1,1,1,3,3,3,2,2,3,3,5,6,4,5,1,1,4,4,1,7,3,4,3,3,1,2,1,1,3,3,1,3,2,2,1,3,2,2,4,4,1,2,1,2,1,3,2,4,1,2,3,3,1,1,2,3,3,4,4,4,1,4,1,1,1,2,3,3,4,4,2,2,1,1,1,1,2,3,3,3,1,1,4,5,1,1,3,3,4,4,1,3,1,2,1,2,2,2,1,1,1,1,1,3,2,2,2,4,2,2,1,2,1,1,1,1,2,2,2,4,4,4,3,4,3,3,3,3,4,4,2,2,1,2,4,4,1,3,1,3,3,3,2,3,3,3,2,3,1,3,1,2,2,2,2,5,1,1,2,4,1,1,4,4,1,3,3,4,3,4,2,2,3,4,3,4,2,2,1,1,2,2
M145737,2,4,2,2,3,3,5,5,2,3,2,2,2,2,2,7,2,2,3,3,2,5,1,1,3,3,3,3,2,3,1,5,3,5,2,2,1,3,2,2,1,1,1,1,1,1,1,1,5,5,2,2,1,3,2,2,2,3,3,4,4,4,1,1,5,5,1,2,3,3,2,2,2,2,1,3,5,5,4,5,1,1,4,4,7,7,1,3,3,3,1,2,1,4,3,3,3,3,2,3,3,3,2,3,4,4,1,2,1,1,1,3,4,4,2,5,2,3,3,3,2,3,1,3,1,4,2,2,1,1,1,1,3,3,3,4,1,2,1,1,1,1,3,3,3,3,1,1,1,4,1,2,3,3,3,3,1,3,1,1,1,1,2,2,1,1,1,1,1,4,2,2,2,2,2,2,1,3,1,1,1,3,2,2,4,4,4,4,3,3,2,2,3,3,4,4,2,2,2,2,4,4,3,5,3,3,3,3,2,2,3,3,2,3,3,3,1,2,2,2,2,2,1,1,2,4,1,2,1,1,1,3,3,5,4,4,2,2,4,4,2,4,2,2,1,1,2,2
M145738,2,4,2,2,3,3,5,5,3,3,2,2,2,2,1,7,2,2,3,3,2,2,1,1,3,3,3,3,3,3,1,5,2,5,2,3,1,3,2,2,1,2,1,1,1,2,1,1,3,5,2,2,1,1,2,2,2,2,3,4,2,4,1,3,5,5,1,1,1,3,2,2,2,3,3,3,5,5,4,5,1,1,4,4,1,7,3,4,3,3,1,2,1,1,3,3,1,3,2,2,1,3,2,2,3,4,1,2,1,2,1,3,2,4,4,5,2,4,1,1,3,3,1,4,4,4,2,4,1,1,1,2,3,3,4,4,1,1,1,1,1,1,2,3,3,3,1,1,4,5,1,1,3,3,3,3,1,3,1,2,1,2,2,2,1,1,1,1,1,3,2,2,2,4,2,2,2,2,1,1,1,3,2,2,2,4,4,4,3,4,3,3,3,3,4,4,2,2,1,2,4,4,3,5,1,3,3,3,2,3,3,3,2,3,1,3,1,2,2,2,2,2,1,1,4,4,1,1,1,4,1,3,3,5,4,4,1,2,3,4,4,4,2,2,1,1,2,2
M145739,2,4,2,2,3,3,4,5,3,3,2,2,2,2,1,3,1,2,3,3,2,5,1,1,3,3,3,3,3,3,1,5,5,5,2,3,1,3,2,2,1,2,1,1,2,2,1,1,2,2,2,2,1,1,2,2,1,3,3,4,4,4,1,1,5,5,1,2,3,3,3,3,2,2,1,3,5,6,4,4,1,1,4,4,7,7,3,3,3,3,1,1,1,1,3,3,3,3,2,3,3,3,2,2,4,4,1,2,2,2,1,1,4,4,1,2,3,3,1,3,3,3,3,4,4,4,2,6,1,1,1,2,1,3,3,4,1,1,1,3,1,1,3,3,1,3,1,1,5,5,1,1,3,3,4,4,1,1,1,1,1,1,2,2,1,1,1,1,1,3,2,2,2,5,2,2,2,2,1,1,1,3,2,2,4,4,4,4,3,3,3,3,3,3,4,4,2,2,2,2,4,4,1,3,3,3,3,3,2,2,1,3,2,3,3,3,2,2,2,2,2,2,1,1,2,4,1,1,4,4,1,3,1,3,2,3,1,2,4,4,3,4,2,2,1,1,2,2
M145740,2,4,2,2,3,3,3,5,3,3,2,2,2,2,1,7,2,2,3,3,5,5,1,1,3,3,2,3,3,3,1,1,3,5,2,3,1,1,2,2,1,2,1,1,2,4,1,1,2,5,2,2,1,2,2,2,2,2,2,3,2,4,1,3,5,5,1,1,3,3,2,2,2,2,3,3,5,5,4,4,1,3,4,4,7,7,2,3,3,3,1,1,1,1,3,3,3,3,2,2,1,3,2,2,3,4,2,2,1,1,1,1,4,4,2,5,2,3,1,3,3,3,1,3,1,2,1,4,1,2,1,2,3,3,4,4,2,2,1,3,1,1,3,3,1,3,1,1,4,5,1,1,3,3,3,4,3,3,1,1,1,1,2,2,1,1,1,1,1,3,2,2,2,2,2,2,1,2,1,2,3,3,2,2,4,4,4,4,2,2,3,3,3,3,3,4,2,2,1,2,4,4,3,5,1,3,3,3,2,3,3,3,2,2,3,3,2,2,2,2,2,2,1,1,2,4,1,1,4,4,3,3,3,6,3,3,1,2,3,4,3,4,2,2,1,1,2,2
M145741,2,4,2,2,3,3,3,4,3,3,2,2,2,2,2,2,1,1,4,4,1,5,1,1,3,3,3,3,3,3,1,1,3,5,2,3,1,3,2,2,1,1,1,1,1,1,1,1,2,2,2,2,1,1,2,2,2,3,2,3,4,4,1,1,5,5,1,2,3,4,2,2,2,2,3,3,4,6,4,5,2,3,4,4,7,7,2,3,3,3,1,1,2,5,3,3,3,3,2,2,1,3,2,2,3,4,2,2,1,2,3,3,4,4,2,2,3,4,3,3,3,3,3,3,2,4,4,6,1,2,1,2,1,1,4,4,1,1,2,3,1,1,3,3,1,3,1,1,4,4,1,1,3,3,4,4,1,1,1,1,1,2,2,2,1,1,1,1,1,3,2,2,2,2,2,2,2,4,1,1,1,1,2,2,4,4,4,4,2,3,2,3,3,4,2,4,2,2,1,2,4,4,1,1,1,1,2,3,2,2,3,3,2,2,3,3,2,2,1,1,2,5,1,1,2,4,1,2,1,3,2,3,1,3,3,3,1,1,4,4,3,4,2,2,1,1,2,2
M145742,4,4,2,2,3,4,5,5,3,3,2,2,2,2,2,7,2,2,3,3,2,5,1,1,3,3,2,3,1,3,1,5,2,5,2,3,1,3,2,2,1,2,1,1,1,1,1,1,2,5,2,2,1,1,2,2,2,2,3,4,4,4,1,3,5,5,1,1,3,3,2,3,2,3,3,3,5,6,4,5,1,1,4,4,1,7,3,4,3,3,1,2,1,5,3,3,3,4,2,2,1,3,1,2,3,4,2,2,1,2,3,3,2,4,1,4,2,3,1,3,3,3,1,3,4,4,1,4,1,1,1,2,3,3,4,4,1,1,1,1,1,1,2,3,3,3,1,1,4,5,1,1,3,3,3,4,1,3,1,2,1,2,2,2,1,1,1,1,1,3,2,2,2,5,2,2,1,2,1,1,1,3,2,2,2,4,4,4,3,4,2,2,3,3,4,4,2,2,1,2,4,4,3,5,1,3,3,3,3,3,3,3,2,2,1,3,1,2,2,2,2,5,1,1,2,4,1,1,4,4,1,3,3,4,3,4,1,2,3,4,4,4,2,2,1,1,2,2
M145743,1,2,2,2,3,3,5,5,3,3,2,2,2,2,1,2,1,2,3,3,2,3,1,1,3,3,1,3,1,1,1,4,5,5,3,3,3,3,2,2,1,1,1,1,1,4,1,1,2,5,2,2,1,3,2,2,2,3,3,4,4,4,1,1,5,5,1,1,1,3,2,3,2,3,3,3,5,5,4,4,3,3,4,4,7,7,3,3,3,3,1,1,1,1,3,3,3,3,2,3,1,1,2,2,3,4,3,3,2,2,1,3,4,4,2,5,3,4,2,3,3,3,3,3,2,4,6,6,1,1,1,2,1,3,4,4,1,1,3,5,1,1,3,3,1,3,1,1,3,4,1,1,3,3,3,4,1,3,1,1,1,1,1,2,1,1,1,1,1,3,1,2,2,5,2,2,2,3,1,1,1,1,2,2,4,4,4,4,3,3,2,2,3,4,4,4,1,2,1,2,4,4,1,1,3,3,2,4,3,3,1,3,2,2,3,3,1,1,2,2,2,2,1,1,4,4,1,1,1,4,1,2,4,6,2,4,1,2,3,3,2,4,2,3,1,1,2,2
M145744,2,4,2,2,3,3,5,5,3,3,2,2,2,2,1,2,1,2,3,3,2,5,1,1,3,3,3,3,1,3,1,1,2,5,2,3,1,3,2,2,1,2,1,1,1,2,1,1,2,2,2,2,1,1,2,2,2,2,3,3,2,4,1,1,5,5,1,2,3,3,2,3,2,2,3,3,6,6,4,5,1,1,4,4,1,7,3,4,3,3,1,1,1,1,3,3,1,3,2,2,1,3,2,2,3,4,1,2,1,2,3,3,2,4,1,4,2,4,1,3,2,3,1,3,1,4,1,1,1,1,1,2,3,3,4,4,1,1,1,1,1,1,2,3,3,3,1,1,1,4,1,1,3,3,3,3,1,1,1,2,1,2,2,2,1,1,1,1,1,3,2,2,2,4,2,2,1,2,1,1,1,3,2,2,2,4,4,4,3,4,3,3,3,3,4,6,2,2,1,2,4,4,3,5,1,3,3,3,2,3,3,3,2,2,1,3,1,2,2,2,2,2,1,1,2,4,1,1,1,4,1,3,3,5,3,4,2,2,4,4,3,4,2,2,1,1,2,2
M145745,2,2,1,2,3,4,5,5,1,3,2,2,2,2,1,2,1,2,3,3,2,5,1,1,3,3,3,3,1,3,1,1,2,5,2,3,3,3,2,2,1,2,1,1,1,2,1,2,2,2,2,2,1,1,2,2,3,3,3,3,2,4,1,1,5,5,1,2,3,4,2,3,2,6,3,3,4,5,4,5,1,1,4,4,1,7,3,4,3,3,1,1,1,1,3,3,1,3,2,2,1,3,1,2,3,4,1,2,1,1,3,3,2,4,2,3,3,3,1,3,2,3,3,3,4,4,2,4,1,1,1,2,3,3,4,4,2,2,1,1,1,1,2,2,3,3,1,1,4,4,1,1,3,3,3,4,1,1,1,2,2,2,2,2,1,1,1,1,3,3,2,2,2,4,2,2,2,4,1,1,1,1,2,2,2,4,4,4,3,4,2,2,3,3,3,6,2,2,1,1,4,4,3,3,1,1,3,3,2,3,3,3,2,2,1,3,1,1,1,2,2,5,1,1,4,4,1,1,3,4,1,3,3,5,3,3,1,2,4,4,3,4,2,3,1,1,2,2
M145746,1,2,2,2,3,3,4,5,3,3,2,2,2,2,1,2,1,2,3,4,1,5,1,1,3,3,3,3,3,3,1,5,5,5,2,3,3,3,2,2,1,2,1,1,1,2,1,2,2,2,2,2,1,1,2,2,2,3,3,4,2,4,1,1,5,5,2,2,4,4,2,3,2,6,2,3,4,5,1,4,2,2,4,4,1,7,3,3,3,3,1,1,1,1,3,3,3,3,2,3,3,4,2,2,4,4,2,3,1,2,3,3,4,4,2,2,3,3,3,3,3,3,1,3,4,5,1,6,1,1,1,1,1,3,4,4,1,1,2,3,1,1,2,3,3,3,1,1,4,4,1,1,3,3,4,4,1,1,1,2,1,2,2,2,1,1,1,1,1,3,2,2,2,2,2,2,2,4,1,1,1,1,2,2,2,4,4,4,3,3,2,2,3,4,2,3,2,2,2,2,4,4,1,2,1,3,2,3,2,3,3,3,2,2,1,3,1,2,1,2,2,2,1,1,4,4,1,2,1,4,2,3,4,5,4,5,1,3,4,4,3,4,2,2,1,1,2,2
M145747,4,4,2,2,3,4,3,5,1,3,2,2,2,3,1,1,2,2,3,3,2,5,1,2,3,3,3,3,2,3,3,4,4,5,3,3,1,3,2,2,1,2,1,1,4,4,1,1,1,2,2,2,1,3,2,2,2,2,2,4,4,4,1,1,5,5,1,2,3,4,3,3,2,2,3,3,5,5,4,4,3,3,4,4,1,7,3,3,3,3,1,1,1,1,3,3,3,3,2,2,4,4,1,2,3,4,1,1,2,2,3,3,4,4,2,5,3,4,1,3,3,3,3,3,4,4,2,6,1,1,1,2,3,3,4,4,1,2,1,3,1,3,1,2,3,3,1,1,4,5,1,2,3,3,3,3,1,3,1,2,1,1,2,2,1,1,1,2,1,3,2,2,2,2,2,2,3,4,1,3,1,1,2,2,2,4,4,4,3,3,2,2,3,3,4,4,2,2,1,1,4,4,1,5,2,3,3,4,2,3,3,3,2,2,1,3,1,1,2,2,5,5,1,1,4,4,2,2,1,4,2,2,1,3,3,4,1,1,4,4,2,4,2,2,1,1,2,2
M145748,2,2,2,2,3,4,5,5,3,3,2,2,2,2,1,2,1,2,3,3,2,2,1,1,3,3,3,3,1,3,0,0,2,5,3,3,1,1,2,2,1,1,1,1,1,2,1,1,2,3,2,2,1,1,2,2,3,3,3,3,4,4,1,1,5,5,1,2,3,3,3,3,2,2,3,3,6,6,4,4,1,2,4,4,0,0,3,3,3,3,1,1,1,1,3,3,3,4,0,0,1,3,1,2,4,4,2,2,2,2,3,3,2,4,1,2,3,3,1,1,2,3,3,3,4,4,0,0,1,1,1,2,3,3,4,4,1,2,1,1,1,1,3,3,3,3,1,1,1,4,1,1,0,0,4,4,3,3,1,2,2,2,2,2,1,1,1,1,1,3,2,2,2,4,2,2,2,2,1,1,1,1,2,2,2,4,0,0,3,4,2,2,3,3,4,6,2,2,1,2,4,5,1,3,1,3,3,3,2,3,3,3,2,3,1,3,1,2,2,2,2,2,1,1,4,4,1,1,0,0,1,3,3,4,3,3,2,2,4,4,4,4,2,2,1,1,2,2
M145749,2,2,1,2,3,3,3,4,3,3,2,2,2,2,2,7,1,2,3,4,5,5,1,1,3,3,3,3,2,3,1,1,3,5,1,2,1,3,2,2,1,1,1,1,1,2,1,2,2,2,2,2,1,2,2,2,2,3,2,3,2,4,1,1,5,5,1,2,3,3,2,2,2,3,3,3,5,6,4,5,1,3,4,4,7,7,3,3,3,3,1,1,2,5,3,3,3,3,2,2,1,3,2,2,4,4,1,2,1,1,1,3,4,4,2,3,3,3,1,3,3,3,3,3,4,5,2,6,1,1,1,1,1,3,4,4,1,1,2,2,1,1,2,3,1,3,1,1,4,4,1,1,3,3,4,4,1,3,1,1,1,1,2,2,1,1,1,1,1,3,2,2,2,2,2,2,2,4,1,1,1,3,2,3,4,4,4,4,2,3,2,3,3,4,2,3,2,2,1,2,4,4,1,3,1,1,3,3,2,2,3,3,2,2,3,3,1,2,1,2,2,5,1,1,4,4,1,2,1,4,2,3,3,6,3,3,1,1,4,4,3,4,2,3,1,1,2,2
M145750,2,4,2,2,3,3,5,5,3,3,2,2,2,2,2,7,1,2,3,3,2,5,1,1,3,3,2,3,3,3,1,1,2,5,2,3,1,3,2,2,2,2,1,1,1,2,1,1,2,5,2,2,1,1,2,2,2,3,3,4,2,4,1,3,5,5,1,2,3,3,2,3,2,3,3,3,5,6,4,5,1,1,4,4,1,7,3,4,3,3,1,1,1,5,3,3,1,3,2,2,1,3,2,2,4,4,1,2,1,2,3,3,2,4,2,5,2,3,1,1,3,3,3,4,1,4,1,4,1,1,1,2,3,3,4,4,1,2,1,1,1,1,2,3,3,3,1,1,1,4,1,1,3,3,3,4,1,3,1,2,1,2,2,2,1,1,1,1,1,3,2,2,2,4,2,2,2,2,1,1,1,3,2,2,2,4,4,4,3,4,2,3,3,3,4,6,2,2,1,2,4,4,3,5,1,3,3,3,2,3,3,3,2,2,1,3,1,2,2,2,2,2,1,1,4,4,1,1,4,4,1,3,3,5,3,4,1,2,3,4,4,4,2,2,1,1,2,2
M145751,1,2,2,2,3,3,5,5,3,3,2,2,2,2,1,7,2,2,3,3,2,5,1,1,3,3,2,3,2,3,5,5,5,5,2,3,1,3,2,2,2,2,1,1,1,1,1,2,2,5,2,2,1,1,2,2,1,2,3,3,4,4,3,3,5,5,1,1,3,3,2,3,2,2,3,3,5,5,4,4,1,3,4,4,1,7,3,3,3,3,1,2,1,1,3,3,3,3,2,2,3,3,2,2,3,4,2,2,1,1,1,1,4,4,2,5,2,4,1,1,3,3,1,3,4,5,2,2,1,1,1,1,3,3,3,4,2,2,1,3,1,3,3,3,3,3,1,1,1,4,1,1,3,5,3,3,1,1,1,3,1,2,2,2,1,1,1,1,1,2,2,2,2,3,2,2,1,3,1,2,1,3,2,2,2,4,4,4,3,3,2,2,3,3,4,4,1,2,2,2,4,6,3,5,3,3,3,3,2,2,1,3,2,3,1,3,1,2,2,2,2,2,1,1,4,4,1,1,4,4,3,3,3,5,4,5,1,2,3,4,4,4,2,3,1,1,2,2
M145752,1,4,2,2,3,3,4,5,1,3,2,2,2,2,1,2,2,2,3,3,2,5,1,1,3,3,3,3,1,3,1,5,5,5,2,3,1,3,2,2,1,1,1,1,1,2,1,1,2,2,2,2,1,1,2,2,2,3,3,3,2,4,1,1,5,5,1,1,3,3,2,3,2,3,2,3,5,6,4,4,1,3,4,4,7,7,3,3,3,3,1,2,1,1,3,3,3,3,2,3,3,3,2,2,4,4,2,2,1,1,1,3,4,4,2,5,2,3,1,1,3,3,1,3,1,4,1,2,1,1,1,1,3,3,4,4,2,2,1,3,1,1,2,3,3,3,1,1,4,5,1,1,3,3,3,4,1,1,1,1,1,1,2,2,1,1,1,1,1,1,2,2,2,2,2,2,1,2,1,1,1,3,2,2,4,4,4,4,2,3,2,2,3,3,4,4,2,2,1,2,4,4,2,5,1,3,3,3,2,2,3,3,2,2,3,3,2,2,1,2,2,2,1,1,2,4,1,1,1,4,2,3,3,4,3,4,2,2,4,4,4,4,2,2,1,1,2,2
M145753,1,2,2,2,3,3,3,5,3,3,2,2,2,2,1,1,1,2,3,3,2,2,1,1,3,3,2,2,2,3,1,1,5,5,2,3,1,3,2,2,2,2,1,1,2,2,1,1,2,5,2,2,1,1,2,2,2,2,3,4,2,4,1,3,5,5,1,2,3,4,2,3,2,3,3,3,6,6,4,5,1,3,4,4,7,7,3,3,3,3,1,1,1,1,3,3,3,3,2,2,3,3,2,2,4,4,2,2,1,1,1,3,4,4,4,5,2,4,1,1,3,3,1,3,1,2,1,4,1,2,1,1,3,5,4,4,2,2,1,3,1,1,3,3,3,3,1,1,1,4,1,1,3,3,3,3,1,1,1,1,1,2,2,2,1,1,1,1,1,1,2,2,2,2,2,2,1,2,1,1,1,1,2,3,4,4,4,4,3,3,2,2,3,3,3,4,2,2,2,2,4,4,1,5,1,3,3,3,2,4,3,3,2,3,3,3,2,2,1,2,2,2,1,3,4,4,1,1,1,4,3,3,3,3,4,5,2,3,3,4,3,4,2,2,1,1,2,2
M145754,1,2,2,2,0,0,1,5,2,3,2,2,2,2,2,7,2,2,3,3,3,5,1,1,3,3,3,3,3,3,4,5,3,5,3,3,2,3,2,2,1,1,1,1,1,3,1,1,2,2,2,2,3,3,2,2,1,3,3,4,4,4,1,1,5,5,2,2,4,4,2,2,2,2,3,3,5,5,4,5,1,1,4,4,2,2,3,5,3,3,1,2,1,6,3,3,3,3,2,3,3,4,2,3,3,4,2,3,1,2,1,4,4,4,2,2,3,3,1,1,3,3,3,3,4,4,2,2,1,1,1,1,1,1,4,4,1,2,1,1,1,1,3,3,1,3,1,1,4,4,1,2,3,3,3,4,1,1,1,1,1,2,2,2,1,1,1,1,3,3,2,2,5,5,2,3,3,3,1,1,1,3,2,2,4,4,4,4,3,4,2,2,3,3,4,4,2,2,1,2,4,4,1,1,3,3,3,3,2,2,3,3,2,3,3,3,1,2,2,2,2,2,1,1,2,4,1,1,4,4,1,2,3,3,2,4,1,2,4,4,3,4,2,2,1,1,2,2
M145755,2,4,2,2,3,4,5,5,3,3,2,2,2,2,1,1,2,2,3,3,2,5,1,1,3,3,2,3,1,3,1,1,5,5,2,3,1,3,2,2,2,2,1,1,1,2,1,1,2,5,2,2,1,1,2,2,2,3,3,3,4,4,1,3,5,5,1,2,3,3,2,3,2,2,3,3,5,6,4,5,1,1,4,4,7,7,3,4,3,3,1,1,1,5,3,3,3,4,2,2,1,3,1,2,4,4,2,2,2,2,3,3,4,4,2,5,2,3,1,3,3,3,3,4,1,4,2,4,1,1,1,2,3,5,4,4,2,2,1,1,1,1,2,3,3,3,1,1,4,5,1,1,3,3,3,4,3,3,1,1,1,2,2,2,1,1,1,1,1,3,2,2,2,4,2,2,2,2,1,1,1,3,2,2,4,4,4,4,2,4,2,3,3,3,4,6,2,2,2,2,4,4,3,5,1,3,3,3,2,3,3,3,2,2,3,3,1,2,2,2,2,2,1,1,2,4,1,1,4,4,1,3,3,4,3,3,2,2,3,4,3,4,2,2,1,1,2,2
M145756,2,4,2,2,3,3,5,5,3,3,2,2,2,2,1,7,2,2,3,3,3,5,1,1,3,3,2,2,3,3,1,1,5,5,2,3,1,3,2,2,1,2,1,1,2,2,1,2,2,2,2,2,1,1,2,2,1,2,2,3,2,4,1,1,5,5,1,2,3,4,3,3,2,3,3,3,5,6,4,5,1,2,4,4,7,7,3,3,3,3,1,1,1,5,3,3,3,3,2,2,3,3,2,2,4,4,2,3,1,1,1,3,4,4,1,4,3,4,3,3,2,3,1,3,1,2,1,4,1,2,1,2,3,5,4,4,1,2,1,1,1,1,2,3,3,3,1,1,3,5,1,1,3,3,3,4,1,1,1,2,1,1,2,2,1,1,1,1,1,1,2,2,2,2,2,2,1,2,1,1,1,3,2,3,2,4,4,4,2,3,2,2,3,3,4,4,2,2,2,2,4,4,1,1,3,3,3,3,2,4,3,3,2,3,1,3,2,2,2,2,2,2,1,3,2,4,1,1,1,4,3,3,3,3,3,3,2,2,4,4,3,4,2,4,1,1,2,2
M145757,1,4,2,2,3,3,5,5,3,3,2,2,2,2,2,7,2,2,3,3,2,5,1,1,3,3,2,3,3,3,1,5,3,5,2,3,1,3,2,2,1,2,1,1,1,2,1,1,2,2,2,2,1,1,2,2,2,3,3,3,4,4,1,1,5,5,1,1,3,3,2,2,2,3,3,3,5,5,4,4,1,3,4,4,7,7,3,3,3,3,1,1,1,5,3,3,3,3,2,2,3,4,2,3,4,4,2,3,2,2,1,3,4,4,2,5,2,3,1,3,3,3,1,3,2,4,1,4,1,2,1,1,3,3,4,4,1,1,1,1,1,1,1,3,3,3,1,1,3,5,1,2,3,5,3,3,1,1,1,1,1,1,2,2,1,1,1,1,1,1,2,2,2,5,2,2,2,4,1,1,3,3,2,2,4,4,4,4,2,3,2,2,3,3,4,4,2,2,2,2,4,4,3,5,3,3,3,3,2,2,3,3,2,3,3,3,1,2,1,2,2,2,1,1,4,4,1,1,4,4,2,3,3,5,3,4,1,2,3,4,3,4,2,2,1,1,2,2
M145758,2,2,2,2,3,4,5,5,3,3,2,2,2,2,1,1,2,2,3,3,2,5,1,1,3,3,3,3,1,3,1,5,5,5,2,3,1,1,2,2,1,1,1,1,1,1,1,1,2,3,2,2,1,1,2,2,2,3,3,4,4,4,1,1,5,5,1,1,1,3,2,3,2,2,3,3,5,6,4,4,1,2,4,4,7,7,3,3,3,3,1,1,1,1,3,3,3,4,2,2,1,3,1,2,4,4,2,2,1,2,3,3,4,4,2,5,3,3,1,3,2,3,1,3,4,4,1,4,1,1,1,2,3,5,4,4,1,2,1,1,1,1,3,3,3,3,1,1,1,4,1,1,3,3,4,4,1,3,1,1,1,2,2,2,1,1,1,1,1,3,2,2,2,5,2,2,2,2,1,1,1,1,2,2,4,4,4,4,3,4,2,2,3,3,4,6,2,2,2,2,4,5,1,3,1,3,3,3,3,3,3,3,2,3,3,3,1,2,2,2,2,5,1,1,4,4,1,1,1,4,1,3,3,4,3,4,1,2,4,4,4,4,2,2,1,1,2,2
M145759,2,2,2,2,3,3,3,5,3,3,2,2,2,2,2,7,1,1,4,4,1,5,1,1,3,3,3,3,2,3,1,1,3,5,2,3,1,3,2,2,1,2,1,1,2,4,1,1,2,2,2,2,1,2,2,2,2,3,3,3,2,4,1,1,5,5,1,2,3,4,2,2,2,3,3,3,5,6,4,4,2,2,4,4,7,7,3,3,3,3,1,1,5,5,3,3,3,3,2,2,1,3,2,2,4,4,1,2,1,2,1,3,4,4,2,3,3,3,3,3,2,3,3,3,2,5,2,4,1,2,1,1,1,1,4,4,2,2,2,2,1,1,2,2,1,3,1,1,4,4,1,1,3,3,3,4,1,3,1,1,2,2,2,2,1,1,1,1,1,3,2,2,2,2,2,2,2,4,1,1,1,1,2,3,4,4,4,4,2,3,2,3,3,4,2,3,2,2,1,2,4,4,3,3,1,1,3,3,2,3,3,3,2,2,3,3,1,2,1,1,2,5,1,1,4,4,1,2,3,4,3,3,5,6,3,4,1,1,4,4,4,4,2,3,1,1,2,2
M145760,4,4,2,2,3,4,5,5,3,3,2,2,2,2,1,1,2,2,3,3,2,2,1,1,3,3,2,3,3,3,1,1,5,5,2,3,1,3,2,2,2,2,1,1,1,1,1,1,2,5,2,2,1,1,2,2,2,2,3,4,2,4,1,3,5,5,1,1,3,3,2,3,2,2,3,3,5,6,4,4,1,1,4,4,7,7,3,3,3,3,1,2,1,5,3,3,1,3,2,2,1,3,1,2,4,4,1,2,1,2,3,3,4,4,2,5,3,3,1,1,2,3,1,4,4,4,2,4,1,1,1,2,0,0,4,4,1,1,1,1,1,1,3,3,3,3,1,1,4,5,1,1,3,3,3,4,1,1,1,1,1,2,2,2,1,1,1,1,1,3,2,2,2,5,2,2,1,2,1,1,1,1,2,2,4,4,4,4,2,4,3,3,3,3,4,4,2,2,2,2,4,4,1,3,1,3,3,3,2,3,3,3,2,2,3,3,1,2,2,2,2,2,1,1,2,4,1,1,1,1,1,3,3,5,3,4,1,1,3,4,4,4,2,2,1,1,2,2
M145761,1,3,2,2,3,3,3,5,1,3,2,2,2,2,1,1,1,1,3,3,2,5,1,1,3,3,3,3,3,3,1,1,2,5,2,3,3,3,2,2,1,2,1,1,1,2,1,2,2,5,2,2,1,3,2,2,3,3,3,3,4,4,1,1,5,5,1,2,1,3,2,3,2,2,3,3,5,5,4,4,3,3,4,4,1,7,2,3,3,3,1,2,4,4,3,3,3,3,3,3,3,3,2,3,3,4,2,2,1,2,1,3,2,4,2,4,1,3,1,1,3,3,2,3,2,4,4,6,1,2,2,2,1,1,4,4,2,2,1,3,1,3,3,3,3,3,1,1,1,4,1,2,3,3,3,3,1,1,1,2,1,1,2,3,1,1,1,1,3,3,1,2,3,5,2,2,3,4,1,1,1,1,2,3,2,4,4,4,3,3,2,2,3,3,3,4,2,2,1,2,4,5,1,3,3,3,2,3,2,2,1,3,2,3,1,3,1,1,1,2,2,2,1,1,4,4,1,1,1,1,2,2,5,5,4,4,1,2,4,4,4,4,2,2,1,1,2,2
M145762,2,4,2,2,3,3,3,5,3,3,2,2,2,2,1,7,2,2,3,3,2,5,1,1,3,3,3,3,3,3,1,1,3,5,1,2,1,1,2,2,1,1,1,1,2,4,1,1,2,2,2,2,1,2,2,2,1,2,2,3,4,4,1,1,5,5,1,1,1,3,2,3,2,2,3,3,5,5,4,4,1,2,4,4,7,7,3,3,3,3,1,1,5,5,3,3,3,3,2,2,1,3,2,2,3,4,1,2,2,2,1,1,4,4,1,2,3,3,1,1,2,3,3,3,4,4,2,6,1,1,1,1,3,3,4,4,2,2,1,2,1,1,2,3,3,3,1,1,1,4,1,1,3,3,4,4,1,1,1,1,1,2,2,2,1,1,1,1,1,3,2,2,2,2,2,2,2,2,1,2,1,3,2,2,4,4,4,4,2,3,2,3,3,3,3,4,2,2,1,2,4,4,1,3,1,3,3,3,2,3,3,3,2,2,3,3,2,2,2,2,2,2,1,1,2,2,1,1,4,4,3,3,1,3,3,4,1,2,4,4,3,4,2,2,1,1,2,2
M145763,2,2,2,2,3,4,5,5,3,3,2,2,2,2,1,7,1,2,3,3,2,5,1,1,3,3,2,3,3,3,1,1,2,5,2,3,1,1,2,2,1,2,1,1,1,2,1,1,2,3,2,2,1,1,2,2,2,3,3,3,4,4,1,1,5,5,1,2,1,3,3,3,2,3,3,3,5,5,4,4,1,2,4,4,1,7,3,3,3,3,1,1,1,5,3,3,3,4,2,2,1,3,1,2,4,4,2,2,1,2,1,3,2,4,1,2,2,3,1,3,2,3,1,4,1,4,1,4,1,1,1,2,3,3,4,4,1,2,1,1,1,1,3,3,3,3,1,1,4,5,1,1,3,3,3,4,1,3,1,2,1,2,2,2,1,1,1,1,1,3,2,2,2,4,2,2,2,2,1,1,1,3,2,2,2,4,4,4,3,4,2,3,3,3,4,6,2,2,1,2,4,5,3,5,1,3,3,3,3,3,3,3,2,3,1,3,1,2,2,2,2,5,1,1,2,4,1,1,4,4,1,3,3,4,3,4,2,2,4,4,3,4,2,2,1,1,2,2
M145764,2,2,2,2,3,4,5,5,1,3,2,2,2,2,1,7,1,1,3,3,2,5,1,1,3,3,3,3,1,3,1,1,2,5,2,3,1,3,2,2,1,2,1,1,1,2,1,1,2,3,2,2,1,1,2,2,2,3,3,3,4,4,1,1,5,5,1,2,1,4,2,3,3,6,3,3,5,5,4,5,2,2,4,4,1,1,3,4,3,3,1,1,1,2,3,3,3,4,2,2,1,3,1,2,3,4,2,2,1,2,3,3,2,4,2,2,3,3,1,3,3,3,3,3,4,4,4,6,1,1,1,2,3,3,4,4,1,2,1,1,1,1,2,3,3,3,1,1,4,4,1,1,3,3,4,4,1,3,1,2,1,2,2,2,1,1,1,1,3,3,2,2,2,5,2,2,2,4,1,1,1,1,2,3,2,4,4,4,3,4,2,2,3,3,2,6,2,2,1,1,4,5,1,3,1,1,2,3,2,3,3,3,2,2,1,3,1,2,1,2,2,5,1,1,4,4,1,2,3,4,1,3,3,4,3,3,1,2,4,4,3,4,2,3,1,1,2,2
M145765,2,4,2,2,3,3,4,5,3,3,2,2,2,3,1,1,1,2,3,3,2,5,1,1,3,3,3,3,2,2,1,5,5,5,2,3,3,3,2,2,1,2,1,1,1,4,1,2,2,2,2,2,1,1,2,2,2,2,2,3,4,4,1,1,5,5,1,2,3,3,2,3,2,2,2,3,6,6,4,4,2,3,4,4,7,7,3,3,3,3,1,1,1,1,3,3,3,3,2,3,3,3,2,2,3,4,3,3,2,2,1,3,4,4,2,4,3,4,3,3,3,3,3,3,5,5,2,6,1,1,2,2,1,1,4,4,2,2,3,3,1,3,2,2,3,3,1,1,4,5,2,2,3,3,3,4,3,3,1,1,2,2,2,2,1,1,1,1,3,4,2,2,2,2,2,2,2,3,1,1,1,1,2,3,4,4,4,4,3,4,2,2,3,3,4,4,1,2,2,2,4,4,1,1,3,3,2,3,2,3,3,3,2,3,3,3,2,2,2,2,2,2,1,3,4,4,1,2,1,4,2,3,5,5,3,3,1,2,3,3,3,4,2,2,1,1,2,2
M145766,2,4,2,2,3,3,3,4,3,3,2,2,2,3,1,7,2,2,3,4,2,5,1,1,3,3,3,3,2,3,1,1,3,3,2,3,1,3,2,2,1,2,1,3,1,1,1,1,2,2,2,2,1,1,2,2,2,3,2,2,2,4,1,1,5,5,1,1,3,3,2,3,3,3,3,3,5,5,4,4,2,3,4,4,2,7,3,3,3,3,1,1,1,1,3,3,3,3,2,3,3,4,2,3,3,4,1,3,2,2,3,3,4,4,2,2,3,3,1,1,2,3,3,3,4,5,2,4,1,1,1,2,1,1,4,4,1,2,1,3,1,3,2,2,3,3,1,1,5,5,1,1,3,3,3,4,3,3,1,1,1,2,2,2,1,1,1,1,1,4,2,2,2,2,2,2,3,4,1,1,1,3,2,2,4,4,4,4,3,4,2,2,3,3,4,4,1,2,1,1,4,4,1,1,1,3,2,3,2,2,3,3,2,3,3,3,1,1,2,2,2,2,1,1,4,4,1,2,3,4,1,3,5,5,4,4,2,2,4,4,2,4,2,2,1,1,2,2
M145767,4,4,2,2,3,3,4,5,3,3,2,2,2,2,1,2,2,2,3,3,2,5,1,1,3,3,1,3,2,2,5,5,2,5,3,3,3,3,2,2,2,2,1,3,1,4,1,2,2,2,2,2,1,1,2,2,2,2,2,2,2,4,1,1,5,5,1,1,3,3,3,3,3,3,3,3,5,5,4,4,1,1,3,3,7,7,3,3,3,3,1,2,1,4,3,3,3,3,0,0,2,3,2,3,3,4,1,2,2,2,1,3,4,4,2,2,3,3,1,1,3,3,1,3,2,4,1,1,2,2,2,2,1,3,4,4,1,2,5,5,1,1,2,3,3,3,1,1,3,4,1,1,3,3,3,3,1,1,1,1,1,2,2,2,1,1,1,1,1,1,2,2,2,2,2,2,2,4,1,1,1,1,2,2,4,4,4,4,3,3,0,0,3,3,4,4,2,2,1,2,4,4,1,1,3,3,3,3,2,3,3,3,2,2,3,3,1,1,1,1,2,2,1,1,2,2,1,2,3,3,1,3,5,6,4,4,1,1,4,4,2,4,2,2,1,1,2,2
M145768,2,4,2,2,3,3,5,5,1,3,2,2,2,2,1,7,1,2,3,3,2,5,1,1,3,3,3,3,1,3,1,1,5,5,2,3,3,3,2,2,1,2,1,1,1,1,1,1,2,2,2,2,1,1,2,2,2,3,3,3,2,4,1,1,5,5,1,2,3,4,2,3,2,6,3,3,5,5,4,4,1,2,4,4,7,7,3,3,3,3,1,2,1,1,3,3,3,4,2,2,1,3,2,2,3,4,2,2,1,1,3,3,4,4,2,2,3,3,1,3,3,3,3,3,4,5,2,4,1,1,1,2,3,5,4,4,1,2,1,1,1,1,2,3,3,3,1,1,4,4,1,1,3,3,4,4,1,1,1,1,2,2,2,2,1,1,1,1,3,3,2,2,2,4,2,2,2,4,1,1,1,1,2,3,4,4,4,4,3,4,2,2,3,3,3,4,2,2,1,2,4,4,1,3,1,1,2,3,3,4,3,3,2,2,3,3,1,1,1,2,2,5,1,1,4,4,1,1,4,4,1,2,3,5,3,5,1,2,4,4,3,4,2,3,1,1,2,2
M145769,2,4,2,2,3,3,4,5,3,3,2,2,2,3,1,2,1,2,3,3,2,5,1,1,3,3,3,3,1,1,1,5,5,5,2,3,3,3,2,2,1,2,1,1,1,2,1,2,2,2,2,3,1,2,2,2,2,3,3,3,3,4,1,3,5,5,1,1,1,1,2,3,2,3,3,3,5,6,4,4,1,3,3,4,7,7,3,3,3,3,1,1,5,5,1,3,3,3,2,3,3,3,1,2,4,4,1,2,1,2,1,3,4,4,2,4,3,3,1,3,3,3,3,3,4,4,6,6,1,1,1,1,3,5,4,4,2,2,1,3,1,1,2,3,3,3,1,1,1,3,1,1,3,3,1,1,1,1,1,1,1,2,2,2,1,1,1,1,1,3,2,2,2,2,2,2,2,3,1,1,1,1,2,3,4,4,4,4,3,3,2,3,3,4,4,4,2,2,2,2,4,4,3,3,1,3,3,3,3,4,1,3,2,3,3,3,1,2,1,2,2,5,1,1,2,4,1,1,1,4,1,3,1,6,3,4,2,3,4,4,3,4,2,2,1,1,2,2
M145770,1,2,2,2,3,3,5,5,3,3,2,2,2,2,7,7,2,2,3,3,2,5,1,1,3,3,2,3,3,3,1,5,5,5,2,3,1,3,2,2,1,2,1,1,1,2,1,2,2,5,2,2,1,1,2,2,1,2,3,4,4,4,1,3,5,5,2,2,3,4,3,3,2,2,3,3,5,5,4,5,1,2,4,4,7,7,3,3,3,3,1,1,1,5,3,3,3,3,2,2,3,3,2,2,4,4,2,3,1,1,1,3,4,4,1,2,3,3,1,3,2,3,1,3,2,4,2,4,1,2,1,2,3,5,4,4,2,2,1,3,1,1,2,3,3,3,1,1,1,4,1,1,3,3,3,4,1,1,1,1,1,2,2,2,1,1,1,1,1,1,2,2,2,2,2,2,1,2,1,1,1,3,2,3,4,4,4,4,3,3,2,2,3,3,3,4,2,2,2,2,4,4,1,3,1,3,3,4,3,4,3,3,2,3,3,3,2,2,1,2,2,2,1,1,2,4,1,1,1,4,2,3,3,5,4,5,2,3,3,4,3,4,2,4,1,1,2,2
M145771,1,2,2,2,3,3,4,5,3,3,2,2,2,2,1,7,2,2,3,3,1,2,1,1,3,3,2,3,3,3,1,5,5,5,2,3,1,3,2,2,1,2,1,1,1,1,1,1,2,5,2,2,1,1,2,2,1,3,3,3,2,4,1,3,5,5,1,2,3,4,2,3,2,2,2,3,5,5,1,4,1,2,4,4,1,7,3,3,3,3,1,1,1,1,3,3,3,3,2,2,3,4,2,3,4,4,2,3,1,2,1,1,4,4,2,5,3,3,1,3,2,3,1,1,4,4,1,4,1,1,1,2,3,3,4,4,1,2,1,3,1,1,3,3,3,3,1,1,1,4,1,1,3,3,4,4,1,3,1,2,1,1,2,2,1,1,1,1,1,1,2,2,2,5,2,2,1,2,1,1,1,1,2,2,2,4,4,4,3,3,2,2,3,3,3,4,2,2,2,2,4,4,1,2,3,3,3,3,3,3,3,3,2,3,1,3,1,2,2,2,2,2,1,1,2,4,1,1,1,1,1,3,3,3,4,4,1,2,3,4,4,4,2,2,1,1,2,2
M145772,2,4,2,2,3,3,4,5,1,3,2,2,2,2,1,7,1,2,3,3,2,5,1,1,3,3,3,3,1,3,1,5,2,5,2,3,1,3,2,2,1,2,1,1,1,2,1,2,2,3,2,3,1,1,2,2,2,3,3,3,2,4,1,1,5,5,1,2,1,3,2,3,2,3,3,3,5,6,4,5,1,2,3,4,1,7,3,4,3,3,1,2,1,5,1,3,3,4,2,2,1,3,2,2,3,4,1,2,1,2,1,3,2,4,3,4,3,4,1,3,3,3,3,4,4,4,2,4,1,1,1,2,3,5,4,4,2,2,1,3,1,1,2,3,3,3,1,1,3,4,1,1,3,3,1,3,1,1,1,1,1,2,2,2,1,1,1,1,1,3,2,2,2,4,2,2,2,4,1,1,1,1,2,3,2,4,4,4,3,4,2,3,3,4,2,4,2,2,1,2,4,5,3,3,1,3,3,3,2,3,3,3,2,3,1,3,1,2,1,2,2,5,1,1,2,4,1,2,3,4,1,3,3,5,3,4,1,2,4,4,3,4,2,3,1,1,2,2
M145773,4,4,1,2,3,3,4,5,1,1,1,2,2,2,1,2,2,2,3,3,1,5,1,1,3,3,1,3,2,3,1,5,5,5,2,2,1,3,2,2,1,2,1,1,4,4,1,1,2,5,2,2,1,3,2,2,1,1,3,3,2,4,3,3,5,5,1,2,1,4,2,3,2,3,3,3,5,5,4,4,1,3,4,4,7,7,1,3,3,3,1,1,1,1,3,3,3,3,3,3,1,3,1,3,4,4,2,3,2,2,3,3,4,4,2,5,3,4,1,1,3,3,2,3,4,4,2,4,1,1,1,2,1,3,4,4,2,2,3,3,1,1,1,2,3,4,1,1,4,4,1,1,3,3,3,4,1,1,1,1,1,1,2,2,1,1,1,1,3,3,1,2,2,2,2,2,2,4,1,1,1,1,2,2,4,4,4,4,3,3,2,4,3,4,4,4,2,2,2,2,4,4,1,1,3,3,3,3,2,3,3,3,1,2,3,3,2,3,1,2,2,2,1,1,4,4,1,2,1,1,1,3,1,3,4,4,1,2,4,4,2,4,2,2,1,2,2,2
M145774,2,4,2,2,3,3,5,5,3,3,2,2,2,2,1,2,1,2,3,3,2,5,1,1,3,3,2,3,1,3,1,5,2,5,2,3,1,3,2,2,2,2,1,1,1,1,1,1,2,3,2,2,1,1,2,2,2,3,3,4,4,4,1,1,5,5,1,1,1,3,2,3,2,2,3,3,6,6,4,4,1,1,4,4,1,7,3,3,3,3,1,1,1,1,3,3,1,3,2,2,1,3,2,2,4,4,1,2,1,2,3,3,2,4,2,5,2,3,1,3,2,3,1,4,4,4,2,4,1,1,1,2,3,3,4,4,1,1,1,1,1,1,3,3,3,3,1,1,1,4,1,1,3,3,3,4,1,3,1,2,1,2,2,2,1,1,1,1,1,3,2,2,2,4,2,2,2,2,1,1,1,3,2,2,2,4,4,4,2,4,2,2,3,3,4,6,2,2,1,2,4,4,3,5,1,3,3,3,3,3,3,3,2,2,1,3,1,2,2,2,2,5,1,1,2,4,1,1,1,4,1,3,3,4,4,4,1,2,4,4,4,4,2,2,1,1,2,2
M145775,1,3,2,2,3,3,3,5,3,3,2,2,2,3,1,1,1,2,3,3,2,2,1,1,3,3,3,3,3,3,1,3,5,5,2,3,3,3,2,2,1,1,1,1,1,1,1,1,2,2,2,2,1,1,2,2,3,3,3,3,4,4,1,1,5,5,1,2,3,3,2,3,2,2,3,3,5,5,4,4,3,3,4,4,7,7,2,3,3,3,1,2,1,1,3,3,3,3,2,3,3,3,2,2,3,4,2,2,1,2,3,3,4,4,2,4,1,3,2,3,3,3,2,3,1,2,1,4,1,2,2,2,1,1,4,4,1,2,1,3,1,1,3,3,3,3,1,1,1,4,1,1,3,3,3,3,1,1,1,1,1,2,2,3,1,2,1,1,3,3,1,1,3,5,2,2,3,4,1,1,1,3,2,3,4,4,4,4,3,3,2,2,1,4,3,4,2,2,1,2,4,5,1,3,2,3,2,3,2,3,1,3,2,3,3,3,1,1,2,2,2,2,1,1,4,4,1,1,1,4,1,2,3,5,4,5,1,1,4,5,3,4,2,2,1,3,2,2
M145776,2,4,2,2,3,4,5,5,3,3,2,2,2,2,1,2,2,2,3,3,2,5,1,1,3,3,2,3,3,3,1,5,5,5,2,3,1,1,2,2,1,2,1,1,1,2,1,1,2,3,2,2,1,1,2,2,2,3,3,4,4,4,1,1,5,5,1,2,1,3,2,3,2,2,3,3,6,6,4,5,1,2,4,4,7,7,3,4,3,3,1,1,1,5,3,3,3,4,2,2,1,3,1,2,4,4,2,2,2,2,1,3,4,4,2,5,2,3,1,3,3,3,1,4,4,4,2,4,1,1,1,2,3,5,4,4,1,2,1,1,1,1,2,3,3,3,1,1,4,5,1,1,3,3,3,4,3,3,1,1,1,2,2,2,1,1,1,1,1,3,2,2,2,5,2,2,2,2,1,1,1,3,2,2,4,4,4,4,3,4,3,3,3,3,4,6,2,2,2,2,4,5,3,5,1,3,3,3,3,3,3,3,2,2,3,3,1,2,2,2,2,2,1,1,4,4,1,1,4,4,1,3,3,4,4,4,1,2,4,4,4,4,2,2,1,1,2,2
M145777,1,2,2,2,3,3,1,5,2,3,2,2,2,2,2,7,1,2,3,3,2,3,1,1,3,3,3,3,2,3,1,4,3,3,3,3,3,3,2,2,1,2,1,1,1,4,1,1,2,3,2,2,1,3,2,2,1,3,3,4,4,4,1,1,5,5,1,1,1,4,2,3,2,2,3,3,4,5,5,5,3,3,3,4,2,7,3,5,3,3,1,2,1,6,3,3,1,3,3,3,3,4,2,3,4,4,1,3,1,2,3,4,4,4,1,2,3,4,1,1,3,3,3,3,2,4,2,4,1,2,1,1,1,3,4,4,1,2,1,1,1,3,2,3,1,3,1,1,4,5,1,2,3,3,1,4,1,1,1,1,1,2,2,2,1,1,1,1,3,3,2,2,5,5,2,3,2,2,1,3,1,3,2,2,4,4,4,5,2,3,2,2,3,3,4,4,2,2,1,2,4,5,1,3,1,3,3,3,2,3,3,3,2,3,3,3,1,2,2,2,2,2,1,1,2,2,1,1,4,4,1,2,3,5,4,4,1,2,4,4,3,4,2,2,1,1,2,2
M145778,1,2,2,2,3,3,5,5,3,3,2,2,2,2,1,2,2,2,2,3,2,2,1,1,3,3,2,3,2,3,1,5,5,5,2,3,1,3,2,2,2,2,1,1,2,4,1,1,2,2,2,2,1,3,2,2,2,2,3,3,4,4,1,1,5,5,1,2,3,3,2,2,2,3,3,3,5,6,4,4,1,3,3,4,7,7,3,3,3,3,1,1,5,5,3,3,3,3,2,3,1,3,2,2,4,4,2,2,2,2,1,1,4,4,1,5,2,3,1,1,3,3,1,3,4,4,2,4,1,1,1,2,3,5,4,4,1,2,1,1,1,1,3,3,3,3,1,1,4,5,1,1,3,3,3,3,1,1,1,2,1,1,2,2,1,1,1,1,1,3,2,2,2,5,2,2,2,2,1,1,1,1,2,2,2,4,4,4,2,4,2,2,3,3,4,4,1,2,2,2,4,4,1,5,3,3,3,3,2,3,3,3,2,3,1,3,1,2,2,2,2,5,1,3,2,3,1,1,1,4,1,3,3,3,4,4,1,2,4,4,4,4,2,2,1,1,2,2
M145779,1,4,2,2,3,3,3,5,3,3,2,2,2,2,1,1,1,2,3,3,2,2,1,1,3,3,2,2,3,3,1,5,5,5,2,2,1,3,2,2,2,2,1,1,2,4,1,2,2,5,2,2,1,1,2,2,1,2,2,3,4,4,1,3,5,5,1,2,3,4,2,3,2,2,3,3,6,6,4,5,1,3,4,4,7,7,3,3,3,3,1,1,1,1,3,3,3,3,2,2,3,3,2,2,4,4,2,3,1,2,1,3,4,4,2,5,3,3,1,1,3,3,1,3,4,4,1,6,1,1,1,2,3,5,4,4,2,2,1,3,1,1,3,3,3,3,1,1,3,5,1,1,3,3,3,4,1,1,1,1,1,1,2,2,1,1,1,1,1,1,2,2,2,2,2,2,2,2,1,1,1,1,2,3,4,4,4,4,2,3,2,2,3,3,3,4,2,2,2,2,4,4,1,3,3,3,3,4,2,3,3,3,2,2,3,3,2,2,1,2,2,2,1,1,4,4,1,1,1,4,3,3,3,5,3,3,2,2,3,4,3,4,2,4,1,1,2,2
M145780,1,4,2,2,3,3,3,3,3,3,2,2,2,2,7,7,1,2,3,3,2,3,1,1,3,3,2,3,2,3,1,1,5,5,3,3,3,3,2,2,1,2,1,1,1,4,1,1,2,2,2,2,1,1,2,2,1,2,2,3,2,4,1,1,5,5,1,2,1,4,3,3,2,2,3,3,5,5,4,5,1,3,4,4,1,7,3,5,3,3,1,2,1,1,3,3,3,3,2,2,3,3,2,2,4,4,2,2,1,1,3,3,4,4,2,2,3,3,1,1,3,3,2,3,2,4,2,4,1,2,1,1,3,5,4,4,1,2,1,3,1,1,2,3,1,3,1,1,4,4,1,1,3,3,3,3,1,3,1,2,2,2,2,2,1,1,1,1,1,3,1,2,2,5,2,2,2,3,1,1,1,1,2,3,2,4,4,4,3,3,2,2,1,3,3,3,2,2,1,2,4,4,3,3,3,3,4,4,2,3,3,3,2,2,1,3,1,2,2,2,2,2,1,3,4,4,1,2,1,1,1,3,5,5,3,4,1,2,4,4,3,3,2,2,1,3,2,2
M145781,2,2,2,2,3,3,5,5,3,3,2,2,2,2,7,7,2,2,3,3,3,5,1,1,3,3,2,3,3,3,1,1,5,5,2,3,1,3,2,2,1,1,1,1,1,2,1,1,2,5,2,2,1,1,2,2,1,2,2,3,2,4,1,1,5,5,1,1,3,4,3,3,2,3,3,3,5,5,4,5,1,3,4,4,1,7,3,3,3,3,1,1,1,1,3,3,3,3,2,2,3,3,2,2,4,4,2,2,1,1,1,3,4,4,1,4,3,4,3,3,2,3,1,3,1,2,2,4,1,2,1,1,3,5,4,4,1,2,1,3,1,1,2,3,3,3,1,1,1,4,1,1,3,3,3,4,1,1,1,2,1,2,2,2,1,1,1,1,1,1,2,2,2,2,2,2,1,2,1,1,1,3,2,3,2,4,4,4,3,3,0,0,3,4,4,4,2,2,2,2,4,4,1,1,1,3,3,3,3,4,3,3,3,3,1,3,2,2,2,2,2,2,1,3,2,4,1,2,1,4,2,3,3,3,3,4,2,2,3,4,3,4,2,2,1,1,2,2
M145782,2,2,1,2,4,4,3,4,1,3,2,2,2,2,1,2,1,2,3,3,5,5,1,1,3,3,3,3,3,3,1,1,3,5,2,3,1,3,2,2,1,1,1,1,1,2,1,1,2,2,2,2,1,2,2,2,3,3,2,3,2,4,1,1,5,5,1,2,3,4,2,2,3,6,3,3,4,5,4,5,2,2,4,4,7,7,2,3,3,3,1,1,5,5,3,3,3,3,2,2,1,3,2,2,3,3,1,2,1,2,1,3,4,4,2,3,3,4,1,3,3,3,3,3,2,5,4,6,1,2,1,1,3,3,4,4,2,2,1,2,1,1,3,3,1,3,1,1,3,4,1,1,3,3,3,4,1,3,1,1,2,2,2,2,1,1,1,1,1,3,2,2,2,2,2,2,2,4,1,1,1,3,2,2,4,4,4,4,3,3,2,2,3,4,3,3,2,2,1,1,4,4,1,3,1,1,3,3,2,2,3,3,2,2,3,3,1,2,1,2,2,5,1,1,4,4,1,1,1,3,2,3,5,6,3,5,1,1,4,4,3,4,2,2,1,1,2,2
M145783,2,4,2,2,3,4,5,5,3,3,2,2,2,2,1,2,2,2,3,3,2,5,1,1,3,3,3,3,1,3,1,1,2,5,2,3,1,3,2,2,1,1,1,1,1,2,1,1,2,5,2,2,1,1,2,2,2,3,3,4,2,4,1,3,5,5,1,2,3,3,2,3,2,2,3,3,6,6,4,4,1,1,4,4,1,7,3,3,3,3,1,2,1,5,3,3,3,4,2,2,1,3,1,2,4,4,2,2,1,1,1,3,2,4,2,5,2,3,1,3,2,3,3,3,1,4,1,4,1,1,1,2,3,3,4,4,1,2,1,1,1,1,3,3,3,3,1,1,4,5,1,1,3,3,3,4,1,1,1,2,1,2,2,2,1,1,1,1,1,3,2,2,2,4,2,2,1,2,1,1,1,1,2,2,2,4,4,4,2,4,2,2,3,3,4,4,2,2,1,2,4,4,3,5,1,3,3,3,2,3,3,3,2,3,1,3,1,2,2,2,2,5,1,1,2,4,1,1,1,4,1,3,3,5,4,4,1,2,3,4,4,4,2,2,1,1,2,2
M145784,1,3,2,2,3,3,3,5,1,3,2,2,2,2,2,7,2,2,3,3,2,5,1,1,3,3,3,3,3,3,1,3,2,5,2,3,1,3,2,2,1,2,1,1,1,2,1,2,2,2,2,2,1,3,2,2,2,3,3,3,4,4,1,1,5,5,1,2,3,4,2,2,2,2,3,3,5,6,4,4,2,3,4,4,1,7,3,3,3,3,1,2,1,1,3,3,3,3,2,3,3,3,2,2,3,4,2,2,2,2,1,3,2,4,2,2,3,3,1,1,2,3,3,3,1,2,1,4,1,2,2,2,1,1,4,4,1,2,1,3,1,3,3,3,3,3,1,1,1,4,1,2,3,3,3,4,1,1,1,2,1,1,2,2,1,1,1,1,1,3,1,2,1,3,2,2,2,3,1,1,1,1,2,2,2,4,4,4,3,3,2,2,3,4,3,4,2,2,1,2,4,4,3,3,2,3,3,3,2,2,1,3,2,3,1,3,1,1,1,2,2,2,1,1,4,4,1,1,1,4,1,2,5,5,4,4,1,2,4,5,2,3,2,2,1,1,2,2
M145785,1,3,2,2,0,0,3,5,3,3,2,2,2,2,2,7,2,2,3,3,2,2,1,1,3,3,3,3,1,2,4,5,3,5,3,3,2,3,2,2,1,2,1,3,2,4,1,1,2,2,2,2,3,3,2,2,1,3,3,3,4,4,1,1,5,5,1,2,4,4,3,3,2,2,3,3,4,5,4,5,1,3,3,4,2,7,1,3,3,3,1,2,2,6,3,3,1,3,2,3,3,4,2,3,3,4,1,3,1,2,1,4,4,4,1,5,3,4,1,1,3,3,3,3,4,4,2,6,1,1,1,1,3,5,4,4,1,2,1,1,1,3,3,3,1,3,1,1,4,5,1,2,3,3,1,4,1,1,1,1,1,2,2,2,1,1,1,1,3,4,2,2,5,5,2,2,3,3,2,3,1,1,2,2,4,4,4,5,2,3,2,2,3,4,4,6,2,2,2,2,4,4,1,3,3,3,3,3,2,3,3,3,2,2,3,3,1,2,1,2,2,2,1,1,2,2,1,1,4,4,1,2,3,5,2,4,1,2,4,4,4,4,2,2,1,1,2,2
M145786,2,2,1,2,3,4,4,5,3,3,2,2,2,2,2,7,1,2,3,4,2,5,1,1,3,3,3,3,3,3,1,1,5,5,2,3,3,3,2,2,1,1,1,1,1,4,1,1,2,5,2,2,1,3,2,2,2,3,3,4,4,4,1,1,5,5,1,2,3,3,2,3,2,2,3,3,5,5,4,4,1,3,4,4,7,7,3,3,3,3,1,1,1,1,3,3,3,3,2,2,1,3,2,2,4,4,2,3,2,2,3,3,4,4,3,5,3,4,3,3,2,3,3,3,4,5,6,6,1,1,1,1,1,1,4,4,1,1,2,3,1,1,2,3,1,3,1,1,1,4,1,1,3,3,3,4,1,3,1,1,1,2,1,2,1,1,1,1,3,3,2,2,2,2,2,2,3,4,1,1,1,1,2,3,4,4,4,4,3,3,2,2,4,4,3,4,2,2,2,2,4,4,1,1,1,3,3,4,3,4,3,3,2,2,3,3,1,1,1,2,2,2,1,1,4,4,1,2,4,4,2,3,3,6,2,5,2,3,3,4,2,3,2,2,1,1,2,2
M145787,1,4,2,2,3,3,5,5,3,3,2,2,2,2,1,7,1,2,3,3,2,5,1,1,3,3,2,3,1,3,1,5,5,5,2,3,1,3,2,2,2,2,1,1,1,2,1,2,2,5,2,2,1,3,2,2,1,2,3,3,4,4,1,1,5,5,1,2,3,3,2,3,2,2,3,3,5,6,4,4,1,3,4,4,1,7,3,3,3,3,1,2,1,5,3,3,3,3,2,2,3,3,2,2,3,4,2,2,1,2,3,3,4,4,2,5,2,4,1,1,2,3,1,3,4,4,2,4,1,1,1,1,3,3,3,4,1,2,1,3,1,1,3,3,3,3,1,1,1,4,1,1,3,5,3,3,3,3,1,3,1,2,2,2,1,1,1,1,1,4,2,2,2,3,2,2,2,3,1,1,1,3,2,2,2,4,4,4,3,4,2,2,3,3,4,4,1,2,2,2,4,6,3,5,3,3,3,3,2,2,1,3,2,2,1,3,2,2,2,2,2,2,1,3,2,4,1,1,1,1,3,3,3,5,3,4,2,2,3,4,2,4,2,3,1,1,2,2
M145788,1,4,2,2,3,3,5,5,3,3,1,2,2,2,1,1,2,2,3,3,1,5,1,1,2,3,3,3,3,3,1,1,2,5,3,3,3,3,2,2,1,2,1,3,1,2,1,1,2,2,2,2,1,3,2,2,2,2,4,4,3,4,1,1,5,5,1,1,1,1,2,3,2,3,3,3,5,5,4,4,1,3,2,4,7,7,3,3,3,3,1,1,1,1,3,3,3,3,3,3,3,3,2,3,4,4,2,2,2,2,3,3,4,4,2,5,3,4,1,1,3,3,3,3,1,7,1,6,1,1,2,2,1,4,4,4,2,2,2,3,1,1,3,3,3,3,1,1,4,4,1,1,3,3,1,3,1,1,1,1,1,1,2,2,1,1,1,1,3,3,2,2,2,3,2,2,3,3,1,2,1,1,2,2,4,4,4,4,3,3,2,2,3,4,2,3,2,2,2,2,4,4,3,3,3,3,3,3,2,4,1,1,2,2,3,3,1,1,1,1,2,5,1,1,2,4,1,1,4,4,3,3,3,5,2,4,2,3,3,3,3,3,2,2,1,1,2,2
M145789,2,4,2,2,3,4,2,5,3,3,1,2,2,2,1,7,2,2,3,3,2,5,1,1,3,3,1,3,2,3,1,5,2,2,3,3,3,3,2,2,2,2,1,1,1,2,1,1,2,5,2,2,1,3,2,2,2,3,4,4,3,4,1,1,5,5,1,2,4,4,3,3,2,2,3,3,5,5,4,4,1,3,2,3,1,7,3,3,3,3,1,2,6,6,3,3,3,4,3,3,1,3,1,3,4,4,2,2,1,1,1,1,4,4,4,5,3,3,1,1,3,3,2,3,4,5,1,4,1,2,1,1,1,3,3,4,1,2,1,1,1,1,3,3,3,3,1,1,3,4,1,2,3,3,3,3,1,1,1,2,2,2,2,2,1,1,1,1,3,3,1,2,2,2,2,2,2,3,1,1,1,2,2,2,2,4,4,4,2,3,2,2,3,3,3,3,2,2,2,2,4,4,3,3,2,3,3,3,2,3,3,3,2,2,1,3,1,3,2,2,2,2,1,1,1,4,2,2,1,3,3,3,5,5,3,4,2,2,4,4,2,2,2,2,1,1,2,2
M145790,1,3,2,2,3,3,5,5,3,3,1,2,2,2,1,1,1,2,3,3,1,3,1,1,3,3,1,3,3,3,1,1,2,5,3,3,1,3,2,2,1,2,1,1,2,2,1,2,2,2,2,2,1,3,2,2,2,2,2,3,3,4,1,1,5,5,1,1,1,4,2,2,2,2,1,1,5,6,4,4,1,2,4,4,7,7,3,3,3,3,1,2,1,6,3,3,3,3,3,3,1,4,2,3,4,4,2,2,1,2,1,3,4,4,2,2,3,3,1,1,3,3,2,3,1,4,4,4,1,1,1,2,3,4,4,4,1,2,1,1,1,3,3,3,3,3,1,1,2,3,1,1,3,3,1,3,1,1,1,1,1,2,2,2,1,1,1,1,3,3,1,2,2,2,2,2,2,3,1,1,2,3,2,2,4,4,4,4,3,4,2,2,3,3,4,4,2,2,2,2,4,4,3,4,3,3,3,3,2,3,1,3,2,2,3,3,1,4,1,1,2,2,1,1,4,4,1,2,4,4,2,3,5,5,4,4,1,3,3,4,3,3,2,2,1,1,2,2
M145791,1,4,2,2,3,4,5,5,3,3,2,2,2,2,1,1,1,2,3,3,1,5,1,1,3,3,3,3,2,3,1,5,2,3,2,3,2,3,2,2,1,1,1,1,1,2,1,1,1,2,2,2,3,3,2,2,2,2,4,4,2,3,1,1,5,5,1,1,1,3,3,3,2,2,3,3,5,5,4,4,1,1,4,4,7,7,3,3,3,3,1,2,1,5,3,3,3,3,3,3,1,4,2,3,2,4,2,2,1,2,1,3,4,4,2,2,3,3,1,1,3,3,1,2,2,4,1,4,1,1,1,2,1,1,3,4,1,2,2,3,3,3,3,3,1,3,1,1,1,4,1,1,3,3,3,3,1,1,1,1,1,2,2,2,1,1,1,1,3,3,1,2,2,2,2,2,1,3,1,1,1,2,2,3,4,4,4,4,3,4,2,2,3,3,3,4,2,2,2,2,4,4,1,3,1,3,2,3,3,3,1,3,2,2,3,3,1,2,2,2,2,2,1,1,2,4,1,2,2,2,3,3,3,5,4,4,2,2,4,5,2,4,2,3,1,1,2,2
M145792,2,3,2,2,3,4,4,5,3,3,2,2,2,2,2,7,2,2,3,3,3,5,1,1,3,3,3,3,2,3,1,5,2,5,2,3,1,3,2,2,1,2,1,1,2,2,1,2,2,5,2,2,3,3,2,2,2,3,2,4,3,4,1,1,5,5,1,2,3,3,2,3,2,3,3,3,5,6,4,5,1,3,2,2,7,7,2,3,3,3,1,2,4,6,3,3,3,3,3,3,1,4,2,2,4,4,2,2,2,2,0,0,4,4,1,2,3,4,1,1,3,3,2,3,4,5,4,4,1,1,1,2,1,3,4,4,1,2,1,3,1,1,3,3,3,3,1,1,4,4,1,1,3,3,1,5,1,1,1,1,1,2,2,2,1,1,1,1,3,3,1,2,2,2,2,2,3,3,1,1,1,3,2,2,4,4,4,4,3,4,2,2,3,4,4,4,2,2,2,2,4,4,1,4,3,3,3,3,3,4,3,3,2,3,3,3,1,4,1,2,2,2,1,1,4,4,1,1,4,4,2,2,5,5,3,4,2,3,4,4,3,4,2,2,1,1,2,2
M145793,1,3,2,2,3,3,5,5,3,3,2,2,2,3,2,2,2,2,3,3,2,5,1,1,3,3,3,3,2,2,1,1,2,5,3,3,3,3,2,2,1,1,1,1,2,4,1,2,2,2,2,2,1,1,2,2,2,3,4,4,4,4,1,1,5,5,1,2,4,4,2,3,2,3,1,3,5,5,4,4,1,1,2,4,1,7,3,3,3,3,1,1,6,6,3,3,3,3,2,3,1,3,2,2,3,4,2,3,2,2,3,3,4,4,1,5,4,4,1,1,3,3,1,3,4,4,4,6,1,2,1,1,3,3,4,4,1,2,1,1,1,1,3,3,4,4,1,1,2,4,1,1,3,3,3,5,1,1,1,2,1,1,2,2,1,1,1,1,3,3,1,1,2,2,2,2,3,3,1,2,1,3,2,2,2,4,1,4,3,4,2,2,4,4,4,4,2,2,2,2,4,5,4,4,3,3,2,3,3,3,1,3,2,3,1,3,3,4,1,2,2,2,1,1,4,4,1,2,1,4,1,1,5,5,4,4,1,2,4,4,4,4,2,3,1,1,2,2
M145794,1,1,2,2,3,4,5,5,3,3,2,2,1,2,1,2,2,2,3,3,2,5,1,1,3,3,3,3,2,2,1,1,5,5,3,3,1,3,2,2,1,2,1,1,4,4,1,2,5,5,2,2,1,3,2,2,3,3,2,4,4,4,1,1,5,5,1,2,3,4,2,2,2,3,3,3,5,5,4,5,1,1,4,4,7,7,3,3,3,3,1,1,6,6,3,3,3,3,2,3,1,3,2,2,4,4,1,2,2,2,3,3,4,4,1,1,4,4,1,1,3,3,2,2,4,4,4,6,1,2,1,2,3,4,4,4,1,2,1,1,1,1,1,3,3,3,1,1,4,4,1,1,3,3,5,5,1,1,1,1,1,2,2,2,1,1,1,1,3,3,1,2,2,2,2,2,3,3,1,1,3,3,2,2,4,4,4,5,3,3,2,2,1,3,4,4,2,2,2,2,4,5,4,4,3,3,3,3,3,3,3,3,2,2,3,3,3,4,1,2,2,2,1,1,4,4,1,1,4,4,2,2,5,5,4,4,2,2,4,4,4,4,2,2,1,1,1,2
M145795,1,2,2,2,3,3,4,5,3,3,2,2,2,2,1,7,1,2,3,3,1,5,1,1,3,3,3,3,3,3,1,1,2,5,2,3,1,3,2,2,1,2,1,1,2,4,1,2,2,2,2,2,1,2,2,2,2,2,3,4,3,4,1,1,5,5,1,2,3,4,3,3,2,3,3,3,5,5,4,4,1,1,4,4,1,7,3,3,3,3,1,1,6,6,3,3,3,3,3,3,1,3,2,3,4,4,2,2,1,2,3,3,4,4,1,2,3,4,1,1,3,3,1,3,4,4,4,6,1,1,1,2,4,4,4,4,1,2,1,3,1,1,2,3,3,4,1,1,4,4,1,1,3,3,1,5,1,1,1,2,1,1,2,2,1,1,1,2,3,3,1,1,2,2,2,2,3,4,1,1,1,1,2,2,2,4,1,4,3,4,2,2,3,4,4,4,2,2,2,2,4,4,4,4,3,3,2,4,4,4,3,3,2,2,1,3,1,4,1,2,2,2,1,1,4,4,1,1,1,4,1,2,5,5,4,4,1,2,4,4,4,4,2,2,1,1,1,2
M145796,1,3,2,2,3,4,4,5,3,3,2,2,2,2,1,7,1,2,3,5,5,5,1,1,3,3,1,3,2,3,1,1,2,2,2,3,2,2,2,2,1,2,1,1,2,4,1,1,2,3,2,2,1,1,2,2,2,2,3,4,3,4,1,1,5,5,1,2,4,4,2,3,1,3,3,3,5,6,1,4,1,1,2,4,1,2,2,3,3,3,1,1,1,6,3,3,3,3,3,3,1,3,2,2,4,4,2,2,2,2,1,1,2,4,2,2,3,3,1,1,3,3,3,3,1,7,4,6,1,1,1,1,3,3,4,4,1,1,1,2,1,1,2,3,3,4,1,1,4,4,1,1,3,3,3,3,1,1,1,2,2,2,2,2,1,1,1,1,3,3,2,2,2,3,2,2,2,3,1,1,1,3,2,2,2,4,4,4,3,4,2,3,3,4,2,5,2,2,2,2,4,5,3,3,3,3,2,3,2,2,1,3,2,2,1,3,1,1,1,2,2,5,1,3,4,4,1,2,3,4,2,3,3,5,4,4,2,3,4,4,3,4,2,2,1,1,2,2
M145797,1,3,2,2,3,4,5,5,3,3,2,2,2,2,2,7,1,2,3,5,5,5,1,1,3,3,3,3,2,3,1,5,2,2,3,3,3,3,2,2,1,2,1,1,2,4,1,1,2,3,2,2,1,3,2,2,2,2,3,4,3,4,1,3,5,5,1,1,1,4,3,3,2,3,3,3,4,5,4,4,1,1,2,4,1,2,2,3,3,3,1,1,1,1,3,3,3,3,2,3,1,1,2,3,4,4,2,2,2,2,1,1,2,4,2,2,3,3,1,1,3,3,1,3,4,5,4,4,1,2,1,2,3,3,4,4,1,1,1,3,1,1,3,3,3,3,1,1,4,4,1,2,2,3,3,3,1,1,1,2,1,1,2,2,1,1,1,1,3,3,2,2,2,2,2,2,3,3,1,1,1,3,2,2,2,4,4,4,3,4,2,2,3,4,2,5,2,2,2,2,4,4,3,3,3,3,2,3,2,2,3,3,2,2,1,3,1,1,1,2,2,5,1,3,4,4,1,1,4,4,3,3,3,5,3,4,3,3,4,4,3,3,2,2,1,1,2,2
M145798,1,1,2,2,3,3,5,5,3,3,2,2,2,2,1,2,1,2,3,3,5,5,1,1,3,3,3,3,2,3,1,5,2,2,2,3,1,3,2,2,1,2,1,1,2,2,1,2,2,5,2,2,1,3,2,2,2,2,4,4,2,3,1,1,5,5,1,2,3,3,2,3,3,3,3,3,5,5,4,4,1,1,4,4,1,1,2,3,3,3,1,1,4,6,3,3,3,3,3,3,1,4,2,2,4,4,2,2,2,2,3,3,2,4,1,2,3,3,1,1,3,3,3,3,4,5,4,4,1,1,1,1,3,4,4,4,2,2,1,1,1,1,3,3,3,4,1,1,4,4,1,1,3,3,1,3,1,1,2,2,1,2,2,2,1,1,1,1,3,3,1,2,2,2,2,2,3,3,1,1,1,3,2,2,2,2,1,4,3,3,2,2,3,4,4,4,2,2,2,2,4,4,1,3,3,3,3,3,3,4,3,3,2,2,1,1,1,1,2,2,2,2,1,1,4,4,1,2,1,4,1,2,3,3,3,4,2,3,4,4,3,4,2,2,1,1,2,2
M145799,2,2,2,2,4,4,5,5,3,3,1,1,2,2,7,7,2,2,3,3,1,5,1,1,3,3,3,3,1,2,1,1,2,3,2,2,1,3,2,2,1,1,1,3,1,4,1,2,1,2,2,2,3,3,2,2,2,3,4,4,3,4,1,1,5,5,1,2,1,1,3,3,2,3,1,3,5,5,4,4,1,1,4,4,1,7,3,3,3,3,1,1,6,6,3,3,3,3,3,3,3,4,1,3,2,4,2,2,1,2,3,4,2,4,2,2,3,3,1,1,3,3,1,1,4,4,4,5,1,1,2,2,1,1,1,4,2,2,1,1,1,3,3,3,1,3,1,1,1,3,1,1,3,3,3,3,1,1,1,2,1,2,2,3,1,1,1,1,1,3,1,2,2,2,2,2,1,3,1,1,1,3,2,2,1,4,4,4,3,3,2,2,3,4,2,4,2,2,2,2,4,4,3,3,3,3,3,3,2,2,1,3,2,3,1,3,1,2,2,2,2,5,1,1,4,4,1,1,4,4,2,3,5,6,4,5,2,2,3,4,2,3,2,3,1,1,2,2
M145800,1,2,2,2,3,4,5,5,3,3,2,2,2,2,1,1,1,2,3,3,5,5,1,1,3,3,3,3,1,3,1,1,2,2,2,3,1,3,2,2,2,2,1,1,2,2,2,2,2,5,2,2,3,3,2,2,2,2,3,4,3,4,1,1,5,5,2,2,1,3,3,3,3,3,3,3,5,5,4,5,1,1,2,2,1,1,3,3,3,3,1,2,6,6,3,3,3,3,3,3,1,3,2,2,4,4,2,2,2,2,3,3,4,4,2,2,3,3,1,1,3,3,3,3,4,4,4,4,1,1,1,1,1,4,4,4,1,2,1,1,1,1,1,3,3,3,1,1,4,4,1,1,3,3,3,3,1,1,2,2,1,2,2,2,1,1,1,1,3,3,1,2,2,2,2,2,3,3,1,1,1,1,2,2,2,2,4,5,3,4,2,2,4,4,4,4,2,2,2,2,4,4,3,3,3,3,2,3,3,3,1,3,2,2,1,1,1,4,2,2,2,2,1,3,4,4,1,1,4,4,2,2,5,5,4,4,2,2,4,4,4,4,2,2,1,1,2,2
M145801,1,2,2,2,3,4,5,5,3,3,2,2,1,2,2,7,1,2,3,3,1,5,1,1,3,3,3,3,2,2,1,1,2,5,2,3,1,3,2,2,1,1,1,1,4,4,2,2,2,2,2,2,2,3,2,2,2,2,2,3,4,4,1,1,5,5,1,2,3,4,3,3,2,3,3,3,5,6,4,4,1,3,2,4,2,7,3,3,3,3,1,1,6,6,3,3,3,3,3,3,1,3,1,2,4,4,2,2,2,2,1,1,4,4,1,2,3,3,1,1,3,3,1,3,4,4,4,6,1,1,1,2,4,4,4,4,1,2,1,3,1,1,2,3,3,4,1,1,4,4,1,1,3,3,1,3,1,1,1,1,1,2,2,2,1,1,1,2,1,3,1,1,2,2,2,2,2,3,1,1,3,3,2,2,4,4,1,4,3,4,2,2,3,4,4,4,2,2,2,2,4,4,3,4,3,3,2,4,4,4,3,3,2,2,3,3,1,1,1,2,2,2,1,1,4,4,1,2,1,4,1,3,2,5,3,4,2,3,4,4,2,4,2,2,1,1,2,2
M145802,1,4,2,2,3,3,5,5,3,3,2,2,1,2,1,2,1,2,3,3,2,3,1,1,3,3,1,3,3,3,1,1,2,5,3,3,3,3,2,2,2,2,1,1,2,2,1,1,5,5,2,2,1,1,2,2,2,2,2,4,3,4,1,1,5,5,1,2,1,4,2,2,2,3,3,3,5,6,4,4,1,2,2,4,7,7,3,3,3,3,1,2,1,6,3,3,3,3,3,3,1,4,3,3,4,4,2,2,2,2,3,3,4,4,2,2,3,3,1,1,3,3,1,3,1,4,1,4,1,1,1,2,3,4,4,4,2,2,1,1,1,3,3,3,3,3,1,1,2,4,2,2,3,3,1,3,1,1,1,1,1,2,2,2,1,1,1,1,3,3,1,2,2,2,2,2,2,3,1,2,2,3,2,2,4,4,4,4,3,3,2,2,3,4,3,4,2,2,2,2,4,4,3,4,3,3,3,3,2,2,3,3,2,2,3,3,1,1,1,1,2,2,1,1,4,4,1,2,4,4,2,3,3,5,4,4,1,3,4,4,3,3,2,2,1,1,2,2
M145803,1,3,2,2,3,3,4,5,3,3,2,2,2,2,1,2,1,2,3,3,5,5,1,1,3,3,3,3,2,3,1,2,2,3,3,3,3,3,2,2,1,2,1,1,2,4,1,2,2,5,2,2,1,3,2,2,2,3,3,4,2,4,1,1,5,5,2,2,3,4,2,2,3,3,1,3,5,5,4,5,1,3,2,4,1,7,2,3,3,3,1,1,4,4,3,3,3,3,3,3,1,4,1,2,4,4,2,2,2,2,1,3,4,4,1,2,3,4,1,1,3,3,2,3,4,7,4,6,1,1,1,1,1,3,4,4,2,2,1,3,1,1,3,3,3,3,1,1,4,4,1,2,2,3,1,5,1,1,1,2,1,2,2,2,1,1,1,1,3,3,2,2,2,2,2,2,3,3,1,1,1,3,2,2,2,4,1,4,3,4,2,2,3,4,4,5,2,2,2,2,4,4,1,4,3,3,3,3,2,4,3,3,2,2,1,3,1,3,1,2,2,2,1,1,4,4,1,2,4,4,2,2,3,3,4,4,2,2,4,4,4,4,2,2,1,1,1,2
M145804,2,4,2,2,3,4,5,5,3,3,2,2,2,2,2,7,1,2,3,3,5,5,1,1,3,3,3,3,2,3,1,1,2,2,2,2,3,3,2,2,1,1,1,3,1,2,1,2,2,5,2,2,1,3,2,2,2,2,2,4,3,3,1,1,5,5,1,1,1,3,3,3,2,3,3,3,5,6,4,4,1,3,2,4,1,1,2,3,3,3,1,1,1,6,3,3,3,3,3,3,3,3,2,2,4,4,2,2,2,2,1,1,2,4,2,2,4,4,1,1,3,3,1,1,4,4,4,5,1,1,2,2,1,3,4,4,1,2,1,1,1,1,3,3,3,3,1,1,3,4,1,2,3,3,1,1,1,1,2,2,1,1,2,2,1,1,1,1,3,3,1,2,3,3,2,2,3,3,1,1,1,3,2,2,1,2,4,4,4,4,2,2,3,4,2,4,2,2,2,2,4,4,3,3,3,3,3,3,2,3,3,3,2,3,1,1,1,1,2,2,5,5,1,1,4,4,1,1,1,4,3,3,5,5,4,5,2,2,3,4,3,3,2,2,1,1,2,2
M145805,1,4,2,2,3,4,5,5,3,3,2,2,2,2,1,1,1,1,3,3,1,3,1,1,3,3,3,3,3,3,1,5,2,5,3,3,2,3,2,2,1,2,1,1,2,4,1,1,2,2,2,2,3,3,2,2,2,3,3,4,4,4,1,1,5,5,2,2,1,3,3,3,1,2,3,3,5,5,1,4,1,1,4,4,1,7,3,3,3,3,1,1,6,6,3,3,3,3,3,3,3,3,2,2,4,4,2,2,2,2,3,3,2,4,2,5,3,4,1,1,3,3,1,3,1,5,1,4,1,1,2,2,3,4,4,4,2,2,1,3,1,1,3,3,3,3,1,1,3,4,1,1,3,3,1,3,1,1,1,2,1,2,2,3,1,1,1,1,3,3,2,2,2,3,2,2,3,3,1,2,1,3,2,2,1,4,4,4,3,4,2,2,3,4,2,3,2,2,2,2,4,4,3,3,3,3,3,3,2,2,1,3,2,2,1,3,1,2,1,2,2,2,1,1,4,4,1,1,4,4,2,3,6,6,3,4,2,3,3,4,3,3,2,2,1,1,2,2
M145806,1,2,2,2,3,3,4,5,3,3,1,2,2,2,1,1,1,2,3,3,2,3,1,2,3,3,3,3,3,3,1,5,2,2,3,3,3,3,2,2,1,1,1,1,2,4,1,1,2,2,2,2,1,1,2,2,2,3,2,4,3,3,1,1,5,5,1,1,3,4,3,3,2,3,1,3,5,5,1,4,1,3,4,4,2,7,3,3,3,3,1,1,1,1,3,3,3,3,2,3,3,3,3,3,4,4,2,2,2,2,1,1,4,4,2,5,3,4,1,1,3,3,3,3,1,5,1,4,1,1,1,2,3,3,4,4,2,2,2,2,1,1,3,3,3,4,1,1,4,4,1,1,3,3,1,3,1,1,1,1,1,2,2,2,1,1,1,1,3,3,2,2,2,3,2,2,3,3,1,1,1,1,2,2,3,4,4,4,3,3,2,2,3,4,2,4,2,2,2,2,4,4,3,3,3,3,2,3,2,4,1,3,2,3,3,3,1,2,1,1,2,2,1,3,4,4,1,1,4,4,2,3,5,5,2,4,3,3,4,4,1,3,2,2,1,1,2,2
M145807,3,4,2,2,3,3,5,5,3,3,1,2,2,2,1,2,1,2,3,3,1,5,1,1,3,3,3,3,2,3,1,4,3,5,2,3,2,3,2,2,1,1,1,1,2,2,1,1,1,5,2,2,3,3,2,2,2,2,3,4,3,4,1,1,5,5,1,2,1,3,3,3,2,3,3,3,5,5,4,4,1,3,2,4,1,5,2,3,3,3,1,1,1,4,3,3,1,3,3,3,3,4,2,3,4,4,2,2,1,2,3,3,4,4,1,5,3,4,1,1,3,3,1,1,4,4,4,6,1,1,1,1,1,1,1,4,1,2,1,1,1,3,3,3,1,3,1,1,4,5,1,1,3,3,3,3,1,1,1,2,1,1,2,2,1,1,1,1,1,3,1,1,2,2,2,2,1,2,1,1,3,3,2,2,2,4,4,4,3,4,2,2,3,3,2,4,2,2,2,2,4,4,3,3,3,3,3,3,3,3,3,3,2,2,1,3,3,4,1,2,2,5,1,1,4,4,1,2,4,4,3,3,5,5,4,5,2,2,4,4,2,4,2,3,1,1,2,2
M145808,1,4,2,2,3,3,5,5,3,3,2,2,1,2,1,2,1,1,3,3,2,3,1,1,3,3,1,3,2,3,1,1,2,5,3,3,1,3,2,2,1,2,1,1,2,2,1,1,5,5,2,2,1,1,2,2,2,3,3,4,3,3,1,1,5,5,1,2,1,4,2,3,2,3,1,3,5,6,4,4,1,3,2,4,7,7,3,3,3,3,1,2,2,2,3,3,3,3,3,3,4,4,3,3,3,4,2,2,1,2,1,3,4,4,2,2,3,3,1,1,3,3,2,3,4,4,4,6,1,2,2,2,3,4,4,4,2,2,1,3,1,1,3,3,3,3,1,1,2,3,1,2,3,3,1,3,1,1,1,1,1,2,2,2,1,1,1,1,3,3,1,2,2,2,2,2,2,3,1,1,2,3,2,2,4,4,4,4,3,3,2,3,3,3,3,4,2,2,2,2,4,4,3,3,3,3,3,3,2,3,1,3,2,2,3,3,1,1,1,1,2,2,1,1,4,4,1,1,4,4,2,3,3,6,3,4,2,2,4,4,2,4,2,2,1,1,2,2
M145809,2,4,2,2,3,3,5,5,3,3,2,2,1,2,1,2,1,2,3,3,1,5,1,1,3,3,1,3,3,3,1,1,5,5,3,3,1,3,2,2,1,2,1,1,2,2,1,2,5,5,2,2,1,3,2,2,2,2,2,4,3,3,1,1,5,5,1,2,1,4,2,3,2,2,1,1,5,6,4,4,1,3,2,4,2,7,3,3,3,3,1,1,1,2,3,3,3,3,3,3,1,1,3,3,4,4,2,2,2,2,1,3,4,4,2,2,3,3,1,3,3,3,1,3,1,4,1,6,1,2,1,2,3,3,4,4,2,2,1,3,1,3,3,3,3,3,1,1,2,3,2,2,3,3,1,4,1,1,1,1,1,2,2,2,1,1,1,1,3,3,1,2,2,2,2,2,2,3,1,2,3,3,2,2,4,4,4,4,3,4,2,2,3,4,3,3,2,2,2,2,4,4,3,4,3,3,3,3,2,2,1,3,2,2,3,3,1,1,1,2,2,2,1,1,4,4,1,1,4,4,2,2,6,6,4,4,1,2,4,4,2,2,2,2,1,1,2,2
M145810,1,2,2,2,3,3,4,5,3,3,2,2,2,2,2,7,1,2,3,3,1,5,1,1,3,3,3,3,3,3,1,1,5,5,3,3,3,3,2,2,1,2,1,1,2,4,1,1,2,2,2,2,2,3,2,2,2,3,3,4,4,4,1,1,5,5,2,2,3,4,2,3,3,3,3,3,5,5,4,5,1,3,4,4,7,7,3,3,3,3,1,1,6,6,3,3,3,3,3,3,1,3,2,3,4,4,2,2,1,2,1,1,4,4,1,1,3,4,1,1,3,3,1,3,4,7,4,6,1,1,1,2,4,4,4,4,1,2,1,3,1,1,3,3,3,4,1,1,4,4,1,1,2,3,1,5,1,1,1,1,1,2,2,2,1,1,1,1,3,3,1,1,2,2,2,2,3,4,1,1,1,3,2,2,4,4,4,4,3,4,2,2,3,4,4,4,2,2,2,2,4,4,4,4,3,3,3,4,3,4,1,3,2,2,3,3,1,1,1,2,2,2,1,1,4,4,1,1,4,4,2,2,2,5,4,4,1,2,4,4,4,4,2,2,1,1,2,2
M145811,1,3,2,2,3,3,5,5,3,3,1,2,2,2,1,2,1,2,3,3,2,3,1,1,3,3,1,3,2,3,1,1,2,5,3,3,1,3,2,2,1,1,1,1,1,2,1,1,2,5,2,2,1,1,2,2,2,3,2,3,3,4,1,1,5,5,1,2,1,4,3,3,2,3,1,1,5,6,4,4,1,3,2,4,7,7,3,3,3,3,1,2,2,2,3,3,3,3,3,3,1,4,3,3,3,4,2,2,1,2,1,3,4,4,2,2,3,3,1,1,3,3,2,3,1,4,1,6,1,2,1,2,3,4,4,4,2,2,1,1,3,3,3,3,3,3,1,1,2,3,2,2,3,3,1,4,1,1,1,1,2,2,2,2,1,1,1,1,3,3,1,2,2,2,2,2,3,4,1,2,2,3,2,2,4,4,4,4,3,4,2,3,3,3,4,4,2,2,2,2,4,4,3,3,3,3,3,3,2,3,3,3,2,2,3,3,1,4,1,1,2,2,1,1,4,4,1,2,4,4,2,3,3,5,4,4,1,3,4,4,3,3,2,2,1,1,2,2
M145812,1,2,2,2,3,3,5,5,3,3,2,2,1,2,1,1,1,2,3,3,5,5,1,1,3,3,3,3,1,2,1,1,2,2,3,3,3,3,2,2,1,2,1,1,2,2,2,2,2,2,2,2,3,3,2,2,2,2,2,3,2,3,1,1,5,5,2,2,1,4,2,3,3,3,3,3,5,5,4,5,1,3,2,4,1,1,3,3,3,3,1,2,6,6,3,3,3,3,3,3,1,3,2,2,4,4,2,2,2,2,1,1,4,4,2,2,3,4,1,1,3,3,3,3,4,4,4,4,1,2,1,1,1,3,4,4,2,2,1,1,1,1,1,3,3,3,1,1,4,4,1,1,3,3,3,3,1,1,2,2,1,2,2,2,1,1,1,1,3,3,2,2,2,2,2,2,3,3,1,1,1,1,2,2,2,2,4,5,3,4,2,2,4,4,4,4,2,2,2,2,4,4,3,3,3,3,2,3,3,3,3,3,2,2,1,1,1,4,2,2,2,2,1,1,4,4,1,2,1,4,1,1,3,3,4,4,2,2,4,4,4,4,2,2,1,1,1,2
M145813,1,4,2,2,3,3,5,5,3,3,2,2,1,2,1,2,2,2,3,3,1,5,1,1,3,3,1,3,2,3,1,1,5,5,3,3,1,3,2,2,1,1,1,1,2,2,1,2,2,5,2,2,1,1,2,2,2,2,2,4,3,4,1,1,5,5,1,2,1,4,2,2,2,2,1,3,5,6,4,4,1,2,2,4,2,7,3,3,3,3,1,2,6,6,3,3,3,3,3,3,4,4,3,3,4,4,2,2,2,2,3,3,4,4,2,2,3,3,1,3,3,3,2,3,4,4,4,6,1,2,2,2,3,3,4,4,1,2,1,3,1,3,3,3,3,3,1,1,2,4,2,2,3,3,1,3,1,1,1,1,1,2,2,2,1,1,1,1,3,3,1,2,2,2,2,2,2,3,1,1,3,3,2,2,4,4,4,4,3,3,2,2,3,3,3,4,2,2,2,2,4,4,3,4,3,3,3,3,2,3,1,3,2,2,3,3,1,4,1,2,2,2,1,1,4,4,1,2,4,4,2,3,5,5,4,4,1,2,3,4,2,2,2,2,1,1,2,2
M145814,2,4,2,2,3,3,5,5,3,3,1,2,1,2,1,2,1,2,3,3,2,3,1,1,3,3,1,3,3,3,1,1,2,5,3,3,1,3,2,2,1,2,1,1,1,2,1,1,2,2,2,2,1,1,2,2,2,3,3,3,3,3,1,1,5,5,1,1,1,4,2,3,2,3,1,1,5,6,4,4,1,3,4,4,7,7,3,3,3,3,1,1,2,2,3,3,3,3,3,3,1,4,3,3,3,4,2,2,2,2,1,3,4,4,2,2,3,3,1,1,3,3,2,3,1,1,1,4,1,1,1,2,3,4,4,4,1,2,1,1,1,1,3,3,3,3,1,1,2,3,1,1,3,3,1,3,1,1,1,1,1,2,2,2,1,1,1,1,3,3,1,2,2,2,2,2,2,3,1,2,2,3,2,2,4,4,4,4,3,3,2,3,3,3,3,3,2,2,2,2,4,4,3,3,3,3,3,3,2,3,3,3,2,2,3,3,1,4,1,1,2,2,1,1,4,4,1,1,4,4,2,3,5,5,3,4,2,3,3,4,3,4,2,2,1,1,2,2
M145815,1,4,2,2,3,3,5,5,3,3,1,2,1,2,1,2,1,1,3,3,2,5,1,1,3,3,3,3,2,3,1,1,5,5,3,3,3,3,2,2,1,1,1,1,2,2,1,1,2,2,2,2,1,3,2,2,2,2,3,3,3,3,1,1,5,5,1,1,1,4,2,2,2,3,1,3,5,6,4,4,1,2,2,4,2,7,3,3,3,3,1,2,1,6,3,3,3,3,3,3,1,4,3,3,4,4,2,2,2,2,3,3,4,4,2,2,3,3,1,3,3,3,2,3,4,4,4,6,1,2,2,2,3,3,4,4,2,2,1,3,1,3,3,3,3,3,1,1,2,3,1,1,3,3,1,3,1,1,1,1,1,2,2,2,1,1,1,1,3,3,1,2,2,2,2,2,3,4,1,2,3,3,2,2,4,4,4,4,3,3,2,2,3,3,3,4,2,2,2,2,4,4,3,4,3,3,3,3,2,2,1,3,2,2,3,3,1,4,1,2,2,2,1,1,4,4,1,1,4,4,3,3,5,5,3,4,2,3,3,4,3,4,2,2,1,1,2,2
M145816,1,4,2,2,3,3,5,5,3,3,1,2,2,2,1,2,1,1,3,3,1,5,1,1,3,3,1,3,2,3,1,1,5,5,3,3,1,3,2,2,1,1,1,1,1,2,1,2,5,5,2,2,1,3,2,2,2,2,2,4,3,4,1,1,5,5,1,1,1,4,2,3,2,2,1,1,5,6,4,4,1,3,4,4,2,7,3,3,3,3,1,2,1,2,3,3,3,3,3,3,4,4,2,3,4,4,2,2,1,2,3,3,4,4,2,2,3,3,1,3,3,3,2,3,1,4,1,6,1,2,1,1,3,3,4,4,1,2,1,3,3,3,3,3,3,3,1,1,2,3,1,1,3,3,1,3,1,1,1,1,1,2,2,2,1,1,1,1,3,3,1,2,2,2,2,2,2,3,1,1,3,3,2,2,4,4,4,4,3,4,2,3,3,3,3,4,2,2,2,2,4,4,3,4,3,3,3,3,2,3,1,3,2,2,3,3,0,0,1,2,2,2,1,1,4,4,1,2,4,4,3,3,5,5,4,4,1,2,4,4,2,2,2,2,1,1,2,2
M145817,1,1,2,2,3,3,5,5,3,3,2,2,2,3,2,2,2,2,3,3,2,5,1,1,3,3,3,3,2,3,1,1,2,5,3,3,1,1,2,2,2,2,1,1,2,2,1,2,5,5,2,2,1,1,2,2,2,2,2,4,4,4,1,1,5,5,1,2,4,4,3,3,2,3,1,3,5,5,4,5,1,1,4,4,1,7,3,3,3,3,1,1,6,6,3,3,3,3,3,3,1,3,2,3,3,4,1,2,1,2,3,3,4,4,2,5,3,4,1,1,3,3,2,3,4,4,4,6,1,2,1,2,3,3,4,4,2,2,1,1,1,1,1,3,3,4,1,1,4,4,1,1,3,3,3,3,1,1,1,2,1,1,2,2,1,1,1,1,3,3,1,1,2,2,2,2,3,3,1,1,1,3,2,2,2,4,4,5,3,3,2,2,1,4,4,4,2,2,2,2,4,4,3,4,3,3,2,2,3,3,1,3,2,2,1,3,3,4,1,2,2,2,1,1,4,4,1,1,1,4,2,2,5,5,4,4,2,2,4,4,4,4,2,2,1,1,2,2
M145818,2,2,2,2,3,3,5,5,3,3,2,2,2,3,1,7,1,2,3,3,1,2,1,1,3,3,2,3,2,3,1,1,2,3,3,3,3,3,2,2,1,2,1,1,1,2,2,2,2,2,2,2,2,3,2,2,2,2,2,3,4,4,1,1,5,5,1,2,1,1,1,2,3,3,3,3,5,5,4,4,1,1,4,4,2,5,3,3,3,3,1,2,4,6,3,3,3,3,2,3,3,4,1,2,4,4,2,2,1,1,1,1,4,4,2,2,3,4,1,1,3,3,1,1,4,7,4,6,1,1,1,2,3,4,1,4,1,2,3,3,1,3,2,3,3,4,1,1,4,4,1,1,3,3,3,4,1,1,1,1,1,2,2,2,1,1,1,1,1,2,1,1,2,2,2,2,2,4,1,2,3,3,2,3,4,4,4,4,3,4,2,2,3,4,2,4,2,2,2,2,4,4,3,3,1,3,3,3,2,4,3,3,2,2,3,3,1,4,1,2,2,5,1,1,4,4,1,1,1,4,3,3,2,5,2,3,3,3,4,4,2,3,2,2,1,1,2,2
M145819,1,2,2,2,3,4,4,5,3,3,2,2,1,2,1,7,1,2,3,3,1,5,1,1,3,3,3,3,2,3,1,1,5,5,2,3,1,3,2,2,1,2,1,1,2,4,1,1,2,2,2,2,1,3,2,2,2,3,2,3,2,4,1,1,5,5,1,2,1,4,2,2,2,3,1,3,5,5,4,4,1,1,2,4,7,7,3,3,3,3,1,1,6,6,3,3,3,3,3,3,1,3,2,3,4,4,2,2,2,2,1,3,4,4,1,2,3,3,1,1,3,3,1,3,4,4,4,4,1,1,1,2,4,4,4,4,1,2,1,3,1,1,2,3,3,3,1,1,4,4,1,1,2,3,3,5,1,1,1,1,1,2,2,2,1,1,1,2,1,3,1,1,2,2,2,2,2,3,1,1,1,3,2,2,4,4,1,4,4,4,2,2,3,4,4,4,2,2,2,2,4,4,3,4,3,3,3,3,4,4,1,3,2,2,3,3,1,4,1,2,2,2,1,1,4,4,1,2,4,4,1,3,2,5,3,4,2,3,4,4,2,4,2,2,1,1,1,2
M145820,2,2,2,2,3,4,5,5,3,3,2,2,2,2,1,1,1,2,3,3,5,5,1,1,3,3,3,3,3,3,1,1,2,5,3,3,1,1,2,2,2,2,1,1,2,4,1,2,2,2,2,2,1,3,2,2,2,3,3,4,2,4,1,1,5,5,2,2,1,4,2,2,3,3,1,3,5,5,4,4,1,3,4,4,1,7,3,3,3,3,2,2,6,6,3,3,3,3,3,3,1,3,2,2,4,4,2,2,2,2,3,3,4,4,1,2,3,4,1,1,3,3,2,3,4,4,4,6,1,2,1,1,1,3,1,4,2,2,1,1,1,1,1,3,3,4,1,1,4,4,1,1,3,3,3,5,1,1,1,2,1,1,2,2,1,1,1,1,3,3,1,2,2,2,2,2,3,3,1,1,1,3,2,2,2,4,1,5,3,4,2,2,3,4,4,4,2,2,2,2,4,4,3,4,3,3,3,3,3,4,1,3,2,2,1,3,1,4,2,2,2,2,1,1,4,4,1,2,1,1,1,2,3,5,4,4,2,2,4,4,4,4,2,2,1,1,1,2
M145821,1,4,2,2,3,3,5,5,3,3,1,2,1,2,2,2,1,2,3,3,2,3,1,1,3,3,3,3,2,3,1,1,2,5,3,3,3,3,2,2,1,2,1,1,1,2,1,2,2,2,2,2,1,1,2,2,2,2,2,3,3,3,1,1,5,5,1,2,1,4,2,3,2,2,1,1,5,6,4,4,1,3,2,4,7,7,3,3,3,3,1,2,6,6,3,3,3,3,3,3,1,4,3,3,4,4,2,2,1,2,1,3,4,4,2,2,3,3,1,1,3,3,1,3,1,4,4,4,1,1,1,2,3,4,4,4,1,2,3,3,1,3,3,3,3,3,1,1,2,3,2,2,3,3,1,4,1,1,1,1,2,2,2,2,1,1,1,1,3,3,1,2,2,2,2,2,3,4,1,1,2,3,2,2,4,4,4,4,3,3,2,3,3,4,3,4,2,2,2,2,4,4,3,4,3,3,3,3,2,3,1,3,2,2,3,3,1,4,1,1,2,2,1,1,4,4,1,1,4,4,2,3,3,5,4,4,1,3,3,4,3,3,2,2,1,1,2,2
M145822,1,4,2,2,3,3,5,5,3,3,2,2,2,2,1,2,1,2,3,3,2,5,1,1,3,3,1,3,2,3,1,1,5,5,3,3,1,3,2,2,1,1,1,1,1,2,1,1,2,5,2,2,1,3,2,2,2,2,3,4,3,4,1,1,5,5,1,2,1,4,2,2,2,3,1,1,5,6,4,4,1,3,2,4,2,7,3,3,3,3,1,2,1,6,3,3,3,3,3,3,1,4,2,3,4,4,2,2,1,2,1,3,4,4,2,2,3,3,1,3,3,3,2,3,4,4,4,6,1,2,1,2,3,3,4,4,1,2,1,1,1,1,3,3,3,3,1,1,2,4,1,2,3,3,1,3,1,1,1,1,1,2,2,2,1,1,1,1,3,3,1,2,2,2,2,2,3,4,1,2,3,3,2,2,4,4,4,4,3,3,2,2,3,3,3,4,2,2,2,2,4,4,3,4,3,3,3,3,2,3,1,3,2,2,3,3,1,1,1,2,2,2,1,1,4,4,1,1,4,4,2,2,3,5,3,4,2,2,4,4,2,4,2,2,1,1,2,2
M145823,1,2,2,2,3,4,5,5,3,3,1,2,2,2,2,7,1,1,3,3,2,3,1,1,2,3,3,3,2,3,1,1,2,5,2,3,2,3,2,2,1,1,1,1,1,2,1,1,2,2,2,2,1,3,2,2,3,3,3,4,4,4,1,1,5,5,1,2,1,4,2,3,2,2,1,3,5,5,5,5,1,3,2,3,7,7,3,3,3,3,1,2,6,6,3,3,3,4,3,3,3,4,1,3,4,4,2,2,2,2,1,3,4,4,4,5,3,3,1,3,2,3,1,2,4,4,1,4,1,1,1,1,1,5,3,4,1,2,1,1,1,1,3,3,3,3,1,1,4,4,1,2,3,3,3,3,1,1,1,1,1,1,2,2,1,1,1,2,3,3,1,1,2,2,2,2,3,3,1,2,3,3,2,2,4,4,4,5,3,4,2,2,3,4,4,4,2,2,2,2,4,4,3,3,1,3,3,3,2,3,3,3,2,2,3,3,1,1,2,2,2,2,1,1,2,4,2,2,1,4,3,3,3,5,4,5,1,2,4,4,2,4,2,3,1,1,2,2
M145824,1,3,2,2,3,3,5,5,3,3,2,2,2,2,2,2,2,2,3,3,1,3,1,1,3,3,1,3,2,3,1,1,2,5,3,3,3,3,2,2,1,2,1,1,1,2,1,1,5,5,2,2,1,3,2,2,2,2,2,3,3,4,1,1,5,5,1,1,1,4,2,2,2,3,1,3,5,6,4,4,1,2,2,4,7,7,3,3,3,3,1,2,6,6,3,3,3,3,3,3,1,4,2,3,4,4,2,2,1,2,3,3,4,4,2,2,3,3,1,1,3,3,1,3,1,4,4,4,1,1,1,2,3,4,4,4,1,2,1,1,1,3,3,3,3,3,1,1,2,3,2,2,3,3,1,4,1,1,1,1,2,2,2,2,1,1,1,1,3,3,1,2,2,2,2,2,2,3,1,2,2,3,2,2,4,4,4,4,3,4,2,3,3,4,4,4,2,2,2,2,4,4,3,4,3,3,3,3,2,2,1,3,2,2,3,3,1,4,1,1,2,2,1,1,4,4,1,1,4,4,2,2,3,5,4,4,1,3,4,4,3,3,2,2,1,1,2,2
M145825,1,4,2,2,3,3,5,5,3,3,1,2,1,2,1,2,2,2,3,3,2,5,1,1,3,3,1,3,3,3,1,1,5,5,3,3,1,3,2,2,2,2,1,1,1,2,1,2,5,5,2,2,1,3,2,2,2,3,2,4,3,4,1,1,5,5,1,1,1,4,3,3,2,2,1,3,5,6,4,4,1,2,4,4,2,7,3,3,3,3,1,2,6,6,3,3,3,3,3,3,4,4,3,3,3,4,2,2,1,2,1,3,4,4,2,2,3,3,1,3,3,3,1,3,1,1,1,4,1,1,1,2,3,3,4,4,2,2,3,3,1,1,3,3,3,3,1,1,2,4,1,1,3,3,1,4,1,1,1,1,1,2,2,2,1,1,1,1,3,3,1,2,2,2,2,2,2,3,1,2,3,3,2,2,4,4,4,4,3,3,2,3,3,4,3,4,2,2,2,2,4,4,3,3,3,3,3,3,2,3,1,3,2,2,3,3,1,4,1,2,2,2,1,1,4,4,1,1,4,4,2,3,3,5,4,4,1,2,4,4,2,2,2,2,1,1,2,2
M145826,2,2,2,2,3,4,2,5,3,3,2,2,2,2,1,1,2,2,3,3,5,5,1,1,3,3,3,3,1,3,1,1,2,2,3,3,1,3,2,2,1,2,1,1,2,4,1,2,2,2,2,2,1,3,2,2,2,3,2,3,2,3,1,1,5,5,2,2,1,4,2,2,3,3,1,3,5,5,4,4,1,1,2,4,1,1,3,3,3,3,2,2,6,6,3,3,3,3,3,3,1,3,2,2,4,4,2,2,2,2,3,3,4,4,1,2,3,4,1,1,3,3,2,2,4,4,4,4,1,2,1,1,1,4,4,4,1,2,1,1,1,1,1,3,3,4,1,1,4,4,1,1,3,3,3,5,1,1,2,2,1,1,2,2,1,1,1,1,3,3,2,2,2,2,2,2,3,3,1,1,1,1,2,3,2,2,1,5,3,4,2,2,3,3,4,4,2,2,2,2,4,4,3,4,3,3,3,3,3,3,1,1,2,2,1,1,1,1,2,2,2,2,1,3,4,4,1,2,1,4,1,2,3,3,4,4,1,2,4,4,4,4,2,2,1,1,1,2
M145827,1,3,2,2,4,4,5,5,3,3,2,2,2,2,2,2,2,2,3,3,1,1,1,1,3,3,3,3,2,2,1,1,3,3,2,3,2,3,2,2,1,1,1,1,1,4,1,2,2,2,2,2,3,3,2,2,2,2,3,4,3,3,1,1,5,5,1,2,1,4,3,3,2,3,1,3,5,5,4,4,1,1,2,4,5,7,2,2,3,3,1,1,5,5,3,3,3,3,3,3,1,3,2,3,4,4,2,2,2,2,1,3,4,4,1,2,3,3,1,1,3,3,1,3,1,4,4,6,1,1,1,1,1,1,4,4,1,2,1,1,1,3,3,3,3,4,1,1,1,4,1,1,3,3,1,3,1,1,1,1,2,2,2,2,1,1,1,1,3,3,1,2,2,2,2,2,1,3,1,1,1,3,2,2,4,4,4,4,3,4,2,2,4,4,4,4,2,2,2,2,4,5,1,3,3,3,2,3,2,3,1,3,2,3,3,3,1,1,2,2,2,5,1,1,4,4,1,1,1,4,3,3,3,3,4,5,1,3,4,4,1,1,2,2,1,1,2,2
M145828,2,4,2,2,4,4,5,5,3,3,2,2,2,2,1,2,2,2,3,3,5,5,1,1,3,3,3,3,2,2,1,1,2,2,2,3,3,3,2,2,2,2,1,1,1,2,1,2,2,2,2,2,3,3,2,2,2,2,2,3,4,4,1,1,5,5,1,2,3,4,3,3,3,3,3,3,4,5,5,5,1,2,2,2,1,1,3,3,3,3,1,1,6,6,3,3,3,3,3,3,1,1,2,2,4,4,2,2,2,2,1,1,4,4,2,2,3,4,1,1,3,3,1,3,4,4,4,4,1,1,1,2,1,3,4,4,2,2,1,1,1,1,3,3,3,3,1,1,4,4,1,1,2,3,1,3,1,1,2,2,2,2,2,2,1,1,1,1,3,3,1,2,2,2,2,2,3,3,1,1,1,1,2,2,2,2,1,4,3,4,2,2,3,4,2,2,2,2,2,2,4,4,3,3,3,3,2,3,3,4,1,3,2,2,1,1,4,4,2,2,2,5,1,1,4,4,1,1,1,1,3,3,5,5,4,4,2,2,4,4,3,4,2,2,1,1,2,2
M145829,1,4,2,2,3,4,2,5,3,3,2,2,2,2,1,1,2,2,3,3,2,5,1,1,3,3,3,3,3,3,1,1,2,5,3,3,3,3,2,2,1,2,1,1,2,4,1,1,2,6,2,2,1,3,2,2,2,3,3,3,2,4,1,1,5,5,2,2,3,4,2,3,2,3,1,3,5,5,4,4,1,3,2,3,7,7,2,3,3,3,1,1,6,6,3,3,3,4,3,3,3,3,2,3,4,4,2,2,2,2,1,1,4,4,2,4,3,3,1,3,3,3,1,2,1,4,1,4,1,2,1,1,1,3,3,4,2,2,1,1,1,1,3,3,3,3,1,1,4,4,1,2,3,3,3,3,1,1,1,1,2,2,2,2,1,1,1,1,3,3,1,1,2,2,2,2,3,3,1,1,1,3,2,3,4,4,4,5,3,3,2,2,3,3,3,4,2,2,2,2,4,4,3,3,2,3,3,3,2,4,3,3,2,2,3,3,1,1,2,2,2,2,1,3,4,4,1,2,1,3,1,3,3,5,3,4,1,2,4,5,2,4,2,2,1,1,2,2
M145830,1,1,2,2,3,4,2,4,3,3,2,2,2,2,2,2,2,2,3,3,1,1,1,1,3,3,2,3,3,3,1,1,5,5,3,3,2,2,2,2,1,1,1,1,1,2,1,1,2,2,2,2,1,3,2,2,2,2,4,4,2,2,1,3,5,5,2,2,1,4,3,3,2,3,1,3,5,5,4,4,1,1,2,4,7,7,2,3,3,3,1,2,6,6,3,3,3,3,3,3,1,3,1,1,4,4,2,2,1,2,1,3,4,4,2,2,3,4,1,1,3,3,1,1,4,7,1,6,1,1,1,2,1,4,4,4,1,2,3,3,3,3,3,3,3,3,1,1,4,4,1,1,3,3,3,3,1,1,1,1,2,2,2,2,1,1,1,1,1,3,2,2,2,2,2,2,1,3,1,1,1,3,2,2,4,4,1,4,3,3,2,2,3,3,2,4,2,2,2,2,4,5,3,3,3,3,2,3,2,4,3,3,2,2,3,3,1,4,1,2,2,5,1,1,4,4,1,1,1,4,3,3,3,5,3,4,2,3,4,4,3,4,2,2,1,1,2,2
M145831,1,4,2,2,3,3,5,5,3,3,2,2,2,2,2,2,1,1,3,3,1,3,1,1,3,3,3,3,2,3,1,1,2,5,3,3,1,3,2,2,1,1,1,1,2,2,1,1,2,5,2,2,1,1,2,2,2,2,2,3,3,4,1,1,5,5,1,1,1,4,2,2,2,2,1,1,5,6,4,4,1,2,2,4,7,7,3,3,3,3,1,2,1,2,3,3,3,3,3,3,1,1,2,3,4,4,2,2,1,2,3,3,4,4,2,2,3,3,1,1,3,3,2,3,1,4,4,6,1,2,1,2,3,4,4,4,2,2,1,1,3,3,3,3,3,3,1,1,2,4,1,2,3,3,1,3,1,1,1,1,1,2,2,2,1,1,1,1,3,3,1,2,2,2,2,2,2,3,1,2,2,3,2,2,4,4,4,4,3,4,2,3,3,3,3,4,2,2,2,2,4,4,3,4,3,3,3,3,2,2,3,3,2,2,3,3,1,4,1,1,2,2,1,1,4,4,1,1,4,4,2,2,3,5,4,4,1,2,4,4,2,2,2,2,1,1,2,2
M145832,1,4,2,2,3,4,4,5,3,3,2,2,2,2,1,7,1,1,3,3,5,5,1,2,2,3,2,3,2,3,1,1,2,3,3,3,2,3,2,2,1,1,1,1,2,4,1,1,2,3,2,2,3,3,2,2,2,2,3,4,4,4,1,1,5,5,1,1,1,4,2,2,2,6,3,3,5,6,1,4,1,1,2,4,1,7,3,3,3,3,1,1,1,4,3,3,3,3,3,3,1,3,2,3,4,4,2,2,1,2,3,3,2,4,2,2,3,3,1,1,3,3,1,3,1,7,4,6,1,1,1,1,1,3,4,4,1,2,1,2,1,1,2,3,1,4,1,1,4,4,1,2,3,3,1,3,1,1,1,2,2,2,2,2,1,1,1,1,3,3,2,2,2,2,2,2,2,3,1,1,3,3,2,2,2,4,4,4,3,4,2,2,2,4,2,2,2,2,2,2,4,4,1,3,3,3,3,3,2,2,1,3,2,2,1,3,1,1,1,2,5,5,1,3,2,4,1,2,1,4,3,3,3,3,2,4,3,3,4,4,3,3,2,2,1,1,2,2
M145833,1,2,2,2,3,4,5,5,3,3,2,2,2,2,2,7,1,2,3,3,1,5,1,1,3,3,3,3,2,3,1,1,5,5,2,3,3,3,2,2,1,2,1,1,2,4,1,2,2,2,2,2,2,3,2,2,2,3,2,3,3,4,1,1,5,5,2,2,1,4,2,2,3,3,3,3,5,5,4,4,1,3,2,4,7,7,3,3,3,3,1,1,6,6,3,3,3,3,3,3,1,3,1,2,4,4,2,2,2,2,1,1,4,4,1,2,3,4,1,1,3,3,1,2,4,4,4,4,1,1,1,2,4,4,4,4,1,2,1,3,1,1,3,3,3,4,1,1,4,4,1,1,2,3,3,5,1,1,1,1,1,2,2,2,1,1,1,1,1,3,1,2,2,2,2,2,2,3,1,1,1,3,2,2,4,4,4,4,3,4,2,2,3,3,4,4,2,2,2,2,4,4,3,4,3,3,3,3,4,4,3,3,2,2,3,3,1,4,1,2,2,2,1,1,4,4,1,1,1,4,2,3,5,5,4,4,1,2,4,4,4,4,2,2,1,1,2,2
M145834,2,3,2,2,4,4,5,5,3,3,2,2,1,2,1,1,1,2,3,3,5,5,1,1,3,3,3,3,2,3,1,1,3,5,2,3,1,3,2,2,1,2,1,1,2,2,1,2,2,5,2,2,3,3,2,2,2,2,3,4,3,4,1,1,5,5,2,2,3,3,2,3,1,3,3,3,5,5,4,5,1,1,2,4,1,7,2,3,3,3,1,2,4,6,3,3,3,3,3,3,1,4,2,2,4,4,2,2,1,2,3,3,4,4,2,2,3,3,1,1,3,3,3,3,4,7,4,6,1,1,1,1,1,4,4,4,2,2,1,3,1,1,3,3,3,3,1,1,4,4,1,2,2,3,1,3,1,1,1,2,1,2,2,2,1,1,1,1,3,3,1,2,2,2,2,2,3,4,1,1,1,3,2,2,2,4,4,4,3,4,2,2,4,4,4,4,2,2,2,2,4,4,1,3,3,3,2,3,2,3,1,1,2,3,1,3,1,4,1,2,2,2,1,1,4,4,1,1,1,4,1,2,3,5,4,4,2,2,4,4,4,4,2,2,1,1,2,2
M145835,1,3,2,2,3,3,4,5,3,3,1,2,1,2,2,7,1,2,3,5,1,5,1,1,3,3,3,3,3,3,1,1,2,2,2,3,1,3,2,2,1,2,1,1,1,2,1,1,2,2,2,2,1,3,2,2,2,2,3,4,3,3,1,1,5,5,1,1,1,4,3,3,2,6,3,3,5,6,1,4,1,2,4,4,2,7,2,3,3,3,1,2,1,6,3,3,3,3,3,3,1,1,1,3,2,4,2,3,2,2,3,3,4,4,2,2,3,4,1,1,3,3,1,3,1,4,1,4,1,1,1,2,3,4,4,4,1,2,1,3,1,3,2,3,3,3,1,1,1,4,1,2,3,5,1,3,1,1,1,1,1,1,2,2,1,1,1,2,3,3,2,2,2,2,2,2,3,3,1,1,1,3,2,2,4,4,4,4,3,4,2,3,3,3,2,2,2,2,2,2,4,4,1,3,2,3,3,3,2,4,3,3,2,2,3,3,1,1,1,1,2,2,1,1,4,4,1,1,1,4,2,3,5,5,2,4,2,3,3,4,3,4,2,3,1,1,2,2
M145836,1,1,2,2,4,4,2,5,3,3,2,2,1,2,1,2,2,2,3,3,5,5,1,1,3,3,3,3,2,3,1,1,2,5,3,3,1,1,2,2,1,2,1,1,2,4,1,2,2,2,2,2,1,3,2,2,2,3,2,3,2,4,1,1,5,5,2,2,4,4,2,2,3,3,3,3,5,5,4,5,1,3,4,4,1,7,3,3,3,3,1,1,6,6,3,3,3,3,3,3,1,1,2,2,4,4,2,2,2,2,3,3,4,4,1,2,3,4,1,1,3,3,2,3,4,4,4,4,1,2,1,1,1,4,4,4,2,2,1,1,1,1,3,3,4,4,1,1,4,4,1,1,3,3,3,5,1,1,1,2,1,2,2,2,1,1,1,1,3,3,2,2,2,2,2,2,3,3,1,1,1,3,2,2,2,4,4,4,4,4,2,2,3,4,4,4,2,2,2,2,4,4,3,4,3,3,3,3,3,4,1,1,2,2,1,3,1,4,2,2,2,2,1,1,4,4,1,1,4,4,1,1,3,5,4,4,2,2,4,4,4,4,2,2,1,1,1,2
M145837,2,2,2,2,3,3,2,5,3,3,2,2,2,2,1,2,2,2,3,3,5,5,1,1,2,3,3,3,2,3,1,5,2,3,2,3,1,3,2,2,1,2,1,1,2,2,2,2,2,2,2,2,1,1,2,2,2,3,2,3,2,4,1,1,5,5,2,2,4,4,2,2,1,3,3,3,5,5,4,4,1,1,2,2,1,7,3,3,3,3,1,1,6,6,3,3,3,3,2,3,1,1,1,2,4,4,2,2,1,2,3,3,4,4,1,2,4,4,1,1,3,3,1,3,4,5,4,6,1,1,1,2,1,3,4,4,2,2,1,1,1,1,3,3,4,4,1,1,2,4,1,1,3,3,3,5,1,1,1,2,1,1,2,2,1,1,1,1,3,3,1,1,2,2,2,2,3,4,1,2,1,3,2,2,2,4,1,4,3,4,2,2,4,4,4,4,2,2,2,2,4,4,3,4,3,3,3,3,3,4,3,3,2,2,1,3,1,1,1,2,2,2,1,1,2,4,1,1,1,4,1,3,3,3,3,4,2,2,4,4,4,4,2,2,1,1,2,2
M145838,1,3,2,2,3,3,4,4,2,3,2,2,2,3,1,1,1,2,3,4,2,5,1,1,3,3,3,3,2,3,1,1,2,5,3,3,1,3,2,2,2,2,1,1,4,4,1,1,2,2,2,2,1,1,2,2,1,3,3,3,2,2,1,1,3,6,1,1,1,1,2,3,2,2,3,3,5,5,4,4,3,3,3,4,1,7,3,3,3,3,1,1,1,1,3,3,1,3,3,3,1,3,1,2,4,4,2,2,2,2,1,1,4,6,2,5,4,4,1,1,3,3,2,4,2,4,1,4,1,2,1,1,1,5,4,4,1,2,1,1,1,3,3,3,3,3,1,1,4,4,1,1,3,3,3,4,1,1,1,3,1,2,1,2,1,1,1,1,2,3,2,2,2,2,2,2,2,2,1,1,1,1,2,2,1,4,4,4,3,3,2,2,4,4,3,4,2,2,1,2,4,4,1,1,1,3,3,3,2,3,3,3,2,2,1,3,2,2,1,2,2,5,1,1,2,4,1,2,1,3,2,3,1,1,4,5,1,2,3,5,2,3,2,2,1,1,2,2
M145839,1,4,2,2,3,3,5,5,3,3,2,2,2,2,1,7,2,2,3,3,2,3,1,1,3,3,3,3,2,3,1,5,5,5,2,2,1,3,2,2,1,1,1,1,1,4,1,2,2,2,2,2,1,1,2,2,1,2,3,4,4,4,1,1,5,5,2,2,3,4,3,3,2,2,3,3,5,6,4,5,1,2,4,4,1,7,3,3,3,3,1,1,1,5,3,3,3,3,2,2,3,3,2,2,4,4,2,3,1,2,1,3,4,4,1,4,3,4,1,1,3,3,1,3,1,4,1,6,1,1,1,2,3,5,4,4,1,2,1,3,1,1,3,3,3,3,1,1,4,5,1,1,3,3,3,4,1,1,1,2,1,2,2,2,1,1,1,1,1,1,2,2,2,2,2,2,2,2,1,1,1,1,2,3,2,4,4,4,3,3,0,0,3,4,3,4,2,2,2,2,4,4,1,1,3,3,3,3,2,3,3,3,2,2,1,3,2,2,2,2,2,2,1,1,2,4,1,1,4,4,2,3,3,5,4,5,2,3,4,4,3,4,2,4,1,1,2,2
M145840,3,4,2,3,3,3,5,5,3,3,2,2,2,2,1,1,1,2,2,3,1,5,1,1,3,3,3,3,1,2,1,5,2,5,3,3,1,3,2,2,1,1,1,1,1,2,1,1,2,2,2,2,1,2,2,2,2,3,4,4,2,4,1,1,5,5,1,2,4,4,2,3,2,2,3,3,5,5,4,4,3,3,4,4,1,7,3,3,3,3,1,2,1,6,3,3,3,3,3,3,1,1,2,3,3,3,1,2,1,1,3,3,2,4,1,4,3,4,1,1,3,3,1,3,4,4,6,6,1,1,1,2,1,3,4,4,1,2,3,3,1,3,2,3,3,4,1,1,4,5,1,2,3,3,3,4,1,1,1,3,1,2,2,2,1,1,1,1,1,2,1,2,3,3,2,3,2,3,1,1,1,1,2,2,2,4,4,4,3,3,2,3,3,3,3,4,1,2,2,2,4,4,1,3,3,3,3,3,2,2,3,3,2,2,1,3,1,1,2,2,2,2,1,1,3,4,1,2,1,1,1,3,3,3,4,5,2,3,4,4,3,4,2,2,1,1,2,2
M145841,4,4,2,2,3,3,5,5,1,3,2,2,2,3,1,2,1,2,3,3,2,2,1,1,3,3,1,3,2,3,5,5,4,5,3,3,1,1,2,2,1,1,1,3,2,4,1,1,2,2,2,2,3,3,2,2,2,2,3,4,4,4,1,1,5,5,1,2,3,4,2,3,2,2,3,3,5,6,4,4,1,3,4,4,1,1,2,3,3,3,1,1,1,5,3,3,3,3,2,3,1,1,2,3,3,4,1,2,2,2,3,3,4,4,2,5,3,4,1,1,3,3,1,3,1,4,2,4,1,1,1,2,1,1,4,4,2,2,1,1,1,1,1,2,3,3,1,1,4,4,1,1,3,3,3,3,3,3,2,2,1,2,2,2,1,1,1,1,1,4,2,2,2,3,2,2,2,4,2,2,1,1,1,2,2,2,4,4,3,4,2,2,3,4,3,4,2,2,1,2,4,4,1,3,3,3,3,3,3,3,3,3,1,2,1,1,1,1,2,2,2,5,1,3,4,4,1,2,1,4,1,1,1,5,3,4,1,2,4,4,2,3,2,2,1,1,2,2
M145842,3,3,2,2,3,3,1,5,3,3,2,2,2,2,2,7,2,2,3,3,1,2,1,1,3,3,3,3,3,3,1,5,5,5,3,3,1,3,2,2,1,2,1,1,2,3,1,1,2,2,2,2,1,1,2,2,2,3,2,3,3,4,1,3,5,5,1,1,1,1,2,3,2,2,3,3,5,6,3,4,1,1,4,4,7,7,3,3,3,3,2,2,1,4,3,3,3,3,3,3,1,3,1,2,3,4,2,3,1,2,3,3,4,4,1,2,3,4,1,1,3,3,1,3,4,4,6,6,1,1,1,2,3,5,4,4,2,2,1,1,1,3,2,3,3,4,1,1,4,4,1,2,3,3,3,4,1,1,1,1,1,2,2,2,1,2,1,1,2,2,2,2,4,4,2,2,2,3,1,1,1,1,2,2,4,4,4,4,3,3,2,3,3,3,3,3,2,2,2,2,4,4,1,3,3,3,3,3,2,3,1,3,2,2,3,3,1,2,1,2,2,2,1,1,4,4,1,2,1,3,1,3,3,6,3,4,1,2,4,4,2,4,2,2,1,1,2,2
M145843,3,4,2,2,3,3,3,5,1,2,2,2,2,3,1,7,2,2,3,3,2,3,1,1,3,3,3,3,1,3,5,5,3,4,3,3,3,3,2,2,1,2,1,1,1,3,1,1,2,3,2,2,3,3,2,2,1,2,3,4,3,4,1,1,5,5,2,2,1,3,2,3,2,2,3,3,5,5,3,4,1,3,4,4,1,7,3,3,3,3,1,2,1,1,3,3,1,3,2,3,1,4,2,2,3,4,1,2,1,2,3,3,4,4,2,4,3,3,1,1,3,3,3,3,4,4,2,6,1,1,1,2,1,1,4,4,2,2,1,3,1,3,1,3,3,3,1,1,4,4,1,2,3,5,3,4,1,3,1,2,1,1,1,2,1,1,1,1,1,2,2,2,2,2,2,2,2,3,1,2,1,3,2,2,2,4,4,4,3,4,2,2,3,3,3,3,2,2,1,1,4,4,1,3,1,3,3,3,2,3,1,3,2,3,1,3,1,1,2,2,2,5,1,1,4,4,1,2,4,4,2,3,5,6,4,4,1,1,4,4,2,3,2,2,1,1,2,2
M145844,3,4,2,2,3,4,3,5,1,2,2,2,1,2,1,7,2,2,3,3,3,3,1,1,3,3,3,3,2,3,1,5,3,5,2,3,3,3,2,2,1,1,1,1,3,4,1,1,1,3,2,2,1,1,2,2,1,1,3,4,3,4,1,1,5,5,2,2,1,4,2,2,2,2,3,3,5,5,4,4,3,3,4,4,1,1,2,3,3,3,1,2,1,1,3,3,1,3,3,3,1,3,2,2,3,4,2,2,1,1,3,3,4,4,2,4,3,3,1,1,3,3,3,3,4,4,4,6,1,1,1,2,1,3,4,4,1,2,1,3,1,1,2,2,3,3,1,1,4,5,1,2,5,5,3,4,1,3,1,2,1,1,1,2,1,1,1,1,1,2,2,2,2,2,2,2,2,3,1,1,1,3,2,2,2,4,4,4,3,4,2,3,3,3,3,3,2,2,1,1,4,4,3,3,1,2,3,3,2,3,1,3,2,3,1,3,1,1,2,2,2,5,1,1,4,4,1,2,4,4,1,3,1,6,4,4,1,1,4,4,2,3,2,3,1,1,2,2
M145845,2,2,1,1,3,3,3,5,1,3,2,2,1,2,2,7,2,2,3,3,1,5,1,1,3,3,3,3,3,3,1,5,5,5,2,3,3,3,2,2,1,1,1,1,1,4,1,1,2,2,2,2,1,3,2,2,1,3,3,3,2,4,1,1,5,5,1,2,3,4,3,3,2,6,3,3,6,6,3,4,1,2,4,4,7,7,3,3,3,3,1,2,1,1,3,3,3,3,2,2,1,3,2,2,2,4,2,2,1,2,3,3,4,4,2,5,3,3,1,3,3,3,2,3,4,4,1,4,1,1,1,2,1,1,4,4,2,2,3,3,1,1,3,3,3,3,1,1,1,4,1,2,3,3,1,1,1,1,1,1,1,2,2,2,1,1,1,1,1,3,2,2,2,5,2,2,2,3,1,2,1,1,2,2,3,4,4,4,4,4,2,2,3,3,3,4,2,2,2,2,4,4,3,4,1,2,3,4,3,3,3,3,3,3,3,3,1,2,1,2,2,2,1,1,2,4,1,1,4,4,1,2,3,3,4,4,1,1,3,4,3,4,2,2,1,1,2,2
M145846,2,4,2,2,3,3,3,5,1,2,2,2,2,3,1,2,1,2,3,3,2,2,1,1,3,3,3,3,1,3,1,3,4,5,2,3,3,3,2,2,1,1,1,1,4,4,1,1,2,2,2,2,3,3,2,2,1,3,3,4,4,4,1,1,5,5,2,2,3,4,2,2,2,3,3,3,5,6,4,4,1,1,4,4,1,7,2,3,3,3,1,2,1,1,3,3,3,3,2,3,1,3,2,2,3,4,1,2,1,2,3,3,4,4,2,2,3,3,1,1,3,3,3,3,4,4,4,4,1,1,1,1,1,3,3,4,1,2,1,1,3,3,2,2,1,3,1,1,4,4,1,1,3,3,3,3,1,3,1,2,1,1,2,2,1,1,1,2,1,3,2,2,2,2,2,2,2,2,1,1,1,1,2,2,2,4,4,4,3,4,2,3,3,3,2,4,2,2,1,1,4,4,3,3,3,3,3,3,3,3,1,3,2,2,1,3,1,1,2,2,2,5,1,1,4,4,1,2,3,4,2,3,3,5,2,4,2,3,4,4,2,2,2,3,1,1,2,2
M145847,2,2,1,2,3,3,3,5,1,3,2,2,2,2,5,6,2,2,3,3,2,3,1,2,3,3,3,3,1,3,1,5,3,5,2,3,1,1,2,2,1,2,1,1,1,4,1,1,2,5,2,2,1,3,2,2,2,3,3,3,2,2,1,1,5,5,1,1,3,3,3,3,2,2,2,3,5,5,4,4,1,2,4,4,1,1,3,3,2,3,1,2,1,1,3,3,3,3,2,2,4,4,2,2,3,3,2,3,2,3,3,3,4,4,2,2,3,3,1,1,3,3,1,4,4,4,1,2,1,1,1,2,1,5,4,4,1,2,3,3,1,1,3,3,3,3,1,1,5,5,1,1,3,3,3,3,1,1,2,3,1,2,2,2,1,1,1,1,1,3,2,2,5,5,2,2,2,4,1,1,1,3,2,2,2,2,4,4,3,4,2,2,3,4,3,4,1,2,2,2,4,4,3,3,2,3,3,3,3,3,3,3,2,3,1,1,1,1,2,2,2,5,1,3,2,3,1,2,4,4,1,2,3,5,3,3,1,2,4,4,3,3,2,3,1,1,2,2
M145848,2,4,2,2,3,3,1,5,1,2,2,2,1,2,1,7,2,2,3,3,3,3,1,1,3,3,3,3,2,3,3,5,3,5,3,3,1,3,2,2,1,1,1,1,4,4,1,1,2,2,2,2,1,3,2,2,2,3,3,3,3,4,1,1,5,5,2,2,1,3,2,3,2,2,3,3,5,5,4,4,1,1,4,4,1,7,2,3,3,3,1,1,1,1,3,3,3,3,2,3,1,3,2,2,3,4,1,2,2,2,3,3,4,4,2,2,3,3,1,1,3,3,3,3,4,4,6,6,1,1,1,1,1,3,4,4,1,2,1,1,1,1,1,2,3,3,1,1,4,4,1,1,3,5,3,3,1,3,1,2,1,1,1,2,1,1,1,1,1,2,2,2,2,4,2,2,3,3,1,1,1,3,2,2,2,4,4,4,4,4,2,3,3,3,4,4,2,2,1,1,4,4,1,3,3,3,3,3,2,3,1,3,2,2,1,3,1,1,2,2,2,5,1,1,4,4,1,2,4,4,2,3,5,6,4,4,1,3,4,4,2,3,2,2,1,1,2,2
M145849,2,4,2,2,3,4,1,5,1,2,2,2,1,2,1,2,2,2,3,3,2,3,1,1,3,3,3,3,2,3,5,5,5,5,3,3,3,3,2,2,1,1,1,1,4,4,1,1,2,3,2,2,3,3,2,2,1,3,3,3,4,4,1,1,5,5,1,2,1,3,2,2,2,2,3,3,5,5,3,4,1,1,4,4,1,7,3,3,3,3,1,1,1,1,3,3,1,3,3,3,1,1,2,2,3,4,1,2,2,2,3,3,4,4,2,2,3,3,1,1,3,3,3,3,4,4,2,6,1,1,1,2,3,5,4,4,1,2,1,3,1,3,1,3,3,3,1,1,4,5,1,2,3,5,3,3,1,3,1,2,1,1,1,2,1,1,1,1,1,2,2,2,3,4,2,2,2,3,1,1,1,1,2,2,2,4,4,4,3,3,2,3,3,3,3,4,2,2,1,2,4,4,3,3,3,3,3,3,2,3,3,3,2,3,1,3,1,1,1,2,2,5,1,1,2,4,1,2,3,4,1,2,1,5,4,4,1,3,4,4,2,3,2,2,1,1,2,2
M145850,1,1,2,2,3,3,5,5,3,3,2,2,2,2,1,2,1,2,3,3,1,2,1,1,3,3,3,3,3,3,1,5,5,5,2,3,3,3,2,2,1,1,1,1,1,4,1,2,2,2,2,2,1,1,2,2,2,3,3,4,4,4,1,1,5,5,1,2,3,4,3,3,2,3,3,3,6,6,4,5,1,2,4,4,7,7,3,3,3,3,1,1,1,4,3,3,3,3,2,3,3,3,2,2,3,4,2,3,1,2,3,3,4,4,4,5,4,4,1,1,3,3,3,3,2,4,2,4,1,2,2,2,1,5,4,4,2,2,1,3,1,1,2,3,1,3,1,1,4,4,1,1,3,3,3,3,1,3,1,1,1,2,2,2,1,1,1,1,1,3,2,2,2,2,2,2,2,2,1,1,1,1,2,3,4,4,4,4,3,4,2,2,3,4,3,4,2,2,2,2,4,5,1,1,3,3,3,3,2,3,3,3,2,2,3,3,1,2,1,2,2,2,1,3,2,4,1,1,4,4,1,2,5,5,5,5,2,3,4,4,3,4,2,4,1,1,2,2
M145851,2,3,2,2,3,4,3,5,3,3,2,2,2,2,2,7,1,2,3,3,2,3,1,1,3,3,2,3,2,3,1,5,3,5,2,3,1,3,2,2,1,2,1,1,1,4,1,2,2,3,2,2,1,1,2,2,1,2,2,3,2,4,1,1,5,5,1,2,1,4,3,3,2,3,3,3,5,6,4,5,1,3,4,4,1,7,3,3,3,3,1,1,1,1,3,3,3,3,3,3,3,3,2,2,3,4,2,3,1,2,3,3,4,4,2,5,3,3,1,1,3,3,3,3,2,4,1,4,1,2,2,2,3,5,4,4,2,2,1,3,1,1,2,2,3,3,1,1,4,4,1,1,3,3,1,3,1,3,1,2,2,2,2,2,1,1,1,1,1,3,2,2,2,2,2,2,2,3,1,1,1,1,2,3,2,4,4,4,3,3,2,2,3,3,3,4,2,2,2,2,4,4,3,3,1,3,3,4,2,3,1,3,2,3,1,3,1,2,2,2,2,2,1,3,2,4,1,2,1,4,1,2,3,5,3,5,2,2,4,4,3,3,2,4,1,1,2,2
M145852,2,3,2,2,3,3,1,5,2,3,2,2,2,2,2,2,1,2,3,3,1,2,1,1,3,3,3,3,2,3,4,5,5,5,2,3,3,3,2,2,1,1,1,1,1,3,1,1,2,3,2,2,1,1,2,2,1,3,2,3,3,4,1,1,5,5,1,2,1,1,2,3,2,2,3,3,5,6,4,4,1,3,4,4,7,7,3,3,3,3,1,1,1,4,3,3,3,3,3,3,3,3,2,2,4,4,1,2,2,2,3,3,4,4,2,5,3,3,1,1,3,3,3,3,4,4,1,6,1,1,1,2,1,5,4,4,2,2,1,1,1,1,2,2,3,3,1,1,4,4,1,2,3,5,1,3,1,3,1,1,1,2,1,2,1,1,1,1,3,4,2,2,2,4,2,2,2,3,1,1,1,1,2,2,4,4,4,4,3,4,2,3,3,3,3,4,2,2,2,2,4,5,3,3,3,3,3,3,2,2,1,1,2,2,3,3,1,1,1,2,2,2,1,1,2,4,1,1,4,4,1,3,5,6,4,5,1,2,4,4,4,4,2,2,1,1,2,2
M145853,2,3,1,2,3,3,3,5,3,3,2,2,2,2,1,2,1,2,3,3,1,5,1,1,3,3,3,3,3,3,1,1,5,5,2,3,1,3,2,2,1,1,1,1,1,4,1,1,2,2,2,2,1,3,2,2,1,3,3,4,2,4,1,1,5,5,1,2,3,4,2,3,3,3,1,3,6,6,4,4,2,3,4,4,7,7,3,3,3,3,1,1,1,1,3,3,1,3,2,3,3,3,1,2,2,4,1,2,1,2,3,3,4,4,1,2,3,3,1,3,3,3,3,3,2,4,2,4,1,2,1,2,1,1,4,4,1,2,3,3,1,3,3,3,3,3,1,1,1,4,1,2,3,5,4,4,1,1,1,1,1,1,1,2,1,1,1,1,1,1,2,2,2,5,2,2,2,3,1,1,1,1,2,2,3,4,4,4,3,4,2,2,3,3,3,3,2,2,2,2,4,4,3,3,1,2,3,3,2,3,1,3,2,2,3,3,1,2,1,2,2,2,1,1,2,4,1,1,4,4,1,1,3,3,4,5,1,1,4,4,2,4,2,2,1,1,2,2
M145854,2,4,2,2,3,4,3,5,1,2,2,2,2,3,1,7,2,2,3,3,2,3,1,1,3,3,3,3,1,3,1,5,3,4,2,3,3,3,2,2,1,2,1,1,1,3,1,1,1,2,2,2,1,1,2,2,1,2,2,4,4,4,1,1,5,5,1,2,1,4,2,3,2,2,3,3,5,5,3,4,3,3,4,4,1,7,3,3,3,3,1,1,1,4,3,3,3,3,3,3,1,4,2,2,3,4,2,2,1,2,3,3,4,4,2,4,3,3,1,1,3,3,3,3,4,4,2,4,1,1,1,2,1,1,4,4,2,2,1,1,1,1,1,3,3,3,1,1,4,5,1,2,3,5,3,4,1,3,1,2,1,1,1,2,1,1,1,1,1,2,2,2,2,3,2,2,2,2,1,1,1,3,2,2,2,4,4,4,3,4,2,2,3,3,4,4,2,2,1,1,4,4,1,3,2,3,3,3,2,3,3,3,2,2,1,3,1,1,2,2,2,5,1,1,2,4,1,2,3,4,2,3,1,5,4,4,1,2,4,4,2,4,2,3,1,1,2,2
M145855,2,2,2,2,3,4,4,4,2,3,1,2,2,2,1,2,2,2,3,3,2,5,1,2,3,3,3,3,2,3,1,5,5,5,2,3,3,3,2,2,1,1,1,1,1,2,1,1,2,2,2,2,1,3,2,2,3,3,3,3,2,4,1,1,5,5,1,1,1,3,3,3,2,3,1,3,5,5,4,4,1,2,4,4,6,7,3,3,3,3,1,1,1,2,3,3,3,3,3,3,1,3,2,3,3,4,2,2,1,2,1,4,4,4,2,5,3,3,1,3,3,3,1,3,2,4,2,4,1,2,2,2,1,3,1,4,1,1,1,3,1,1,3,3,3,3,1,1,4,5,1,1,4,5,1,3,1,3,1,1,1,2,2,3,1,1,1,1,3,3,2,2,2,5,2,2,3,3,1,1,1,1,2,2,4,4,4,4,3,4,2,3,3,4,3,4,2,2,1,2,4,5,3,4,3,3,2,3,2,4,3,3,2,2,3,3,2,2,2,2,2,2,1,1,2,4,1,1,1,4,3,3,4,5,2,4,2,2,4,4,4,4,2,2,1,1,2,2
M145856,2,4,1,2,3,3,5,5,3,3,1,2,2,2,2,2,2,2,3,4,5,5,1,1,3,3,1,3,3,3,1,5,2,5,3,3,3,3,2,2,1,1,1,1,1,1,1,1,2,2,2,2,3,3,2,2,1,3,3,3,4,4,1,3,5,5,1,1,3,4,2,3,2,2,3,3,5,6,4,4,2,3,4,4,7,7,3,3,3,3,1,1,1,5,3,3,3,3,3,3,3,3,1,2,4,4,2,3,1,1,1,1,4,4,1,4,3,3,1,3,3,3,1,3,4,5,1,4,2,2,1,2,3,5,4,4,1,1,1,3,1,1,2,3,3,3,1,1,4,4,1,1,3,3,3,4,1,1,1,1,1,2,2,2,1,1,1,1,1,3,2,2,2,2,2,2,3,4,1,1,1,1,2,3,4,4,4,4,3,4,2,3,3,3,4,4,2,2,1,1,4,4,1,1,1,3,3,3,2,2,3,3,2,3,3,3,1,2,2,2,2,5,1,1,2,4,1,1,4,4,1,3,3,6,3,3,1,2,4,4,4,4,2,3,1,1,2,2
M145857,3,4,2,2,3,3,3,5,1,3,2,2,2,3,1,7,2,2,3,3,2,2,1,1,3,3,3,3,1,3,3,5,4,5,3,3,3,3,2,2,1,2,1,1,1,4,1,1,1,3,2,2,3,3,2,2,1,2,3,3,4,4,1,1,5,5,1,2,1,4,2,2,2,2,3,3,5,5,4,4,1,1,4,4,1,7,3,3,3,3,1,2,1,1,3,3,1,3,3,3,3,4,2,2,3,4,1,3,2,2,3,3,4,4,2,4,3,3,1,1,3,3,3,3,4,4,6,6,1,1,1,2,1,5,4,4,1,2,1,3,1,3,2,2,3,3,1,1,4,4,1,1,3,3,3,4,1,3,1,2,1,1,2,2,1,1,1,2,1,2,2,2,2,3,2,2,2,2,1,1,1,1,2,2,2,4,4,4,3,4,2,3,3,3,3,3,2,2,1,2,4,4,1,3,1,2,3,3,2,3,3,3,2,3,1,3,1,1,1,2,2,5,1,1,2,4,1,2,4,4,2,3,5,5,4,4,1,3,4,4,2,3,2,2,1,1,2,2
M145858,3,3,2,2,0,0,1,5,3,3,2,2,2,2,2,2,1,2,3,3,2,5,1,1,3,3,1,3,2,2,1,5,5,5,3,3,1,3,2,2,1,1,1,3,2,4,1,1,2,2,2,2,3,3,2,2,2,3,2,3,2,4,1,1,5,5,1,2,1,4,3,3,2,2,3,3,5,6,4,5,1,1,4,4,1,2,3,5,3,3,1,2,1,5,3,3,3,4,3,3,1,3,2,2,3,4,3,3,1,2,1,1,4,6,1,5,3,4,1,1,3,3,2,3,4,4,1,6,1,1,1,1,1,1,4,4,1,2,1,1,1,1,3,3,3,4,1,1,3,4,1,2,3,3,1,4,1,1,1,3,1,1,2,2,1,1,1,1,3,4,1,2,2,5,2,2,3,3,1,3,1,1,2,2,1,4,4,4,3,3,2,4,3,4,4,6,2,2,2,2,4,4,1,3,3,3,3,3,2,3,3,3,2,3,1,3,1,1,2,2,2,2,1,3,3,4,1,1,1,1,1,1,3,3,3,4,3,3,4,5,4,4,2,2,1,2,2,2
M145859,2,4,2,2,3,3,3,5,2,3,2,2,2,2,1,2,2,2,2,3,1,3,1,1,3,3,3,3,2,3,5,5,2,3,3,3,1,3,2,2,1,2,1,1,1,3,1,1,2,3,2,2,1,1,2,2,1,2,2,4,2,4,1,3,5,5,1,2,1,1,2,3,2,2,3,3,5,5,3,5,1,1,4,4,1,7,3,3,3,3,1,1,1,4,3,3,3,3,3,3,1,1,1,2,3,4,2,2,1,2,3,3,2,4,1,4,3,4,1,1,3,3,1,3,4,4,6,6,1,1,1,2,1,3,4,4,2,2,1,3,1,3,3,3,3,3,1,1,4,4,1,2,3,5,4,4,1,1,1,3,1,1,1,2,1,2,1,1,2,3,2,2,2,3,2,2,2,3,1,1,1,3,2,2,2,4,4,5,3,3,2,3,3,3,4,4,2,2,1,2,4,4,1,3,1,3,3,3,2,2,3,3,1,2,1,3,1,1,2,2,2,2,1,1,2,3,1,1,1,3,1,1,3,5,3,4,2,2,4,4,4,4,2,2,1,1,2,2
M145860,2,3,2,2,3,3,3,5,3,3,2,2,2,3,1,2,1,2,3,3,1,3,1,1,3,3,1,3,3,3,1,5,5,5,2,3,3,3,2,2,1,1,1,1,2,2,1,1,3,5,2,2,1,1,2,2,1,3,3,3,2,4,1,1,5,5,2,2,1,3,3,3,2,2,3,3,5,6,4,5,1,3,4,4,7,7,3,3,3,3,1,1,1,1,3,3,3,3,3,3,3,4,2,2,4,4,1,2,1,2,3,3,4,4,5,5,3,4,1,1,3,3,3,4,4,4,1,2,1,1,2,2,1,1,4,4,2,2,1,1,1,1,3,3,3,3,1,1,4,4,1,1,3,3,1,3,3,3,1,1,1,1,2,2,1,1,1,1,1,4,2,2,2,2,2,2,2,2,1,1,1,1,2,2,4,4,4,4,3,4,2,2,3,4,3,6,2,2,2,2,4,5,1,3,2,3,3,3,2,3,3,3,2,2,3,3,1,1,2,2,2,2,1,1,2,4,1,2,1,3,2,2,4,5,4,5,1,2,4,4,3,3,2,3,1,1,2,2
M145861,3,4,2,2,3,3,1,5,1,3,2,2,1,2,1,2,2,2,3,3,2,3,1,1,3,3,3,3,2,3,1,3,3,4,2,3,3,3,2,2,1,2,1,1,3,4,1,1,1,2,2,2,3,3,2,2,1,1,2,4,4,4,1,1,5,5,2,2,1,4,2,2,2,2,3,3,5,5,3,4,1,3,4,4,1,7,3,3,3,3,1,2,1,1,3,3,3,3,3,3,1,4,2,2,3,4,1,3,1,1,3,3,4,4,2,4,3,3,1,1,3,3,3,3,4,4,4,6,1,1,1,1,1,1,4,4,2,2,1,1,1,1,2,3,3,3,1,1,4,4,1,1,3,3,3,4,1,3,1,2,1,1,2,2,1,1,1,2,1,3,2,2,3,4,2,2,2,3,1,2,1,3,2,2,2,4,4,4,4,4,2,3,3,3,3,4,2,2,1,1,4,4,3,3,1,2,3,3,2,3,1,3,2,2,1,3,1,1,2,2,2,5,1,1,2,4,1,2,4,4,1,2,1,5,4,4,1,2,4,4,2,4,2,2,1,1,2,2
M145862,1,4,2,2,3,3,3,5,1,3,1,3,2,3,1,7,1,2,3,3,3,5,1,1,3,3,3,3,1,2,1,1,3,5,2,2,1,3,2,2,2,2,1,1,1,2,1,1,2,2,2,2,1,2,2,2,2,3,3,3,2,4,1,1,5,5,1,1,1,4,2,3,2,2,3,3,5,5,4,5,1,3,3,4,7,7,3,3,3,3,1,1,1,2,3,3,3,3,3,3,3,4,1,2,3,4,1,2,1,2,1,3,3,4,2,4,3,4,1,1,3,3,3,3,4,4,1,4,1,1,2,2,1,1,3,4,1,2,3,3,1,1,2,3,3,3,1,1,4,4,1,1,3,3,3,3,1,1,1,2,1,2,2,2,1,2,1,1,1,3,2,2,3,4,2,2,4,4,1,2,1,1,2,2,2,4,4,5,3,3,2,2,3,3,4,4,1,2,2,2,4,4,3,3,3,3,2,3,2,2,1,3,1,2,1,3,1,1,2,2,2,2,1,1,3,4,2,2,1,4,3,3,3,5,4,4,1,2,4,5,2,3,2,2,1,1,2,2
M145863,1,1,2,2,3,3,5,5,2,3,2,2,2,3,1,2,2,2,3,3,2,3,1,1,3,3,1,3,2,2,5,5,5,5,2,3,3,3,2,2,1,2,1,1,2,2,1,2,2,2,2,2,1,3,2,2,3,3,2,3,4,4,1,1,5,5,1,1,1,3,2,2,2,3,3,3,5,5,4,4,2,3,4,4,7,7,3,3,3,3,1,1,5,6,3,3,1,3,2,2,3,4,2,2,4,4,2,3,1,2,3,4,4,4,1,5,3,3,1,2,3,3,1,3,4,4,1,2,1,1,1,2,1,1,4,4,1,2,1,3,1,1,3,3,3,3,1,1,4,5,1,1,3,3,1,3,3,3,1,1,1,1,1,3,1,1,1,1,1,3,2,2,2,5,2,2,2,2,1,2,1,3,2,2,4,4,4,4,4,4,2,2,3,3,3,4,2,2,2,2,4,5,1,4,3,3,3,4,2,2,3,3,2,3,3,3,1,1,1,2,2,2,1,1,4,4,2,2,4,4,1,3,3,5,3,4,3,3,4,4,4,4,2,2,1,1,2,2
M145864,2,4,2,2,3,3,5,5,1,3,1,2,2,3,2,5,2,2,3,3,3,5,1,2,3,3,2,3,1,3,1,5,5,5,2,3,1,3,2,2,2,2,1,3,2,4,2,2,2,2,2,2,1,3,2,2,2,2,2,4,2,4,1,1,2,5,1,1,4,4,1,3,2,3,2,3,5,5,4,4,1,3,2,4,1,7,3,3,3,3,1,1,1,4,3,3,3,3,2,2,1,1,2,2,3,4,2,2,1,1,1,1,2,4,2,4,4,4,1,3,2,3,1,3,1,4,6,6,1,1,1,3,2,3,4,4,2,2,1,3,1,1,3,3,3,3,1,1,4,4,2,2,3,3,1,3,1,3,1,2,1,2,2,2,1,1,1,1,3,4,2,2,2,2,2,2,1,4,1,1,1,1,2,3,1,4,4,5,3,3,2,3,3,4,4,4,2,2,1,2,4,4,3,3,3,3,2,3,2,3,1,3,2,2,1,3,1,1,2,2,2,2,1,1,4,4,1,2,1,4,1,3,1,3,3,5,1,2,3,4,3,4,1,4,1,1,2,2
M145865,4,4,2,2,3,3,5,5,3,3,1,1,2,3,2,5,1,2,3,3,2,5,1,1,3,3,3,3,1,3,1,1,2,3,3,3,3,3,2,2,1,2,1,1,1,2,1,1,2,3,2,2,1,3,2,2,2,2,2,3,4,4,1,1,2,6,1,1,4,4,3,3,3,3,1,3,5,6,4,4,1,3,2,4,7,7,3,3,3,4,1,1,1,6,3,3,3,4,2,3,1,3,2,3,3,3,1,2,2,2,1,3,4,4,2,4,3,4,1,3,3,3,1,1,1,1,4,6,1,1,1,2,3,5,4,4,2,2,2,3,1,1,3,3,1,3,1,1,4,4,1,2,3,3,3,3,1,3,1,1,1,2,2,2,1,1,1,1,3,4,2,2,2,2,2,2,2,4,1,1,1,1,2,3,4,4,4,5,3,4,2,3,4,4,3,3,2,2,1,2,4,4,3,3,1,2,2,4,2,4,2,3,2,3,3,4,2,4,2,2,2,2,1,1,4,4,2,2,3,4,2,3,3,5,3,5,1,2,4,4,2,3,3,4,1,1,2,2
M145866,1,4,2,2,3,3,3,5,3,3,1,2,2,2,2,7,2,2,3,3,5,5,1,1,3,3,3,3,2,2,1,5,5,5,2,3,1,3,2,2,1,2,1,1,1,1,1,1,2,2,2,2,1,1,2,2,2,3,2,4,2,4,1,1,5,5,1,1,3,4,2,3,2,3,3,3,4,5,4,4,2,3,3,4,1,7,3,4,2,3,1,2,1,1,3,3,3,3,2,3,1,1,2,2,3,4,2,2,1,2,1,3,3,4,2,2,3,4,1,3,3,3,1,2,4,7,1,4,1,1,1,2,1,5,3,4,1,1,3,5,1,1,2,3,1,3,1,1,4,5,1,1,3,5,3,4,1,3,1,2,1,2,2,3,1,1,1,1,1,2,1,1,2,3,2,2,2,2,1,1,1,3,1,2,2,4,4,4,3,3,2,2,3,5,4,6,1,2,2,2,4,4,1,3,1,1,2,3,2,3,3,3,2,3,1,3,1,2,2,2,2,2,1,1,2,4,1,1,3,4,3,3,3,6,3,4,2,3,3,3,1,4,2,3,1,1,2,2
M145867,2,4,2,2,3,4,5,5,3,3,2,2,2,3,1,7,1,2,3,3,5,5,1,1,3,3,2,2,3,3,1,5,3,5,2,3,3,3,2,2,1,1,1,1,2,2,1,2,2,2,1,2,1,3,2,2,2,3,3,4,4,4,1,1,5,5,1,1,3,4,3,3,2,2,2,3,5,5,1,4,3,3,4,4,1,1,3,3,2,3,1,1,1,1,3,3,3,3,2,3,4,4,2,2,2,4,2,2,2,2,3,4,3,3,2,4,3,4,3,3,3,3,1,4,4,7,2,4,1,1,1,2,1,1,1,4,2,2,1,2,3,3,3,3,1,3,1,1,4,4,1,1,3,5,1,4,1,3,2,2,1,1,2,2,1,2,1,1,3,3,2,2,1,3,2,2,3,3,1,1,1,3,2,2,2,2,4,4,2,3,2,2,3,4,4,6,2,2,1,2,4,4,1,1,1,3,3,3,2,2,1,3,2,2,1,1,2,3,2,2,2,2,1,2,4,4,1,2,1,4,1,3,3,5,3,3,1,2,4,5,2,3,2,2,1,1,2,2
M145868,1,2,2,2,3,3,5,5,3,3,2,2,2,2,1,7,1,1,3,5,1,3,1,1,3,3,1,1,1,3,5,5,5,5,3,3,1,3,2,2,1,1,3,3,2,5,1,1,2,4,2,2,1,1,2,2,1,2,3,3,4,4,1,3,5,5,1,1,1,1,3,3,1,2,3,3,6,6,4,4,1,1,4,4,1,4,2,3,3,3,1,2,1,3,3,3,1,3,2,3,1,4,1,2,3,4,1,2,1,2,3,4,2,3,2,2,4,4,1,1,2,3,1,3,4,4,1,2,1,1,1,2,1,5,3,4,1,1,1,5,1,3,3,3,3,3,1,1,4,4,1,1,3,5,1,3,3,3,2,3,1,2,2,3,1,1,1,2,3,3,2,2,2,2,2,2,2,3,1,1,1,1,2,2,2,2,4,4,1,2,2,2,4,4,4,4,2,2,2,2,4,4,3,3,2,3,3,3,2,3,3,3,3,3,1,1,1,2,2,2,2,2,1,1,2,2,2,2,4,4,1,2,3,5,4,4,1,3,3,4,3,4,2,3,1,1,2,2
M145869,1,1,2,2,3,3,4,5,1,1,1,2,2,2,1,2,2,2,3,3,3,5,1,1,3,3,1,2,1,2,1,5,5,5,2,3,3,3,2,2,2,2,1,1,4,4,1,2,2,2,2,2,1,1,2,2,3,3,2,4,2,4,1,1,5,5,1,2,3,3,3,3,3,3,3,3,5,5,4,4,1,1,3,4,3,7,3,3,3,3,2,2,4,4,3,3,3,3,3,3,1,2,2,3,2,4,2,2,2,2,1,3,4,4,2,5,3,4,1,3,3,3,1,1,4,4,2,6,1,1,1,2,1,1,4,4,1,2,3,3,1,1,3,3,3,3,1,1,4,4,1,1,3,3,1,4,1,3,1,1,2,2,2,2,1,1,1,1,3,3,2,2,2,2,2,2,3,4,1,1,1,1,2,2,4,4,4,4,3,3,2,2,3,3,4,6,2,2,1,2,4,4,3,4,2,3,2,4,2,3,1,1,1,2,3,3,1,2,1,2,2,5,1,1,2,2,1,2,3,3,3,3,5,6,4,5,1,3,4,4,4,4,2,2,1,1,2,2
M145870,2,4,2,2,3,3,5,5,3,3,1,2,2,3,1,2,2,2,3,3,5,5,1,1,3,3,3,3,1,3,3,5,5,5,3,3,1,3,2,2,1,2,1,1,2,2,2,2,2,5,2,2,3,3,2,2,2,2,2,4,4,4,1,3,3,5,1,1,1,1,2,3,2,3,1,3,5,6,4,4,2,2,2,4,1,7,3,3,2,3,1,2,1,2,3,3,1,3,3,3,3,3,2,2,4,4,2,3,1,2,3,3,3,4,2,2,3,4,1,3,2,3,1,3,1,4,1,6,1,1,2,2,1,3,3,4,2,2,1,3,1,1,2,3,3,3,1,1,5,5,1,1,3,3,3,3,1,3,1,2,1,2,2,3,1,3,1,1,1,1,2,2,2,2,2,2,3,3,1,1,1,3,2,2,2,4,4,4,3,3,3,3,3,3,4,4,1,2,1,2,3,5,1,3,1,3,3,3,3,3,3,3,2,2,1,3,2,2,2,2,2,2,1,3,2,4,1,1,3,4,1,3,5,5,3,3,2,2,4,4,4,4,2,2,1,1,1,2
M145871,4,4,2,2,3,3,3,5,3,3,1,2,2,3,2,3,1,2,3,3,3,5,1,1,3,3,3,3,1,3,1,1,5,5,3,3,2,3,2,2,1,1,1,1,2,2,1,2,2,2,2,2,2,3,2,2,2,2,2,2,2,4,1,3,2,5,1,1,1,4,2,3,2,3,2,3,5,6,4,5,1,3,3,4,2,7,3,3,1,3,1,1,1,4,3,3,3,4,3,3,1,4,2,2,3,3,2,3,2,2,1,1,2,4,2,4,3,3,1,3,3,3,1,2,1,4,4,6,1,1,1,1,3,3,4,4,1,2,2,2,1,3,3,3,3,3,1,1,4,4,1,1,3,3,3,3,1,3,1,3,1,1,2,2,3,3,1,1,3,3,1,2,2,2,2,3,2,2,1,2,1,1,2,2,1,4,4,5,3,4,2,3,4,4,3,4,2,3,2,2,4,4,3,3,1,1,1,2,2,3,3,3,2,2,3,3,3,4,2,2,2,2,1,1,4,4,1,2,4,4,1,2,3,5,1,5,1,2,4,4,2,2,2,4,1,1,2,2
M145872,4,4,2,2,3,3,5,5,3,3,1,1,3,3,2,2,2,2,3,3,3,5,1,1,3,3,3,3,1,3,1,1,2,5,2,3,2,3,2,2,1,2,1,1,2,2,1,1,2,5,2,2,1,2,2,2,2,2,2,2,4,4,1,1,2,5,1,1,1,4,2,3,2,3,3,3,5,6,4,5,1,3,3,4,2,7,3,3,1,3,1,1,4,6,3,3,3,4,3,3,1,4,2,3,3,3,2,3,1,2,1,1,2,4,2,4,3,3,1,3,3,3,2,3,1,7,4,6,1,1,1,1,3,5,4,4,1,2,2,2,1,1,3,3,3,3,1,1,4,4,1,1,3,3,3,3,1,3,1,3,1,1,2,2,3,3,1,1,3,3,1,2,2,2,2,3,1,2,1,2,1,1,2,3,1,4,4,5,3,3,2,3,4,4,3,4,2,3,2,2,4,4,3,3,1,3,1,2,2,3,3,3,2,2,3,3,3,4,2,2,2,2,1,1,4,4,1,2,1,4,3,3,5,5,1,5,1,2,3,3,2,2,2,4,1,1,2,2
M145873,1,2,2,2,3,3,3,5,1,3,2,2,2,2,2,2,1,1,3,3,2,2,1,1,1,3,3,3,1,2,1,5,5,5,2,3,3,3,2,2,1,2,1,1,1,2,1,1,2,5,2,2,1,1,2,2,3,3,3,3,4,4,1,3,5,5,1,1,1,3,3,3,2,3,2,3,5,5,4,5,1,2,3,4,7,7,3,3,3,3,1,1,1,6,3,3,3,3,2,3,1,3,2,2,3,4,2,2,2,2,3,3,4,4,2,5,3,3,1,2,3,3,1,3,4,7,2,4,1,1,1,2,1,5,4,4,1,2,3,3,1,1,3,3,3,3,1,1,4,4,1,1,3,3,1,3,1,3,1,1,1,1,2,3,1,3,1,1,1,3,2,2,2,5,2,2,2,2,1,2,1,3,2,2,4,4,4,4,3,4,3,3,3,3,4,4,2,2,1,2,4,4,3,4,3,3,3,4,2,4,1,3,2,3,3,3,1,2,2,2,2,2,1,1,2,4,1,1,1,4,3,3,1,4,4,4,1,3,4,4,4,4,2,3,1,1,1,2
M145874,4,4,2,2,3,3,3,4,3,3,1,2,2,3,1,7,2,2,3,4,2,5,1,1,3,3,3,3,2,2,1,5,5,5,2,3,3,3,2,2,1,2,1,1,1,1,1,1,2,3,2,2,1,1,2,2,2,3,3,3,2,2,1,1,5,5,1,1,3,3,2,2,2,3,3,3,5,5,4,4,1,2,3,3,1,7,3,4,2,3,1,1,1,6,3,3,3,3,2,3,1,1,2,2,3,3,2,2,1,2,1,3,2,4,2,5,3,4,1,1,3,4,1,3,6,7,4,6,1,1,1,2,1,1,3,4,1,1,3,3,1,1,2,3,1,3,1,1,4,5,1,1,3,5,3,4,1,1,1,2,1,2,2,3,1,1,1,1,3,3,1,1,2,5,2,2,2,2,1,1,1,1,2,2,2,4,4,4,3,3,3,3,3,3,4,6,1,2,2,2,4,4,1,3,1,3,2,3,2,3,3,3,2,2,1,3,2,2,2,2,2,2,1,1,2,4,1,2,3,4,3,3,5,6,3,4,1,2,3,4,2,4,2,3,1,1,2,2
M145875,2,2,1,2,3,3,5,5,3,3,1,2,2,3,3,7,1,2,3,3,2,3,1,1,3,3,3,3,2,2,1,5,2,5,2,3,2,3,2,2,1,2,1,1,1,4,2,2,2,2,2,2,1,3,2,2,2,3,2,3,2,4,1,2,5,5,1,1,1,4,2,3,2,2,3,3,5,6,4,4,1,3,4,4,1,3,3,3,3,3,1,2,1,5,3,3,3,3,3,3,1,3,3,3,2,3,2,2,2,2,3,3,4,4,2,5,3,4,1,1,3,3,1,2,4,5,1,5,1,1,1,1,1,5,1,4,1,1,1,1,1,3,3,3,1,3,1,1,4,4,1,1,3,3,1,4,1,1,1,3,1,1,2,2,1,3,1,1,1,3,1,2,2,2,2,2,3,3,1,1,1,1,2,3,2,4,3,4,2,3,2,3,3,3,3,4,2,2,2,2,4,4,1,3,2,3,3,3,2,2,1,3,2,3,1,3,1,1,2,2,2,2,1,1,4,4,1,2,1,4,2,3,5,5,3,4,1,3,4,4,3,4,2,2,1,1,2,2
M145876,2,4,2,2,3,3,5,5,1,3,1,2,2,3,2,2,2,2,3,3,5,5,1,1,3,3,2,3,1,2,1,1,5,5,3,3,3,3,2,2,1,2,1,1,1,2,1,2,2,2,2,2,1,1,2,2,2,3,2,4,4,4,1,1,2,5,1,2,3,4,3,3,2,3,3,3,5,5,4,4,3,3,3,4,1,7,3,3,2,3,1,1,1,6,3,3,3,4,2,3,1,3,2,2,3,4,2,2,1,2,1,3,3,4,2,4,3,4,1,1,2,3,1,3,1,4,4,6,1,1,1,1,3,3,4,4,2,2,2,3,1,3,3,3,3,3,1,1,4,4,1,2,3,3,1,3,3,3,1,2,1,2,2,2,1,1,1,1,1,4,2,2,2,2,2,2,1,2,1,1,1,3,2,3,2,4,5,5,3,4,3,3,3,4,4,4,2,2,2,2,4,4,3,4,3,3,3,4,2,3,1,3,2,2,1,3,1,1,2,2,2,2,1,1,2,4,1,2,3,4,1,3,3,5,4,4,1,3,4,4,3,4,2,4,1,1,2,2
M145877,2,3,2,2,3,3,5,5,3,3,2,2,2,2,1,7,2,2,3,3,2,5,1,1,3,3,2,3,1,2,1,5,2,5,3,3,3,3,2,2,1,2,1,1,1,4,1,1,2,5,2,2,1,1,2,2,2,3,3,3,4,4,1,1,5,5,1,2,4,4,2,3,2,3,1,3,5,5,4,5,1,1,2,4,7,7,3,3,3,3,1,1,1,6,3,3,3,3,2,3,1,3,3,3,2,3,2,2,1,2,1,3,4,4,2,5,3,3,1,1,3,3,1,3,2,4,1,4,1,2,1,2,1,3,4,4,1,2,1,1,1,1,2,3,3,3,1,1,4,4,1,2,3,3,1,3,1,1,1,1,1,1,2,3,1,1,1,1,3,3,2,2,2,2,2,2,3,3,1,1,1,1,2,3,4,4,4,4,3,3,3,3,3,4,3,4,2,2,2,2,4,4,1,1,1,3,3,3,2,2,1,1,3,3,3,3,1,1,1,2,2,2,1,3,4,4,1,2,1,4,2,3,1,5,4,5,1,2,4,4,2,4,2,2,1,1,2,2
M145878,2,3,2,2,3,3,4,6,3,3,2,2,2,2,2,7,2,2,3,3,2,2,1,1,3,3,2,3,1,2,1,5,2,5,2,3,3,3,2,2,1,2,1,1,1,1,1,2,2,5,2,2,1,1,2,2,2,2,3,3,4,4,1,1,5,5,1,1,4,4,2,3,3,3,3,3,5,6,4,4,1,1,4,4,7,7,3,3,3,3,1,1,1,6,3,3,1,3,2,3,1,3,3,3,2,2,2,2,1,1,1,3,4,4,2,4,3,3,1,1,3,3,1,3,4,5,1,4,1,1,1,2,1,1,4,4,1,2,1,1,1,3,3,3,3,3,1,1,4,4,1,1,3,3,3,3,1,1,1,1,1,1,2,3,1,1,1,1,3,3,2,2,2,2,2,2,2,3,1,1,1,1,2,2,4,4,4,4,3,3,3,3,3,3,3,4,1,2,2,2,4,4,1,1,1,3,3,3,2,2,1,1,3,3,3,3,1,4,1,2,2,2,1,3,4,4,1,2,4,4,3,3,1,3,4,5,1,1,4,4,3,4,2,2,1,1,2,2
M145879,3,3,2,2,3,3,4,6,3,3,2,2,2,2,1,7,2,2,3,3,3,5,1,1,3,3,2,3,1,2,1,5,2,5,2,3,3,3,2,2,1,2,1,1,1,1,2,2,2,5,2,2,1,2,1,2,2,2,3,3,4,4,1,1,5,5,1,1,4,4,2,3,2,3,3,3,5,5,4,4,1,1,2,4,3,7,3,3,3,3,1,1,1,6,3,3,1,3,3,3,1,3,3,3,2,2,2,2,1,1,1,1,4,4,2,4,3,3,1,3,3,3,1,3,4,4,1,4,1,1,1,2,1,3,4,4,1,1,1,1,1,1,3,3,1,3,1,1,4,4,1,2,3,3,3,3,1,1,1,1,1,2,2,2,1,1,1,1,3,3,2,2,2,2,2,2,3,3,1,1,1,1,2,3,4,4,4,4,3,3,3,3,3,3,4,4,2,2,2,2,4,5,1,1,3,3,3,3,2,3,1,2,2,3,3,3,1,2,2,2,2,2,1,1,2,4,1,2,1,4,2,3,1,1,4,4,2,2,4,4,2,4,2,2,1,1,2,2
M145880,1,1,2,2,3,3,5,5,3,3,1,2,2,3,1,7,1,2,3,3,2,3,1,1,3,3,2,3,2,3,5,5,5,5,2,3,3,3,2,2,1,2,1,1,2,4,1,1,2,2,2,2,1,3,2,2,3,3,2,3,4,4,1,3,5,5,1,1,3,3,2,2,2,3,3,3,5,5,4,5,2,3,3,4,7,7,2,3,3,3,1,1,5,6,3,3,3,3,2,3,1,3,2,2,4,4,2,3,1,2,3,3,4,4,1,5,3,3,1,2,2,3,1,1,4,4,1,2,1,1,1,1,1,1,4,4,2,2,1,3,1,1,3,3,3,3,1,1,4,5,1,1,3,3,1,3,3,3,1,1,1,1,1,3,1,1,1,1,1,3,2,2,2,5,2,2,4,4,1,2,3,3,2,2,4,4,4,4,3,4,2,2,3,3,3,4,1,2,1,2,4,4,1,4,3,3,3,4,2,2,3,3,2,3,3,3,1,1,1,2,2,2,1,1,4,4,2,2,4,4,2,3,3,5,3,4,3,3,4,4,4,4,2,2,1,1,1,2
M145881,1,4,2,2,3,3,5,5,1,3,2,2,2,2,1,7,1,2,3,3,5,5,1,1,1,3,1,3,1,2,4,5,5,5,2,3,3,3,2,2,1,2,1,3,1,4,1,2,2,2,2,2,1,1,2,2,2,3,2,3,4,4,1,3,5,5,1,1,1,3,2,2,2,3,1,3,5,5,4,4,1,1,4,4,1,3,3,3,3,3,1,2,1,4,3,3,3,3,2,3,3,3,1,2,3,4,2,2,2,2,1,3,3,4,2,2,3,4,1,3,3,3,1,3,4,5,2,6,1,1,1,1,1,1,4,4,1,1,3,3,1,1,3,3,3,3,1,1,4,5,1,1,3,3,1,4,1,1,1,2,1,2,2,2,1,1,1,2,1,3,1,2,2,2,2,2,2,3,1,1,1,1,2,2,2,4,4,4,3,3,2,2,3,4,4,4,2,2,2,2,4,4,1,3,3,3,3,3,2,3,3,3,2,2,1,3,1,2,2,2,2,2,1,1,2,4,1,1,3,4,1,3,3,4,3,5,1,3,4,4,0,0,2,3,1,1,2,2
M145882,2,2,2,2,3,3,4,4,3,3,2,2,2,2,1,7,1,2,3,5,2,5,1,1,3,3,1,3,2,3,1,1,5,5,2,3,3,3,2,2,1,1,1,1,1,2,1,1,2,4,2,2,1,3,2,2,2,2,3,3,4,4,1,3,5,5,1,2,1,4,2,3,2,3,3,3,5,6,2,5,1,2,4,4,4,7,2,3,3,3,1,2,1,2,3,3,1,3,0,0,1,3,2,3,3,4,2,2,2,2,1,3,3,4,2,5,3,4,1,1,3,3,1,3,4,4,1,2,1,1,1,2,1,1,4,4,1,2,1,5,3,3,2,3,3,3,1,1,1,4,1,2,3,5,3,3,1,1,1,2,1,1,3,3,1,1,1,1,2,3,2,2,1,2,2,2,3,3,1,1,1,1,2,2,2,4,3,4,3,4,2,3,3,4,2,3,2,2,2,2,4,4,1,3,3,3,3,3,3,4,3,3,2,3,1,3,1,2,2,2,2,2,1,3,2,4,1,2,4,4,1,2,1,6,4,4,2,2,4,4,2,4,2,2,1,1,2,2
M145883,4,4,2,2,3,3,3,5,3,3,1,2,2,3,2,2,1,2,3,3,5,5,1,1,3,3,3,3,1,2,1,1,5,5,2,3,3,3,2,2,1,2,1,1,1,2,1,1,2,5,2,2,2,3,2,2,1,2,2,4,4,4,1,1,2,5,1,1,1,4,3,3,2,3,3,3,6,6,4,4,1,3,4,4,7,7,3,3,3,3,1,1,4,6,3,3,3,4,3,3,1,3,2,3,3,3,2,3,1,1,1,1,4,4,1,4,3,4,1,3,3,3,2,3,1,7,4,6,1,1,1,2,1,3,4,4,1,2,2,3,1,1,3,3,3,3,1,1,4,4,1,2,3,3,1,3,3,3,1,1,1,1,2,2,1,3,1,1,3,4,1,2,2,3,2,2,1,2,1,2,1,1,2,2,4,4,4,5,3,3,2,3,4,4,4,4,2,2,2,2,4,4,3,3,1,1,3,3,3,3,3,3,2,2,3,3,1,4,2,2,2,2,1,1,4,4,1,2,1,4,1,3,5,5,1,4,1,3,3,4,2,3,2,4,1,1,2,2
M145884,2,4,2,2,3,3,5,5,1,3,1,2,3,3,2,2,2,2,3,3,2,5,1,2,3,3,1,3,1,3,1,5,2,5,3,3,2,3,2,2,1,1,1,2,2,5,1,1,2,3,2,2,1,1,2,2,2,3,3,4,4,4,1,1,5,5,1,2,1,4,3,3,2,3,2,3,5,6,1,4,2,3,3,4,7,7,3,3,3,3,1,1,1,6,3,3,3,4,2,3,1,3,2,3,3,4,2,2,1,2,1,1,4,4,4,5,3,3,1,1,2,3,1,3,1,1,1,6,1,1,1,2,5,5,3,4,1,1,1,2,1,3,2,3,1,3,1,1,4,4,1,1,2,3,3,3,1,3,1,1,1,1,2,2,1,3,1,1,3,3,1,2,2,2,2,2,1,3,1,2,1,1,2,3,4,4,4,5,3,4,3,3,3,4,3,4,2,2,2,2,4,4,3,3,1,1,2,4,2,3,3,3,2,3,3,3,1,4,2,2,2,2,1,1,4,4,1,1,1,4,2,2,3,5,3,5,1,3,3,4,3,3,2,4,1,1,2,2
M145885,2,4,2,2,3,3,5,5,3,3,1,2,3,3,1,2,2,2,3,3,5,5,1,2,1,3,1,3,1,3,1,5,2,5,2,3,1,2,2,2,1,2,1,1,1,2,1,2,2,2,2,2,1,1,2,2,2,3,2,3,2,4,1,1,5,5,1,2,1,4,3,3,3,3,3,3,5,6,4,5,2,3,3,4,1,7,3,3,2,3,1,1,2,4,3,3,3,4,3,3,1,1,2,3,2,3,1,2,1,2,1,3,3,4,2,4,3,4,1,1,3,3,3,3,1,7,4,6,1,1,1,1,1,5,1,4,1,2,2,3,1,3,3,3,3,3,1,1,4,4,1,1,3,3,3,3,1,3,1,2,1,1,2,2,1,1,1,1,3,3,2,2,2,3,2,2,2,3,1,1,1,1,2,2,2,4,4,5,3,4,3,3,3,4,3,4,2,2,2,2,4,5,3,3,1,3,2,3,2,3,3,3,2,2,1,3,1,4,2,2,2,2,1,1,4,4,2,2,4,4,2,3,3,3,5,5,1,2,4,4,2,4,3,4,1,1,2,2
M145886,2,2,2,2,3,3,4,5,3,3,1,2,2,3,2,5,2,2,3,3,2,5,1,1,3,3,1,3,1,3,1,5,5,5,2,3,3,3,2,2,1,1,1,1,1,2,1,1,2,5,2,2,1,1,2,2,2,3,2,3,2,4,1,1,5,5,1,1,1,3,3,3,2,3,3,3,4,5,4,4,2,3,4,4,7,7,2,3,3,3,1,1,2,2,3,3,3,3,2,3,1,3,2,2,3,4,2,3,2,2,3,3,4,4,2,2,3,3,3,3,3,3,1,3,1,7,4,6,1,1,1,1,1,5,4,4,1,2,3,3,1,1,3,3,3,3,1,1,3,4,1,1,3,3,1,4,1,1,1,2,1,2,2,2,1,1,1,1,3,3,1,2,2,2,2,2,2,2,1,1,1,3,2,2,2,4,4,4,3,4,2,3,3,4,4,4,2,2,1,2,2,4,3,4,3,3,3,4,2,3,1,1,2,3,3,3,1,2,2,2,2,2,1,3,2,4,1,1,1,3,2,3,6,6,3,4,2,2,4,4,3,3,2,3,1,1,2,2
M145887,2,4,2,2,3,3,5,5,3,3,1,1,3,3,2,2,2,2,3,3,5,5,1,2,1,3,3,3,1,3,1,1,5,5,1,3,1,3,2,2,1,2,1,1,1,2,1,2,2,2,2,2,1,3,2,2,2,3,2,3,4,4,1,1,5,5,1,2,1,4,2,3,3,3,3,3,5,5,4,5,2,3,3,4,1,7,3,3,2,3,1,1,2,4,3,3,3,3,3,3,1,1,2,3,3,4,2,2,1,2,1,3,3,4,2,4,3,4,1,1,3,3,1,1,1,5,6,6,1,1,1,2,1,3,4,4,1,2,1,1,1,3,3,3,3,3,1,1,4,4,1,1,3,5,1,1,1,3,1,2,1,1,2,2,1,1,1,1,3,3,2,2,2,2,2,2,2,3,1,1,1,1,2,3,2,4,4,5,3,4,3,3,3,4,4,4,2,2,2,2,4,5,1,3,1,1,3,3,2,3,3,3,2,2,1,3,1,1,2,2,2,2,1,1,4,4,1,1,1,4,1,3,3,5,3,5,1,2,4,4,2,3,2,4,1,1,2,2
M145888,2,4,2,3,3,3,2,5,3,3,2,2,2,2,1,2,1,2,3,3,3,5,1,1,3,3,2,3,3,3,4,5,2,5,3,3,3,3,2,2,1,1,1,1,1,1,1,1,2,5,2,2,1,1,2,2,2,3,3,4,4,4,1,1,5,5,1,1,1,4,2,3,2,2,3,3,5,5,4,5,2,3,4,4,2,7,3,3,3,3,2,2,1,1,3,3,3,3,3,3,3,4,2,3,3,4,3,3,2,2,3,3,4,4,5,5,4,4,1,1,2,3,3,3,2,4,1,4,1,1,1,1,3,5,3,3,1,2,2,3,1,1,3,3,3,3,1,1,4,4,1,1,3,3,4,4,1,3,1,1,1,1,2,2,1,1,1,1,3,3,2,2,2,2,2,2,2,3,1,1,1,2,2,2,4,4,4,4,3,4,2,2,3,4,4,4,2,2,2,2,4,4,1,4,2,3,3,3,2,4,2,3,2,2,3,3,2,2,1,2,2,2,1,1,4,4,1,1,3,4,1,2,5,5,3,3,1,2,3,4,2,4,2,2,1,1,2,2
M145889,1,2,2,2,3,3,2,4,1,3,2,2,2,3,1,1,1,2,3,3,2,5,1,2,3,3,2,3,3,3,3,5,2,5,3,3,3,3,2,2,1,1,1,1,1,1,1,1,2,2,2,2,1,3,2,2,3,3,3,3,2,4,1,3,5,5,1,1,3,3,2,3,2,2,1,2,1,5,3,4,1,2,4,4,7,7,3,3,3,3,1,2,1,1,3,3,3,3,2,3,1,3,2,3,2,3,2,3,1,2,1,3,4,4,2,2,1,4,1,1,3,3,3,3,4,4,4,6,1,1,1,2,1,3,4,4,1,1,1,3,1,1,3,3,3,3,1,1,1,4,1,1,3,3,1,3,3,3,1,1,1,2,2,3,1,2,1,1,1,3,2,2,2,5,2,2,2,3,1,1,1,1,2,2,4,4,4,4,3,4,2,2,3,4,4,4,1,2,2,2,4,4,1,4,1,3,3,3,2,2,1,3,2,2,3,3,1,2,2,2,2,2,1,1,4,4,1,1,1,3,2,3,3,5,4,4,1,3,4,4,3,4,2,2,1,1,2,2
M145890,3,4,2,2,3,3,5,5,3,3,1,2,2,2,1,2,1,2,3,3,5,5,1,1,2,3,1,3,2,2,1,5,2,5,3,3,3,3,2,2,1,1,1,1,1,2,2,2,4,4,2,2,1,3,2,2,2,2,3,4,2,2,1,1,5,5,1,1,1,1,3,3,2,2,3,3,5,6,4,4,2,3,4,4,7,7,3,4,3,3,1,1,1,1,3,3,3,3,2,2,1,3,2,2,4,4,2,3,1,2,3,3,4,4,2,4,4,4,3,3,3,3,3,3,2,4,2,2,1,1,1,2,1,1,4,4,1,2,1,3,1,1,3,3,3,3,1,1,4,4,1,1,3,3,3,3,1,3,1,1,1,2,2,2,1,1,1,1,1,1,1,2,2,2,2,2,2,2,1,1,1,1,2,2,3,4,4,4,3,3,2,3,3,3,4,4,2,2,1,2,4,6,3,3,2,3,3,3,2,2,3,3,2,2,3,3,2,3,2,2,2,2,1,1,2,2,1,1,1,1,3,3,1,3,4,4,2,2,4,4,3,3,2,2,1,1,2,2
M145891,2,3,2,2,3,4,2,4,3,3,1,1,2,2,5,7,2,2,3,3,2,2,1,1,2,2,3,3,3,3,5,5,5,5,3,3,1,2,2,2,1,1,1,1,2,4,1,2,2,2,2,3,1,1,2,2,2,2,3,3,2,4,1,1,5,5,1,1,4,4,2,3,2,2,3,3,5,6,4,4,2,3,3,4,7,7,3,4,3,3,1,2,2,2,3,3,2,3,3,3,1,3,2,2,3,3,1,2,1,2,3,3,4,4,2,5,3,3,1,1,3,3,3,3,4,4,2,6,1,1,1,2,1,1,3,4,1,2,1,1,1,1,3,3,1,3,1,1,4,4,1,1,3,5,1,3,1,1,1,1,1,2,2,2,1,1,1,1,3,3,2,2,2,3,2,2,1,2,1,1,1,3,2,2,4,4,4,5,3,3,2,2,3,4,4,4,2,2,2,2,4,5,2,3,1,3,3,3,3,4,1,3,2,2,3,3,2,2,2,2,2,2,1,3,2,2,1,1,3,4,3,3,3,5,2,2,1,1,3,5,4,4,2,2,1,1,1,2
M145892,4,4,2,3,3,3,5,5,3,3,2,2,2,3,2,7,2,2,3,3,2,2,1,2,3,3,1,3,3,3,1,5,2,5,2,3,1,3,2,2,1,1,1,1,2,4,1,1,2,2,2,2,1,1,2,2,2,3,3,3,2,4,1,2,5,5,2,2,1,4,2,3,2,2,1,3,5,5,4,4,1,1,4,4,3,7,3,3,3,3,1,2,1,1,3,3,3,3,3,3,3,4,1,3,2,4,2,2,2,3,1,3,4,4,2,5,3,3,1,3,3,3,3,3,4,4,2,4,1,1,1,3,1,5,3,3,1,2,3,3,1,1,2,3,2,3,1,1,4,5,1,1,3,5,3,4,1,1,1,1,1,2,2,3,1,1,1,1,2,3,1,2,3,3,2,2,2,3,1,2,1,1,2,2,4,4,4,4,3,3,2,2,3,4,2,3,2,2,2,2,3,4,1,3,3,3,2,3,2,3,1,1,2,2,3,3,1,2,2,2,2,2,1,1,4,4,1,1,1,4,2,3,3,5,3,5,2,2,4,5,3,4,2,2,1,1,2,2
M145893,4,4,2,2,3,3,2,5,1,1,2,2,2,2,5,7,2,2,3,3,3,5,1,1,3,3,3,3,2,2,1,4,3,5,2,3,1,3,2,2,1,1,1,3,2,2,1,1,2,2,2,2,1,1,2,2,2,2,2,3,2,4,1,3,5,5,1,2,1,4,2,3,2,3,1,3,5,6,4,4,2,3,3,4,7,7,3,3,3,3,1,1,1,2,3,3,3,3,2,2,1,3,3,3,3,4,1,3,2,2,1,3,4,4,2,5,3,4,1,1,3,3,2,3,4,4,2,2,1,1,1,1,3,3,3,4,1,2,3,3,3,3,2,3,1,3,1,1,4,4,1,1,3,3,3,3,1,1,1,1,1,2,2,2,1,1,1,1,3,3,1,2,2,2,2,2,2,3,1,1,1,3,2,3,4,4,4,4,4,4,2,2,3,4,2,4,2,2,2,2,4,4,3,3,1,3,3,3,2,4,3,3,2,2,3,3,2,3,1,2,2,2,1,1,2,4,2,2,1,3,1,3,1,3,4,4,3,3,4,4,4,4,2,2,1,1,2,2
M145894,1,4,2,2,3,3,5,5,3,3,2,2,3,3,2,2,2,2,3,3,2,2,1,1,3,3,3,3,3,3,5,5,5,5,0,0,3,3,2,2,1,1,1,1,1,2,1,1,2,2,2,3,1,2,2,2,0,0,2,4,2,4,1,2,5,5,1,1,1,1,2,3,2,2,1,3,5,5,4,4,1,2,3,4,0,0,3,3,3,3,1,1,1,4,3,3,3,3,0,0,1,3,2,3,3,3,0,0,2,2,1,3,3,4,2,2,3,4,1,1,3,3,3,3,4,4,0,0,1,1,2,2,3,3,0,0,2,2,3,3,0,0,1,3,3,3,1,1,4,4,1,1,5,5,1,3,1,1,2,2,1,2,2,3,1,1,1,1,2,3,2,2,2,3,2,2,3,3,1,2,1,1,2,2,2,4,4,4,3,4,2,2,4,4,4,4,2,2,2,2,3,4,1,3,3,3,3,3,2,3,1,3,2,3,1,3,2,2,1,2,2,2,1,1,4,4,1,2,3,3,1,2,3,3,4,4,2,2,3,5,4,4,2,2,1,1,2,2
M145895,2,3,2,2,3,3,5,5,3,3,1,2,2,3,2,5,2,2,3,3,2,5,1,2,2,3,1,3,2,3,4,5,5,5,3,3,3,3,2,2,1,1,1,1,2,2,1,1,2,5,2,2,1,3,2,2,2,2,3,3,4,4,1,1,5,5,1,2,1,3,2,3,3,3,1,3,6,6,4,4,2,3,4,4,7,7,3,3,3,3,1,1,1,1,3,3,3,3,2,2,1,3,3,3,2,4,2,3,1,2,1,3,4,4,1,4,3,4,1,3,3,3,2,3,1,4,4,6,1,1,1,2,1,3,4,4,1,1,3,3,1,1,2,3,1,3,1,1,4,4,1,1,3,3,3,3,1,1,1,1,1,1,2,3,1,2,1,1,1,3,1,2,1,2,2,2,2,2,1,1,3,3,2,3,4,4,4,4,2,3,2,2,3,3,4,4,2,2,1,1,4,4,4,4,2,3,2,3,2,3,1,3,2,2,3,3,1,2,1,2,2,2,1,3,4,4,1,1,3,4,1,3,1,5,3,4,1,3,4,4,3,3,2,2,1,1,2,2
M145896,3,4,2,2,3,3,4,5,3,3,2,2,2,2,2,2,1,2,3,3,2,2,1,1,3,3,3,3,2,2,1,1,5,5,3,4,3,3,2,2,1,1,1,3,1,2,1,1,2,2,2,2,1,1,2,2,2,3,2,3,3,4,1,1,5,5,1,1,4,4,2,3,2,3,3,3,5,6,4,4,3,3,4,4,7,7,3,3,3,3,1,2,1,1,3,3,3,3,0,0,1,3,2,3,3,3,1,3,1,1,3,3,4,4,4,5,4,4,3,3,2,3,3,4,2,4,6,6,2,2,1,1,1,1,4,4,1,2,3,3,1,1,3,3,1,1,1,1,1,1,1,1,3,3,1,3,1,1,1,1,1,1,2,3,1,1,1,1,3,3,2,2,2,3,2,2,2,2,1,1,1,3,2,2,4,4,0,0,2,3,2,2,3,4,3,4,2,2,2,2,4,4,3,3,2,3,3,4,2,2,1,1,2,3,3,3,1,2,1,2,2,5,1,3,4,4,1,1,1,2,2,3,1,5,4,5,1,1,4,5,3,4,2,2,1,1,1,2
M145897,2,4,2,2,3,4,5,5,3,3,2,2,2,3,2,2,1,2,3,3,2,2,1,1,3,3,3,3,3,3,1,5,5,5,3,3,1,3,2,2,1,1,1,3,2,2,1,1,2,4,2,3,1,2,2,2,2,3,2,3,2,2,1,2,5,5,1,1,1,4,2,3,2,3,3,3,1,5,4,5,1,1,3,4,1,7,3,3,3,3,2,2,1,1,3,3,3,3,2,3,1,4,2,2,2,4,2,3,1,2,1,1,3,4,2,5,3,3,1,1,2,3,3,3,4,4,2,4,1,1,1,2,3,3,3,4,2,2,1,3,1,1,3,3,2,3,1,1,4,4,1,1,3,5,3,3,1,1,1,2,1,3,2,3,1,2,1,1,2,3,2,2,2,3,1,2,3,3,1,2,1,1,2,2,2,4,4,4,3,3,2,2,3,4,2,4,2,2,2,2,3,4,1,3,3,3,3,3,2,3,1,3,2,2,1,3,2,3,2,2,2,2,1,1,2,4,1,2,1,3,2,3,3,3,3,3,1,1,1,5,4,4,2,2,1,1,2,2
M145898,3,3,2,2,3,3,4,5,1,3,1,2,2,3,1,7,1,2,3,4,2,5,2,2,3,3,1,3,2,3,1,5,5,5,2,3,3,3,2,2,1,1,1,1,1,2,1,2,2,4,1,2,1,3,2,2,2,3,3,4,4,4,1,1,5,5,1,2,1,4,2,3,2,2,3,3,5,5,4,4,2,3,3,4,7,7,3,3,3,3,1,2,1,4,3,3,1,3,2,3,1,3,2,2,3,4,2,2,2,2,1,1,4,4,2,2,3,4,1,1,2,3,3,3,4,4,6,6,1,1,1,2,1,1,4,4,1,2,1,3,1,3,3,3,1,3,1,1,4,4,1,1,3,3,3,3,1,1,1,1,1,1,2,3,1,1,1,1,2,3,2,2,2,2,2,2,2,3,1,1,1,1,2,2,4,4,4,4,2,4,2,3,3,4,3,4,2,2,2,2,4,4,1,4,3,3,3,3,2,2,1,3,2,2,3,3,1,3,2,2,2,2,1,3,1,2,1,1,1,3,3,3,6,6,4,4,1,2,3,4,2,4,2,2,1,1,2,2
M145899,1,4,1,3,3,3,4,5,3,3,2,2,2,2,1,2,2,2,3,3,2,3,1,1,3,3,3,3,1,2,1,5,2,2,3,3,3,3,2,2,1,1,3,3,1,1,1,2,1,2,1,1,1,1,2,2,2,3,3,3,2,4,1,3,5,5,1,2,3,4,3,3,2,3,3,3,5,6,4,4,1,2,3,4,7,7,3,3,3,3,1,1,1,2,3,3,1,3,3,3,1,3,2,3,4,4,1,2,1,2,3,3,4,4,2,2,3,4,1,1,2,3,3,3,2,4,4,4,1,2,1,2,3,5,3,4,1,2,1,1,1,3,2,3,3,3,1,1,1,4,1,1,3,3,3,3,1,3,1,1,1,2,2,3,1,1,1,1,3,3,2,2,2,3,2,2,3,3,1,1,1,1,2,2,4,4,4,4,3,3,2,2,3,4,4,4,1,2,1,2,4,4,3,3,1,3,2,3,2,2,3,3,2,2,3,3,1,2,1,2,2,2,1,1,4,4,1,1,1,3,3,3,3,3,3,5,1,2,4,4,2,4,2,2,1,1,2,2
M145900,4,4,2,2,3,3,5,5,3,3,2,2,2,3,5,5,2,2,3,3,2,3,1,1,3,3,1,3,1,3,4,5,2,5,3,3,1,3,2,2,1,2,1,1,2,5,1,2,2,5,2,2,1,3,2,2,2,2,3,3,4,4,1,3,5,5,1,2,1,4,3,3,2,3,3,3,1,5,4,5,1,3,3,3,3,7,3,3,3,3,1,2,1,1,3,3,3,3,3,3,1,4,2,3,3,4,2,2,1,2,1,3,4,4,2,5,3,4,1,1,2,3,3,3,2,4,4,4,1,1,1,1,3,3,4,4,2,2,2,3,1,3,2,3,3,3,1,1,4,4,1,1,3,3,3,3,1,1,1,1,1,1,2,2,1,2,1,1,1,3,2,2,1,2,2,2,2,3,1,1,1,2,2,2,4,4,1,4,3,3,1,2,3,3,4,4,2,2,2,2,4,4,3,3,3,3,2,2,2,2,3,3,2,2,3,3,1,3,2,2,2,2,1,1,2,4,1,1,1,4,2,3,5,6,3,4,1,3,4,4,4,4,2,2,1,1,2,2
M145901,1,4,2,2,3,4,4,5,3,3,2,2,2,3,2,7,1,2,3,3,2,3,1,1,3,3,3,3,3,3,1,1,3,5,2,3,3,3,2,2,1,1,1,1,2,4,1,1,2,4,2,2,1,1,2,2,2,3,3,3,1,4,1,1,5,5,2,2,1,3,2,3,2,3,1,3,5,5,4,4,1,3,3,4,7,7,3,3,3,3,1,1,1,1,3,3,3,3,2,3,1,4,2,3,3,4,2,2,1,2,1,3,4,4,2,5,3,4,1,1,3,3,3,3,1,1,4,4,1,1,1,1,3,3,4,4,1,2,1,3,1,3,3,3,3,3,1,1,4,5,1,1,3,5,3,3,1,1,1,1,1,1,2,2,1,3,1,1,3,3,2,2,2,3,1,2,2,2,1,1,1,1,2,2,4,4,4,4,4,4,2,2,4,4,4,4,2,2,2,2,4,5,3,3,3,3,2,3,2,2,3,3,2,2,3,3,1,1,2,2,2,2,1,1,4,4,1,2,1,4,1,3,1,5,4,4,3,3,3,4,4,4,2,2,1,1,2,2
M145902,4,4,2,2,3,3,5,5,1,3,2,2,2,2,1,2,1,1,3,3,2,3,1,1,3,3,2,3,1,3,1,5,2,5,3,3,1,3,2,2,1,1,1,1,1,1,1,1,2,2,2,2,1,1,2,2,2,2,3,3,4,4,1,3,5,5,1,2,1,3,2,3,2,2,1,3,6,6,4,4,1,2,4,4,6,7,3,3,3,3,1,2,4,4,3,3,3,3,2,2,1,1,2,2,3,4,2,2,1,2,3,3,4,4,2,5,3,4,1,1,3,3,2,3,1,2,4,6,1,1,1,1,1,3,3,4,1,2,3,3,1,3,2,3,3,3,1,1,4,4,1,1,3,3,1,1,1,3,1,1,1,2,2,2,1,1,1,1,3,3,1,2,2,5,2,2,2,2,1,1,1,2,2,2,4,4,4,4,2,2,2,3,3,3,2,4,2,2,2,2,4,4,1,3,2,3,3,3,2,2,1,3,2,2,3,3,2,3,1,2,2,2,1,3,2,4,1,2,1,3,1,3,3,5,3,5,2,2,4,4,3,3,2,2,1,1,2,2
M145903,2,4,2,2,3,3,3,5,3,3,1,2,2,3,1,2,2,2,3,3,1,4,1,1,3,3,3,3,2,3,5,5,2,3,2,3,3,3,2,2,1,2,1,1,1,2,1,1,2,2,2,2,1,1,2,2,3,3,3,3,4,4,1,1,2,5,1,1,3,4,3,3,2,3,3,3,5,5,4,4,1,3,3,4,6,7,3,3,3,3,1,1,1,2,3,3,3,3,2,3,1,1,2,2,3,3,2,3,1,2,3,3,4,4,5,5,3,4,1,3,3,3,1,3,4,4,2,6,1,1,1,2,1,4,4,4,1,2,1,3,1,3,3,3,1,3,1,1,4,4,1,1,3,3,3,3,1,1,1,1,1,1,2,2,1,1,1,1,2,3,1,2,2,3,2,2,3,3,1,1,1,1,2,2,4,4,4,4,2,3,2,2,3,3,3,3,2,2,2,2,4,4,1,3,3,3,2,4,2,2,3,3,2,2,3,3,1,1,2,2,2,2,1,1,2,4,1,1,3,4,1,2,5,5,4,4,2,2,4,4,2,3,2,2,1,1,1,2
M145904,4,4,2,2,3,3,2,5,3,3,1,2,2,2,1,5,2,2,1,3,2,5,1,1,3,3,1,1,2,3,4,5,2,5,1,2,3,3,2,2,1,1,1,1,1,4,2,2,2,2,2,2,1,3,2,2,2,2,3,3,2,4,1,1,5,5,1,1,3,4,2,3,3,3,1,3,5,5,4,4,3,3,3,4,1,7,2,3,2,3,1,2,1,1,3,3,3,3,3,3,1,3,2,2,3,4,2,2,2,2,3,3,2,4,2,2,3,4,1,1,3,3,1,3,4,4,1,6,1,1,2,2,1,1,3,4,1,2,1,3,3,3,2,3,3,3,1,1,1,4,1,1,3,3,3,4,1,3,1,2,1,1,2,2,1,1,1,1,3,3,2,2,2,2,2,2,3,3,1,1,1,3,2,2,2,4,4,4,3,3,2,2,3,4,4,4,2,2,2,2,4,4,1,3,2,3,3,3,2,2,3,3,2,2,1,3,2,2,2,2,2,2,1,1,2,4,1,2,1,1,3,3,1,3,4,4,1,1,4,4,4,4,2,3,1,1,2,2
M145905,3,3,2,2,3,3,5,5,1,3,2,2,2,2,2,2,1,2,3,3,2,5,1,2,3,3,3,3,1,3,1,5,5,5,3,3,3,3,2,2,1,1,1,1,2,4,1,2,2,2,2,2,1,1,2,2,2,2,3,4,4,4,1,1,5,5,1,1,1,3,3,3,2,2,3,3,5,5,4,4,1,1,4,4,7,7,3,3,3,3,1,1,1,2,3,3,3,4,2,3,1,3,2,3,4,4,2,2,2,3,3,3,4,4,2,2,3,4,1,1,3,3,2,3,3,4,1,6,1,1,1,2,3,5,1,4,1,1,3,3,1,1,1,3,1,4,1,1,4,4,1,1,3,3,1,3,1,1,1,1,1,1,2,2,1,1,1,1,1,3,2,2,2,2,2,2,2,3,1,2,1,3,2,2,4,4,4,4,3,4,2,2,3,3,4,4,2,2,2,2,4,5,3,4,2,3,3,3,2,3,3,3,2,2,3,3,1,1,2,2,2,5,1,1,4,5,1,1,3,3,3,3,1,5,4,4,2,3,3,3,3,4,2,2,1,1,2,2
M145906,2,3,2,3,3,3,4,5,3,3,1,2,2,3,1,5,1,1,3,3,2,5,1,2,3,3,3,3,1,3,1,1,5,5,3,3,3,3,2,2,1,2,1,1,1,2,1,1,2,5,2,2,1,1,2,2,2,3,2,3,1,4,1,1,5,5,1,1,1,4,3,3,2,3,1,3,5,6,4,4,1,1,4,4,7,7,3,3,3,3,1,1,1,1,3,3,3,4,0,0,3,3,2,3,4,4,2,2,1,2,3,3,4,4,2,2,3,3,1,1,2,3,2,3,2,5,4,4,1,2,1,2,3,5,4,4,1,1,3,3,1,3,1,3,3,3,1,1,4,4,1,1,3,3,3,3,1,1,1,1,1,1,2,2,1,1,1,1,1,3,2,2,2,2,2,2,2,2,1,1,1,2,2,2,4,4,2,4,3,3,2,2,4,4,4,4,2,2,2,2,4,4,3,3,3,3,2,3,2,3,1,3,2,2,3,3,1,3,2,2,2,2,1,1,2,4,1,2,3,4,2,3,3,3,4,4,2,2,4,4,3,3,2,3,1,1,2,2
M145907,3,4,2,2,3,4,5,5,3,3,2,2,2,2,2,5,1,1,3,3,1,2,1,2,3,3,3,3,3,3,5,5,5,5,2,3,3,3,2,2,2,2,1,1,1,2,1,1,2,2,2,2,3,3,2,2,3,3,3,4,3,4,1,1,5,5,1,1,1,3,2,3,2,2,3,3,5,6,4,5,3,3,3,4,7,7,3,3,3,3,1,1,4,5,3,3,1,3,3,3,1,3,2,3,1,2,2,2,2,2,0,0,4,4,2,5,3,3,1,1,3,3,2,3,2,4,4,4,1,2,1,2,1,3,3,4,1,1,1,1,1,1,3,3,3,4,1,1,4,5,1,2,3,5,3,3,1,1,1,1,1,1,2,2,1,1,1,1,3,3,2,2,2,2,2,2,2,4,1,1,1,1,2,2,4,4,4,5,3,3,2,3,1,3,2,4,2,2,2,2,4,4,3,3,2,3,3,4,2,3,2,3,2,2,3,3,1,1,2,2,2,2,1,1,4,4,1,2,3,4,1,2,3,5,4,4,1,3,2,4,4,4,2,4,1,1,1,2
M145908,1,3,2,2,1,4,2,5,3,3,2,2,2,3,2,2,1,2,3,5,3,5,1,2,3,3,2,3,3,3,4,5,3,5,2,3,3,3,2,2,1,1,1,1,2,4,1,2,2,2,2,2,1,2,2,2,2,3,2,4,4,4,1,1,3,5,1,2,1,3,3,3,2,3,2,3,5,5,4,4,1,2,1,3,2,7,2,3,3,3,1,1,1,1,3,3,3,3,2,3,1,3,2,2,4,4,2,2,2,2,3,3,4,4,2,4,3,4,1,3,3,3,3,3,4,4,4,4,1,1,1,2,1,5,3,4,2,2,3,3,1,1,2,3,3,3,1,1,4,5,1,2,2,2,3,3,1,1,1,1,1,2,2,2,1,2,1,1,3,3,2,2,2,2,2,2,3,3,1,1,1,1,2,2,3,4,1,4,2,3,2,2,3,4,4,4,2,2,2,2,4,4,3,3,3,3,3,3,2,2,1,3,2,2,3,3,1,1,2,2,2,2,1,1,4,4,1,2,3,3,1,3,1,5,3,5,2,3,4,4,3,4,2,4,1,1,2,2
M145909,1,2,2,2,3,3,5,5,3,3,1,2,2,2,2,7,1,2,3,5,3,5,1,2,3,3,3,3,1,3,1,5,5,5,3,3,2,3,2,2,1,2,1,1,1,2,1,2,2,2,2,2,1,1,2,2,2,2,2,3,4,4,1,1,5,5,1,2,1,3,1,3,3,3,1,3,6,6,4,5,1,3,4,4,1,1,2,3,3,3,1,1,1,2,3,3,3,3,2,3,1,3,2,3,3,4,2,2,1,2,3,3,2,2,2,4,3,4,1,3,3,3,2,3,4,5,4,4,1,1,1,2,3,5,4,4,1,1,1,1,1,3,1,3,3,4,1,1,4,5,1,1,3,3,3,3,1,1,2,3,1,2,2,2,1,1,1,1,1,3,1,2,2,3,2,2,4,4,1,1,1,3,2,2,2,2,1,4,2,3,3,3,3,4,4,4,2,2,2,2,4,5,3,3,2,3,2,3,2,3,2,3,2,2,1,3,1,1,2,2,1,2,1,1,4,4,1,2,3,3,3,3,1,3,4,5,2,2,4,5,4,4,2,3,1,1,2,2
M145910,4,4,2,2,3,3,5,5,1,1,2,2,2,2,1,2,1,2,3,3,5,5,1,2,3,3,3,3,3,3,5,5,2,5,2,3,1,1,2,2,2,2,1,1,2,2,1,2,1,2,2,2,1,1,2,2,3,3,3,3,4,4,1,1,5,5,1,1,3,4,3,3,2,2,3,3,5,6,3,4,1,1,3,4,7,7,3,3,3,3,1,1,2,2,3,3,4,4,0,0,3,3,2,3,2,4,2,2,1,2,3,3,4,4,2,2,3,3,1,1,3,3,2,2,1,4,1,1,1,2,1,1,0,0,4,4,1,1,3,3,1,1,1,3,3,4,1,1,4,4,1,1,3,3,3,3,1,1,1,1,1,1,2,2,1,1,1,1,3,3,1,2,2,2,2,2,2,3,1,1,1,1,2,2,4,4,0,0,2,3,2,3,3,4,4,4,2,2,2,2,4,5,3,3,3,3,3,3,3,3,3,3,2,2,3,3,1,1,2,2,2,2,1,1,4,5,1,2,3,3,1,2,3,5,4,4,1,2,3,4,3,4,3,3,1,1,2,2
M145911,2,3,2,2,4,4,5,5,3,3,1,1,2,2,2,7,2,2,3,3,2,5,1,1,3,3,1,3,3,3,5,5,2,5,3,3,3,3,2,2,1,2,1,1,2,4,1,2,2,3,2,2,3,3,2,2,3,3,4,4,4,4,1,1,5,5,1,1,4,4,3,3,2,3,3,3,5,5,3,4,1,1,4,4,1,7,3,3,3,3,1,1,1,2,3,3,3,4,2,3,3,4,2,3,1,4,2,2,1,2,3,3,2,4,2,4,3,4,1,3,3,3,1,1,2,4,1,4,1,1,1,1,1,3,4,4,1,2,1,3,1,2,1,3,3,4,1,1,4,4,1,1,3,3,3,3,1,1,1,2,1,1,2,2,1,1,1,1,3,3,2,2,2,2,2,2,2,3,1,1,1,2,2,2,1,4,4,5,3,4,0,0,3,3,4,4,2,2,2,2,4,5,1,3,1,3,3,3,2,3,3,3,2,2,1,3,1,1,2,2,2,2,1,1,4,4,1,2,1,4,3,3,3,5,4,5,1,2,3,4,3,3,2,2,1,1,2,2
M145912,4,4,2,2,3,4,4,4,3,3,1,2,2,2,2,2,1,2,3,3,3,5,1,1,3,3,1,1,3,3,1,5,5,5,2,3,3,3,2,2,1,2,3,3,2,4,1,2,3,5,2,2,1,3,2,2,3,3,2,3,4,4,1,1,5,5,1,2,1,1,3,3,3,3,2,3,5,6,3,5,1,1,3,4,2,7,3,3,3,3,1,1,2,6,3,3,3,3,3,3,1,4,2,2,4,4,2,2,1,1,0,0,4,4,2,2,3,4,1,3,3,3,1,2,2,4,4,6,1,1,1,1,1,3,1,4,1,2,3,3,1,1,3,3,1,3,1,1,4,4,1,1,3,3,3,3,1,1,1,1,2,2,2,2,1,1,1,1,2,3,2,2,2,2,2,2,1,3,1,1,2,2,2,2,4,4,5,5,3,4,2,2,3,4,4,4,2,2,2,2,5,5,1,3,1,1,3,3,2,3,1,3,2,2,3,3,1,1,2,2,2,2,1,1,4,4,1,2,1,4,2,3,5,5,3,4,1,2,4,4,3,4,2,2,1,1,2,2
M145913,3,4,2,2,3,3,5,5,3,3,2,2,2,3,2,3,1,3,3,5,2,5,1,1,3,3,1,3,3,3,5,5,5,5,3,3,3,3,2,2,1,2,1,3,1,2,1,2,2,3,2,2,1,3,2,2,2,2,4,4,4,4,1,1,5,5,1,1,1,4,3,3,3,3,3,4,4,6,4,5,1,1,3,3,2,7,3,3,3,3,1,1,2,6,3,3,3,3,3,3,1,1,3,3,4,4,2,2,2,2,1,1,4,4,2,2,3,3,1,1,3,3,1,2,2,4,1,4,1,2,1,1,1,3,4,4,1,2,1,3,1,1,2,3,3,3,1,1,4,4,1,1,3,3,3,3,1,1,1,1,1,1,2,2,1,1,1,1,2,2,2,2,1,2,2,2,3,4,1,1,1,2,2,2,3,4,1,4,3,4,2,2,4,4,4,4,2,2,2,2,4,4,3,5,1,3,2,3,3,3,3,3,2,2,3,3,1,1,2,2,2,5,1,1,1,4,2,2,3,4,2,2,5,5,3,5,2,2,3,4,2,3,2,2,1,1,2,2
M145914,1,2,2,2,3,3,3,5,3,3,2,2,2,2,2,3,2,3,3,3,1,5,1,1,3,3,3,3,3,3,1,5,5,5,2,3,3,3,2,2,2,2,1,1,1,2,1,2,2,3,2,2,1,3,2,2,2,2,2,4,4,4,1,1,5,5,1,2,1,4,3,3,2,3,3,3,4,5,4,4,1,2,3,4,2,2,3,3,3,3,1,1,6,6,3,3,3,3,3,3,1,1,2,2,2,4,2,2,2,2,1,1,4,4,2,2,3,3,3,3,2,3,2,2,2,4,4,4,1,1,1,2,1,5,4,4,1,2,3,3,1,1,2,3,3,3,1,1,1,3,1,1,3,3,1,1,1,1,1,2,1,2,2,2,1,1,1,1,3,3,2,2,2,2,2,2,3,4,1,1,1,3,2,2,2,3,4,4,3,4,0,0,3,3,4,4,2,2,1,2,4,4,3,3,1,3,2,3,2,3,1,3,2,2,3,3,2,3,2,2,2,2,1,1,2,4,1,2,4,4,3,3,3,5,3,4,2,2,4,4,2,3,2,3,1,1,2,2
M145915,1,2,2,2,3,3,5,5,3,3,2,2,2,2,2,2,2,2,3,3,5,5,1,2,3,3,3,3,1,2,1,5,3,5,3,3,3,3,2,2,1,2,1,1,2,4,1,2,1,2,2,2,3,3,2,2,2,3,3,4,4,4,1,1,5,6,1,1,1,4,2,3,2,2,3,3,6,6,4,5,1,1,3,4,7,7,3,3,3,3,1,1,1,4,3,3,3,3,2,2,3,4,2,2,4,4,2,2,2,3,3,3,4,4,2,4,3,3,1,1,3,3,1,3,4,4,4,4,1,1,1,1,1,3,4,4,1,2,1,3,1,1,2,3,3,3,1,1,4,4,1,1,3,3,1,3,1,1,1,1,1,1,2,2,1,1,1,1,1,1,1,2,2,2,2,2,1,2,1,2,1,1,2,3,4,4,4,5,2,4,2,2,3,3,4,4,2,2,2,2,4,5,1,3,3,3,3,3,2,3,3,3,2,2,3,3,2,2,2,2,2,5,1,1,4,4,1,1,3,3,3,3,1,3,4,4,2,3,4,4,3,3,2,2,1,1,2,2
M145916,1,4,2,2,3,3,2,5,3,3,2,2,2,3,1,5,1,2,3,3,2,5,1,1,3,3,3,3,1,3,1,1,5,5,3,3,3,3,2,2,1,1,1,1,1,2,1,2,2,2,2,2,1,3,2,2,2,2,2,3,4,4,1,1,5,5,1,1,4,4,3,3,3,3,3,3,6,6,4,4,1,3,4,4,7,7,2,3,3,3,1,1,2,2,3,3,3,3,2,2,3,3,2,3,4,4,2,2,2,2,1,1,4,4,2,4,3,3,1,1,2,3,1,2,5,7,4,6,1,1,1,2,3,5,4,4,1,2,2,2,1,3,3,3,4,4,1,1,1,4,1,1,3,3,1,3,1,1,1,1,1,1,2,2,1,1,1,1,3,3,2,2,2,3,2,2,1,3,1,1,1,1,2,2,4,4,4,5,3,3,2,2,3,3,4,4,2,2,2,2,4,4,3,3,3,3,2,3,2,3,3,3,2,2,3,3,1,1,2,2,2,5,1,1,4,4,1,2,1,3,3,3,5,5,4,5,1,1,4,4,4,4,2,3,1,1,2,2
M145917,2,3,2,2,3,3,5,5,3,3,2,2,2,2,2,7,1,2,3,3,3,5,1,1,3,3,3,3,2,3,1,1,2,2,2,3,3,3,2,2,1,2,1,1,2,5,1,2,2,2,2,3,1,3,2,2,3,3,4,4,2,4,1,1,5,5,1,1,1,3,3,3,2,2,3,3,5,5,4,4,2,3,4,4,1,2,3,3,3,3,1,2,1,2,3,3,3,3,3,3,1,3,2,2,3,4,2,3,1,2,1,1,2,4,2,4,3,3,1,3,3,3,3,3,4,4,5,6,1,1,1,2,3,5,1,4,2,2,3,3,1,1,3,3,1,1,1,1,4,5,1,1,3,3,1,3,1,1,1,3,1,2,2,2,1,1,1,1,3,3,2,2,2,2,2,2,2,3,1,1,1,1,2,3,2,4,4,5,2,4,2,2,3,4,4,4,1,2,2,2,4,4,3,3,1,3,3,3,2,3,3,3,2,2,1,3,1,1,2,2,2,2,1,1,4,4,2,2,3,4,1,3,3,3,3,5,2,3,4,4,2,2,2,2,1,1,2,2
M145918,1,2,2,2,3,3,5,5,3,3,1,2,2,3,2,3,2,2,3,3,3,5,1,1,3,3,1,2,3,3,4,5,3,5,3,3,1,3,2,2,1,2,1,1,1,1,1,1,2,2,1,2,1,1,2,2,2,3,2,3,4,4,1,1,5,5,1,1,1,4,3,3,2,3,3,3,4,5,4,4,1,1,2,4,7,7,3,3,3,3,1,1,2,6,3,3,3,3,3,3,2,4,2,2,2,4,2,2,2,2,3,3,4,4,2,5,3,4,3,3,3,3,1,2,4,5,1,4,1,1,1,2,1,5,3,4,1,2,1,3,1,1,2,2,1,3,1,1,4,4,1,1,3,5,3,3,1,3,1,1,1,2,2,2,1,1,1,1,3,3,2,2,2,5,2,2,2,3,1,3,1,1,2,2,4,4,4,4,3,4,2,2,3,4,4,4,2,2,2,2,4,4,3,5,1,3,3,3,3,3,3,3,2,2,3,3,1,2,1,2,5,5,1,1,4,4,1,1,3,3,2,3,3,5,3,4,1,1,4,4,4,4,2,2,1,1,2,2
M145919,1,2,2,2,3,3,2,5,3,3,2,2,2,3,2,2,2,2,3,3,5,5,1,1,3,3,3,3,2,3,1,5,3,5,3,3,3,3,2,2,2,2,1,1,2,4,1,1,2,2,2,2,3,3,2,2,2,3,3,4,1,4,1,1,5,5,1,1,1,4,2,2,2,3,1,3,6,6,4,5,1,1,3,4,7,7,3,3,3,3,1,1,4,6,3,3,3,3,2,2,1,4,2,2,4,4,2,3,2,3,3,3,4,4,2,4,3,3,1,1,3,3,3,3,4,5,4,4,1,1,1,1,1,3,4,4,2,2,1,3,1,1,3,3,3,4,1,1,4,4,1,1,3,3,3,3,1,1,1,1,1,2,2,2,1,1,1,1,1,2,1,2,2,2,2,2,1,2,1,2,1,1,2,3,4,4,4,5,2,2,0,0,3,3,2,4,2,2,2,2,4,5,1,3,1,3,3,3,2,3,3,3,2,2,3,3,2,2,2,2,2,5,1,1,1,4,1,1,3,3,3,3,2,5,4,4,2,3,4,4,3,3,2,3,1,1,2,2
M145920,1,4,2,2,3,3,4,5,3,3,2,2,3,3,2,7,1,1,3,4,3,3,1,1,3,3,3,3,1,3,1,1,2,2,3,3,3,3,2,2,1,2,1,1,2,4,1,1,2,2,2,2,1,3,2,2,2,2,3,4,4,4,1,1,5,5,1,1,1,4,2,3,2,2,1,1,5,5,4,4,1,3,3,4,2,7,2,3,3,3,1,1,1,5,3,3,3,3,2,3,3,4,2,2,4,4,2,2,2,2,1,1,4,4,2,5,3,3,1,1,3,3,2,3,4,4,1,4,1,2,2,2,3,3,3,4,1,1,1,3,1,1,2,3,1,3,1,1,4,4,1,1,3,5,3,4,1,1,1,1,1,1,2,2,1,1,1,1,3,3,1,2,2,2,2,2,3,3,1,3,1,3,2,2,4,4,4,4,3,3,2,2,3,4,4,4,2,2,2,2,2,4,3,5,1,3,3,3,2,3,3,3,2,2,3,3,1,2,2,2,2,2,1,1,1,4,1,1,1,3,1,3,3,3,4,5,1,2,3,4,3,4,2,3,1,1,2,2
M145921,1,2,2,2,3,3,2,5,3,3,1,2,2,2,1,2,1,2,3,3,3,3,1,1,3,3,1,3,1,3,1,1,2,2,2,3,3,3,2,2,1,2,1,1,1,4,1,2,1,2,2,2,1,3,2,2,2,3,3,3,3,4,1,1,5,6,1,2,1,4,3,3,2,2,3,3,5,6,1,4,1,3,3,4,2,7,3,3,3,3,1,2,1,6,3,3,3,3,2,3,3,4,2,2,1,4,2,2,1,2,1,1,4,4,1,4,3,4,3,3,3,3,1,2,4,4,6,6,1,1,1,1,1,5,4,4,1,2,1,1,1,3,2,3,3,3,1,1,4,5,1,1,3,3,1,3,1,1,1,1,1,1,2,2,1,1,1,1,1,3,2,2,1,2,2,2,2,4,1,1,1,1,2,2,4,4,4,4,3,3,2,2,3,4,2,2,2,2,2,2,4,4,3,3,3,3,2,3,2,2,3,3,2,2,3,3,2,3,2,2,2,2,1,1,4,4,1,2,4,4,3,3,3,6,4,4,1,2,4,4,2,4,2,2,1,1,2,2
M145922,1,4,1,2,3,3,4,5,3,3,2,2,2,2,1,2,1,2,3,3,2,5,1,2,3,3,1,3,3,3,1,5,3,5,2,3,2,3,2,2,1,2,1,1,2,2,1,2,1,1,2,2,1,3,2,2,2,2,3,4,4,4,1,1,5,5,1,1,1,1,2,2,3,3,3,3,6,6,4,4,1,1,2,4,7,7,3,3,3,3,1,1,1,6,3,3,3,3,2,2,1,3,2,2,4,4,2,3,2,2,1,1,4,4,2,2,3,3,1,3,3,3,1,2,2,5,4,4,1,1,1,2,3,3,4,4,1,1,1,3,1,1,2,3,3,4,1,1,3,4,2,2,3,3,1,3,1,1,1,1,1,1,2,2,1,1,1,1,1,2,1,2,2,5,2,2,3,4,1,1,2,3,2,2,3,4,4,4,2,3,2,2,4,4,4,6,2,2,1,2,4,4,3,4,3,3,3,3,2,3,3,3,2,2,3,3,1,2,2,2,2,2,1,1,4,4,1,2,1,3,1,3,2,3,3,4,1,1,2,3,2,2,2,3,1,1,2,2
M145923,1,2,2,2,3,3,4,5,3,3,2,2,2,3,2,2,1,2,3,3,3,3,1,2,3,3,3,3,2,3,1,1,5,5,3,3,3,3,1,2,1,2,1,1,1,2,1,2,2,2,2,2,1,1,2,2,2,3,3,4,4,4,1,1,5,5,1,1,1,3,2,3,2,3,2,3,5,6,4,5,1,1,3,4,2,7,3,3,3,3,1,1,1,2,3,3,3,3,3,3,1,3,3,3,3,4,1,1,1,2,1,3,4,4,2,2,3,3,1,1,3,3,1,3,4,4,1,4,1,1,1,1,1,5,4,4,1,2,1,1,1,1,3,3,1,3,1,1,4,4,1,1,3,3,3,3,1,3,1,1,1,1,2,2,1,3,1,1,1,3,2,2,2,3,2,2,2,2,1,1,2,2,2,2,4,4,4,5,3,3,2,2,4,4,3,4,1,2,2,2,4,4,1,3,3,3,3,3,2,2,1,3,2,2,3,3,3,3,2,2,2,2,1,1,4,4,1,2,4,4,3,3,3,3,4,5,1,2,3,4,3,4,2,2,1,1,2,2
M145924,3,4,2,2,3,3,2,5,3,3,2,2,2,3,1,1,2,2,3,5,3,5,1,1,3,3,2,3,2,3,1,5,3,5,3,3,1,3,2,2,1,1,1,1,1,2,1,2,2,4,2,2,1,1,2,2,2,2,3,4,4,4,1,1,5,5,1,1,1,3,2,3,3,3,3,3,1,5,4,4,2,3,3,4,7,7,2,3,3,3,1,1,1,1,3,3,3,3,3,3,3,3,2,3,4,4,2,2,2,2,3,3,4,4,2,2,3,4,1,3,3,3,2,3,4,5,6,6,1,1,1,2,3,5,3,3,2,2,3,3,1,1,1,3,1,3,1,1,1,4,1,2,2,3,1,3,1,1,1,1,1,1,1,2,1,2,1,1,3,3,2,2,2,3,2,2,3,3,1,1,1,1,2,2,3,4,4,4,2,2,2,2,3,4,4,4,2,2,2,2,4,4,3,4,2,3,2,3,3,4,3,3,2,2,3,3,1,2,1,1,2,2,1,1,2,4,1,1,1,3,1,2,1,5,3,4,1,3,4,4,4,4,2,3,1,1,2,2
M145925,3,4,2,2,3,3,5,5,3,3,1,2,2,3,2,3,2,3,3,4,2,3,1,1,3,3,1,3,1,1,1,5,2,2,3,3,3,3,2,2,2,2,1,1,1,2,1,2,2,2,2,2,3,3,2,2,2,2,2,4,4,4,1,1,5,5,1,1,1,4,3,3,3,3,1,3,4,6,4,4,1,1,3,4,2,7,3,3,3,3,1,1,2,6,3,3,3,3,2,3,1,1,2,3,4,4,2,2,1,2,1,3,4,4,2,2,3,3,1,1,3,3,2,2,1,4,1,6,1,1,1,2,3,3,4,4,1,2,3,3,1,1,2,2,1,3,1,1,4,4,1,1,3,3,3,3,1,1,1,1,1,1,2,2,1,1,1,1,2,3,2,2,2,2,2,2,2,4,1,1,1,3,2,2,4,4,1,4,3,4,2,2,3,4,4,4,2,2,2,2,4,4,3,5,1,3,2,3,3,3,3,3,2,2,3,3,1,3,2,2,2,2,1,1,4,4,1,2,4,4,2,3,5,5,3,4,2,2,3,4,2,3,2,3,1,1,2,2
M145926,3,4,1,1,3,3,4,5,3,3,2,2,2,3,2,7,1,1,3,3,2,3,1,2,3,3,1,3,1,3,1,5,2,5,2,2,3,3,2,2,2,2,1,1,2,4,1,2,2,2,2,2,1,3,2,2,1,2,3,3,2,4,1,1,5,5,1,2,4,4,3,3,2,3,2,3,5,6,3,4,1,3,3,4,0,0,3,3,3,3,1,1,6,6,3,3,3,3,3,3,1,4,2,2,4,4,2,2,1,3,3,3,4,4,2,4,3,3,1,1,2,3,1,3,4,4,6,6,1,1,1,2,1,3,4,4,1,2,1,3,1,1,3,3,3,4,1,1,3,4,1,1,0,0,1,3,1,1,1,1,1,1,2,2,1,1,1,1,3,3,2,2,2,2,2,2,2,4,1,1,1,3,2,2,4,4,4,4,3,4,2,2,3,4,4,4,2,2,2,2,4,4,1,2,3,3,3,3,3,3,1,3,2,2,3,3,1,2,2,2,2,2,1,1,4,4,1,2,3,3,1,3,3,3,4,4,2,2,3,4,2,2,2,2,1,1,2,2
M145927,3,3,2,2,3,3,4,5,3,3,2,2,2,3,1,3,1,2,3,3,5,5,1,2,3,3,3,3,1,3,1,5,2,5,3,3,3,3,2,2,1,1,1,1,2,4,1,1,2,2,2,2,1,3,2,2,2,2,2,3,4,4,1,1,5,5,1,1,1,3,3,3,2,2,3,3,4,5,4,5,1,3,2,4,7,7,3,3,3,3,1,1,1,6,3,3,1,3,3,3,1,1,2,3,2,4,1,2,2,2,3,3,4,4,2,4,3,4,1,3,3,3,3,3,4,7,1,1,1,1,1,1,1,5,4,4,2,2,1,3,1,1,2,3,1,4,1,1,3,5,1,2,3,5,1,3,1,3,1,1,1,2,2,2,1,1,1,1,2,3,1,2,2,2,2,2,2,4,1,1,1,1,2,2,4,4,4,4,3,4,2,3,3,4,2,4,2,2,2,2,4,4,3,3,3,3,2,3,2,3,3,3,2,2,3,3,1,3,1,2,2,2,1,1,4,4,2,2,1,4,2,3,5,6,3,4,1,2,4,4,3,4,2,3,1,1,2,2
M145928,1,3,2,2,3,4,5,5,3,3,2,2,2,2,2,7,2,2,3,3,2,5,1,1,3,3,1,3,1,3,1,4,2,3,2,3,2,3,2,2,2,2,1,1,2,4,1,1,2,2,2,2,1,3,2,2,2,2,3,3,1,4,1,1,5,5,1,1,1,1,2,2,3,3,2,3,5,6,4,5,1,3,4,4,7,7,3,3,3,3,1,1,1,6,3,3,3,3,2,2,1,3,2,3,4,4,2,2,1,2,3,3,4,4,2,2,3,3,1,3,3,3,1,3,4,5,1,1,1,1,1,1,1,3,4,4,1,2,1,2,1,3,3,3,2,3,1,1,4,4,1,1,3,3,1,3,1,1,1,1,2,2,2,2,1,1,1,1,1,1,1,2,2,4,2,2,2,3,1,1,1,2,2,3,3,4,4,4,2,4,2,2,3,4,4,4,2,2,2,2,4,4,3,3,1,1,2,3,2,3,3,3,2,2,3,3,1,2,2,2,2,5,1,1,4,4,1,1,3,4,3,3,2,3,4,5,1,1,4,4,2,2,2,2,1,1,1,2
M145929,2,2,2,2,3,3,2,5,3,3,1,2,2,3,1,2,1,2,3,3,3,3,1,1,3,3,1,3,2,3,1,5,2,5,2,3,2,3,2,2,1,2,1,1,1,4,1,2,1,2,2,2,1,3,2,2,2,3,3,3,3,4,1,1,5,6,1,2,1,3,2,3,1,2,3,3,5,6,4,4,1,3,4,4,2,7,2,3,3,3,1,1,1,1,3,3,3,3,2,3,1,3,2,2,1,4,2,3,1,2,1,3,4,4,2,4,3,4,3,3,3,3,1,3,4,4,4,6,1,1,1,1,1,5,4,4,1,2,1,3,1,1,2,2,3,3,1,1,4,5,1,1,3,3,1,3,1,1,1,1,1,1,2,2,1,1,1,1,1,3,2,2,2,3,2,2,2,2,1,1,1,1,2,2,4,4,4,4,3,3,2,3,3,3,2,4,1,2,2,2,4,5,3,3,3,3,2,3,2,2,3,3,2,2,3,3,3,3,2,2,2,2,1,1,1,4,1,2,3,4,2,3,3,6,4,4,2,2,4,5,2,3,2,2,1,1,2,2
M145930,1,2,2,2,3,3,5,5,3,3,2,2,2,3,1,3,1,2,3,3,2,5,1,1,3,3,3,3,3,3,1,5,5,5,2,3,3,3,2,2,1,2,1,1,1,1,1,2,2,3,2,2,3,3,2,2,2,2,2,4,4,4,1,1,5,5,1,2,1,3,3,3,2,3,1,3,4,6,4,4,1,2,3,4,2,7,3,3,3,3,1,1,2,6,3,3,3,3,2,3,3,4,2,2,4,4,2,2,2,2,1,1,4,4,2,2,3,3,1,1,3,3,1,3,2,4,4,6,1,1,1,2,1,3,1,4,2,2,2,3,1,1,2,3,3,3,1,1,4,5,1,1,3,3,1,3,1,3,1,1,1,1,2,2,1,1,1,1,2,3,2,2,2,2,2,2,4,4,1,1,1,1,2,2,3,4,4,4,2,4,0,0,3,4,4,4,2,2,2,2,4,4,3,5,3,3,3,3,3,3,3,3,2,2,3,3,1,1,2,2,2,5,1,1,1,4,1,1,3,3,2,2,3,5,3,5,1,2,4,4,2,4,2,3,1,1,2,2
M145931,1,1,2,2,3,3,5,5,3,3,2,2,2,3,2,2,1,2,3,4,2,3,1,1,3,3,3,3,2,3,1,5,2,5,2,3,3,3,2,2,1,2,1,1,1,2,1,1,1,2,2,2,1,1,2,2,2,2,3,4,3,4,1,1,5,5,1,2,1,4,3,3,2,3,3,3,6,6,4,4,2,3,2,3,7,7,3,3,3,3,1,2,1,1,3,3,3,3,3,3,1,3,2,3,3,4,2,2,1,2,2,3,4,4,1,1,3,4,3,3,3,3,2,3,2,4,4,4,1,2,1,1,1,1,4,4,1,2,1,2,1,1,2,3,3,3,1,1,4,5,1,1,3,3,1,3,1,1,1,1,1,2,2,2,1,1,1,1,1,3,2,2,1,2,2,2,3,4,1,1,1,3,2,2,4,4,4,4,3,3,2,2,3,3,2,4,2,2,2,2,4,4,3,3,1,3,2,3,2,3,3,3,2,3,3,3,1,2,2,2,2,2,1,1,4,4,1,2,3,4,2,3,6,6,4,4,1,1,4,4,3,4,2,2,1,1,1,2
M145932,3,4,1,2,3,3,4,5,1,3,1,2,3,3,2,7,1,2,3,3,2,3,1,2,3,3,3,3,3,3,5,5,2,5,3,3,2,3,2,2,1,1,1,1,1,2,1,1,2,5,2,2,1,3,2,2,2,2,3,4,4,4,1,1,5,5,1,1,1,1,3,3,2,3,2,3,5,5,4,4,2,3,4,4,1,7,2,3,3,3,1,1,1,4,3,3,4,4,3,3,3,4,1,3,1,4,2,2,2,2,3,3,2,4,2,4,3,4,1,3,3,3,2,3,4,4,1,4,1,1,1,2,1,3,3,4,1,2,1,3,1,2,3,3,3,4,1,1,4,4,1,2,3,3,3,4,1,1,1,2,1,1,2,2,1,2,1,1,2,3,1,1,2,3,2,2,2,3,1,1,1,2,2,2,1,3,4,4,2,3,2,3,3,4,4,4,2,2,2,2,4,5,1,2,1,3,2,3,2,3,3,3,2,2,1,2,1,1,1,2,2,5,1,1,4,4,2,2,1,3,2,3,3,3,4,5,1,2,4,5,3,3,2,4,1,1,2,2
M145933,1,2,2,2,3,4,2,5,3,3,2,2,2,2,2,2,2,2,3,3,5,5,1,1,3,3,3,3,1,2,1,5,2,5,3,3,2,3,2,2,1,1,1,1,2,2,1,2,1,2,2,3,1,1,2,2,2,3,3,4,4,4,1,1,5,5,1,2,1,1,2,3,2,3,1,3,5,6,4,4,1,1,2,4,7,7,3,3,3,3,1,1,1,1,3,3,3,3,2,2,1,1,2,3,4,4,3,3,2,3,3,3,4,4,2,4,3,3,1,1,3,3,1,2,4,4,4,4,1,1,1,1,1,3,4,4,1,1,3,3,1,1,2,2,3,4,1,1,4,4,1,2,3,3,3,3,1,1,1,1,2,2,2,2,1,1,1,1,1,1,1,2,2,2,2,2,1,2,1,2,1,3,2,2,4,4,4,5,2,2,2,2,4,4,2,4,1,2,2,2,4,4,3,3,1,3,3,3,2,3,1,3,2,2,3,3,2,3,2,2,2,5,1,1,4,4,1,1,3,3,1,3,1,3,3,4,2,3,2,4,3,3,2,3,1,1,2,2
M145934,1,4,2,2,3,3,5,5,3,3,2,2,2,2,1,3,1,3,3,4,2,3,1,1,3,3,3,3,1,3,5,5,2,5,2,3,3,3,2,2,1,2,1,1,1,1,1,2,1,3,2,2,1,3,2,2,2,2,2,4,4,4,1,1,5,5,1,1,1,1,3,3,2,3,3,3,4,6,4,4,1,1,3,3,2,2,3,3,3,3,1,1,2,2,3,3,3,3,3,3,3,4,2,3,4,4,2,2,2,3,1,1,4,4,2,2,3,3,1,1,3,3,1,1,2,7,6,6,1,1,1,2,3,3,4,4,2,2,2,3,1,1,2,3,3,3,1,1,1,5,1,1,3,3,1,3,1,3,1,1,1,1,2,2,1,1,1,1,3,3,2,2,2,2,2,2,3,4,1,1,1,3,2,2,4,4,4,4,2,3,2,2,3,4,4,4,2,2,2,2,4,4,3,5,3,3,3,3,2,3,3,3,2,2,3,3,1,1,2,2,2,2,1,1,1,4,1,2,3,4,2,2,3,5,3,5,2,2,4,4,2,4,2,3,1,1,2,2
M145935,1,4,2,2,3,3,3,5,3,3,2,2,2,2,1,3,2,3,3,3,1,5,1,1,3,3,3,3,1,3,1,5,3,5,2,3,3,3,2,2,1,2,1,1,1,1,1,2,1,3,2,2,3,3,2,2,2,2,2,4,4,4,1,1,5,5,1,1,1,1,3,3,2,3,1,3,4,6,4,4,1,2,3,3,2,7,3,3,3,3,1,1,2,6,3,3,3,3,3,3,1,1,3,3,4,4,2,2,2,2,1,1,4,4,2,2,3,3,1,1,3,3,1,3,2,4,4,4,1,1,1,2,1,1,3,4,2,2,2,3,1,1,2,2,3,3,1,1,1,4,1,1,3,3,1,1,1,3,1,1,1,2,2,2,1,1,1,1,2,3,2,2,2,2,2,2,4,4,1,1,1,3,2,2,3,4,4,4,3,4,0,0,3,4,4,4,2,2,2,2,4,4,3,3,3,3,2,3,2,3,1,3,2,2,3,3,1,1,2,2,2,5,1,1,1,4,1,2,3,3,1,3,3,5,3,5,1,2,4,4,2,4,2,3,1,1,2,2
M145936,1,3,2,2,3,3,5,5,3,3,1,2,2,3,1,2,1,3,4,5,2,3,1,1,3,3,1,3,1,3,5,5,2,5,3,3,3,3,2,2,1,2,1,1,1,2,1,2,2,2,2,2,3,3,2,2,2,2,2,4,4,4,1,1,5,5,1,2,1,4,3,3,3,3,3,4,4,5,4,4,1,1,3,4,2,2,3,3,3,3,1,1,2,6,3,3,3,3,2,3,1,1,2,3,4,4,2,2,1,2,1,3,4,4,2,2,3,3,1,1,3,3,1,2,2,4,1,4,1,2,1,1,3,3,4,4,1,2,1,3,1,1,2,3,1,3,1,1,4,4,1,1,3,3,3,3,1,1,1,1,1,1,2,2,1,1,1,1,2,3,2,2,2,2,2,2,2,4,1,1,2,3,2,2,4,4,1,4,3,4,2,2,4,4,4,4,2,2,2,2,4,4,3,3,1,3,2,2,3,3,3,3,2,2,3,3,1,3,2,2,2,2,1,1,4,4,1,2,3,4,3,3,5,5,3,4,2,2,3,4,2,3,2,2,1,1,2,2
M145937,2,4,1,2,3,3,4,5,1,3,1,1,3,3,2,2,2,2,3,3,3,5,1,2,3,3,3,3,3,3,3,5,5,5,3,3,3,3,2,2,1,2,1,1,1,2,1,2,2,5,2,2,1,1,2,2,2,3,3,4,4,4,1,1,5,5,1,1,1,1,3,3,2,3,3,3,5,6,3,4,2,2,4,4,7,7,2,3,3,3,1,1,2,4,3,3,3,4,2,3,1,3,1,2,1,4,2,2,2,2,3,3,4,4,4,4,3,4,1,3,3,3,2,3,4,4,4,4,1,1,1,2,3,3,4,4,1,2,3,3,1,1,1,3,4,4,1,1,4,4,1,1,3,3,3,4,1,1,1,1,1,1,2,2,1,2,1,1,2,3,1,1,2,3,2,2,2,3,1,1,2,3,2,2,4,4,4,4,3,4,2,3,3,3,4,4,2,2,2,2,4,4,1,2,1,1,2,3,2,3,3,3,2,2,3,3,1,1,2,2,2,5,1,1,4,4,1,2,1,3,2,3,3,3,4,4,1,3,4,5,3,3,2,2,1,1,2,2
M145938,3,4,2,2,3,4,4,5,3,3,2,2,2,3,1,2,1,2,3,3,1,5,1,1,3,3,2,3,1,3,4,5,2,3,3,3,3,3,2,2,1,1,1,1,2,4,1,2,1,2,2,2,1,2,2,2,3,3,3,4,4,4,1,1,2,5,1,1,3,4,1,2,2,2,2,3,5,6,4,4,1,3,4,4,2,7,3,3,3,3,1,1,1,2,3,3,3,3,2,2,3,4,2,3,3,4,2,2,2,3,1,1,4,4,2,4,3,4,1,3,2,3,3,3,4,4,1,6,1,1,1,2,3,4,3,4,1,1,1,3,1,1,3,3,1,4,1,1,4,5,1,1,3,3,3,3,1,1,1,1,1,2,2,2,1,1,1,1,2,3,2,2,2,2,2,2,2,3,1,2,1,2,2,2,4,4,4,4,3,4,0,0,3,4,4,6,1,2,2,2,4,4,1,3,1,2,3,3,2,3,3,3,2,2,3,3,1,2,2,2,2,2,1,1,4,4,1,2,1,3,3,3,3,6,4,5,2,3,3,5,3,3,2,2,1,1,2,2
M145939,2,3,2,2,3,3,4,5,1,3,1,2,2,2,1,2,1,1,3,3,3,5,1,1,3,3,3,3,1,2,1,4,3,5,3,3,3,3,2,2,1,1,1,1,2,4,2,2,2,2,2,3,1,3,2,2,2,3,3,3,3,4,1,1,5,5,1,2,1,4,1,2,2,3,3,3,5,5,4,4,1,1,3,3,7,7,2,3,3,3,1,1,5,6,2,3,3,3,2,3,1,3,2,3,3,4,2,2,2,2,3,3,4,4,2,4,3,3,1,1,3,3,3,3,4,7,1,6,1,1,1,2,1,3,4,4,1,2,1,1,1,1,3,3,3,3,1,1,5,5,1,1,3,5,3,3,1,3,1,1,1,2,2,2,1,1,1,1,3,3,1,2,2,2,2,2,3,3,1,1,1,3,2,2,4,4,4,4,2,4,2,2,4,4,4,4,2,2,2,2,4,4,1,3,3,3,3,3,2,2,3,3,2,2,3,3,1,2,1,2,2,2,1,1,4,4,1,1,1,4,3,3,5,5,3,5,2,2,4,4,3,4,2,2,1,1,2,2
M145940,2,3,2,2,2,3,5,5,3,3,2,2,2,2,1,7,2,2,3,5,2,3,1,2,3,3,2,2,2,3,5,5,5,5,3,3,3,3,2,2,2,2,1,1,1,2,1,1,2,2,2,2,1,1,2,2,2,3,4,4,2,4,1,1,5,5,1,2,1,4,2,3,2,3,2,3,5,6,4,4,1,3,4,4,7,7,3,3,3,3,1,1,2,6,3,3,3,3,2,2,1,3,2,3,3,4,2,2,1,2,3,3,4,4,2,4,3,4,3,3,3,3,2,3,4,7,1,4,1,1,1,1,1,3,3,4,2,2,2,3,1,1,2,3,3,3,1,1,4,4,1,1,3,3,1,4,1,1,1,1,2,2,1,2,1,2,1,1,2,3,1,2,2,3,2,3,3,3,1,2,2,3,2,2,4,4,4,4,3,3,2,2,3,4,4,4,2,2,2,2,4,4,1,1,3,3,2,3,2,2,2,3,2,2,3,3,1,3,2,2,2,2,1,1,4,4,1,1,3,4,1,3,3,3,4,5,1,2,4,4,2,2,2,2,1,1,2,2
M145941,1,4,2,2,3,3,5,5,3,3,1,2,2,3,1,2,2,3,3,3,5,5,1,1,3,3,1,3,3,3,5,5,2,5,3,3,3,3,2,2,2,2,1,1,1,2,1,2,2,3,2,2,3,3,2,2,2,2,2,4,4,4,1,1,5,5,1,2,1,1,3,3,3,3,1,3,4,6,4,4,1,1,3,3,2,2,3,3,3,3,1,1,6,6,3,3,3,3,0,0,1,1,2,3,4,4,2,2,2,2,1,1,4,4,2,2,3,3,3,3,3,3,2,2,1,4,1,1,1,2,1,1,1,1,4,4,1,2,1,3,1,1,2,2,1,3,1,1,4,4,1,1,3,3,3,3,1,1,1,1,1,1,2,2,1,1,1,1,3,3,2,2,2,2,2,2,2,4,1,1,1,1,2,2,3,4,1,4,3,4,3,3,3,4,4,4,2,2,2,2,4,4,3,3,3,3,2,2,3,3,3,3,2,2,3,3,1,3,2,2,2,5,1,1,4,4,1,2,3,3,2,3,5,5,3,4,2,2,3,4,2,3,2,2,1,1,2,2
M145942,3,3,2,2,3,3,5,5,1,3,1,2,2,2,2,2,1,2,3,3,3,5,1,2,3,3,3,3,3,3,1,1,5,5,2,2,3,3,2,2,2,2,1,1,2,4,2,2,1,2,2,3,1,1,2,2,2,3,3,4,4,4,1,1,5,5,2,2,1,3,3,3,2,2,1,3,5,5,3,4,1,3,3,4,7,7,3,3,3,3,1,1,1,2,3,3,3,4,3,3,1,3,2,2,1,4,2,2,1,1,3,3,2,4,2,4,3,3,1,3,3,3,2,3,4,4,6,6,1,1,1,2,1,5,4,4,1,2,3,3,1,1,3,3,3,4,1,1,4,5,1,1,3,3,1,3,1,1,1,2,1,2,2,2,1,1,1,1,3,3,1,2,2,2,2,2,3,4,1,1,1,3,2,2,1,4,4,4,3,4,2,2,3,3,4,4,2,2,1,2,4,4,3,3,1,3,3,3,3,3,3,3,2,2,1,3,1,1,2,2,2,2,1,1,4,5,1,1,3,3,1,3,1,3,3,4,2,2,3,4,4,4,2,3,1,1,2,2
M145943,1,4,1,2,1,3,4,4,3,3,1,2,3,3,7,7,1,2,3,3,1,3,1,2,3,3,1,1,1,3,1,1,2,5,2,3,3,3,2,2,1,2,1,1,2,4,1,1,2,2,2,2,1,1,2,2,2,2,3,3,4,4,1,1,5,5,1,1,3,4,2,3,3,3,2,3,5,5,4,4,1,1,2,3,2,7,3,3,3,3,1,2,1,6,3,3,3,3,3,3,1,1,2,3,4,4,2,2,2,3,1,3,4,4,2,2,3,3,1,1,2,3,1,2,4,5,1,6,1,1,1,1,1,5,4,4,1,2,3,3,1,1,2,3,3,3,1,1,3,4,1,1,3,3,3,3,1,1,1,1,1,2,2,2,1,1,1,1,3,3,2,2,2,5,2,2,3,4,1,1,1,2,2,2,4,4,4,4,3,3,2,2,3,4,4,4,2,2,2,2,4,4,1,3,3,3,3,3,2,3,3,3,2,2,3,3,1,1,2,2,2,2,1,1,4,4,2,2,4,4,1,2,3,5,4,4,2,3,3,4,3,3,2,3,1,1,2,2
M145944,1,2,2,2,3,3,1,5,3,3,2,2,2,2,2,2,2,2,3,4,1,5,1,1,3,3,2,3,3,3,1,1,3,5,3,3,1,3,2,2,2,2,1,1,2,2,1,1,2,5,2,2,1,3,2,2,2,2,3,3,2,4,1,1,1,5,1,1,1,4,2,3,2,3,2,3,5,6,4,4,1,3,2,4,7,7,3,3,3,4,1,1,1,6,3,3,2,3,2,3,1,4,2,2,3,4,2,3,1,2,3,3,4,4,2,2,3,4,1,3,3,3,2,2,4,5,4,6,1,1,1,2,3,3,3,4,1,1,2,2,1,1,2,3,1,3,1,1,1,4,1,1,3,3,1,3,1,1,1,1,1,2,2,2,1,1,1,1,2,3,1,1,2,2,2,2,3,3,1,1,1,1,2,2,4,4,4,4,3,4,2,2,4,4,4,4,2,2,2,2,4,4,1,3,1,2,3,3,3,3,3,3,2,2,3,4,1,2,2,2,2,2,1,1,4,4,1,2,3,3,1,2,1,3,4,4,1,2,4,4,4,4,2,3,1,1,2,2
M145945,1,3,2,3,1,3,5,5,3,3,2,2,2,2,2,2,1,2,3,5,3,5,1,1,3,3,3,3,3,3,1,5,2,5,2,3,3,3,2,2,1,1,1,1,2,2,1,1,2,2,2,2,1,3,2,2,3,3,2,3,3,3,1,3,5,5,1,2,1,3,3,3,3,3,3,3,5,6,4,4,1,2,2,4,7,7,3,3,3,3,1,1,1,1,3,3,3,3,3,3,1,3,2,3,3,3,2,2,1,2,1,3,4,4,2,2,3,3,1,1,2,3,1,3,4,4,1,4,1,2,1,1,1,1,4,4,2,2,1,5,1,1,3,3,1,4,1,1,4,5,1,2,2,3,3,3,3,3,1,1,2,2,2,2,1,1,1,1,3,3,2,2,2,2,2,2,2,3,2,2,2,3,2,2,4,4,4,4,3,4,2,2,3,3,4,4,2,2,1,2,4,4,3,3,1,3,3,3,3,3,3,3,2,2,3,3,1,1,2,2,2,5,1,1,4,4,2,2,1,3,1,2,3,3,4,4,2,3,3,5,3,4,2,3,1,1,2,2
M145946,1,3,2,2,3,3,5,5,3,3,2,2,2,3,2,2,1,2,3,3,5,5,1,1,3,3,2,3,1,3,4,5,2,5,3,3,1,3,2,2,1,1,1,1,2,2,1,2,2,2,2,2,1,1,2,2,3,3,2,4,2,4,1,1,5,5,1,2,1,4,3,3,2,2,3,3,5,6,1,3,1,1,2,4,7,7,3,3,3,3,1,1,4,6,3,3,1,3,3,3,3,4,2,2,4,4,2,2,2,2,1,3,4,4,2,2,3,4,3,3,3,3,2,3,4,7,1,4,1,1,2,2,1,3,3,4,1,2,1,3,1,1,2,3,1,3,1,1,4,4,1,1,3,3,3,3,1,1,1,1,1,2,2,2,1,2,1,1,3,3,2,2,2,5,2,2,2,3,1,1,1,1,2,2,4,4,4,4,3,4,0,0,3,3,4,4,2,2,2,2,4,4,3,3,1,3,3,3,2,3,1,3,2,2,3,3,1,4,1,2,2,2,1,1,4,4,1,1,3,3,2,3,3,5,3,3,1,2,4,4,4,4,2,3,1,1,2,2
M145947,1,4,2,2,0,0,5,5,3,3,2,2,3,3,0,0,2,2,3,3,1,1,1,1,3,3,3,3,2,2,0,0,3,3,0,0,3,3,2,2,1,1,1,1,1,2,1,2,2,5,2,2,1,1,2,2,2,2,2,2,2,4,1,1,0,0,2,2,0,0,2,3,3,3,1,1,0,0,0,0,0,0,4,4,0,0,3,3,3,3,1,1,1,1,3,3,1,3,0,0,1,3,2,2,4,4,2,2,1,2,0,0,4,4,5,5,0,0,1,3,2,3,3,3,7,7,1,1,0,0,1,1,0,0,0,0,0,0,3,3,0,0,2,3,3,3,1,1,0,0,1,2,0,0,1,4,1,1,1,1,1,2,2,2,0,0,1,1,2,3,0,0,2,2,2,2,0,0,1,1,3,3,2,2,4,4,0,0,0,0,2,2,3,4,4,4,2,2,2,2,2,4,3,3,1,1,2,3,2,3,0,0,2,2,3,3,0,0,2,2,2,2,1,1,4,4,2,2,3,3,2,2,3,3,3,3,0,0,3,5,0,0,2,2,1,1,2,2
M145948,3,3,2,2,3,3,2,5,3,3,1,2,2,2,1,2,2,2,3,3,1,5,1,1,3,3,3,3,2,3,1,1,2,5,2,2,1,3,2,2,1,2,1,1,2,5,2,2,2,2,2,2,1,2,2,2,2,3,2,3,4,4,1,1,5,5,1,1,3,3,3,3,2,3,3,3,5,6,4,4,1,1,2,4,7,7,3,3,3,3,1,1,1,6,3,3,1,3,3,3,1,4,2,2,4,4,2,2,2,2,1,2,4,4,2,4,3,3,3,3,3,3,1,1,4,7,4,6,1,1,1,1,3,4,4,4,2,2,1,3,1,1,3,3,1,1,1,1,4,4,1,1,3,3,3,3,1,1,1,1,1,2,1,2,1,1,1,1,3,3,2,2,2,3,2,2,2,4,1,2,1,2,2,2,3,4,4,4,3,4,2,2,3,4,4,4,2,2,2,2,4,5,3,3,3,3,3,3,2,3,1,1,2,2,3,3,1,1,2,2,2,5,1,1,4,4,1,1,3,3,1,2,1,5,3,4,2,2,4,4,3,3,2,2,1,1,2,2
M145949,1,2,2,2,3,3,5,5,2,3,2,2,2,3,2,2,2,2,3,3,5,5,1,1,3,3,1,2,2,3,1,1,2,5,2,2,3,3,2,2,1,1,1,1,1,2,1,2,2,3,1,2,3,3,2,2,2,2,2,2,2,4,1,1,5,5,1,2,1,4,3,3,2,2,3,3,5,6,1,5,1,1,2,4,7,7,2,3,3,3,1,1,2,6,3,3,3,3,3,3,1,1,1,2,4,4,1,2,1,3,3,3,4,4,2,2,3,4,1,1,3,3,1,2,7,7,4,6,1,1,1,2,1,1,4,4,1,2,1,1,1,1,2,3,1,3,1,1,4,4,1,1,3,3,3,3,1,1,1,1,1,2,2,3,1,2,1,1,2,3,2,2,5,5,2,2,2,3,1,3,1,2,2,2,4,4,4,4,3,3,2,2,4,4,4,6,2,2,2,2,4,4,3,3,3,3,2,3,2,3,1,3,2,2,3,3,1,1,1,2,2,5,1,1,4,4,1,2,3,3,3,3,3,3,3,5,1,1,3,4,4,4,2,2,1,1,2,2
M145950,3,4,2,2,3,3,2,5,3,3,2,2,2,2,1,2,2,2,3,5,5,5,1,2,3,3,2,3,2,3,5,5,5,5,3,3,3,3,2,2,1,2,1,1,2,4,1,1,2,2,2,2,1,1,2,2,2,3,3,4,2,4,1,1,5,5,1,1,1,4,2,3,2,2,3,3,5,6,4,4,2,3,4,4,7,7,3,3,3,3,1,2,2,6,3,3,3,3,0,0,1,4,3,3,3,4,2,2,1,2,3,3,4,4,2,4,4,4,1,1,3,3,1,2,4,7,1,1,1,1,1,1,3,5,4,4,2,2,1,2,1,1,2,3,3,3,1,1,4,4,1,1,3,3,3,4,1,1,1,1,2,2,2,2,1,1,1,1,2,2,1,2,2,2,2,3,3,4,1,2,1,1,2,2,3,4,4,4,2,3,2,2,3,4,2,2,2,2,2,2,4,5,1,3,1,3,2,3,2,3,3,3,2,2,3,3,1,3,1,2,2,2,1,1,4,4,1,2,1,4,1,2,3,3,4,5,2,2,4,4,2,4,2,2,1,1,2,2
M145951,3,3,2,2,3,3,3,5,3,3,2,2,2,3,2,2,1,2,3,3,3,5,1,2,3,3,3,3,3,3,1,5,2,5,2,3,3,3,2,2,1,2,1,1,1,4,1,2,2,2,2,2,1,3,2,2,2,2,3,4,2,4,1,1,5,5,1,1,3,4,3,3,2,2,3,3,5,5,3,4,1,2,4,4,7,7,3,5,3,3,1,2,2,6,3,3,3,3,2,3,1,4,2,3,2,4,2,2,2,2,1,1,4,4,2,4,3,3,1,3,2,3,3,3,4,4,4,4,1,1,1,2,1,1,4,4,1,2,1,1,1,1,2,3,3,3,1,1,3,5,1,1,3,3,1,1,1,1,1,2,1,2,2,2,1,1,1,1,2,3,2,2,2,2,2,3,3,3,1,3,1,3,2,3,2,4,4,4,3,4,2,2,4,4,2,4,2,2,1,2,4,4,2,3,3,3,2,3,2,2,1,3,2,2,3,3,1,1,2,2,2,2,1,1,4,4,1,1,1,4,3,3,5,5,3,4,2,3,3,4,4,4,2,2,1,1,2,2
M145952,2,4,1,2,4,4,5,5,3,3,1,2,2,2,2,7,2,2,3,3,3,5,1,1,3,3,2,3,3,3,1,5,5,5,3,3,3,3,2,2,1,1,1,3,1,2,1,2,2,3,2,2,1,3,2,2,2,3,3,4,4,4,1,1,5,5,1,1,1,4,3,3,2,3,2,3,5,6,4,4,1,2,4,4,7,7,3,3,3,3,1,1,2,4,3,3,3,3,2,3,1,3,2,3,1,4,2,2,1,2,1,3,4,4,2,4,4,4,1,3,3,3,2,2,4,5,1,1,1,1,1,1,1,3,3,4,1,2,1,3,1,2,3,3,3,3,1,1,4,4,1,1,3,3,2,3,1,1,1,1,1,1,2,2,1,1,1,1,3,3,2,2,2,2,2,2,1,3,1,1,2,2,2,2,4,4,4,4,4,4,2,3,3,4,4,4,2,2,2,2,4,4,1,3,1,3,3,3,2,3,3,3,2,2,3,3,1,1,2,2,2,2,1,1,4,4,2,2,1,4,3,3,3,5,4,4,1,2,3,5,3,3,2,2,1,1,2,2
M145953,2,3,2,2,3,3,2,5,3,3,1,1,2,2,2,2,1,2,3,3,3,3,1,2,3,3,3,3,1,3,5,5,5,5,2,3,2,2,2,2,1,1,1,1,1,2,2,2,2,2,2,3,1,3,2,2,2,2,3,4,2,4,1,1,5,5,2,2,1,1,2,3,2,3,3,3,5,5,4,4,1,3,3,4,7,7,2,3,3,3,1,1,6,6,3,3,3,3,2,3,1,3,2,2,2,4,2,3,1,1,1,3,4,4,2,5,3,4,1,3,3,3,1,2,2,4,1,4,1,1,1,2,1,1,4,4,1,2,1,3,1,1,3,3,1,4,1,1,4,4,1,1,3,3,0,0,1,1,1,1,2,2,2,2,1,1,1,1,2,2,2,2,2,2,2,2,3,3,1,1,1,3,2,2,4,4,4,4,3,4,2,2,3,3,3,4,2,2,2,2,4,4,1,1,1,3,3,3,2,3,1,3,2,2,3,3,1,2,2,2,2,2,1,1,4,4,2,2,3,3,1,3,1,3,4,5,1,3,4,4,0,0,2,4,1,1,2,2
M145954,1,3,2,2,3,3,5,5,3,3,1,2,2,2,2,3,1,2,3,3,1,5,1,2,3,3,1,2,2,3,4,4,2,5,3,3,3,3,2,2,1,2,1,1,2,4,1,2,2,2,2,2,1,3,2,2,2,3,3,4,4,4,1,1,5,5,1,1,1,1,2,3,2,3,3,3,4,5,1,4,1,3,2,3,7,7,3,5,3,3,1,1,2,6,3,3,3,3,0,0,4,4,2,3,4,4,2,2,2,3,3,3,4,4,2,4,4,4,1,1,2,3,3,3,4,7,4,6,1,1,2,2,1,1,4,4,1,2,1,3,1,1,2,2,1,3,1,1,4,4,1,1,3,3,3,3,1,1,1,1,1,2,2,2,1,2,1,1,3,3,1,2,2,2,2,2,3,3,1,3,1,2,2,2,4,4,4,4,3,3,2,2,3,4,4,4,2,2,2,2,4,4,3,3,3,3,2,3,2,3,3,3,2,2,3,3,1,1,2,2,2,5,1,1,4,4,1,1,3,3,3,3,5,5,3,4,2,3,4,5,3,3,2,2,1,1,2,2
M145955,3,4,2,2,3,3,3,5,3,3,2,2,2,2,1,2,1,2,3,3,2,5,1,2,3,3,3,3,3,3,1,1,5,5,3,3,2,3,2,2,1,2,1,1,2,2,1,2,2,5,2,2,1,3,2,2,2,3,2,3,4,4,1,1,5,5,1,1,1,4,2,3,2,2,3,3,5,6,4,4,1,1,3,4,7,7,3,3,3,3,1,1,1,2,3,3,3,3,2,2,1,3,3,3,2,4,2,2,2,2,3,3,4,4,2,4,3,3,1,1,3,3,2,2,4,5,4,4,1,1,1,2,1,5,4,4,1,1,2,2,1,1,2,3,3,4,1,1,4,4,1,2,3,3,3,3,1,1,1,1,1,1,2,2,1,1,1,2,3,3,2,2,2,2,2,2,1,3,1,1,1,1,2,2,4,4,4,4,3,3,2,3,3,4,4,4,2,2,2,2,4,4,1,3,1,3,2,3,3,3,3,3,2,2,3,3,1,1,1,2,2,2,1,1,2,5,1,2,3,4,3,3,1,5,4,4,2,2,4,4,3,3,2,3,1,1,2,2
M145956,3,4,2,2,3,3,5,5,3,3,2,2,3,3,2,3,1,3,4,5,2,3,1,1,3,3,1,3,1,1,1,5,2,5,3,3,3,3,2,2,2,2,1,1,1,2,1,2,2,3,2,2,1,3,2,2,2,2,2,2,4,4,1,1,5,5,1,2,1,1,3,3,3,3,3,4,4,6,4,4,1,1,3,3,2,7,3,3,3,3,1,1,2,2,3,3,3,3,2,3,1,4,2,2,4,4,2,2,2,2,1,3,4,4,2,2,3,3,1,1,3,3,2,2,1,4,1,6,1,2,1,2,3,3,4,4,1,2,1,3,1,1,2,3,3,3,1,1,4,4,1,1,3,3,3,3,1,1,1,1,1,1,2,2,1,1,1,1,2,2,2,2,2,2,2,2,3,4,1,1,2,3,2,2,4,4,1,4,2,4,2,2,3,4,4,4,2,2,2,2,4,4,3,5,3,3,2,3,3,3,1,3,2,2,3,3,3,3,2,2,2,2,1,1,4,4,1,1,3,4,2,3,5,5,3,5,1,2,3,4,3,4,2,3,1,1,2,2
M145957,1,3,2,2,3,3,5,5,3,3,2,2,2,2,2,2,2,2,3,3,2,5,1,1,3,3,2,3,3,3,1,5,3,3,3,3,1,2,2,2,2,2,1,1,2,2,1,1,1,5,2,2,1,3,2,2,2,2,3,3,2,4,1,1,1,5,1,1,1,4,3,3,2,2,3,3,5,6,4,4,1,3,2,4,7,7,3,3,3,3,1,2,1,1,3,3,2,3,2,2,1,3,2,2,3,4,2,2,1,3,3,3,4,4,2,2,3,4,3,3,3,3,2,3,4,4,4,4,1,1,1,2,3,5,4,4,1,1,2,2,1,1,3,3,1,3,1,1,4,4,1,2,3,3,1,3,1,1,1,1,1,2,2,2,1,1,1,1,2,3,1,2,2,2,2,2,1,3,1,2,1,2,2,2,4,4,4,4,2,2,2,2,3,4,3,4,2,2,2,2,4,5,1,3,2,3,3,3,3,3,3,3,1,2,3,3,1,2,2,2,2,2,1,1,4,4,1,2,3,3,1,2,1,3,4,4,2,2,2,4,3,4,2,2,1,1,2,2
M145958,2,3,2,2,3,3,2,5,3,3,2,2,2,2,1,2,1,1,3,3,3,5,1,2,3,3,2,3,2,3,4,4,2,2,3,3,3,3,2,2,1,1,1,1,2,4,1,2,2,2,2,2,1,3,2,2,2,2,3,3,3,4,1,1,5,5,2,2,3,4,1,2,2,3,1,3,5,5,3,4,1,1,3,3,7,7,3,5,3,3,1,1,1,5,2,3,3,3,2,2,3,4,3,3,3,4,2,2,2,2,0,0,4,4,2,4,3,4,1,3,3,3,3,3,4,7,1,1,1,1,1,2,1,3,4,4,1,2,1,1,1,1,2,3,3,3,1,1,5,5,1,1,3,3,3,3,1,3,1,1,1,2,2,2,1,1,1,1,1,3,1,1,2,2,2,2,2,4,1,1,1,2,2,2,4,4,4,4,2,3,2,2,4,4,4,4,2,2,2,2,4,4,1,3,3,3,3,3,2,3,3,3,2,2,3,3,1,1,2,2,1,2,1,1,4,4,1,1,1,3,3,3,5,5,3,5,2,2,4,4,3,4,2,2,1,1,2,2
M145959,4,4,2,2,3,3,5,5,3,3,2,2,2,3,1,7,2,2,3,3,3,3,1,2,3,3,3,3,1,3,1,1,3,5,3,3,1,3,2,2,1,1,1,1,1,2,1,1,2,2,2,2,3,3,2,2,2,3,3,3,4,4,1,1,5,5,1,1,1,1,3,3,3,3,3,3,5,6,4,4,1,3,4,4,7,7,3,3,3,3,1,1,1,1,3,3,1,1,2,2,1,3,2,2,2,3,2,2,2,3,1,1,4,4,2,2,3,4,1,3,3,3,1,3,4,4,1,6,1,1,2,2,1,2,4,4,1,1,3,3,1,1,2,3,1,1,1,1,4,4,1,2,3,3,1,3,1,1,1,2,1,1,2,2,1,1,1,1,2,3,2,2,2,2,2,2,1,3,1,1,2,3,2,2,2,4,4,4,3,3,3,3,3,3,4,4,1,2,1,2,4,4,3,3,3,3,2,2,3,3,3,3,2,2,3,3,1,1,2,2,2,2,1,1,4,4,1,2,4,4,1,1,1,2,4,5,2,3,4,5,3,4,2,2,1,1,2,2
M145960,1,2,2,2,3,3,5,5,3,3,2,2,2,2,2,2,2,2,3,3,2,5,1,2,3,3,2,3,3,3,1,5,5,5,2,3,3,3,2,2,1,1,1,1,1,2,1,2,2,2,2,2,3,3,2,2,2,3,2,3,1,4,1,1,3,5,1,1,1,1,2,3,1,2,1,3,5,6,5,5,1,3,2,4,2,7,3,3,3,3,1,2,1,2,3,3,3,3,2,3,1,1,3,3,3,4,2,2,1,2,1,1,4,4,4,4,3,3,1,1,3,3,1,3,1,4,4,6,1,1,1,1,1,1,4,4,1,2,1,2,1,1,3,3,3,3,1,1,4,4,1,2,3,3,3,3,1,1,1,1,2,2,2,3,2,2,1,1,1,3,2,2,2,5,2,2,2,3,2,3,1,1,2,2,4,4,4,5,3,4,2,2,3,3,4,4,2,2,2,2,4,4,3,4,3,3,3,3,2,3,3,3,2,2,3,3,1,2,2,2,2,2,1,1,1,4,1,2,3,4,3,3,5,5,4,4,2,3,4,5,2,4,2,2,1,1,2,2
M145962,3,4,2,2,3,3,5,5,3,3,2,2,2,3,2,2,1,2,3,3,1,5,1,2,3,3,3,3,3,3,1,1,2,5,3,3,3,3,2,2,1,2,1,1,2,2,1,2,2,2,2,2,1,1,2,2,2,3,3,3,4,4,1,1,5,5,1,1,4,4,2,3,2,2,1,3,5,5,4,4,1,1,3,4,7,7,3,3,3,3,1,1,2,2,3,3,3,3,2,3,3,3,3,3,3,4,2,2,2,2,1,3,4,4,2,4,3,3,1,3,3,3,2,3,4,4,1,6,1,1,1,1,5,5,4,4,1,2,2,3,1,1,2,3,3,4,1,1,4,4,1,2,3,3,3,3,1,1,1,1,1,1,2,2,1,1,1,2,3,3,2,2,2,2,2,2,1,3,1,1,1,1,2,2,4,4,1,4,3,3,2,2,3,3,4,4,2,2,2,2,4,4,1,3,1,3,2,3,2,3,3,3,2,2,3,3,1,2,1,2,2,2,1,1,4,5,1,2,3,3,3,3,1,1,4,4,1,2,3,4,3,4,3,4,1,1,2,2
M145963,2,3,2,2,3,3,5,5,3,3,1,2,2,2,2,2,1,1,3,3,1,2,1,1,3,3,3,3,3,3,5,5,5,5,3,3,3,3,2,2,2,2,1,1,2,2,1,2,1,2,2,2,1,1,2,2,2,2,2,4,4,4,1,3,5,5,1,1,3,3,1,3,1,2,2,3,6,6,4,4,1,1,2,3,7,7,3,3,3,3,1,1,1,1,3,3,3,3,3,3,1,1,2,2,3,3,2,2,2,2,3,3,4,4,2,2,3,4,1,3,2,3,1,3,4,4,4,6,1,1,1,2,1,1,4,4,1,2,1,1,1,1,3,3,1,4,1,1,2,4,1,1,3,3,1,3,1,1,1,1,2,2,2,2,1,1,1,2,3,3,2,2,2,3,2,2,2,2,1,1,1,1,1,2,3,4,4,4,3,3,2,2,3,3,3,4,1,2,2,2,4,5,3,3,1,3,2,2,3,3,1,3,2,2,3,3,1,3,1,2,2,2,1,1,1,4,1,2,3,4,2,3,3,5,4,4,1,1,2,3,2,3,3,3,1,1,2,2
M145964,2,3,2,2,3,3,5,5,3,3,2,2,2,3,1,2,2,2,3,4,3,3,1,1,3,3,3,3,2,3,1,1,2,5,2,3,3,3,2,2,2,2,1,1,2,2,1,1,2,2,2,2,1,1,2,2,2,3,4,4,4,4,1,1,5,5,1,1,3,3,3,3,2,2,3,3,4,5,1,4,1,3,2,3,1,7,3,3,3,3,1,1,1,6,3,3,3,3,3,3,1,4,2,2,3,4,2,2,2,2,1,3,2,4,2,2,3,3,1,1,3,3,1,3,1,4,1,6,1,1,1,1,3,3,3,4,2,2,1,3,1,1,2,2,1,3,1,1,3,4,1,1,3,3,1,4,1,3,1,2,1,2,2,2,1,1,1,1,2,2,1,2,2,2,2,2,2,3,1,1,1,3,2,2,1,4,4,4,2,4,3,3,3,3,2,2,2,2,1,2,4,5,1,1,3,3,2,2,3,3,3,3,2,2,1,2,3,3,2,2,2,2,1,1,4,4,1,2,1,1,2,2,3,5,4,5,1,2,4,4,3,4,2,2,1,1,2,2
M145965,1,3,2,3,3,3,4,5,3,3,2,2,2,2,1,7,1,1,3,4,3,5,1,2,3,3,2,3,3,3,1,1,2,5,3,3,1,3,2,2,1,2,1,1,2,2,1,1,1,2,2,2,1,1,2,2,2,2,3,3,4,4,1,1,5,6,1,2,1,4,2,2,2,3,3,3,5,6,4,4,1,1,4,4,2,7,2,3,3,3,1,2,1,4,3,3,3,3,3,3,2,3,3,3,4,4,2,2,2,3,1,1,4,5,2,2,3,3,1,3,3,3,2,3,2,4,1,1,2,2,2,2,1,1,4,4,1,1,1,3,1,1,2,3,3,3,1,1,4,5,1,1,3,3,1,3,1,1,1,1,1,1,2,2,1,1,1,1,3,3,1,2,2,5,2,2,2,3,1,1,1,1,2,2,4,4,4,4,3,3,2,2,3,4,3,4,2,2,2,2,4,5,1,3,3,3,2,3,2,3,3,3,2,2,3,3,1,2,2,2,2,2,1,1,4,4,1,2,1,3,1,3,1,3,3,5,1,2,4,4,2,2,2,3,1,1,2,2
M145966,1,2,2,2,3,3,5,5,3,3,2,2,2,2,2,3,1,2,3,4,1,3,1,1,3,3,3,3,3,3,1,5,2,3,3,3,3,3,2,2,1,2,1,1,1,1,1,2,1,2,2,2,1,3,2,2,2,2,2,2,2,4,1,1,5,5,1,1,1,1,3,3,2,3,1,3,4,5,4,4,1,1,3,3,2,7,3,3,3,3,1,1,2,2,3,3,3,3,2,3,1,3,2,3,1,4,2,2,2,2,1,1,4,4,2,2,3,3,1,1,3,3,1,3,1,7,6,6,1,1,1,2,1,3,3,4,2,2,1,3,1,1,2,3,1,3,1,1,4,5,1,1,3,3,1,1,1,1,1,1,1,1,2,2,1,1,1,1,3,3,2,2,2,2,2,2,4,4,1,1,3,3,2,2,4,4,4,5,2,4,2,2,3,4,4,4,2,2,2,2,4,4,3,3,3,3,2,3,3,3,1,3,2,2,3,3,1,3,2,2,2,2,1,1,4,4,2,2,3,4,2,3,5,5,3,4,1,2,4,4,4,4,2,2,1,1,2,2
M145967,2,4,1,2,3,3,4,5,3,3,2,2,2,3,2,2,1,1,3,3,3,5,1,2,3,3,3,3,1,3,1,5,5,5,3,3,3,3,2,2,1,2,1,1,1,2,1,2,2,5,2,2,1,1,2,2,2,3,3,3,4,4,1,1,5,5,1,1,1,4,3,3,3,3,1,3,5,5,4,4,1,1,4,4,2,7,3,3,3,3,1,1,6,6,3,3,3,3,2,3,1,1,2,2,2,4,2,2,2,2,3,3,4,4,2,4,3,4,1,1,3,3,3,3,4,7,4,6,1,1,2,2,1,1,3,4,1,2,2,2,1,1,3,3,4,4,1,1,4,4,1,1,3,3,1,1,1,1,1,1,1,1,2,2,1,1,1,1,3,3,2,2,2,2,2,2,3,4,1,2,2,3,2,2,4,4,4,4,3,4,0,0,3,3,4,4,2,2,2,2,4,5,3,3,2,3,3,3,3,3,3,3,2,2,3,3,1,1,1,2,2,5,1,1,2,4,1,2,2,3,3,3,3,3,3,5,2,2,3,4,1,4,2,4,1,3,2,2
M145968,1,1,2,2,3,3,3,5,3,3,2,2,2,2,2,3,1,2,3,4,1,3,1,1,3,3,3,3,3,3,1,5,2,3,2,3,3,3,2,2,1,2,1,1,1,1,1,2,1,3,2,2,1,3,2,2,2,2,2,4,2,4,1,1,5,5,1,1,1,1,3,3,2,3,1,3,4,5,4,4,1,1,3,4,2,7,3,3,3,3,1,1,2,6,3,3,3,3,2,3,1,4,2,3,1,4,2,2,2,2,1,1,4,4,2,2,3,3,1,1,3,3,1,3,2,4,4,4,1,1,1,1,1,3,1,4,2,2,2,3,1,1,3,3,3,3,1,1,1,4,1,1,3,3,1,1,1,1,1,1,1,2,2,2,1,1,1,1,3,3,2,2,2,2,2,2,4,4,1,1,3,3,2,2,4,4,4,5,3,4,2,2,3,4,4,4,2,2,2,2,4,4,3,3,3,3,2,3,3,3,1,3,2,2,3,3,1,3,2,2,2,5,1,1,4,4,1,2,3,3,2,2,5,5,3,4,2,2,4,4,2,4,2,2,1,1,2,2
M145969,1,2,2,2,3,3,5,5,3,3,1,2,2,2,3,7,1,3,3,4,3,3,1,1,3,3,1,3,3,3,1,1,2,3,2,3,3,3,2,2,2,2,1,1,1,1,1,1,2,2,2,2,1,1,2,2,2,2,2,3,4,4,1,1,5,5,1,1,1,3,3,3,2,3,3,3,4,5,1,3,1,2,4,4,7,7,3,3,3,3,1,1,2,6,3,3,3,3,3,3,1,3,2,3,2,4,2,2,2,2,1,3,4,4,2,5,3,3,3,3,3,3,1,4,4,7,4,4,1,2,1,2,3,5,3,4,1,1,1,3,1,1,2,3,1,1,1,1,4,4,1,2,3,5,3,3,1,1,1,1,1,2,2,2,1,2,1,1,2,3,2,2,2,5,2,2,2,3,1,1,1,3,2,2,4,4,4,4,3,3,0,0,3,4,4,4,2,2,2,2,4,4,3,5,1,3,2,3,3,3,1,3,2,2,3,3,1,4,2,2,5,5,1,1,4,4,1,1,3,3,2,3,5,5,3,4,1,1,4,4,4,4,2,2,1,1,2,2
M145970,2,3,2,2,3,3,2,5,3,3,1,2,2,2,2,2,1,1,3,3,2,2,1,1,3,3,1,3,3,3,1,5,5,5,3,3,2,3,2,2,1,2,1,1,2,2,1,2,5,5,2,2,1,1,2,2,2,3,2,3,4,4,1,1,5,5,1,1,1,4,2,3,1,2,3,3,5,6,4,4,1,3,3,3,7,7,2,3,3,3,1,1,1,2,3,3,3,3,3,3,1,3,3,3,2,3,2,2,1,2,3,3,4,4,2,4,3,4,1,1,2,3,1,2,4,4,4,4,1,1,1,2,1,1,4,4,2,2,2,3,1,1,3,3,3,4,1,1,4,5,1,2,3,3,3,3,1,1,1,1,1,2,2,2,1,1,1,2,3,3,2,2,2,2,2,2,2,3,1,1,1,1,2,2,4,4,4,4,3,3,2,3,3,4,4,4,2,2,2,2,4,4,3,5,1,3,3,3,3,3,1,3,2,2,3,3,1,2,1,1,2,2,1,1,4,4,2,2,3,4,2,3,5,5,4,4,2,2,3,4,3,3,3,4,1,1,2,2
M145971,3,4,2,2,3,3,5,5,3,3,1,2,2,3,2,2,2,2,3,3,2,3,1,3,3,3,3,3,1,3,1,5,2,5,3,3,3,3,2,2,1,2,1,1,2,2,1,2,2,2,2,2,1,3,2,2,2,3,2,4,3,4,1,1,5,5,1,2,4,4,2,3,1,3,2,3,1,5,4,4,1,3,3,4,7,7,3,3,3,3,1,1,1,6,3,3,3,3,3,3,1,1,2,2,3,4,2,2,1,2,1,3,4,4,2,2,3,4,1,3,3,3,2,3,3,7,4,6,1,1,1,1,1,1,4,4,1,2,2,3,1,1,2,3,3,3,1,1,4,4,2,2,3,3,3,3,1,1,1,1,1,1,2,2,1,1,1,1,3,3,2,2,2,2,2,2,2,3,1,1,1,1,2,2,4,4,4,5,3,3,2,2,3,4,4,6,2,2,2,2,2,4,1,3,3,3,3,4,3,3,1,3,2,2,3,3,1,4,1,2,2,2,1,1,4,4,1,2,1,4,2,3,3,5,3,5,2,2,4,5,2,4,2,4,1,1,2,2
M145972,2,2,2,2,4,4,5,5,3,3,1,1,0,0,0,0,2,2,3,3,0,0,1,1,3,3,2,3,3,3,1,3,0,0,3,3,3,3,2,2,1,1,0,0,2,4,1,1,2,2,2,2,1,3,2,2,2,2,4,4,4,4,1,1,5,5,1,1,1,1,3,3,3,3,0,0,5,6,4,4,1,2,0,0,0,0,2,2,3,3,1,1,0,0,3,3,3,4,3,3,1,3,2,2,4,4,0,0,1,2,0,0,4,4,0,0,3,3,1,1,3,3,2,2,0,0,0,0,1,1,1,1,1,1,0,0,1,1,3,3,1,1,1,1,3,3,1,1,4,4,1,1,3,3,4,4,1,1,1,1,0,0,2,2,1,1,1,1,0,0,2,2,2,2,2,2,3,3,1,1,2,2,2,2,4,4,4,4,0,0,0,0,3,3,4,4,2,2,2,2,0,0,1,1,1,1,3,3,2,2,3,3,2,2,3,3,1,1,2,2,0,0,1,1,4,4,1,1,0,0,3,3,3,5,0,0,2,2,5,5,0,0,2,2,1,1,2,2
M145973,4,4,1,2,3,3,2,2,3,3,2,2,2,3,1,2,1,2,3,5,2,3,1,1,3,3,3,3,1,1,1,1,5,5,3,3,3,3,2,2,2,2,1,1,1,4,1,1,1,5,2,2,1,3,2,2,2,3,2,3,3,4,1,3,5,5,1,1,3,4,2,3,2,3,3,3,5,6,4,4,1,1,4,4,7,7,3,3,3,3,1,1,1,1,3,3,1,3,3,3,1,3,2,2,2,4,2,2,2,2,1,3,4,4,2,2,3,4,1,1,3,3,1,3,4,4,4,5,1,1,1,2,1,1,4,4,1,2,1,3,1,1,2,3,3,3,1,1,3,4,1,1,3,3,3,3,1,1,1,1,1,1,2,2,1,1,1,1,3,3,1,2,2,2,2,2,3,4,1,1,1,3,2,2,4,4,4,4,3,4,2,2,3,4,4,6,2,2,2,2,3,4,3,3,1,3,3,3,2,3,3,3,2,2,3,3,2,3,2,2,2,2,1,1,4,4,1,2,3,4,1,1,2,5,3,4,2,3,4,5,2,2,2,3,1,1,2,2
M145974,1,3,2,2,3,3,5,5,3,3,1,2,2,2,2,7,2,3,3,4,3,3,1,1,3,3,1,2,1,3,1,1,2,3,2,3,1,3,2,2,1,2,1,1,1,2,1,2,2,2,2,2,1,3,2,2,2,2,3,4,4,4,1,1,5,5,1,1,1,4,3,3,2,3,3,3,5,6,4,4,1,1,2,4,7,7,3,3,3,3,1,1,4,6,3,3,1,3,3,3,2,4,2,3,2,4,2,2,2,3,3,3,4,4,2,5,3,3,3,3,3,3,2,3,4,7,4,4,1,2,2,2,3,5,3,4,1,1,3,3,1,1,2,2,1,3,1,1,4,4,1,1,3,3,3,3,1,1,1,1,1,2,2,2,1,1,1,1,3,3,2,2,2,5,2,2,3,3,1,1,1,3,2,2,4,4,4,4,3,4,2,2,3,3,4,4,2,2,2,2,4,4,3,5,1,3,2,3,3,3,1,3,2,2,3,3,1,4,1,2,2,2,1,1,4,4,1,1,3,3,2,2,5,5,3,4,1,2,4,4,3,4,2,3,1,1,2,2
M145975,3,4,2,2,3,4,2,4,3,3,2,2,2,3,1,2,2,2,3,3,3,5,1,1,3,3,3,3,2,3,1,5,3,5,3,3,3,3,2,2,1,2,1,1,2,4,1,1,2,2,2,2,1,3,2,2,2,2,3,3,2,4,1,1,5,5,1,1,1,3,2,3,3,3,3,3,1,6,4,4,1,1,3,4,2,7,3,3,3,3,1,1,1,1,3,3,3,3,2,3,1,1,2,3,4,4,2,2,2,2,3,3,4,4,2,4,3,4,3,3,3,3,3,3,4,5,4,4,1,1,1,2,1,5,3,4,1,2,3,3,1,1,3,3,3,3,1,1,1,4,1,2,2,3,3,3,1,1,1,1,1,2,2,2,1,1,1,1,3,3,2,2,2,2,2,2,3,3,1,1,1,1,2,2,3,4,1,4,3,3,2,2,3,3,4,4,2,2,2,2,4,5,3,3,3,3,3,3,2,2,1,3,2,2,3,3,1,1,2,2,2,2,1,1,1,4,1,1,3,4,3,3,5,5,3,5,1,3,4,5,3,4,2,4,1,1,2,2
M145976,3,4,1,2,3,3,5,5,1,3,2,2,2,3,2,2,1,1,3,3,3,5,1,1,3,3,3,3,1,2,1,5,3,5,2,3,3,3,2,2,1,2,1,1,2,2,1,2,1,5,2,2,1,1,2,2,3,3,3,4,3,3,1,3,5,5,1,2,1,3,3,3,2,3,3,3,5,5,4,4,1,3,4,4,7,7,2,3,3,3,1,1,1,6,3,3,1,3,2,2,1,3,2,2,2,4,2,3,1,2,1,1,4,5,2,4,3,4,3,3,3,3,3,4,2,4,1,4,1,2,1,2,3,3,3,3,2,2,1,5,1,1,2,3,3,4,1,1,3,4,1,2,3,3,3,3,1,1,1,1,1,2,2,2,1,1,1,2,2,3,2,2,1,2,2,2,2,3,1,1,1,2,2,2,4,4,4,4,3,4,2,2,3,3,4,4,2,2,2,2,4,4,1,3,1,3,2,3,2,2,2,3,2,2,3,3,1,2,2,2,2,2,1,1,4,4,1,2,3,4,1,3,3,3,4,5,2,2,4,4,1,1,2,2,1,1,2,2