"WatershedYear","DADM7","sd_DADM7","DADA7","sd_DADA7","DADMin7","DADDiel7"
"Big Creek 2024",17.9042857142857,0.867253464350862,15.8891019214703,0.387001842898822,14.8885714285714,3.01571428571429
"Big Creek 2025",17.4692857142857,0.437759338101699,15.9750595238095,0.0881534031491265,15.0587142857143,2.41057142857143
"Carmel River 2024",15.3706349206349,0.218197683940266,13.8454365079365,0.442084820023531,12.4492063492063,2.92142857142857
"Carmel River 2025",21.2507936507936,0.334695189801744,19.4763227513228,0.434488186138907,17.4460317460317,3.8047619047619
"Scott Creek 2024",21.1785714285714,0.224011054149013,16.2533833609201,0.302924727747803,14.0628571428571,7.11571428571429
"Scott Creek 2025",20.3821428571429,0.9846473867281,16.8898988095238,0.257510303298275,15.0242857142857,5.35785714285714
